Date,EEM,EWU,EZU,GLD,IEF,QQQ,SHY,SPY,VNQ
2005-01-03,14.487372398376465,15.935783386230469,19.75785255432129,43.02000045776367,47.438812255859375,33.58102798461914,53.61289978027344,80.9734878540039,22.35087776184082
2005-01-04,14.041328430175781,15.643305778503418,19.45720672607422,42.7400016784668,47.1434440612793,32.96889877319336,53.49440383911133,79.98407745361328,22.01496124267578
2005-01-05,13.869439125061035,15.652167320251465,19.336946487426758,42.66999816894531,47.221500396728516,32.76487731933594,53.50761032104492,79.43212890625,21.283124923706055
2005-01-06,13.860010147094727,15.643305778503418,19.39160919189453,42.150001525878906,47.26606750488281,32.60332489013672,53.533931732177734,79.83602142333984,21.447086334228516
2005-01-07,13.886850357055664,15.661028861999512,19.175695419311523,41.84000015258789,47.2270622253418,32.77335739135742,53.54050827026367,79.72157287597656,21.399105072021484
2005-01-10,13.90424919128418,15.669893264770508,19.25221824645996,41.95000076293945,47.221500396728516,32.756370544433594,53.50761032104492,80.09852600097656,21.331125259399414
2005-01-11,13.878144264221191,15.457184791564941,19.110092163085938,42.209999084472656,47.31626510620117,32.526817321777344,53.52072525024414,79.54653930664062,21.11516761779785
2005-01-12,14.04858112335205,15.563536643981934,19.388877868652344,42.599998474121094,47.3886604309082,32.79887771606445,53.5273323059082,79.80909729003906,21.01519203186035
2005-01-13,13.990554809570312,15.404000282287598,19.186626434326172,42.599998474121094,47.578182220458984,32.365299224853516,53.5931282043457,79.16964721679688,21.01519203186035
2005-01-14,14.2407808303833,15.439454078674316,19.213960647583008,42.31999969482422,47.550323486328125,32.67135238647461,53.56687545776367,79.58695220947266,21.27511978149414
2005-01-18,14.215394973754883,15.474906921386719,19.28228759765625,42.31999969482422,47.53359603881836,32.917884826660156,53.54709243774414,80.41485595703125,21.48308563232422
2005-01-19,14.019575119018555,15.37741470336914,18.99803924560547,42.2599983215332,47.56147384643555,32.37379455566406,53.55365753173828,79.57349395751953,21.50307273864746
2005-01-20,13.845504760742188,15.359685897827148,18.924238204956055,42.25,47.645042419433594,31.753173828125,53.599754333496094,79.08885192871094,21.43508529663086
2005-01-21,14.034076690673828,15.395139694213867,18.981637954711914,42.7400016784668,47.73982620239258,31.49814224243164,53.65237808227539,78.60421752929688,21.45508575439453
2005-01-24,14.012321472167969,15.439454078674316,19.074565887451172,42.77000045776367,47.73421859741211,31.056060791015625,53.61948776245117,78.449462890625,21.283124923706055
2005-01-25,14.139238357543945,15.430593490600586,19.090967178344727,42.2400016784668,47.555877685546875,31.209083557128906,53.599754333496094,78.67153930664062,20.88321876525879
2005-01-26,14.345945358276367,15.678759574890137,19.293216705322266,42.689998626708984,47.5670051574707,31.58317756652832,53.58000564575195,78.9071273803711,20.819231033325195
2005-01-27,14.359720230102539,15.678759574890137,19.33421516418457,42.619998931884766,47.494571685791016,31.540658950805664,53.56687545776367,79.04175567626953,20.6712703704834
2005-01-28,14.372777938842773,15.678759574890137,19.306884765625,42.689998626708984,47.73982620239258,31.387624740600586,53.5931282043457,79.04175567626953,20.70326805114746
2005-01-31,14.562078475952148,15.643305778503418,19.405277252197266,42.220001220703125,47.75650405883789,31.795677185058594,53.58657455444336,79.53312683105469,20.679262161254883
2005-02-01,14.686821937561035,15.829432487487793,19.610261917114258,42.099998474121094,47.72354507446289,31.8977108001709,53.600399017333984,80.03790283203125,20.83123207092285
2005-02-02,14.733244895935059,15.944653511047363,19.64852523803711,42.15999984741211,47.72911071777344,31.948726654052734,53.58061218261719,80.28022003173828,21.063173294067383
2005-02-03,14.718015670776367,15.891468048095703,19.462675094604492,41.68000030517578,47.650848388671875,31.58317756652832,53.54765319824219,80.07160186767578,21.127168655395508
2005-02-04,14.94792366027832,15.980103492736816,19.59933090209961,41.470001220703125,47.896820068359375,32.093238830566406,53.600399017333984,80.92642211914062,21.415098190307617
2005-02-07,14.99506664276123,15.882610321044922,19.45720672607422,41.27000045776367,47.99187469482422,32.02522659301758,53.5872688293457,80.81871032714844,21.343122482299805
2005-02-08,15.024073600769043,15.873745918273926,19.468141555786133,41.2599983215332,48.03657150268555,32.08475875854492,53.56742858886719,80.9129638671875,21.39509391784668
2005-02-09,14.975485801696777,15.944653511047363,19.43260955810547,41.310001373291016,48.2713737487793,31.549135208129883,53.66638946533203,80.30715942382812,21.53107452392578
2005-02-10,15.048009872436523,16.09532356262207,19.610261917114258,41.75,47.96945571899414,31.58317756652832,53.626808166503906,80.59660339355469,21.69502830505371
2005-02-11,15.194513320922852,16.192813873291016,19.787912368774414,42.08000183105469,47.90798568725586,32.05073547363281,53.600399017333984,81.28988647460938,21.759021759033203
2005-02-14,15.30331039428711,16.387800216674805,19.91910743713379,42.54999923706055,47.96945571899414,32.19526672363281,53.57404327392578,81.22930145263672,21.763004302978516
2005-02-15,15.33957290649414,16.48529815673828,20.033899307250977,42.58000183105469,47.896820068359375,32.40781784057617,53.58061218261719,81.53217315673828,21.8590030670166
2005-02-16,15.292428970336914,16.405529022216797,20.00656509399414,42.52000045776367,47.72354507446289,32.28876876831055,53.55423355102539,81.58602905273438,21.98696517944336
2005-02-17,15.267044067382812,16.449844360351562,20.088560104370117,42.72999954223633,47.61729049682617,31.855207443237305,53.58061218261719,80.92642211914062,21.970977783203125
2005-02-18,15.454887390136719,16.556201934814453,20.115890502929688,42.75,47.3769416809082,31.753173828125,53.50799560546875,81.03409576416016,21.779022216796875
2005-02-22,15.398316383361816,16.414392471313477,20.014766693115234,43.56999969482422,47.38252258300781,31.362096786499023,53.52785110473633,79.82925415039062,21.1551570892334
2005-02-23,15.469392776489258,16.414392471313477,20.06122589111328,43.41999816894531,47.421634674072266,31.40461540222168,53.52126693725586,80.40138244628906,21.075178146362305
2005-02-24,15.709460258483887,16.414392471313477,20.14322280883789,43.33000183105469,47.343414306640625,31.804208755493164,53.50799560546875,80.93317413330078,21.091169357299805
2005-02-25,15.998845100402832,16.57392692565918,20.389205932617188,43.5,47.41047668457031,31.98272705078125,53.48168182373047,81.73412322998047,21.39509391784668
2005-02-28,15.972012519836426,16.467573165893555,20.24981117248535,43.529998779296875,47.103031158447266,31.642656326293945,53.4487190246582,81.19563293457031,21.335113525390625
2005-03-01,16.0169734954834,16.556201934814453,20.331806182861328,43.220001220703125,47.10356903076172,31.99121856689453,53.437461853027344,81.59952545166016,21.55906105041504
2005-03-02,15.75298023223877,16.378938674926758,20.077632904052734,43.25,47.09797668457031,31.97423553466797,53.470542907714844,81.55912780761719,21.415098190307617
2005-03-03,15.796496391296387,16.547338485717773,20.1760196685791,42.970001220703125,47.069950103759766,31.71067237854004,53.49034881591797,81.59278106689453,21.53107452392578
2005-03-04,15.985069274902344,16.724597930908203,20.539527893066406,43.380001068115234,47.28297424316406,31.8977108001709,53.49034881591797,82.60913848876953,21.934972763061523
2005-03-07,16.09023666381836,16.591651916503906,20.51219367980957,43.470001220703125,47.294189453125,32.35679626464844,53.470542907714844,82.64950561523438,22.03894805908203
2005-03-08,15.967656135559082,16.671417236328125,20.60512924194336,44.029998779296875,47.069950103759766,32.03374481201172,53.470542907714844,82.33992004394531,21.91498374938965
2005-03-09,15.876274108886719,16.57392692565918,20.468463897705078,44.02000045776367,46.7111701965332,31.94020652770996,53.45068359375,81.42450714111328,21.295114517211914
2005-03-10,15.723968505859375,16.556201934814453,20.47119903564453,44.20000076293945,46.79526138305664,31.8977108001709,53.41105651855469,81.60628509521484,21.439098358154297
2005-03-11,15.635482788085938,16.50302505493164,20.443866729736328,44.43000030517578,46.59910583496094,31.600143432617188,53.39781188964844,81.03409576416016,21.199148178100586
2005-03-14,15.515811920166016,16.44097900390625,20.495800018310547,44.029998779296875,46.7111701965332,31.744670867919922,53.37797546386719,81.53893280029297,21.49508285522461
2005-03-15,15.129241943359375,16.47643280029297,20.307220458984375,44.060001373291016,46.62147903442383,31.489635467529297,53.358131408691406,80.86583709716797,21.46708106994629
2005-03-16,15.000868797302246,16.48529815673828,20.28534698486328,44.310001373291016,46.7280158996582,31.132566452026367,53.42426681518555,80.17926788330078,21.211149215698242
2005-03-17,15.274300575256348,16.50302505493164,20.252552032470703,43.81999969482422,46.90738296508789,31.209083557128906,53.44405746459961,80.34080505371094,21.43508529663086
2005-03-18,15.205391883850098,16.352352142333984,20.156890869140625,43.88999938964844,46.78969192504883,31.039045333862305,53.417640686035156,80.10231018066406,21.359111785888672
2005-03-21,14.985634803771973,16.272584915161133,20.031166076660156,43.09000015258789,46.73361587524414,31.098581314086914,53.45068359375,79.8049545288086,21.21514892578125
2005-03-22,14.708579063415527,15.96237564086914,19.68952178955078,42.650001525878906,46.39164352416992,30.71601104736328,53.358131408691406,78.99405670166016,20.835227966308594
2005-03-23,14.522185325622559,15.864882469177246,19.70319366455078,42.41999816894531,46.49818420410156,30.826520919799805,53.351531982421875,79.0616455078125,20.79924964904785
2005-03-24,14.506234169006348,16.006690979003906,19.76058006286621,42.38999938964844,46.53740692138672,30.83501625061035,53.36475372314453,79.15625,20.84132194519043
2005-03-28,14.606321334838867,16.01555061340332,19.746919631958008,42.540000915527344,46.38605499267578,30.894540786743164,53.33827209472656,79.27110290527344,20.736112594604492
2005-03-29,14.22844409942627,15.935783386230469,19.514598846435547,42.560001373291016,46.57666015625,30.647985458374023,53.37797546386719,78.74405670166016,20.744205474853516
2005-03-30,14.552650451660156,16.03327751159668,19.81524658203125,42.61000061035156,46.68317794799805,31.226085662841797,53.384613037109375,79.85901641845703,21.019390106201172
2005-03-31,14.708579063415527,16.06873321533203,19.76058006286621,42.81999969482422,46.913002014160156,31.090059280395508,53.457305908203125,79.71035766601562,20.970821380615234
2005-04-01,14.795619010925293,15.997825622558594,19.585662841796875,42.619998931884766,47.008052825927734,30.7755126953125,53.49044418334961,79.3521957397461,20.982961654663086
2005-04-04,14.828255653381348,15.997825622558594,19.64852523803711,42.400001525878906,46.985565185546875,30.996549606323242,53.49044418334961,79.48736572265625,20.889892578125
2005-04-05,14.824625015258789,16.166227340698242,19.746919631958008,42.45000076293945,46.99118423461914,31.081573486328125,53.50363540649414,79.86579132080078,20.84132194519043
2005-04-06,15.027704238891602,16.148500442504883,19.774250030517578,42.630001068115234,47.131797790527344,31.030540466308594,53.54343795776367,80.14285278320312,20.950597763061523
2005-04-07,15.179285049438477,16.175090789794922,19.924577713012695,42.56999969482422,46.9517936706543,31.40461540222168,53.52356719970703,80.57530212402344,21.140789031982422
2005-04-08,15.107483863830566,16.308029174804688,19.910907745361328,42.689998626708984,47.00239944458008,31.149587631225586,53.51690673828125,79.73741149902344,21.043664932250977
2005-04-11,14.962430953979492,16.378938674926758,20.06122589111328,42.779998779296875,47.143035888671875,31.013547897338867,53.51690673828125,79.79821014404297,21.063899993896484
2005-04-12,15.15099811553955,16.467573165893555,20.096757888793945,42.84000015258789,47.39051055908203,31.16657257080078,53.55007553100586,80.21038055419922,21.34717559814453
2005-04-13,14.849286079406738,16.175090789794922,19.8043212890625,42.900001525878906,47.41303634643555,30.656484603881836,53.629539489746094,79.26437377929688,21.371458053588867
2005-04-14,14.469246864318848,16.042146682739258,19.678590774536133,42.310001373291016,47.53675079345703,30.222915649414062,53.675933837890625,78.23046875,21.16912078857422
2005-04-15,14.164631843566895,15.873745918273926,19.32875633239746,42.400001525878906,47.8460807800293,29.53429412841797,53.76209259033203,77.13578033447266,21.326948165893555
2005-04-18,14.332164764404297,15.926925659179688,19.32328224182129,42.689998626708984,47.74483871459961,29.54279327392578,53.73558044433594,77.37229919433594,21.294572830200195
2005-04-19,14.572229385375977,16.130773544311523,19.43260955810547,43.279998779296875,48.02043151855469,29.746822357177734,53.801841735839844,77.98721313476562,21.39979362487793
2005-04-20,14.22844409942627,15.864882469177246,19.131961822509766,43.400001525878906,47.992279052734375,29.500293731689453,53.78196334838867,76.89929962158203,21.34717559814453
2005-04-21,14.638232231140137,16.113046646118164,19.582931518554688,43.189998626708984,47.64919662475586,30.282421112060547,53.68918991088867,78.39266967773438,21.343135833740234
2005-04-22,14.47649097442627,15.96237564086914,19.29868507385254,43.38999938964844,47.85166549682617,29.83184051513672,53.70245361328125,78.09532928466797,21.509056091308594
2005-04-25,14.750649452209473,16.113046646118164,19.53920555114746,43.439998626708984,47.85166549682617,30.07839012145996,53.71567916870117,78.60888671875,21.743776321411133
2005-04-26,14.599794387817383,15.926925659179688,19.30415153503418,43.63999938964844,47.82918167114258,29.797834396362305,53.70245361328125,77.84529876708984,21.772098541259766
2005-04-27,14.467785835266113,15.909199714660645,19.159292221069336,43.20000076293945,47.97544860839844,29.8403263092041,53.74213409423828,78.14935302734375,21.942068099975586
2005-04-28,14.23714542388916,15.71420955657959,18.828582763671875,43.0,48.26787567138672,29.54279327392578,53.7885627746582,77.16957092285156,21.88945770263672
2005-04-29,14.5250883102417,15.873745918273926,19.07730484008789,43.349998474121094,48.09351348876953,29.73832893371582,53.73558044433594,78.21694946289062,22.180845260620117
2005-05-02,14.621545791625977,15.873745918273926,19.183889389038086,42.880001068115234,48.142616271972656,29.857351303100586,53.74217987060547,78.65621948242188,22.16463851928711
2005-05-03,14.607766151428223,15.935783386230469,19.21122169494629,42.7599983215332,48.20463943481445,30.010379791259766,53.77540588378906,78.79132080078125,22.197019577026367
2005-05-04,15.005949020385742,16.22826385498047,19.39160919189453,42.900001525878906,48.19337844848633,30.375946044921875,53.79536819458008,79.39949035644531,22.217256546020508
2005-05-05,15.08499526977539,16.210548400878906,19.446277618408203,42.90999984741211,48.34575271606445,30.401447296142578,53.848480224609375,79.37249755859375,22.50054931640625
2005-05-06,15.125614166259766,16.157367706298828,19.377941131591797,42.52000045776367,48.001548767089844,30.48647117614746,53.72891616821289,79.1224594116211,22.217256546020508
2005-05-09,15.139392852783203,16.051010131835938,19.45993423461914,42.54999923706055,47.995948791503906,30.630983352661133,53.70237350463867,79.6157455444336,22.601715087890625
2005-05-10,14.799243927001953,15.944653511047363,19.186626434326172,42.63999938964844,48.165184020996094,30.409936904907227,53.74217987060547,78.79132080078125,22.601715087890625
2005-05-11,14.868144989013672,15.980103492736816,19.287748336791992,42.689998626708984,48.227256774902344,30.562965393066406,53.77540588378906,79.22380065917969,22.613853454589844
2005-05-12,14.614303588867188,15.820570945739746,19.036300659179688,42.15999984741211,48.27235794067383,30.477956771850586,53.80195999145508,78.35212707519531,22.387224197387695
2005-05-13,14.46416187286377,15.740797996520996,18.976177215576172,41.95000076293945,48.39649200439453,30.809513092041016,53.86176300048828,78.1966781616211,22.379131317138672
2005-05-16,14.636056900024414,15.652167320251465,19.151092529296875,41.880001068115234,48.402156829833984,31.013547897338867,53.848480224609375,78.92650604248047,22.484350204467773
2005-05-17,14.639680862426758,15.72307300567627,19.175695419311523,41.86000061035156,48.46421813964844,31.200580596923828,53.848480224609375,79.45356750488281,22.68265151977539
2005-05-18,14.931242942810059,15.909199714660645,19.402551651000977,42.04999923706055,48.62215805053711,31.62567138671875,53.901615142822266,80.27122497558594,22.90522003173828
2005-05-19,14.985634803771973,15.873745918273926,19.42440414428711,41.97999954223633,48.47547149658203,31.88921356201172,53.8218994140625,80.60907745361328,23.20873260498047
2005-05-20,14.94792366027832,15.802839279174805,19.39160919189453,41.650001525878906,48.4698486328125,32.01673889160156,53.8218994140625,80.49418640136719,23.25731086730957
2005-05-23,14.997241973876953,15.926925659179688,19.476337432861328,41.619998931884766,48.689876556396484,32.178245544433594,53.855140686035156,80.94022369384766,23.30990982055664
2005-05-24,14.953725814819336,15.811700820922852,19.45993423461914,41.72999954223633,48.81965637207031,32.28028106689453,53.88833236694336,80.75099182128906,22.98615837097168
2005-05-25,14.846386909484863,15.891468048095703,19.435338973999023,41.869998931884766,48.64471435546875,32.144256591796875,53.90824508666992,80.69017028808594,22.702882766723633
2005-05-26,15.013195037841797,15.856019020080566,19.500934600830078,41.689998626708984,48.6729736328125,32.467323303222656,53.88833236694336,81.12264251708984,22.605754852294922
2005-05-27,15.114741325378418,15.891468048095703,19.54467010498047,41.880001068115234,48.72373962402344,32.484310150146484,53.90824508666992,81.25777435302734,22.72311782836914
2005-05-31,14.984186172485352,15.749663352966309,19.162025451660156,41.650001525878906,48.977603912353516,32.37379455566406,53.94809341430664,80.73747253417969,22.961881637573242
2005-06-01,15.161153793334961,15.749663352966309,19.205751419067383,41.529998779296875,49.27980041503906,32.637332916259766,54.05460739135742,81.4267349243164,23.224925994873047
2005-06-02,15.276473045349121,15.847150802612305,19.465404510498047,42.099998474121094,49.262840270996094,32.86687088012695,54.034629821777344,81.60242462158203,23.14398765563965
2005-06-03,15.197419166564941,15.749663352966309,19.145631790161133,42.16999816894531,48.979862213134766,32.390811920166016,53.96805953979492,81.19023132324219,23.148033142089844
2005-06-06,15.350449562072754,15.838294982910156,19.25221824645996,42.47999954223633,49.11003875732422,32.399314880371094,53.994625091552734,81.11591339111328,23.322046279907227
2005-06-07,15.274300575256348,15.980103492736816,19.315082550048828,42.380001068115234,49.25156021118164,32.12724304199219,54.008018493652344,81.17672729492188,23.520339965820312
2005-06-08,15.21627140045166,15.873745918273926,19.254955291748047,42.34000015258789,49.160987854003906,32.05924606323242,53.994625091552734,81.02804565429688,23.617464065551758
2005-06-09,15.296058654785156,15.926925659179688,19.28228759765625,42.27000045776367,49.13268280029297,32.26327896118164,53.96139907836914,81.41322326660156,23.64175033569336
2005-06-10,15.33957290649414,15.882610321044922,19.268617630004883,42.619998931884766,48.8214225769043,31.92320442199707,53.914825439453125,81.22402954101562,23.59319496154785
2005-06-13,15.400495529174805,15.847150802612305,19.257688522338867,42.779998779296875,48.691322326660156,32.07625198364258,53.914825439453125,81.48078918457031,23.702455520629883
2005-06-14,15.463595390319824,15.891468048095703,19.137432098388672,42.599998474121094,48.634674072265625,31.948726654052734,53.92810821533203,81.66997528076172,23.896705627441406
2005-06-15,15.578913688659668,15.953509330749512,19.32328224182129,42.7400016784668,48.61768341064453,32.05073547363281,53.914825439453125,81.8254165649414,23.949321746826172
2005-06-16,15.71816635131836,15.944653511047363,19.28228759765625,43.459999084472656,48.770469665527344,32.22077560424805,53.96139907836914,82.03487396240234,23.973594665527344
2005-06-17,15.90746021270752,16.183950424194336,19.678590774536133,43.630001068115234,48.713951110839844,32.22500991821289,53.954742431640625,82.3388442993164,24.244733810424805
2005-06-20,15.763853073120117,16.130773544311523,19.45173454284668,43.65999984741211,48.640342712402344,32.22500991821289,53.94141387939453,82.365966796875,24.22449493408203
2005-06-21,15.687703132629395,16.192813873291016,19.53920555114746,43.810001373291016,48.79311752319336,32.2080192565918,53.94808578491211,82.41346740722656,24.018104553222656
2005-06-22,15.835655212402344,16.139633178710938,19.577465057373047,43.720001220703125,49.160987854003906,32.17397689819336,54.06790542602539,82.48133087158203,23.981689453125
2005-06-23,15.557150840759277,16.077592849731445,19.290481567382812,44.02000045776367,49.11003875732422,31.81656265258789,54.04795455932617,81.32117462158203,23.896705627441406
2005-06-24,15.502758026123047,16.01555061340332,19.23035430908203,43.900001525878906,49.22884750366211,31.459177017211914,54.07456588745117,80.72409057617188,23.848146438598633
2005-06-27,15.60067367553711,16.03327751159668,19.290481567382812,43.90999984741211,49.268524169921875,31.314517974853516,54.09454345703125,80.83943176269531,23.817047119140625
2005-06-28,15.71816635131836,16.121912002563477,19.35334587097168,43.45000076293945,49.05912780761719,31.61234474182129,54.034629821777344,81.51787567138672,23.935710906982422
2005-06-29,15.626779556274414,16.01555061340332,19.421674728393555,43.630001068115234,49.042137145996094,31.544254302978516,54.04795455932617,81.3008041381836,24.013446807861328
2005-06-30,15.578913688659668,15.926925659179688,19.443540573120117,43.439998626708984,49.211910247802734,31.2974796295166,54.08124542236328,80.85980224609375,24.017536163330078
2005-07-01,15.635482788085938,15.882610321044922,19.418941497802734,42.70000076293945,48.7884407043457,31.254955291748047,53.93173599243164,81.09724426269531,24.222116470336914
2005-07-05,15.70511245727539,15.847150802612305,19.39160919189453,42.279998779296875,48.58980178833008,31.57829475402832,53.94511795043945,81.74859619140625,24.52897834777832
2005-07-06,15.628958702087402,15.882610321044922,19.372480392456055,42.25,48.691959381103516,31.42514419555664,53.97847366333008,81.0633316040039,24.467599868774414
2005-07-07,15.674651145935059,15.776253700256348,19.35334587097168,42.36000061035156,48.805503845214844,31.535747528076172,54.025211334228516,81.38223266601562,24.492151260375977
2005-07-08,15.837834358215332,15.864882469177246,19.54193687438965,42.2599983215332,48.6295280456543,32.13993453979492,53.96514129638672,82.31172180175781,24.90950584411621
2005-07-11,16.079357147216797,15.953509330749512,19.75785255432129,42.540000915527344,48.60680389404297,32.43775939941406,53.92510223388672,82.73237609863281,25.212270736694336
2005-07-12,16.270824432373047,16.09532356262207,20.058494567871094,42.63999938964844,48.481937408447266,32.5909309387207,53.92510223388672,82.94947814941406,25.20818328857422
2005-07-13,16.259944915771484,16.0244140625,19.875375747680664,42.349998474121094,48.43649673461914,32.667510986328125,53.93173599243164,83.06480407714844,25.060880661010742
2005-07-14,16.35350799560547,16.01555061340332,20.01203155517578,41.900001525878906,48.37407302856445,32.990875244140625,53.93173599243164,83.39044952392578,24.64354705810547
2005-07-15,16.264293670654297,15.9003324508667,19.940967559814453,42.04999923706055,48.385433197021484,33.09298324584961,53.93842315673828,83.34297943115234,24.745840072631836
2005-07-18,16.214256286621094,15.802839279174805,19.954641342163086,42.0099983215332,48.30598831176758,32.95682907104492,53.92510223388672,83.01058959960938,24.81129264831543
2005-07-19,16.399198532104492,15.696488380432129,20.162357330322266,41.88999938964844,48.37407302856445,33.33974838256836,53.94511795043945,83.46510314941406,24.9995059967041
2005-07-20,16.401371002197266,15.811700820922852,20.36187171936035,42.20000076293945,48.46489715576172,33.578006744384766,53.93842315673828,83.75006103515625,25.22045135498047
2005-07-21,16.579790115356445,15.873745918273926,20.255285263061523,42.459999084472656,48.10727310180664,33.58654022216797,53.88508224487305,83.26155853271484,24.864482879638672
2005-07-22,16.540626525878906,15.820570945739746,20.170555114746094,42.45000076293945,48.33432388305664,33.54397201538086,53.93842315673828,83.81792449951172,25.060880661010742
2005-07-25,16.39702606201172,15.891468048095703,20.085826873779297,42.5099983215332,48.24919509887695,33.416351318359375,53.918460845947266,83.58048248291016,25.060880661010742
2005-07-26,16.490585327148438,15.811700820922852,20.044830322265625,42.25,48.283260345458984,33.54397201538086,53.90505599975586,83.68222045898438,25.339109420776367
2005-07-27,16.579790115356445,15.997825622558594,20.258020401000977,42.439998626708984,48.215145111083984,33.799251556396484,53.90505599975586,83.98755645751953,25.408660888671875
2005-07-28,16.7864990234375,16.121912002563477,20.50399398803711,42.75,48.425174713134766,33.96091079711914,53.91176986694336,84.51675415039062,25.764638900756836
2005-07-29,16.775617599487305,16.042146682739258,20.329072952270508,42.81999969482422,48.135684967041016,33.68013000488281,53.87836837768555,83.95359802246094,25.73189353942871
2005-08-01,17.049774169921875,16.272584915161133,20.53679656982422,43.130001068115234,48.0394172668457,33.739688873291016,53.84558868408203,83.89256286621094,25.715543746948242
2005-08-02,17.352205276489258,16.39666175842285,20.703519821166992,43.13999938964844,47.993900299072266,34.10559844970703,53.852352142333984,84.39460754394531,25.8996524810791
2005-08-03,17.308692932128906,16.45870590209961,20.889368057250977,43.529998779296875,48.11347198486328,34.08858108520508,53.87242889404297,84.61852264404297,25.838281631469727
2005-08-04,17.156387329101562,16.405529022216797,20.692581176757812,43.68000030517578,48.07929611206055,33.7567253112793,53.87242889404297,83.94003295898438,25.400487899780273
2005-08-05,16.840892791748047,16.405529022216797,20.62698745727539,43.599998474121094,47.823036193847656,33.59503173828125,53.82558059692383,83.37007904052734,24.520803451538086
2005-08-08,16.956209182739258,16.50302505493164,20.616064071655273,43.349998474121094,47.69777297973633,33.34827423095703,53.77207946777344,83.21406555175781,23.63701057434082
2005-08-09,17.297819137573242,16.63597297668457,20.908504486083984,43.34000015258789,47.83445358276367,33.56950378417969,53.83222579956055,83.71614074707031,23.74748420715332
2005-08-10,17.482765197753906,16.671417236328125,20.976831436157227,43.650001525878906,47.8116340637207,33.28017807006836,53.83222579956055,83.67545318603516,23.976625442504883
2005-08-11,17.384845733642578,16.8575496673584,21.236474990844727,44.45000076293945,48.016658782958984,33.55249786376953,53.87242889404297,84.00786590576172,24.29575538635254
2005-08-12,17.19990348815918,16.87527084350586,21.017824172973633,44.4900016784668,48.21030044555664,33.365272521972656,53.939239501953125,83.49226379394531,24.275306701660156
2005-08-15,17.319568634033203,16.901857376098633,20.979562759399414,44.130001068115234,48.14764404296875,33.56950378417969,53.9124870300293,84.00786590576172,24.504425048828125
2005-08-16,17.01931381225586,16.715740203857422,20.689849853515625,44.54999923706055,48.37539291381836,33.0249137878418,53.939239501953125,82.91551971435547,24.647640228271484
2005-08-17,17.030189514160156,16.63597297668457,20.58872413635254,43.90999984741211,48.18747329711914,33.22064208984375,53.95263671875,82.90876770019531,24.45123291015625
2005-08-18,16.71687126159668,16.47643280029297,20.39467430114746,43.83000183105469,48.443782806396484,33.05043029785156,53.99942398071289,82.90199279785156,24.28759002685547
2005-08-19,16.651592254638672,16.565067291259766,20.487598419189453,43.599998474121094,48.415260314941406,33.033416748046875,53.97939682006836,83.09194946289062,24.20164680480957
2005-08-22,16.858301162719727,16.60051155090332,20.643386840820312,43.70000076293945,48.45514678955078,33.05043029785156,53.986045837402344,83.09194946289062,24.275306701660156
2005-08-23,16.69945526123047,16.57392692565918,20.495800018310547,43.7599983215332,48.54621505737305,32.95682907104492,54.039573669433594,82.93589782714844,24.377592086791992
2005-08-24,16.48188018798828,16.39666175842285,20.443866729736328,43.59000015258789,48.56904602050781,32.7611083984375,54.046241760253906,82.19635772705078,24.463525772094727
2005-08-25,16.66683006286621,16.48529815673828,20.452064514160156,43.72999954223633,48.59750747680664,32.83769226074219,54.039573669433594,82.49488830566406,24.492151260375977
2005-08-26,16.645069122314453,16.370075225830078,20.255285263061523,43.61000061035156,48.51779556274414,32.72706604003906,53.99942398071289,81.9317626953125,24.189374923706055
2005-08-29,16.82784080505371,16.423259735107422,20.33454704284668,43.56999969482422,48.551937103271484,32.98236846923828,54.012821197509766,82.5627670288086,24.19347381591797
2005-08-30,16.651592254638672,16.387800216674805,20.227951049804688,43.0099983215332,48.779762268066406,32.863224029541016,54.09309005737305,82.1285171508789,24.267118453979492
2005-08-31,16.99755096435547,16.68027687072754,20.662517547607422,43.400001525878906,49.09857940673828,33.169559478759766,54.2335319519043,83.16659545898438,24.688552856445312
2005-09-01,17.232540130615234,16.93731117248535,20.924901962280273,44.220001220703125,49.146629333496094,33.11850357055664,54.29921340942383,83.10548400878906,24.90950584411621
2005-09-02,17.384845733642578,17.052534103393555,20.974098205566406,44.25,49.158058166503906,32.990875244140625,54.36629867553711,82.95626068115234,24.84402847290039
2005-09-06,17.602434158325195,17.238658905029297,21.263805389404297,44.27000045776367,49.003814697265625,33.47590255737305,54.27912139892578,83.92644500732422,25.375938415527344
2005-09-07,17.624189376831055,17.238658905029297,21.236474990844727,44.33000183105469,48.843814849853516,33.535465240478516,54.23887252807617,84.06895446777344,25.322744369506836
2005-09-08,17.595905303955078,17.132305145263672,21.140827178955078,44.599998474121094,48.843814849853516,33.52696228027344,54.212066650390625,83.79076385498047,25.15908432006836
2005-09-09,17.85482406616211,17.21207046508789,21.31027603149414,44.84000015258789,48.883846282958984,33.714176177978516,54.22544860839844,84.537109375,25.28592300415039
2005-09-12,17.82871437072754,17.043668746948242,21.039695739746094,44.88999938964844,48.72957992553711,33.80775833129883,54.205322265625,84.3674545288086,25.20818328857422
2005-09-13,17.628543853759766,16.946178436279297,20.851112365722656,44.560001373291016,48.87815475463867,33.72267150878906,54.23887252807617,83.89932250976562,25.015880584716797
2005-09-14,17.56544303894043,16.955032348632812,20.881174087524414,44.959999084472656,48.77528762817383,33.33974838256836,54.23213195800781,83.59403228759766,24.99542236328125
2005-09-15,17.667709350585938,16.946178436279297,20.785511016845703,45.41999816894531,48.62674331665039,33.3227424621582,54.218753814697266,83.55329895019531,25.007694244384766
2005-09-16,17.9396915435791,17.123437881469727,21.110754013061523,45.81999969482422,48.43825912475586,33.52696228027344,54.17848587036133,84.1474380493164,25.060880661010742
2005-09-19,17.91357421875,17.105714797973633,20.79918098449707,46.25,48.53535842895508,33.263179779052734,54.19192123413086,83.86813354492188,24.864482879638672
2005-09-20,17.961442947387695,16.901857376098633,20.711719512939453,46.22999954223633,48.495361328125,33.12702941894531,54.15165710449219,83.15950012207031,24.67218589782715
2005-09-21,18.131155014038086,16.93731117248535,20.670719146728516,47.060001373291016,48.71816635131836,32.7611083984375,54.205322265625,82.38275146484375,24.12800407409668
2005-09-22,17.950563430786133,16.87527084350586,20.700782775878906,46.36000061035156,48.752410888671875,32.8802375793457,54.22544860839844,82.67573547363281,24.258939743041992
2005-09-23,17.935333251953125,16.768911361694336,20.594186782836914,46.279998779296875,48.48398208618164,32.97385787963867,54.17848587036133,82.74388885498047,24.279403686523438
2005-09-26,18.09416389465332,16.8575496673584,20.82923698425293,46.56999969482422,48.358253479003906,32.98236846923828,54.13824462890625,82.83924865722656,24.472261428833008
2005-09-27,17.97450065612793,16.77777862548828,20.763648986816406,46.25,48.38682174682617,32.90578079223633,54.11813735961914,82.81879425048828,24.41018295288086
2005-09-28,18.179018020629883,16.87527084350586,20.96043586730957,46.79999923706055,48.48398208618164,32.91428756713867,54.13824462890625,82.90055084228516,24.174272537231445
2005-09-29,18.498878479003906,16.91958236694336,21.173614501953125,47.099998474121094,48.37535858154297,33.35677719116211,54.11813735961914,83.57511138916016,24.625396728515625
2005-09-30,18.468412399291992,16.804365158081055,21.02329444885254,46.70000076293945,48.238338470458984,33.578006744384766,54.07121658325195,83.8340072631836,25.018564224243164
2005-10-03,18.585905075073242,16.813228607177734,20.922168731689453,46.41999816894531,48.053157806396484,33.66311264038086,54.0469970703125,83.53424835205078,24.944076538085938
2005-10-04,18.411840438842773,16.715740203857422,20.864765167236328,46.45000076293945,48.07610321044922,33.44185256958008,54.04026794433594,82.59396362304688,24.52191925048828
2005-10-05,17.852649688720703,16.538471221923828,20.739044189453125,46.36000061035156,48.190731048583984,32.98236846923828,54.06718826293945,81.51062774658203,24.141157150268555
2005-10-06,17.228191375732422,16.494157791137695,20.793710708618164,47.209999084472656,48.127689361572266,32.54836654663086,54.06718826293945,81.21763610839844,24.108051300048828
2005-10-07,17.654651641845703,16.432117462158203,20.8920955657959,47.36000061035156,48.190731048583984,32.62494659423828,54.10749435424805,81.49698638916016,23.859724044799805
2005-10-10,17.595905303955078,16.352352142333984,20.771839141845703,47.369998931884766,48.20216751098633,32.446266174316406,54.10079574584961,80.80882263183594,23.55345916748047
2005-10-11,17.67205810546875,16.370075225830078,20.6597900390625,47.38999938964844,48.11048126220703,32.28459167480469,54.087371826171875,80.69296264648438,23.44999885559082
2005-10-12,17.130277633666992,16.254854202270508,20.547725677490234,46.849998474121094,47.92709732055664,31.901670455932617,54.0469970703125,80.05931091308594,23.02783966064453
2005-10-13,17.023662567138672,16.10418701171875,20.402868270874023,47.02000045776367,47.852542877197266,32.14842224121094,54.0469970703125,80.01162719726562,23.031980514526367
2005-10-14,16.958385467529297,16.290311813354492,20.648855209350586,46.79999923706055,47.852542877197266,32.38669204711914,54.06047821044922,80.85649871826172,23.56587791442871
2005-10-17,17.145509719848633,16.192813873291016,20.525863647460938,47.2599983215332,47.79526901245117,32.48881149291992,54.0335578918457,81.15628814697266,23.702465057373047
2005-10-18,16.710346221923828,15.953509330749512,20.200618743896484,47.0,47.86406326293945,32.259071350097656,54.08066177368164,80.2773666381836,23.474821090698242
2005-10-19,17.036712646484375,16.09532356262207,20.320880889892578,46.34000015258789,47.92136001586914,32.90578079223633,54.10749435424805,81.6128158569336,23.73970603942871
2005-10-20,16.35133171081543,15.785117149353027,19.848047256469727,45.97999954223633,47.95000457763672,32.59943771362305,54.10749435424805,80.17514038085938,23.363082885742188
2005-10-21,16.7864990234375,15.811700820922852,19.910907745361328,46.52000045776367,48.16208267211914,32.803672790527344,54.14111328125,80.48856353759766,23.58656883239746
2005-10-24,17.239070892333984,16.086454391479492,20.279878616333008,46.38999938964844,47.955726623535156,33.3227424621582,54.12095642089844,81.7354736328125,24.066669464111328
2005-10-25,16.899642944335938,16.09532356262207,20.135021209716797,47.060001373291016,47.732242584228516,33.19509506225586,54.026832580566406,81.5719223022461,23.96733856201172
2005-10-26,16.960561752319336,16.051010131835938,20.173290252685547,46.93000030517578,47.54879379272461,33.0249137878418,54.00660705566406,81.33346557617188,23.723155975341797
2005-10-27,16.558040618896484,16.042146682739258,19.99016761779785,47.18000030517578,47.65768051147461,32.361167907714844,54.0469970703125,80.46813201904297,23.466537475585938
2005-10-28,16.99319839477539,16.210548400878906,20.15415382385254,47.220001220703125,47.60609817504883,32.607940673828125,54.0469970703125,81.6264419555664,24.174272537231445
2005-10-31,17.297819137573242,16.39666175842285,20.23067855834961,46.400001525878906,47.64051055908203,33.07597732543945,54.026832580566406,81.85126495361328,24.298425674438477
2005-11-01,17.602434158325195,16.378938674926758,20.266212463378906,45.72999954223633,47.610618591308594,33.05043029785156,54.04165267944336,82.0965576171875,23.760408401489258
2005-11-02,17.87441635131836,16.63597297668457,20.51219367980957,46.130001068115234,47.5128288269043,33.48440933227539,54.03490447998047,82.95511627197266,23.979755401611328
2005-11-03,17.893991470336914,16.76004981994629,20.443866729736328,45.959999084472656,47.346031188964844,33.9864616394043,54.007965087890625,83.30939483642578,23.90938377380371
2005-11-04,17.857004165649414,16.618242263793945,20.252552032470703,45.5099983215332,47.32304000854492,34.10559844970703,54.007965087890625,83.20038604736328,23.77281379699707
2005-11-07,17.870059967041016,16.66256332397461,20.279878616333008,45.77000045776367,47.40925979614258,34.14813232421875,54.00120544433594,83.28215026855469,23.88456916809082
2005-11-08,17.70252227783203,16.6093807220459,20.2252140045166,45.90999984741211,47.64509201049805,34.156639099121094,54.06865310668945,83.28215026855469,23.818334579467773
2005-11-09,17.967971801757812,16.57392692565918,20.252552032470703,46.560001373291016,47.39197540283203,34.173675537109375,54.00120544433594,83.39115142822266,24.087360382080078
2005-11-10,17.996257781982422,16.66256332397461,20.252552032470703,46.47999954223633,47.66236114501953,34.54804992675781,54.075374603271484,84.03844451904297,24.658498764038086
2005-11-11,18.035419464111328,16.66256332397461,20.36187171936035,46.79999923706055,47.719844818115234,34.641685485839844,54.09559631347656,84.32460021972656,24.757827758789062
2005-11-14,17.987558364868164,16.591651916503906,20.312681198120117,46.619998931884766,47.5070686340332,34.641685485839844,54.01467514038086,84.27692413330078,24.73712921142578
2005-11-15,17.885290145874023,16.39666175842285,20.29627799987793,46.65999984741211,47.6680793762207,34.480018615722656,54.05513381958008,83.97028350830078,24.724716186523438
2005-11-16,18.037593841552734,16.29917335510254,20.181486129760742,47.779998779296875,47.9096794128418,34.6927490234375,54.12263488769531,84.14063262939453,24.58400535583496
2005-11-17,18.303043365478516,16.47643280029297,20.479402542114258,48.47999954223633,48.00166702270508,35.152244567871094,54.1698112487793,84.92418670654297,24.989591598510742
2005-11-18,18.35309410095215,16.50302505493164,20.594186782836914,48.459999084472656,47.88667297363281,35.27140426635742,54.1698112487793,85.25807189941406,25.080646514892578
2005-11-21,18.363971710205078,16.60051155090332,20.62152099609375,48.9900016784668,47.97868728637695,35.35646438598633,54.203514099121094,85.68731689453125,25.204809188842773
2005-11-22,18.355268478393555,16.66256332397461,20.793710708618164,49.31999969482422,48.14546203613281,35.48413848876953,54.27774429321289,86.05525970458984,25.527633666992188
2005-11-23,18.548913955688477,16.63597297668457,20.853837966918945,49.150001525878906,48.01890182495117,35.56922149658203,54.21025848388672,86.55262756347656,25.63938331604004
2005-11-25,18.535858154296875,16.565067291259766,20.689849853515625,49.41999816894531,48.1627311706543,35.645790100097656,54.25749588012695,86.62078094482422,25.726293563842773
2005-11-28,18.418371200561523,16.556201934814453,20.71718406677246,49.7400016784668,48.22601318359375,35.34798049926758,54.27100372314453,86.00756072998047,25.444860458374023
2005-11-29,18.255176544189453,16.520751953125,20.758180618286133,49.79999923706055,47.96144485473633,35.17777633666992,54.23048782348633,85.91216278076172,25.46142578125
2005-11-30,18.298694610595703,16.423259735107422,20.60239028930664,49.099998474121094,47.938411712646484,35.092681884765625,54.237274169921875,85.44881439208984,25.30828094482422
2005-12-01,18.777376174926758,16.715740203857422,20.930368423461914,50.16999816894531,47.830482482910156,35.74791717529297,54.18384552001953,86.32093811035156,25.6766300201416
2005-12-02,18.7556209564209,16.813228607177734,20.963157653808594,50.31999969482422,47.87087631225586,35.83300018310547,54.231170654296875,86.42998504638672,25.548324584960938
2005-12-05,18.907928466796875,16.866413116455078,21.00416374206543,50.779998779296875,47.72661209106445,35.56922149658203,54.17032241821289,86.24602508544922,25.453125
2005-12-06,19.081985473632812,16.89300537109375,21.058820724487305,50.88999938964844,47.951663970947266,35.688323974609375,54.24470138549805,86.4095458984375,25.370349884033203
2005-12-07,18.901395797729492,16.768911361694336,20.908504486083984,51.31999969482422,47.922847747802734,35.620269775390625,54.25147247314453,85.90535736083984,25.2379150390625
2005-12-08,18.75996971130371,16.963899612426758,21.045166015625,51.900001525878906,48.130615234375,35.36497497558594,54.319114685058594,85.85086059570312,25.428298950195312
2005-12-09,18.951444625854492,16.990489959716797,21.094356536865234,52.400001525878906,47.917057037353516,35.50114440917969,54.26500701904297,86.07569122314453,25.494529724121094
2005-12-12,19.06023597717285,17.114572525024414,21.400470733642578,52.560001373291016,47.80741882324219,35.62879180908203,54.25820541381836,86.15742492675781,25.51107406616211
2005-12-13,19.310447692871094,17.14116096496582,21.52892303466797,51.650001525878906,47.922847747802734,35.77341842651367,54.285301208496094,86.7434310913086,25.6352481842041
2005-12-14,19.182083129882812,17.176616668701172,21.57811737060547,50.349998474121094,48.222923278808594,35.65428924560547,54.34619903564453,87.08412170410156,25.684906005859375
2005-12-15,19.10374641418457,16.972761154174805,21.463336944580078,50.2400016784668,48.15946578979492,35.7138786315918,54.34619903564453,86.83197784423828,25.49038314819336
2005-12-16,19.038480758666992,17.14116096496582,21.65191650390625,50.09000015258789,48.2459831237793,35.467342376708984,54.3799934387207,86.55254364013672,25.581445693969727
2005-12-19,18.994962692260742,17.025941848754883,21.605457305908203,50.220001220703125,48.274871826171875,34.904388427734375,54.34619903564453,86.1072769165039,25.246198654174805
2005-12-20,19.158145904541016,17.043668746948242,21.46059226989746,49.040000915527344,48.19406509399414,34.92997360229492,54.339393615722656,86.18948364257812,25.279308319091797
2005-12-21,19.469289779663086,17.043668746948242,21.55079460144043,49.369998931884766,48.130615234375,35.08351516723633,54.339393615722656,86.32649230957031,25.432437896728516
2005-12-22,19.473634719848633,17.096847534179688,21.679248809814453,50.13999938964844,48.32097625732422,35.313812255859375,54.386775970458984,86.77854919433594,25.577301025390625
2005-12-23,19.589805603027344,17.105066299438477,21.715660095214844,50.119998931884766,48.43645477294922,35.313812255859375,54.4138069152832,86.82649230957031,25.664209365844727
2005-12-27,19.371997833251953,16.949735641479492,21.637834548950195,50.63999938964844,48.66728591918945,35.006744384765625,54.420589447021484,85.94292449951172,25.548187255859375
2005-12-28,19.42479705810547,16.93146324157715,21.693422317504883,51.470001220703125,48.51788330078125,34.96409225463867,54.48774719238281,86.13469696044922,25.51841926574707
2005-12-29,19.426998138427734,17.041107177734375,21.732337951660156,51.470001220703125,48.575809478759766,34.73379898071289,54.44704818725586,85.75113677978516,25.38666534423828
2005-12-30,19.416004180908203,16.97715187072754,21.582242965698242,51.58000183105469,48.59315490722656,34.46936798095703,54.426673889160156,85.2853775024414,25.314420700073242
2006-01-03,20.142040252685547,17.507112503051758,22.34659194946289,53.119998931884766,48.587379455566406,35.23704528808594,54.50133514404297,86.78541564941406,25.824445724487305
2006-01-04,20.32463836669922,17.708133697509766,22.61897087097168,53.29999923706055,48.674232482910156,35.60383605957031,54.55561828613281,87.19640350341797,26.015710830688477
2006-01-05,20.428049087524414,17.607627868652344,22.513357162475586,52.34000015258789,48.68583297729492,35.75735855102539,54.50811767578125,87.25117492675781,26.215473175048828
2006-01-06,20.85487174987793,17.900020599365234,22.76072883605957,53.720001220703125,48.62211608886719,36.405635833740234,54.521705627441406,87.9772720336914,26.461971282958984
2006-01-09,21.059480667114258,17.826915740966797,22.646760940551758,54.599998474121094,48.64529800415039,36.550662994384766,54.528480529785156,88.20332336425781,26.687238693237305
2006-01-10,20.806467056274414,17.68985939025879,22.51057243347168,54.060001373291016,48.44839096069336,36.576236724853516,54.474185943603516,88.29232025146484,26.848745346069336
2006-01-11,21.05068588256836,17.817781448364258,22.76350975036621,54.529998779296875,48.326778411865234,36.85773468017578,54.474185943603516,88.57319641113281,26.89125633239746
2006-01-12,20.758073806762695,17.708133697509766,22.466102600097656,54.43000030517578,48.500518798828125,36.6786003112793,54.50133514404297,88.22386169433594,26.814760208129883
2006-01-13,20.780067443847656,17.872600555419922,22.574504852294922,55.439998626708984,48.714813232421875,36.66154098510742,54.60995101928711,88.14166259765625,26.483238220214844
2006-01-17,20.417051315307617,17.698997497558594,22.44386100769043,55.2599983215332,48.772705078125,36.42271423339844,54.58955001831055,87.90192413330078,26.37697982788086
2006-01-18,20.406055450439453,17.53452491760254,22.257646560668945,54.06999969482422,48.79008865356445,36.0047492980957,54.58274459838867,87.55256652832031,26.37272834777832
2006-01-19,21.066082000732422,17.644174575805664,22.385498046875,55.59000015258789,48.66846466064453,36.26915740966797,54.58955001831055,87.88819885253906,26.704246520996094
2006-01-20,20.439048767089844,17.507112503051758,21.999160766601562,55.20000076293945,48.74953079223633,35.18586349487305,54.60995101928711,86.28536987304688,26.44497299194336
2006-01-23,21.033082962036133,17.735546112060547,22.37438201904297,55.77000045776367,48.7379264831543,35.19438552856445,54.61671829223633,86.59362030029297,26.563982009887695
2006-01-24,21.363100051879883,17.735546112060547,22.416072845458984,55.72999954223633,48.656864166259766,35.34794616699219,54.60309600830078,86.68270874023438,26.763744354248047
2006-01-25,21.37410545349121,17.909156799316406,22.582839965820312,56.13999938964844,48.355770111083984,35.19438552856445,54.528480529785156,86.75799560546875,26.780744552612305
2006-01-26,21.880126953125,17.991392135620117,22.916370391845703,55.880001068115234,48.251522064208984,35.4417610168457,54.53530502319336,87.23749542236328,26.870004653930664
2006-01-27,22.13093376159668,18.073625564575195,22.902469635009766,55.630001068115234,48.28627014160156,35.919429779052734,54.49455642700195,88.04576110839844,27.171775817871094
2006-01-30,22.02753257751465,17.936567306518555,22.941390991210938,56.68000030517578,48.182037353515625,35.98767852783203,54.521705627441406,87.9772720336914,27.1505126953125
2006-01-31,22.172746658325195,18.00966453552246,23.035888671875,56.70000076293945,48.251522064208984,35.825618743896484,54.521705627441406,87.3333740234375,27.2227840423584
2006-02-01,22.161746978759766,18.12845802307129,23.1554012298584,56.70000076293945,48.10279846191406,35.95356750488281,54.47200012207031,87.94300842285156,27.35028076171875
2006-02-02,21.59190559387207,17.927433013916016,22.880237579345703,56.97999954223633,48.10279846191406,35.339420318603516,54.47200012207031,86.9223861694336,27.159025192260742
2006-02-03,21.297088623046875,17.817781448364258,22.805192947387695,56.5,48.248008728027344,34.904388427734375,54.499244689941406,86.4908676147461,26.921001434326172
2006-02-06,21.803119659423828,17.74468231201172,22.735706329345703,56.720001220703125,48.17829132080078,34.810543060302734,54.47200012207031,86.7168960571289,27.022998809814453
2006-02-07,21.231094360351562,17.56193733215332,22.61897087097168,54.599998474121094,48.12023162841797,34.65700149536133,54.478824615478516,85.94976806640625,26.810503005981445
2006-02-08,21.297088623046875,17.55280113220215,22.738487243652344,54.83000183105469,48.09120559692383,35.05792236328125,54.458412170410156,86.73060607910156,26.69149398803711
2006-02-09,21.35209083557129,17.72640609741211,22.894132614135742,56.18000030517578,48.13761901855469,34.72525405883789,54.44479751586914,86.5867919921875,26.819007873535156
2006-02-10,21.319091796875,17.826915740966797,22.810747146606445,54.790000915527344,47.99820327758789,34.93849563598633,54.403900146484375,86.7442855834961,26.844497680664062
2006-02-13,20.793272018432617,17.708133697509766,22.830198287963867,53.720001220703125,47.99820327758789,34.537593841552734,54.44479751586914,86.5867919921875,26.882761001586914
2006-02-14,21.319091796875,17.72640609741211,22.98586082458496,54.4900016784668,47.92851638793945,34.887325286865234,54.44479751586914,87.50463104248047,27.03151512145996
2006-02-15,21.209087371826172,17.74468231201172,22.85244369506836,53.7599983215332,48.015602111816406,35.10908126831055,54.43791580200195,87.81285095214844,27.269527435302734
2006-02-16,21.759122848510742,17.872600555419922,23.041440963745117,54.52000045776367,47.99243927001953,35.43324279785156,54.478824615478516,88.47045135498047,27.452287673950195
2006-02-17,21.73051643371582,17.909156799316406,23.17764663696289,54.959999084472656,48.155067443847656,35.15174865722656,54.51963424682617,88.23068237304688,27.74555778503418
2006-02-21,21.539104461669922,18.000526428222656,23.152629852294922,55.119998931884766,48.097007751464844,34.759368896484375,54.478824615478516,88.01148223876953,27.711549758911133
2006-02-22,21.655712127685547,18.046213150024414,23.40276336669922,55.34000015258789,48.27707290649414,35.19438552856445,54.51963424682617,88.5457992553711,28.021821975708008
2006-02-23,21.64911651611328,18.037073135375977,23.374975204467773,54.63999938964844,48.16089630126953,35.10056686401367,54.47200012207031,88.4156265258789,27.975067138671875
2006-02-24,21.69091033935547,18.000526428222656,23.374975204467773,55.63999938964844,48.10279846191406,35.19438552856445,54.4924201965332,88.6417007446289,27.826305389404297
2006-02-27,21.888927459716797,18.082765579223633,23.41667366027832,55.220001220703125,48.00979995727539,35.58677673339844,54.465206146240234,88.6759262084961,27.83055305480957
2006-02-28,21.319091796875,17.909156799316406,23.202646255493164,56.06999969482422,48.20155334472656,35.05792236328125,54.54005813598633,87.83340454101562,27.728561401367188
2006-03-01,21.908723831176758,18.046213150024414,23.430566787719727,56.099998474121094,48.1065673828125,35.535606384277344,54.51204299926758,88.61425018310547,27.89006233215332
2006-03-02,21.926328659057617,18.046213150024414,23.419448852539062,56.7400016784668,47.91422653198242,35.5611686706543,54.532527923583984,88.60746765136719,27.856077194213867
2006-03-03,21.561113357543945,18.091903686523438,23.358299255371094,56.279998779296875,47.79767990112305,35.35647201538086,54.4779167175293,88.19647216796875,27.703044891357422
2006-03-06,21.231094360351562,18.101036071777344,23.249900817871094,55.22999954223633,47.646114349365234,35.049407958984375,54.49836349487305,87.79232788085938,28.204578399658203
2006-03-07,20.483055114746094,17.909156799316406,22.991411209106445,54.95000076293945,47.669437408447266,34.84467697143555,54.49836349487305,87.65532684326172,27.864553451538086
2006-03-08,20.60405731201172,17.927433013916016,23.013652801513672,53.970001220703125,47.69274139404297,34.86170959472656,54.532527923583984,87.84027099609375,28.009063720703125
2006-03-09,20.395050048828125,17.927433013916016,23.019208908081055,54.2400016784668,47.73937225341797,34.56318664550781,54.5530891418457,87.25117492675781,28.238584518432617
2006-03-10,20.824073791503906,18.055349349975586,23.374975204467773,53.83000183105469,47.646114349365234,34.59729766845703,54.49836349487305,88.0799789428711,28.49359893798828
2006-03-13,20.802066802978516,18.201553344726562,23.572315216064453,54.310001373291016,47.60532760620117,34.69965744018555,54.49836349487305,88.24436950683594,28.306581497192383
2006-03-14,21.45110511779785,18.466533660888672,23.841920852661133,54.869998931884766,47.879310607910156,35.28823471069336,54.60768508911133,89.1690902709961,28.510595321655273
2006-03-15,21.6997127532959,18.54876708984375,24.01424217224121,55.119998931884766,47.791812896728516,35.58677673339844,54.62135314941406,89.56639099121094,29.050363540649414
2006-03-16,21.506103515625,18.649282455444336,24.16710662841797,55.34000015258789,48.094879150390625,35.28823471069336,54.71696853637695,89.75130462646484,29.352142333984375
2006-03-17,21.657913208007812,18.64013671875,24.242158889770508,55.119998931884766,47.99580764770508,35.38127899169922,54.696475982666016,89.82627868652344,29.615659713745117
2006-03-20,21.7811222076416,18.62186622619629,24.217140197753906,55.16999816894531,48.08906555175781,35.46662139892578,54.72381591796875,89.681884765625,29.117198944091797
2006-03-21,21.341100692749023,18.466533660888672,24.061494827270508,54.83000183105469,47.89090347290039,35.09103775024414,54.62812423706055,89.1179428100586,28.779470443725586
2006-03-22,21.576507568359375,18.68582534790039,24.23103141784668,54.75,47.949214935302734,35.17640686035156,54.641845703125,89.66123962402344,28.843584060668945
2006-03-23,21.376296997070312,18.466533660888672,23.958660125732422,54.70000076293945,47.826778411865234,35.073970794677734,54.62812423706055,89.47553253173828,28.9205379486084
2006-03-24,21.561113357543945,18.68582534790039,24.125417709350586,55.709999084472656,48.03661346435547,35.253231048583984,54.703269958496094,89.54434204101562,28.877784729003906
2006-03-27,21.693115234375,18.59445571899414,23.93085479736328,56.38999938964844,47.93168640136719,35.26177215576172,54.6896858215332,89.41366577148438,28.54433822631836
2006-03-28,21.297088623046875,18.347749710083008,23.75020408630371,56.060001373291016,47.69855880737305,35.11666488647461,54.641845703125,88.86351776123047,28.860689163208008
2006-03-29,21.704113006591797,18.42084503173828,24.000347137451172,57.06999969482422,47.6519660949707,35.78245162963867,54.641845703125,89.42054748535156,29.399330139160156
2006-03-30,21.814123153686523,18.66754913330078,24.322769165039062,58.599998474121094,47.5120735168457,35.893428802490234,54.614559173583984,89.26237487792969,28.976110458374023
2006-03-31,21.7811222076416,18.42084503173828,24.22270393371582,58.099998474121094,47.54700469970703,35.790977478027344,54.63504409790039,89.28303527832031,29.035951614379883
2006-04-03,22.39714813232422,18.521360397338867,24.41726303100586,58.470001220703125,47.494415283203125,35.83366775512695,54.60486602783203,89.21421813964844,28.535785675048828
2006-04-04,22.529155731201172,18.758928298950195,24.68686294555664,58.33000183105469,47.50023651123047,36.03000259399414,54.645957946777344,89.78501892089844,28.339143753051758
2006-04-05,22.76016616821289,18.88684844970703,24.845294952392578,58.65999984741211,47.61134338378906,36.37142562866211,54.6528205871582,90.09447479248047,28.493040084838867
2006-04-06,22.643566131591797,18.81375503540039,24.68686294555664,59.279998779296875,47.476871490478516,36.47385787963867,54.645957946777344,89.9981689453125,28.377605438232422
2006-04-07,22.298147201538086,18.64013671875,24.16710662841797,58.59000015258789,47.26055145263672,36.12389373779297,54.61171340942383,89.08361053466797,27.95009994506836
2006-04-10,22.221147537231445,18.731517791748047,24.22270393371582,59.599998474121094,47.31903076171875,36.07267379760742,54.62543487548828,89.22110748291016,27.685054779052734
2006-04-11,22.03193473815918,18.603591918945312,23.961427688598633,59.0099983215332,47.406707763671875,35.78245162963867,54.67335891723633,88.46466064453125,27.61665153503418
2006-04-12,22.1595401763916,18.63100242614746,23.889171600341797,59.43000030517578,47.29561996459961,35.790977478027344,54.63908004760742,88.62969207763672,27.61665153503418
2006-04-13,22.265140533447266,18.731517791748047,23.90863037109375,59.5,47.04420852661133,35.93610382080078,54.63224792480469,88.51280975341797,27.253280639648438
2006-04-17,22.529155731201172,18.85030174255371,24.064268112182617,61.09000015258789,47.22548294067383,35.560523986816406,54.666500091552734,88.47840118408203,27.176315307617188
2006-04-18,23.277198791503906,19.234066009521484,24.453393936157227,61.849998474121094,47.377479553222656,36.24339294433594,54.741912841796875,89.88131713867188,27.838964462280273
2006-04-19,23.42020034790039,19.4533634185791,24.734111785888672,63.75,47.24297332763672,36.40557098388672,54.72819900512695,90.05322265625,28.18095588684082
2006-04-20,23.336597442626953,19.261478424072266,24.861967086791992,60.959999084472656,47.20207595825195,36.27754592895508,54.707672119140625,90.177001953125,28.21087646484375
2006-04-21,23.51920509338379,19.36199188232422,24.98703956604004,63.20000076293945,47.30144119262695,35.850730895996094,54.707672119140625,90.19074249267578,28.215164184570312
2006-04-24,23.211198806762695,19.38026237487793,25.126020431518555,61.650001525878906,47.35993957519531,35.816585540771484,54.73512268066406,90.02569580078125,28.06979751586914
2006-04-25,22.89217185974121,19.334575653076172,25.159358978271484,62.779998779296875,47.061744689941406,35.73977279663086,54.69392395019531,89.65435028076172,27.8560733795166
2006-04-26,23.343210220336914,19.352848052978516,25.292789459228516,63.650001525878906,47.03835678100586,35.73122787475586,54.6528205871582,89.67498779296875,27.77056312561035
2006-04-27,22.97578239440918,19.435091018676758,25.37615966796875,62.959999084472656,47.166988372802734,36.07267379760742,54.741912841796875,90.10821533203125,27.945833206176758
2006-04-28,23.200197219848633,19.599557876586914,25.306676864624023,65.08999633789062,47.24884796142578,35.72269058227539,54.75564193725586,90.41080474853516,28.048433303833008
2006-05-01,23.193592071533203,19.499048233032227,25.226078033447266,65.16000366210938,46.99300003051758,35.37271499633789,54.72331619262695,89.67498779296875,27.710697174072266
2006-05-02,23.602811813354492,19.91023063659668,25.604080200195312,66.55000305175781,47.06927490234375,35.46662139892578,54.73017120361328,90.34893798828125,27.428560256958008
2006-05-03,23.629209518432617,19.7640323638916,25.403961181640625,66.45999908447266,47.00470733642578,35.415428161621094,54.73017120361328,90.01197814941406,27.4798526763916
2006-05-04,23.8602294921875,19.90108299255371,25.679113388061523,67.4800033569336,46.97537612915039,35.70563507080078,54.737056732177734,90.33515930175781,27.868879318237305
2006-05-05,24.24524688720703,20.193490982055664,26.001535415649414,67.98999786376953,47.08688735961914,35.98729705810547,54.750816345214844,91.13288879394531,28.227981567382812
2006-05-08,24.4212589263916,20.083839416503906,26.009864807128906,67.55999755859375,47.1103515625,36.021453857421875,54.743927001953125,91.02283477783203,28.351961135864258
2006-05-09,24.443256378173828,20.266590118408203,26.09325408935547,69.68000030517578,47.092735290527344,35.8848762512207,54.750816345214844,91.20165252685547,28.339143753051758
2006-05-10,24.179248809814453,20.257442474365234,26.1405029296875,70.37999725341797,47.11622619628906,35.56904220581055,54.750816345214844,91.153564453125,28.236526489257812
2006-05-11,23.563213348388672,20.14780044555664,25.890356063842773,71.02999877929688,47.03407669067383,34.77523422241211,54.771446228027344,90.05322265625,27.7149715423584
2006-05-12,22.94717788696289,19.827993392944336,25.53180503845215,71.12000274658203,46.858001708984375,34.30574417114258,54.750816345214844,88.87725067138672,27.36443328857422
2006-05-15,22.39714813232422,19.553874969482422,25.103778839111328,67.41000366210938,46.957759857177734,34.2801399230957,54.77829360961914,89.05604553222656,27.740629196166992
2006-05-16,22.50935935974121,19.57215118408203,25.137130737304688,68.61000061035156,47.133819580078125,34.024078369140625,54.826416015625,88.92539978027344,27.633758544921875
2006-05-17,21.73711585998535,19.005638122558594,24.233823776245117,68.1500015258789,46.99883270263672,33.5631217956543,54.7989501953125,87.233642578125,27.116479873657227
2006-05-18,21.319091796875,18.99650001525879,24.20046615600586,67.45999908447266,47.333343505859375,33.33264923095703,54.853946685791016,86.79357147216797,26.906999588012695
2006-05-19,21.778919219970703,19.014766693115234,24.356111526489258,65.58000183105469,47.304019927978516,33.588722229003906,54.84024429321289,87.40560150146484,26.971118927001953
2006-05-22,20.753665924072266,18.68582534790039,23.869718551635742,65.30000305175781,47.36854934692383,33.264366149902344,54.84024429321289,86.73857116699219,26.898452758789062
2006-05-23,20.527053833007812,18.795480728149414,24.05038070678711,66.37999725341797,47.350955963134766,32.940006256103516,54.87455368041992,86.07835388183594,26.603483200073242
2006-05-24,20.38404655456543,18.69495964050293,23.903064727783203,64.05999755859375,47.42138671875,33.16191482543945,54.90894317626953,86.76605987548828,26.646224975585938
2006-05-25,21.250892639160156,19.005638122558594,24.333871841430664,64.69999694824219,47.3450813293457,33.597259521484375,54.90894317626953,87.83885955810547,27.14640235900879
2006-05-26,21.18708610534668,19.17011070251465,24.55901336669922,65.0999984741211,47.386146545410156,33.70823287963867,54.929603576660156,88.28585815429688,27.471317291259766
2006-05-30,20.274038314819336,18.914268493652344,24.181005477905273,65.11000061035156,47.3450813293457,32.98268508911133,54.88835525512695,86.71792602539062,27.244735717773438
2006-05-31,20.61505889892578,19.078733444213867,24.406143188476562,64.2300033569336,47.1983757019043,33.136314392089844,54.84707260131836,87.68755340576172,27.291757583618164
2006-06-01,21.03748321533203,19.11528205871582,24.60904312133789,62.560001373291016,47.27729797363281,33.92162322998047,54.914676666259766,88.52652740478516,27.791933059692383
2006-06-02,21.253095626831055,19.407678604125977,24.842517852783203,63.5,47.64247131347656,33.83628463745117,54.9974250793457,88.71223449707031,28.112558364868164
2006-06-05,20.351043701171875,18.978221893310547,24.30608558654785,63.290000915527344,47.5482177734375,33.10218048095703,54.949180603027344,87.41935729980469,28.24936294555664
2006-06-06,20.20144271850586,18.7680606842041,23.950321197509766,62.54999923706055,47.58948516845703,33.076576232910156,54.949180603027344,87.20616912841797,27.91162872314453
2006-06-07,19.757022857666016,18.62186622619629,23.73073959350586,62.279998779296875,47.52465057373047,32.82902145385742,54.914676666259766,86.55287170410156,28.108272552490234
2006-06-08,19.405000686645508,18.320335388183594,23.24433708190918,60.90999984741211,47.58948516845703,32.7778434753418,54.97675323486328,86.47722625732422,28.048433303833008
2006-06-09,19.15198516845703,18.283784866333008,23.083133697509766,60.45000076293945,47.70725631713867,32.56441879272461,54.97675323486328,86.2021484375,28.232255935668945
2006-06-12,18.43914794921875,18.21982765197754,22.830198287963867,60.029998779296875,47.68367004394531,31.924257278442383,54.98366928100586,85.26689147949219,27.894533157348633
2006-06-13,18.02992820739746,17.698997497558594,22.199281692504883,55.91999816894531,47.748451232910156,31.796184539794922,54.96985626220703,84.27661895751953,27.608091354370117
2006-06-14,18.546947479248047,17.936567306518555,22.499448776245117,55.619998931884766,47.43042755126953,32.12057113647461,54.914676666259766,84.92990112304688,27.372970581054688
2006-06-15,19.62721061706543,18.66754913330078,23.272138595581055,57.31999969482422,47.32439422607422,32.99123001098633,54.9008903503418,86.73168182373047,27.945833206176758
2006-06-16,19.514997482299805,18.439123153686523,23.069232940673828,57.68000030517578,47.29496765136719,32.74863052368164,54.87329864501953,86.09969329833984,27.890249252319336
2006-06-19,18.788972854614258,18.338613510131836,22.944168090820312,56.36000061035156,47.24197006225586,32.48383712768555,54.852561950683594,85.4227066040039,27.69788360595703
2006-06-20,19.019977569580078,18.503082275390625,23.158172607421875,57.29999923706055,47.20663070678711,32.526546478271484,54.845672607421875,85.7128677368164,27.552536010742188
2006-06-21,19.636009216308594,18.658414840698242,23.569538116455078,58.33000183105469,47.20073699951172,33.03904724121094,54.85944747924805,86.34832763671875,27.87314796447754
2006-06-22,19.283987045288086,18.54876708984375,23.425004959106445,57.72999954223633,47.04763412475586,32.620513916015625,54.83189010620117,85.96839141845703,27.676498413085938
2006-06-23,19.250988006591797,18.42084503173828,23.322162628173828,57.9900016784668,47.00633239746094,32.586341857910156,54.8181037902832,85.95459747314453,27.46703338623047
2006-06-26,19.250988006591797,18.521360397338867,23.59733772277832,58.279998779296875,46.976924896240234,32.671749114990234,54.82498550415039,86.33450317382812,27.759971618652344
2006-06-27,18.88796615600586,18.247236251831055,23.09703826904297,57.68000030517578,47.100616455078125,32.05677032470703,54.85944747924805,85.58849334716797,27.729724884033203
2006-06-28,19.47980308532715,18.44825553894043,23.316612243652344,57.540000915527344,46.94746017456055,32.29593276977539,54.83189010620117,86.16869354248047,27.81182098388672
2006-06-29,20.637060165405273,19.069589614868164,24.139320373535156,59.52000045776367,47.14179992675781,33.27821350097656,54.92849349975586,87.90935516357422,28.429662704467773
2006-06-30,20.659059524536133,19.234066009521484,24.475631713867188,61.22999954223633,47.30674743652344,33.11591720581055,54.97675323486328,87.916259765625,28.64569091796875
2006-07-03,21.116683959960938,19.27061653137207,24.75635528564453,62.18000030517578,47.28428268432617,33.31239700317383,54.968505859375,88.27548217773438,29.177122116088867
2006-07-05,20.4610538482666,19.09700584411621,24.361665725708008,62.5,47.11280059814453,32.586341857910156,54.91999435424805,87.77123260498047,29.12961196899414
2006-07-06,20.87907600402832,19.224933624267578,24.55623435974121,63.02000045776367,47.260597229003906,32.552188873291016,54.961524963378906,88.02679443359375,29.19873046875
2006-07-07,20.483055114746094,19.19751739501953,24.403366088867188,62.630001068115234,47.40843200683594,32.193424224853516,55.0030632019043,87.45346069335938,29.077754974365234
2006-07-10,20.648059844970703,19.28889274597168,24.550670623779297,62.02000045776367,47.44394302368164,31.911563873291016,55.0030632019043,87.61927032470703,29.30674934387207
2006-07-11,20.747066497802734,19.316303253173828,24.51453971862793,63.810001373291016,47.49714660644531,32.15072250366211,55.0030632019043,88.00605773925781,29.354270935058594
2006-07-12,20.285043716430664,18.895984649658203,24.103185653686523,64.91999816894531,47.53851318359375,31.544265747070312,55.023841857910156,87.06665802001953,29.432058334350586
2006-07-13,19.482004165649414,18.66754913330078,23.666812896728516,65.55000305175781,47.64497375488281,31.014673233032227,55.093082427978516,85.65068054199219,29.034542083740234
2006-07-14,19.58100700378418,18.658414840698242,23.5167236328125,65.8499984741211,47.68040466308594,30.698619842529297,55.10000991821289,85.31912994384766,28.637052536010742
2006-07-17,19.272994995117188,18.439123153686523,23.144283294677734,63.95000076293945,47.639034271240234,30.775514602661133,55.093082427978516,85.19479370117188,28.637052536010742
2006-07-18,19.54140281677246,18.475669860839844,23.069232940673828,62.900001525878906,47.45574188232422,30.878026962280273,55.0515022277832,85.62997436523438,29.06911849975586
2006-07-19,20.747066497802734,18.959949493408203,23.791894912719727,64.02999877929688,47.75730895996094,31.27947235107422,55.127662658691406,86.81802368164062,29.518468856811523
2006-07-20,20.15083885192871,18.868574142456055,23.69182777404785,62.540000915527344,47.85780715942383,30.81824493408203,55.196903228759766,86.2239761352539,29.27650260925293
2006-07-21,19.759214401245117,18.78634262084961,23.675148010253906,61.709999084472656,47.828285217285156,30.49365234375,55.1831169128418,85.61614227294922,28.796918869018555
2006-07-24,20.648059844970703,19.11528205871582,24.097625732421875,61.13999938964844,47.828285217285156,31.10011100769043,55.1831169128418,87.17718505859375,29.27218246459961
2006-07-25,20.70306396484375,19.16095733642578,24.125417709350586,61.54999923706055,47.78096008300781,31.27947235107422,55.16920852661133,87.48802947998047,29.423398971557617
2006-07-26,20.61505889892578,19.307161331176758,24.2866268157959,62.0,47.89921188354492,31.253835678100586,55.238426208496094,87.60545349121094,29.527097702026367
2006-07-27,20.89887237548828,19.4533634185791,24.34777069091797,62.900001525878906,47.89328384399414,31.048851013183594,55.26616668701172,87.52256774902344,29.432058334350586
2006-07-28,21.34769630432129,19.709213256835938,24.82583236694336,63.11000061035156,48.023399353027344,31.697994232177734,55.33539581298828,88.39979553222656,29.859792709350586
2006-07-31,21.143085479736328,19.73661994934082,24.76746368408203,63.15999984741211,48.100250244140625,31.68948745727539,55.34230041503906,88.30998992919922,29.760412216186523
2006-08-01,20.802066802978516,19.599557876586914,24.631282806396484,64.31999969482422,48.111534118652344,31.159883499145508,55.3763313293457,87.87482452392578,29.60487174987793
2006-08-02,21.077085494995117,19.846271514892578,24.903656005859375,64.75,48.153076171875,31.51009750366211,55.3763313293457,88.4688720703125,29.5487003326416
2006-08-03,21.05508041381836,19.66352653503418,24.831388473510742,64.12000274658203,48.16493225097656,31.706575393676758,55.36941909790039,88.70368957519531,29.829544067382812
2006-08-04,21.099084854125977,19.83713150024414,24.934234619140625,64.27999877929688,48.40236282348633,31.561351776123047,55.41804885864258,88.5517349243164,30.30048942565918
2006-08-07,20.96708106994629,19.809720993041992,24.83417510986328,64.5,48.33708572387695,31.356338500976562,55.43883514404297,88.34454345703125,30.002376556396484
2006-08-08,20.96708106994629,19.718341827392578,24.71465492248535,63.970001220703125,48.343013763427734,31.159883499145508,55.46669006347656,88.00605773925781,29.557340621948242
2006-08-09,21.046281814575195,19.773164749145508,24.831388473510742,64.62999725341797,48.319305419921875,31.202592849731445,55.487518310546875,87.70901489257812,29.375871658325195
2006-08-10,21.261890411376953,19.800579071044922,24.792476654052734,63.25,48.33119201660156,31.42467498779297,55.473602294921875,87.97844696044922,29.397485733032227
2006-08-11,21.004478454589844,19.599557876586914,24.564573287963867,62.709999084472656,48.176815032958984,31.202592849731445,55.424964904785156,87.72977447509766,29.21602439880371
2006-08-14,21.08808708190918,19.66352653503418,24.6729736328125,62.25,48.093711853027344,31.407596588134766,55.3972053527832,87.79884338378906,29.49686050415039
2006-08-15,21.60511589050293,19.928504943847656,25.29833984375,62.0099983215332,48.325233459472656,32.20198059082031,55.473602294921875,88.84873962402344,29.833873748779297
2006-08-16,21.816314697265625,20.047286987304688,25.570730209350586,62.4900016784668,48.527042388916016,32.96217346191406,55.563926696777344,89.58784484863281,29.89004135131836
2006-08-17,21.847124099731445,19.919363021850586,25.52625274658203,61.029998779296875,48.51513671875,33.08176040649414,55.55702590942383,89.8157730102539,29.846818923950195
2006-08-18,21.640316009521484,19.965055465698242,25.61797523498535,61.040000915527344,48.6457633972168,33.13298416137695,55.57784652709961,90.27166748046875,29.98076057434082
2006-08-21,21.528106689453125,20.0107364654541,25.570730209350586,62.439998626708984,48.705135345458984,32.816978454589844,55.612586975097656,89.8848876953125,30.15359878540039
2006-08-22,21.521503448486328,19.882816314697266,25.39005470275879,62.04999923706055,48.72294616699219,32.825496673583984,55.60561752319336,89.87796783447266,30.36530303955078
2006-08-23,21.132091522216797,19.827993392944336,25.301115036010742,61.83000183105469,48.6754035949707,32.57780075073242,55.591773986816406,89.6292953491211,30.13198471069336
2006-08-24,21.07488250732422,19.928504943847656,25.384504318237305,61.75,48.72294616699219,32.671749114990234,55.62646484375,89.55329895019531,30.24864387512207
2006-08-25,21.1342830657959,19.90108299255371,25.348371505737305,61.77000045776367,48.7882194519043,32.7315559387207,55.64038848876953,89.663818359375,30.227041244506836
2006-08-28,21.37410545349121,20.05643081665039,25.626300811767578,61.0,48.782310485839844,32.97926330566406,55.65427017211914,90.09205627441406,30.585657119750977
2006-08-29,21.446701049804688,20.10211753845215,25.723588943481445,60.939998626708984,48.823787689208984,33.08176040649414,55.67511749267578,90.1957015991211,30.589977264404297
2006-08-30,21.539104461669922,20.23004150390625,25.76528549194336,61.41999816894531,48.88322830200195,33.235504150390625,55.70979690551758,90.25096130371094,30.771427154541016
2006-08-31,21.47750473022461,20.166072845458984,25.72914695739746,62.290000915527344,48.948486328125,33.20134353637695,55.758453369140625,90.23709106445312,30.79735565185547
2006-09-01,21.717317581176758,20.293994903564453,25.898700714111328,62.13999938964844,49.021209716796875,33.3807258605957,55.82197189331055,90.77589416503906,30.62021827697754
2006-09-05,21.83612632751465,20.3214054107666,25.865339279174805,63.36000061035156,48.86033248901367,33.70527648925781,55.75919723510742,90.94857025146484,30.931303024291992
2006-09-06,21.209087371826172,20.001605987548828,25.45954704284668,62.86000061035156,48.82455062866211,33.03050231933594,55.75919723510742,90.14733123779297,30.78439712524414
2006-09-07,20.96708106994629,19.718341827392578,25.195493698120117,61.25,48.86033248901367,32.876773834228516,55.75919723510742,89.73292541503906,30.53380584716797
2006-09-08,21.138690948486328,19.690927505493164,25.181602478027344,60.63999938964844,48.90797805786133,33.07322692871094,55.79411315917969,89.98841857910156,30.823274612426758
2006-09-11,20.683259963989258,19.41681671142578,25.195493698120117,58.5,48.81857681274414,33.27821350097656,55.787109375,90.07826232910156,30.922657012939453
2006-09-12,21.03748321533203,19.809720993041992,25.5151309967041,58.31999969482422,48.955631256103516,33.89320373535156,55.81500244140625,90.96241760253906,31.320148468017578
2006-09-13,21.35209083557129,19.85540771484375,25.57628059387207,58.619998931884766,49.003318786621094,34.12382125854492,55.82197189331055,91.3284912109375,31.497299194335938
2006-09-14,21.176090240478516,19.85540771484375,25.61241340637207,57.189998626708984,48.90797805786133,34.15800476074219,55.77313232421875,91.33539581298828,31.32880210876465
2006-09-15,21.301490783691406,19.818851470947266,25.512361526489258,57.400001525878906,48.878170013427734,34.28022003173828,55.79411315917969,91.54978942871094,31.579381942749023
2006-09-18,21.541303634643555,19.7640323638916,25.64020347595215,58.22999954223633,48.80668258666992,34.28877258300781,55.787109375,91.67466735839844,31.354734420776367
2006-09-19,21.209087371826172,19.544734954833984,25.373380661010742,56.91999816894531,49.098663330078125,34.058013916015625,55.86381530761719,91.44571685791016,31.588031768798828
2006-09-20,21.644710540771484,19.800579071044922,25.76528549194336,57.2599983215332,49.110572814941406,34.5537109375,55.884681701660156,91.93132781982422,31.518901824951172
2006-09-21,21.116683959960938,19.87367820739746,25.85422706604004,57.95000076293945,49.46213912963867,34.34004592895508,55.98234176635742,91.48734283447266,31.1689395904541
2006-09-22,20.848268508911133,19.83713150024414,25.781959533691406,58.5,49.61109161376953,34.075096130371094,56.010215759277344,91.20985412597656,31.251018524169922
2006-09-25,21.090280532836914,19.94677734375,25.9237117767334,58.5,49.77793884277344,34.673370361328125,56.059051513671875,91.91053009033203,31.298131942749023
2006-09-26,21.338903427124023,20.001605987548828,26.004310607910156,58.7400016784668,49.652793884277344,34.84430694580078,55.996238708496094,92.67365264892578,31.223981857299805
2006-09-27,21.290496826171875,20.05643081665039,26.112709045410156,59.810001373291016,49.640865325927734,34.80156707763672,56.03812789916992,92.78469848632812,31.498762130737305
2006-09-28,21.462106704711914,20.083839416503906,26.22944450378418,59.790000915527344,49.59319305419922,34.89554977416992,56.059051513671875,92.74995422363281,31.433326721191406
2006-09-29,21.290496826171875,20.001605987548828,26.179424285888672,59.470001220703125,49.53959655761719,34.74172592163086,56.003257751464844,92.67365264892578,31.402795791625977
2006-10-02,21.255292892456055,20.083839416503906,26.157180786132812,59.150001525878906,49.62688064575195,34.30586242675781,56.06903839111328,92.32676696777344,31.34175682067871
2006-10-03,20.96708106994629,20.10211753845215,26.18775749206543,57.11000061035156,49.62091827392578,34.45115661621094,56.07606887817383,92.52104187011719,31.647035598754883
2006-10-04,21.528106689453125,20.293994903564453,26.490705490112305,56.369998931884766,49.848228454589844,35.29726028442383,56.17404556274414,93.60328674316406,32.01342010498047
2006-10-05,21.814123153686523,20.24831199645996,26.512941360473633,56.91999816894531,49.67477798461914,35.468196868896484,56.118064880371094,93.78370666503906,32.22275161743164
2006-10-06,21.759122848510742,20.14780044555664,26.27669906616211,56.9900016784668,49.40561294555664,35.391273498535156,56.04802703857422,93.66570281982422,32.02213668823242
2006-10-09,21.677715301513672,20.175209045410156,26.318391799926758,57.20000076293945,49.46540832519531,35.510921478271484,56.05503845214844,93.72128295898438,32.20531463623047
2006-10-10,21.87352180480957,20.193490982055664,26.326730728149414,57.0,49.16634750366211,35.57075119018555,55.97806930541992,93.8461685180664,32.20968246459961
2006-10-11,21.756916046142578,20.239171981811523,26.28781509399414,56.880001068115234,49.10654067993164,35.50237274169922,55.9710578918457,93.73514556884766,32.08755874633789
2006-10-12,22.28714942932129,20.367101669311523,26.61301612854004,57.4900016784668,49.13644027709961,36.06644058227539,55.99909210205078,94.54684448242188,32.37977981567383
2006-10-13,22.419147491455078,20.52242660522461,26.510169982910156,58.56999969482422,49.05271530151367,36.26300048828125,55.97806930541992,94.7896728515625,32.75050354003906
2006-10-16,22.48075294494629,20.650348663330078,26.571321487426758,59.16999816894531,49.13644027709961,36.297210693359375,56.00605773925781,94.93536376953125,32.82030487060547
2006-10-17,22.185941696166992,20.568113327026367,26.38787269592285,58.650001525878906,49.19027328491211,35.89552307128906,56.01303482055664,94.63703155517578,32.71125411987305
2006-10-18,22.403745651245117,20.586395263671875,26.446237564086914,58.59000015258789,49.17833709716797,35.7245979309082,56.02006530761719,94.76189422607422,32.87699508666992
2006-10-19,22.50275993347168,20.74172592163086,26.67693519592285,59.40999984741211,49.13644027709961,35.810054779052734,56.01303482055664,94.91455078125,32.79848861694336
2006-10-20,22.39714813232422,20.823959350585938,26.79645538330078,58.779998779296875,49.124481201171875,35.89552307128906,56.03403091430664,94.93536376953125,32.75486755371094
2006-10-23,22.37735366821289,20.77828598022461,26.96043586730957,57.7599983215332,48.98691177368164,36.26300048828125,56.00605773925781,95.37245178222656,32.951133728027344
2006-10-24,22.50495719909668,20.823959350585938,26.765872955322266,58.16999816894531,49.05271530151367,36.015174865722656,56.00605773925781,95.65686798095703,32.78104782104492
2006-10-25,22.766773223876953,20.951885223388672,27.002132415771484,58.7599983215332,49.23212432861328,36.26300048828125,56.06903839111328,95.9829330444336,32.946781158447266
2006-10-26,22.821767807006836,21.070669174194336,27.210582733154297,59.290000915527344,49.39963150024414,36.59632873535156,56.13901901245117,96.28129577636719,33.273895263671875
2006-10-27,22.44115447998047,20.860509872436523,26.963207244873047,59.400001525878906,49.561126708984375,36.07501983642578,56.19501495361328,95.67769622802734,33.051456451416016
2006-10-30,22.364147186279297,20.823959350585938,26.99934959411621,59.900001525878906,49.58503341674805,36.305747985839844,56.16001892089844,95.60831451416016,33.23899841308594
2006-10-31,22.79317283630371,20.92447280883789,27.07161521911621,60.2400016784668,49.806331634521484,36.3912353515625,56.23701477050781,95.5944595336914,33.29570007324219
2006-11-01,22.564363479614258,20.933616638183594,27.154996871948242,61.36000061035156,49.979286193847656,35.89552307128906,56.277061462402344,94.94921112060547,33.03837585449219
2006-11-02,22.63475799560547,21.03411865234375,27.02991485595703,61.91999816894531,49.84115219116211,35.92970275878906,56.26300048828125,94.89375305175781,32.410308837890625
2006-11-03,22.705169677734375,20.988441467285156,27.021587371826172,62.29999923706055,49.462947845458984,35.835689544677734,56.15761947631836,94.72722625732422,32.052669525146484
2006-11-06,23.24419593811035,21.180315017700195,27.485746383666992,61.88999938964844,49.51097869873047,36.35703659057617,56.150611877441406,95.79561614990234,32.349246978759766
2006-11-07,23.145185470581055,21.235139846801758,27.605260848999023,62.040000915527344,49.6790885925293,36.604888916015625,56.220863342285156,96.16334533691406,31.995981216430664
2006-11-08,23.204587936401367,21.372196197509766,27.660844802856445,61.11000061035156,49.78713607788086,36.775814056396484,56.248966217041016,96.37146759033203,32.10500717163086
2006-11-09,23.283798217773438,21.244279861450195,27.641393661499023,62.95000076293945,49.781158447265625,36.604888916015625,56.24192810058594,95.86502075195312,32.15298843383789
2006-11-10,23.31679916381836,21.3173770904541,27.805383682250977,62.4900016784668,49.88920974731445,36.775814056396484,56.28409957885742,95.90666198730469,32.2838249206543
2006-11-13,23.39600372314453,21.13463020324707,27.763696670532227,62.189998626708984,49.86518096923828,37.15187072753906,56.28409957885742,96.14252471923828,32.362342834472656
2006-11-14,23.761219024658203,21.152904510498047,27.938796997070312,61.630001068115234,49.96725082397461,37.545013427734375,56.291114807128906,96.8640365600586,32.77233123779297
2006-11-15,23.805227279663086,21.1894588470459,28.03050994873047,61.84000015258789,49.82915496826172,37.69884490966797,56.255977630615234,97.14154815673828,32.81157684326172
2006-11-16,23.56540870666504,21.207727432250977,27.9471378326416,61.310001373291016,49.703060150146484,37.861228942871094,56.23490524291992,97.39131927490234,33.03400802612305
2006-11-17,23.53900909423828,21.14376449584961,27.961027145385742,61.779998779296875,49.883209228515625,37.861228942871094,56.305171966552734,97.41907501220703,32.90752029418945
2006-11-20,23.446605682373047,21.13463020324707,27.805383682250977,61.77000045776367,49.913230895996094,37.93812561035156,56.3192138671875,97.47454071044922,34.04586410522461
2006-11-21,23.82063102722168,21.14376449584961,28.07220458984375,62.27000045776367,49.98528289794922,37.98942947387695,56.333221435546875,97.57172393798828,34.59542465209961
2006-11-22,23.987834930419922,21.244279861450195,28.308462142944336,62.5,50.063323974609375,38.22873306274414,56.37541580200195,97.76591491699219,34.748069763183594
2006-11-24,23.98343276977539,21.226001739501953,28.183380126953125,63.5,50.117332458496094,38.16035842895508,56.38245391845703,97.37049102783203,34.896366119384766
2006-11-27,23.53020477294922,21.015844345092773,27.810943603515625,63.70000076293945,50.16533660888672,37.29716110229492,56.417572021484375,96.03153228759766,33.954280853271484
2006-11-28,23.666610717773438,21.26255989074707,28.01660919189453,63.56999969482422,50.25542449951172,37.40825271606445,56.44563293457031,96.44779205322266,34.04586410522461
2006-11-29,24.049440383911133,21.344785690307617,28.26676368713379,63.15999984741211,50.19537353515625,37.66465759277344,56.44563293457031,97.45374298095703,34.52565383911133
2006-11-30,24.157241821289062,21.518402099609375,28.322355270385742,64.38999938964844,50.459529876708984,37.639015197753906,56.508914947509766,97.495361328125,34.88764953613281
2006-12-01,24.058238983154297,21.490985870361328,28.16947364807129,64.12000274658203,50.5764045715332,37.31425476074219,56.619544982910156,97.28028869628906,34.82223129272461
2006-12-04,24.559873580932617,21.600637435913086,28.333478927612305,64.12000274658203,50.570430755615234,37.827030181884766,56.6125373840332,98.0226058959961,35.22785186767578
2006-12-05,24.988889694213867,21.8107852935791,28.597517013549805,63.810001373291016,50.50410461425781,37.96378707885742,56.6125373840332,98.44583892822266,34.957427978515625
2006-12-06,24.817277908325195,21.765104293823242,28.461328506469727,62.689998626708984,50.42577362060547,37.827030181884766,56.605464935302734,98.362548828125,34.761165618896484
2006-12-07,24.729265213012695,21.78338050842285,28.60028839111328,62.72999954223633,50.40771484375,37.34843444824219,56.591373443603516,97.93244171142578,34.54743957519531
2006-12-08,24.619266510009766,21.86561393737793,28.525257110595703,62.04999923706055,50.17875289916992,37.519378662109375,56.5208854675293,98.11282348632812,34.66084671020508
2006-12-11,24.630258560180664,21.8107852935791,28.769838333129883,62.56999969482422,50.33541488647461,37.65612030029297,56.527889251708984,98.39724731445312,34.73936080932617
2006-12-12,24.3332576751709,21.911306381225586,28.814315795898438,62.52000045776367,50.42577362060547,37.43388748168945,56.605464935302734,98.32099151611328,34.58234405517578
2006-12-13,24.465261459350586,22.0574951171875,29.003313064575195,62.47999954223633,50.166690826416016,37.502281188964844,56.527889251708984,98.42504119873047,34.40351104736328
2006-12-14,24.88327407836914,22.167142868041992,29.022769927978516,62.119998931884766,50.08835220336914,37.92105484008789,56.49970626831055,99.2922592163086,34.42969512939453
2006-12-15,24.993284225463867,22.002681732177734,28.886579513549805,61.0,50.10038757324219,38.018585205078125,56.5208854675293,99.30126953125,34.17236328125
2006-12-18,24.819475173950195,21.966127395629883,28.917156219482422,61.040000915527344,50.12453842163086,37.642093658447266,56.5208854675293,99.02920532226562,33.958656311035156
2006-12-19,24.66327476501465,22.185422897338867,29.081134796142578,61.79999923706055,50.11247253417969,37.52229690551758,56.527889251708984,99.21756744384766,33.670799255371094
2006-12-20,24.93617820739746,21.98027992248535,29.002470016479492,61.619998931884766,50.10038757324219,37.38539123535156,56.56316375732422,99.16173553466797,34.02406692504883
2006-12-21,24.89155387878418,21.904638290405273,28.985498428344727,61.380001068115234,50.28116989135742,37.120121002197266,56.605464935302734,98.79901885986328,33.74493408203125
2006-12-22,24.980792999267578,21.857370376586914,28.719528198242188,61.650001525878906,50.05220031738281,36.735069274902344,56.59839630126953,98.19204711914062,33.44873809814453
2006-12-26,25.212867736816406,21.96135902404785,28.761962890625,61.97999954223633,50.08835220336914,36.88909912109375,56.59839630126953,98.77104187011719,33.688899993896484
2006-12-27,25.572132110595703,22.207168579101562,29.149612426757812,62.220001220703125,49.954837799072266,37.077327728271484,56.56733703613281,99.41986846923828,33.991310119628906
2006-12-28,25.523033142089844,22.301712036132812,29.197715759277344,62.900001525878906,49.84004211425781,36.89764404296875,56.53190994262695,99.21060180664062,34.084716796875
2006-12-29,25.476177215576172,22.131528854370117,29.24298095703125,63.209999084472656,49.815818786621094,36.931880950927734,56.54609298706055,98.79901885986328,34.24482727050781
2007-01-03,25.692625045776367,22.263891220092773,29.398597717285156,62.279998779296875,49.96085739135742,37.000343322753906,56.60271072387695,98.62460327148438,34.298187255859375
2007-01-04,25.33782386779785,22.216617584228516,29.285425186157227,61.650001525878906,50.14215850830078,37.702003479003906,56.65925216674805,98.83390045166016,34.34266662597656
2007-01-05,24.59699249267578,21.791196823120117,28.93173599243164,60.16999816894531,49.97900390625,37.52229690551758,56.62390899658203,98.0455551147461,33.70668029785156
2007-01-08,24.775503158569336,21.88573455810547,28.974185943603516,60.47999954223633,50.01527786254883,37.54798126220703,56.5885124206543,98.49901580810547,33.755584716796875
2007-01-09,24.22211265563965,21.743927001953125,28.91476058959961,60.849998474121094,50.003173828125,37.736209869384766,56.60979080200195,98.41527557373047,34.18256378173828
2007-01-10,24.166324615478516,21.68720245361328,28.677078247070312,60.59000015258789,49.9185905456543,38.18119812011719,56.5955810546875,98.74319458007812,34.62285232543945
2007-01-11,24.4720401763916,21.98027992248535,28.86666488647461,60.630001068115234,49.785640716552734,38.57481002807617,56.553184509277344,99.17572784423828,35.07202911376953
2007-01-12,24.969642639160156,22.188255310058594,29.169416427612305,62.16999816894531,49.68291473388672,38.77159881591797,56.517818450927734,99.9291763305664,35.18320846557617
2007-01-16,25.05889892578125,22.188255310058594,29.073217391967773,61.970001220703125,49.779579162597656,38.745941162109375,56.57440185546875,99.73379516601562,35.68132400512695
2007-01-17,24.95402717590332,22.188255310058594,29.002470016479492,62.63999938964844,49.68291473388672,38.42932891845703,56.553184509277344,99.77571105957031,35.66798400878906
2007-01-18,24.690711975097656,22.140989303588867,28.911937713623047,62.2599983215332,49.74937057495117,37.71912384033203,56.57440185546875,99.44081115722656,35.62350082397461
2007-01-19,25.134769439697266,22.386789321899414,29.302410125732422,63.0,49.67082214355469,37.79612350463867,56.56733703613281,99.63616180419922,35.979305267333984
2007-01-22,25.105758666992188,22.27334213256836,29.05623435974121,62.720001220703125,49.76145553588867,37.38539123535156,56.5885124206543,99.32920837402344,35.6768684387207
2007-01-23,25.677001953125,22.462419509887695,29.28825569152832,64.2300033569336,49.61640167236328,37.291255950927734,56.56023406982422,99.62223052978516,35.84586715698242
2007-01-24,25.900150299072266,22.604232788085938,29.452369689941406,64.33000183105469,49.62248611450195,37.9073600769043,56.5885124206543,100.42451477050781,36.31283950805664
2007-01-25,25.103525161743164,22.263891220092773,29.03077507019043,64.05999755859375,49.42909622192383,37.419620513916016,56.54609298706055,99.24546813964844,36.53520584106445
2007-01-26,25.25749397277832,22.197711944580078,29.11281967163086,64.16999816894531,49.42306900024414,37.28269958496094,56.553184509277344,99.1548080444336,36.65530014038086
2007-01-29,24.922786712646484,22.188255310058594,29.186397552490234,63.77000045776367,49.3868408203125,37.316925048828125,56.56023406982422,99.09901428222656,36.77537536621094
2007-01-30,25.308822631835938,22.24498748779297,29.46651268005371,64.22000122070312,49.435089111328125,37.33405303955078,56.57440185546875,99.61521911621094,36.95772171020508
2007-01-31,25.505186080932617,22.282791137695312,29.66741180419922,64.83000183105469,49.61640167236328,37.71055221557617,56.638031005859375,100.28491973876953,37.25123596191406
2007-02-01,25.817584991455078,22.405698776245117,29.83717918395996,65.22000122070312,49.580665588378906,37.65068435668945,56.630943298339844,100.88494110107422,37.398006439208984
2007-02-02,25.739482879638672,22.519142150878906,29.746639251708984,64.27999877929688,49.623043060302734,37.787574768066406,56.652191162109375,101.02445220947266,37.4647216796875
2007-02-05,25.764028549194336,22.443511962890625,29.6447696685791,64.30999755859375,49.67770767211914,37.75332260131836,56.63800811767578,101.05238342285156,37.4647216796875
2007-02-06,26.018415451049805,22.53804588317871,29.783422470092773,64.79000091552734,49.81721878051758,37.702003479003906,56.701934814453125,101.08026123046875,38.01618957519531
2007-02-07,25.91799545288086,22.63259506225586,30.00977325439453,64.62999725341797,49.92635726928711,38.04425811767578,56.73033142089844,101.30351257324219,38.81227493286133
2007-02-08,25.779645919799805,22.481332778930664,29.978652954101562,65.5199966430664,49.93852615356445,38.03572463989258,56.75160217285156,101.17094421386719,38.51429748535156
2007-02-09,25.471715927124023,22.330066680908203,29.766443252563477,66.12000274658203,49.78684616088867,37.54798126220703,56.69485092163086,100.41751861572266,38.069557189941406
2007-02-12,25.297664642333984,22.330066680908203,29.44671630859375,65.66999816894531,49.720176696777344,37.402496337890625,56.69485092163086,100.07565307617188,37.38022994995117
2007-02-13,25.69931983947754,22.45296859741211,29.99846649169922,65.83999633789062,49.68376922607422,37.530860900878906,56.68766403198242,100.91980743408203,38.10512924194336
2007-02-14,26.252704620361328,22.698766708374023,30.374792098999023,66.37000274658203,49.968849182128906,38.164085388183594,56.81553268432617,101.58255767822266,37.8338508605957
2007-02-15,26.26833152770996,22.642045974731445,30.439865112304688,66.41000366210938,50.04766845703125,38.38654327392578,56.8438720703125,101.71511840820312,38.11402893066406
2007-02-16,26.328588485717773,22.59477424621582,30.42572021484375,66.36000061035156,50.10227584838867,38.258201599121094,56.85808181762695,101.66627502441406,38.01618957519531
2007-02-20,26.39776611328125,22.727130889892578,30.547395706176758,65.30999755859375,50.16292953491211,38.54913330078125,56.85097122192383,101.8825454711914,38.30971908569336
2007-02-21,26.475858688354492,22.462419509887695,30.383283615112305,67.3499984741211,50.156883239746094,38.66893768310547,56.886444091796875,101.8406982421875,38.18519592285156
2007-02-22,26.408912658691406,22.66095733642578,30.445528030395508,67.1500015258789,50.02952575683594,38.86574172973633,56.85097122192383,101.7639389038086,37.980613708496094
2007-02-23,26.21923828125,22.727130889892578,30.504940032958984,67.72000122070312,50.229671478271484,38.728816986083984,56.91485595703125,101.36624145507812,37.31796646118164
2007-02-26,26.208087921142578,22.774394989013672,30.58700942993164,68.0999984741211,50.387367248535156,38.54058074951172,56.957454681396484,101.27561950683594,37.13117599487305
2007-02-27,24.07707977294922,21.706104278564453,28.88081169128418,65.41000366210938,50.811988830566406,36.95753479003906,57.09233093261719,97.3200454711914,35.979305267333984
2007-02-28,24.679563522338867,21.951908111572266,29.398597717285156,66.4800033569336,50.636070251464844,37.077327728271484,57.049781799316406,98.317626953125,36.24614334106445
2007-03-01,24.32476234436035,21.639934539794922,28.86666488647461,65.81999969482422,50.681724548339844,36.90619659423828,57.12879943847656,98.02461242675781,35.88145065307617
2007-03-02,24.099388122558594,21.176692962646484,28.58087921142578,63.709999084472656,50.8460693359375,36.34999084472656,57.19289016723633,96.74100494384766,35.312198638916016
2007-03-05,23.481281280517578,20.93090057373047,27.964046478271484,62.93000030517578,50.8764533996582,36.067626953125,57.21428680419922,95.82012939453125,33.937950134277344
2007-03-06,24.51219367980957,21.66829490661621,28.889299392700195,64.1500015258789,50.80951690673828,36.666595458984375,57.164424896240234,97.45953369140625,35.18320846557617
2007-03-07,24.362689971923828,21.7155704498291,28.917591094970703,64.30000305175781,50.900814056396484,36.521121978759766,57.22136306762695,97.36186218261719,34.68954849243164
2007-03-08,24.991954803466797,21.876277923583984,29.228836059570312,64.4800033569336,50.89471435546875,36.76930618286133,57.22136306762695,98.1850814819336,35.24547576904297
2007-03-09,25.036584854125977,22.065359115600586,29.302410125732422,64.25,50.60869598388672,36.735069274902344,57.12168502807617,98.21298217773438,35.71245574951172
2007-03-12,25.159313201904297,21.999187469482422,29.404268264770508,64.37000274658203,50.74868392944336,36.97464370727539,57.171546936035156,98.3594970703125,35.89035415649414
2007-03-13,24.42740821838379,21.56430435180664,28.578054428100586,63.720001220703125,50.97382354736328,36.25587463378906,57.2498664855957,96.44798278808594,35.04533767700195
2007-03-14,24.628236770629883,21.56430435180664,28.852506637573242,63.939998626708984,50.906890869140625,36.786399841308594,57.2641487121582,97.16651916503906,35.21433639526367
2007-03-15,24.829063415527344,21.658845901489258,28.90343475341797,63.97999954223633,50.85205841064453,36.700828552246094,57.2498664855957,97.29910278320312,35.53011703491211
2007-03-16,24.61707878112793,21.743927001953125,29.025114059448242,64.62000274658203,50.8460693359375,36.67258071899414,57.242774963378906,97.026611328125,35.13429641723633
2007-03-19,25.157079696655273,21.96135902404785,29.579694747924805,64.73999786376953,50.7790641784668,37.04931640625,57.19289016723633,98.19630432128906,35.48564147949219
2007-03-20,25.322202682495117,22.33951759338379,29.749469757080078,65.2699966430664,50.85205841064453,37.314754486083984,57.242774963378906,98.7356185913086,35.627960205078125
2007-03-21,26.080896377563477,22.897302627563477,30.45967674255371,65.81999969482422,50.92518997192383,38.033992767333984,57.335357666015625,100.36056518554688,36.05935287475586
2007-03-22,25.969316482543945,22.67041015625,30.388933181762695,65.76000213623047,50.75475311279297,37.89697265625,57.278350830078125,100.28350067138672,36.09492111206055
2007-03-23,26.089818954467773,22.82166290283203,30.55870246887207,65.1500015258789,50.6756591796875,37.77710723876953,57.242774963378906,100.43054962158203,36.117156982421875
2007-03-26,26.07419204711914,22.91620445251465,30.581342697143555,65.83999633789062,50.718238830566406,37.93123245239258,57.299739837646484,100.29752349853516,35.538795471191406
2007-03-27,25.95816421508789,22.7554931640625,30.400257110595703,65.69999694824219,50.706085205078125,37.66581344604492,57.306846618652344,100.05937194824219,35.16752243041992
2007-03-28,25.49402618408203,22.55695915222168,30.162567138671875,66.05000305175781,50.699954986572266,37.26337432861328,57.335357666015625,99.33094024658203,34.93491744995117
2007-03-29,26.00055694580078,22.74604606628418,30.275753021240234,65.6500015258789,50.626956939697266,37.30618667602539,57.306846618652344,99.43598937988281,34.99306869506836
2007-03-30,25.996097564697266,22.7554931640625,30.620952606201172,65.73999786376953,50.56606674194336,37.2719612121582,57.306846618652344,99.45701599121094,35.494056701660156
2007-04-02,26.17460060119629,22.91620445251465,30.77374839782715,65.8499984741211,50.62228012084961,37.323299407958984,57.31755065917969,99.56906127929688,35.71772766113281
2007-04-03,26.603052139282227,23.076927185058594,31.116111755371094,65.83000183105469,50.57951354980469,37.81136703491211,57.31755065917969,100.64065551757812,36.030826568603516
2007-04-04,26.770402908325195,22.878393173217773,31.25194549560547,66.80999755859375,50.65894317626953,37.965492248535156,57.35330581665039,100.75277709960938,35.851905822753906
2007-04-05,26.794950485229492,23.058019638061523,31.517913818359375,66.86000061035156,50.53064727783203,38.15386962890625,57.331871032714844,101.02596282958984,35.816123962402344
2007-04-09,26.94891929626465,22.991838455200195,31.407564163208008,66.52999877929688,50.2984619140625,38.0596809387207,57.20319366455078,101.16596984863281,35.88319778442383
2007-04-10,27.076112747192383,23.124191284179688,31.704652786254883,67.16000366210938,50.40237045288086,38.256614685058594,57.27466583251953,101.28504180908203,36.030826568603516
2007-04-11,26.82618522644043,23.067462921142578,31.710329055786133,67.08000183105469,50.34125900268555,37.854183197021484,57.27466583251953,100.87185668945312,35.494056701660156
2007-04-12,27.274702072143555,23.25655174255371,31.798038482666016,66.98999786376953,50.390098571777344,38.15386962890625,57.26755142211914,101.32008361816406,35.252506256103516
2007-04-13,27.408592224121094,23.44563102722168,32.030052185058594,67.83999633789062,50.30461502075195,38.23092269897461,57.238990783691406,101.78234100341797,35.65060806274414
2007-04-16,27.73438835144043,23.64415740966797,32.451656341552734,68.4000015258789,50.35956954956055,38.581974029541016,57.231773376464844,102.74894714355469,35.69536209106445
2007-04-17,27.584867477416992,23.776514053344727,32.38374328613281,68.0,50.573394775390625,38.6675910949707,57.32473373413086,103.02201843261719,36.16054916381836
2007-04-18,27.37957763671875,23.663061141967773,32.355445861816406,68.37999725341797,50.68948745727539,38.53917694091797,57.403350830078125,103.1480941772461,35.936912536621094
2007-04-19,27.158676147460938,23.577980041503906,32.310176849365234,67.52999877929688,50.683387756347656,38.65904235839844,57.403350830078125,103.1201400756836,35.69536209106445
2007-04-20,27.482234954833984,23.738689422607422,32.70913314819336,68.69999694824219,50.6284065246582,38.87311935424805,57.389068603515625,104.09370422363281,35.963748931884766
2007-04-23,27.372888565063477,23.577980041503906,32.45448303222656,68.26000213623047,50.73226547241211,38.93303298950195,57.4318962097168,103.701416015625,36.3663215637207
2007-04-24,27.368417739868164,23.502351760864258,32.49409484863281,67.7300033569336,50.83000183105469,39.12995910644531,57.48200225830078,103.74347686767578,36.12030792236328
2007-04-25,27.707595825195312,23.719791412353516,32.929840087890625,67.88999938964844,50.7994499206543,39.652278900146484,57.46057891845703,104.69602966308594,36.09791564941406
2007-04-26,27.633962631225586,23.540164947509766,32.765716552734375,66.87000274658203,50.652862548828125,39.85777282714844,57.41767120361328,104.81510162353516,36.12030792236328
2007-04-27,27.495609283447266,23.502351760864258,32.963783264160156,67.55999755859375,50.652862548828125,39.87490463256836,57.439117431640625,104.73108673095703,36.030826568603516
2007-04-30,26.964536666870117,23.49289321899414,32.539371490478516,67.08999633789062,50.872779846191406,39.35260009765625,57.48200225830078,103.86250305175781,35.44933319091797
2007-05-01,27.071638107299805,23.455076217651367,32.77703857421875,66.69000244140625,50.87522888183594,39.31834411621094,57.45760726928711,104.12874603271484,35.14069747924805
2007-05-02,27.609418869018555,23.606342315673828,32.69499206542969,66.66000366210938,50.81391525268555,39.7464599609375,57.486263275146484,104.73804473876953,35.41802978515625
2007-05-03,27.841487884521484,23.79541778564453,32.80816650390625,67.48999786376953,50.75872039794922,39.892024993896484,57.44327926635742,105.30535125732422,35.5119514465332
2007-05-04,27.832563400268555,24.07903289794922,33.1165885925293,68.19000244140625,50.88750076293945,39.92627716064453,57.471961975097656,105.70466613769531,35.203311920166016
2007-05-07,28.013309478759766,24.069583892822266,33.29484939575195,68.25,50.93045425415039,39.92627716064453,57.471961975097656,105.72561645507812,35.30171585083008
2007-05-08,27.649580001831055,23.899417877197266,32.88174057006836,67.87999725341797,50.93045425415039,40.01189422607422,57.500675201416016,105.58555603027344,35.06911849975586
2007-05-09,28.095876693725586,23.993947982788086,32.89588165283203,67.44999694824219,50.764827728271484,40.0975341796875,57.45760726928711,105.8726806640625,35.44933319091797
2007-05-10,27.408592224121094,23.44563102722168,32.165863037109375,66.0,50.89365005493164,39.54953384399414,57.50785827636719,104.76602935791016,34.975189208984375
2007-05-11,28.104787826538086,23.823781967163086,32.853450775146484,66.44999694824219,50.78938674926758,40.05470275878906,57.486263275146484,105.66260528564453,35.44933319091797
2007-05-14,27.82587432861328,23.738689422607422,32.545021057128906,66.27999877929688,50.715789794921875,39.78070831298828,57.44327926635742,105.43141174316406,35.248043060302734
2007-05-15,27.85933494567871,23.767053604125977,33.082637786865234,66.54000091552734,50.709659576416016,39.47244644165039,57.45760726928711,105.45947265625,34.71125793457031
2007-05-16,28.263229370117188,23.85213851928711,33.045841217041016,65.5999984741211,50.67900085449219,39.85777282714844,57.514991760253906,106.18085479736328,34.281837463378906
2007-05-17,28.16057777404785,23.85213851928711,33.23259735107422,65.05999755859375,50.544044494628906,39.669403076171875,57.47911834716797,105.97078704833984,33.68693161010742
2007-05-18,28.305622100830078,24.097938537597656,33.62023162841797,65.5199966430664,50.39690017700195,39.99476623535156,57.421722412109375,106.8952407836914,33.34696960449219
2007-05-21,28.356945037841797,23.908864974975586,33.17317199707031,65.66999816894531,50.464359283447266,40.25164794921875,57.436058044433594,106.83927917480469,33.48115921020508
2007-05-22,28.361400604248047,23.899417877197266,33.19297790527344,65.19999694824219,50.32332992553711,40.28586959838867,57.45041275024414,106.75518798828125,33.97767639160156
2007-05-23,28.316774368286133,24.012861251831055,33.54100799560547,65.54000091552734,50.22518539428711,40.0975341796875,57.436058044433594,106.76919555664062,33.718238830566406
2007-05-24,27.63619613647461,23.776514053344727,33.02887725830078,64.75,50.29265594482422,39.52384948730469,57.45760726928711,105.8027114868164,33.15463638305664
2007-05-25,28.060163497924805,23.94667625427246,33.289188385009766,64.94000244140625,50.237422943115234,39.772151947021484,57.493446350097656,106.24388122558594,33.34249496459961
2007-05-29,27.964216232299805,23.908864974975586,33.25524139404297,65.06999969482422,50.1331672668457,40.08041000366211,57.436058044433594,106.62910461425781,34.532352447509766
2007-05-30,28.249834060668945,24.003402709960938,33.391048431396484,64.72000122070312,50.1822509765625,40.40576171875,57.47911834716797,107.49761962890625,35.4582633972168
2007-05-31,28.330158233642578,23.993947982788086,33.770198822021484,65.54000091552734,50.16386413574219,40.59413146972656,57.44327926635742,107.38558197021484,35.31513214111328
2007-06-01,29.037527084350586,24.211393356323242,33.85792922973633,66.44000244140625,49.94776153564453,40.61982345581055,57.41370391845703,107.91785430908203,35.36432647705078
2007-06-04,28.908111572265625,24.2397518157959,33.9371452331543,66.54000091552734,50.0278205871582,40.73970031738281,57.43533706665039,107.93185424804688,35.50748825073242
2007-06-05,28.807687759399414,24.126310348510742,33.63438415527344,66.37000274658203,49.867706298828125,40.73970031738281,57.38494110107422,107.504638671875,34.94387435913086
2007-06-06,28.082475662231445,23.719791412353516,33.03170394897461,66.41000366210938,49.8923225402832,40.303009033203125,57.45695495605469,106.34895324707031,34.7067985534668
2007-06-07,27.649580001831055,23.332178115844727,32.196998596191406,65.26000213623047,49.393577575683594,39.67796325683594,57.392120361328125,104.429931640625,33.61534118652344
2007-06-08,28.138267517089844,23.653606414794922,32.63274002075195,64.22000122070312,49.485958099365234,40.166015625,57.41370391845703,105.78862762451172,34.017948150634766
2007-06-11,28.379257202148438,23.663061141967773,32.697818756103516,64.69999694824219,49.35666275024414,40.08894348144531,57.42097091674805,105.97078704833984,33.507991790771484
2007-06-12,27.886117935180664,23.455076217651367,32.11494064331055,64.0999984741211,49.005653381347656,39.84919738769531,57.37053298950195,104.81510162353516,32.92650604248047
2007-06-13,28.443973541259766,23.8804988861084,32.64689254760742,64.52999877929688,49.16578674316406,40.28586959838867,57.38494110107422,106.38404083251953,33.6556282043457
2007-06-14,28.890254974365234,24.012861251831055,33.045841217041016,64.5999984741211,49.17809295654297,40.551334381103516,57.38494110107422,107.06333923339844,33.29329299926758
2007-06-15,29.548534393310547,24.192476272583008,33.55232238769531,64.8499984741211,49.393577575683594,40.92578887939453,57.46413040161133,107.67253875732422,33.66010665893555
2007-06-18,29.575305938720703,24.277565002441406,33.608917236328125,64.94999694824219,49.368953704833984,40.934356689453125,57.46413040161133,107.5459213256836,33.141204833984375
2007-06-19,29.608768463134766,24.145212173461914,33.68813705444336,65.4800033569336,49.609092712402344,40.92578887939453,57.56494140625,107.81329345703125,33.20383071899414
2007-06-20,29.356626510620117,23.918323516845703,33.243919372558594,64.70999908447266,49.44900131225586,40.540199279785156,57.507354736328125,106.31493377685547,32.20632553100586
2007-06-21,29.722579956054688,24.135753631591797,33.433494567871094,64.55999755859375,49.387428283691406,40.908687591552734,57.52892303466797,106.90592193603516,32.38526153564453
2007-06-22,29.32984161376953,23.842687606811523,33.31464767456055,64.77999877929688,49.53520584106445,40.52302932739258,57.60816955566406,105.89995574951172,32.26447677612305
2007-06-25,29.10671043395996,23.86159896850586,33.22411346435547,64.43000030517578,49.69532012939453,40.35166549682617,57.65851593017578,105.3934555053711,31.73548126220703
2007-06-26,28.852323532104492,23.79541778564453,32.70913314819336,63.619998931884766,49.707618713378906,40.120304107666016,57.62256622314453,104.31015014648438,31.613208770751953
2007-06-27,29.26290512084961,24.050674438476562,33.000579833984375,63.66999816894531,49.701454162597656,40.73727035522461,57.615333557128906,105.79435729980469,32.423912048339844
2007-06-28,29.26959800720215,24.031763076782227,33.23542022705078,64.26000213623047,49.670631408691406,40.72012710571289,57.600948333740234,105.78034210205078,32.25632858276367
2007-06-29,29.372241973876953,24.1546630859375,33.388221740722656,64.2699966430664,49.929229736328125,40.78868103027344,57.71617126464844,105.81552124023438,32.13404083251953
2007-07-02,29.96803092956543,24.343740463256836,33.80982208251953,65.0199966430664,50.00529098510742,41.157161712646484,57.75374221801758,106.77218627929688,32.87681579589844
2007-07-03,30.20680046081543,24.52336311340332,34.027687072753906,64.73999786376953,49.85696029663086,41.3970832824707,57.73200225830078,107.1590576171875,32.78623962402344
2007-07-05,30.340682983398438,24.372100830078125,33.85226058959961,64.41999816894531,49.57879638671875,41.69700241088867,57.652557373046875,107.04647827148438,33.27989959716797
2007-07-06,30.860599517822266,24.55173110961914,34.2200927734375,64.95999908447266,49.46138000488281,41.86838912963867,57.645286560058594,107.60922241210938,33.23914337158203
2007-07-09,31.159610748291016,24.69353675842285,34.370059967041016,65.37999725341797,49.640628814697266,41.89408874511719,57.68870544433594,107.69367218017578,33.21651077270508
2007-07-10,30.545976638793945,24.31538200378418,33.781517028808594,65.61000061035156,49.98055648803711,41.542755126953125,57.797122955322266,106.1602554321289,32.37407684326172
2007-07-11,30.798120498657227,24.58955192565918,34.16633605957031,65.44000244140625,49.807491302490234,41.825531005859375,57.76817321777344,106.9128646850586,32.3106803894043
2007-07-12,31.474252700805664,25.0433349609375,34.75204849243164,66.0199966430664,49.665306091308594,42.46820068359375,57.73200225830078,108.6010971069336,32.72735595703125
2007-07-13,31.864736557006836,24.95824432373047,34.76901626586914,66.02999877929688,49.7765998840332,42.75957107543945,57.76094436645508,108.92464447021484,33.03986358642578
2007-07-16,31.552349090576172,24.910978317260742,34.66716384887695,65.81999969482422,49.97438430786133,42.71670150756836,57.81881332397461,108.91059875488281,32.763587951660156
2007-07-17,31.52779769897461,24.85425567626953,34.802978515625,65.75,49.869300842285156,43.042354583740234,57.78261184692383,108.8542709350586,32.645816802978516
2007-07-18,31.141761779785156,24.684083938598633,34.370059967041016,66.62000274658203,50.0485954284668,42.990936279296875,57.869388580322266,108.65738677978516,32.573360443115234
2007-07-19,31.45193099975586,24.882614135742188,34.44928741455078,67.01000213623047,50.0423583984375,43.11945724487305,57.862117767333984,109.07939147949219,32.6956672668457
2007-07-20,31.2354793548584,24.665172576904297,34.08144760131836,67.58000183105469,50.28961181640625,42.88808822631836,57.95606994628906,107.97499084472656,32.12499237060547
2007-07-23,32.139217376708984,24.816434860229492,34.214439392089844,67.47000122070312,50.271121978759766,42.90523910522461,57.91276931762695,108.3056411743164,31.56790542602539
2007-07-24,31.03911781311035,24.230304718017578,33.56647872924805,67.47000122070312,50.407066345214844,42.27112579345703,57.97055435180664,106.42752075195312,30.92930793762207
2007-07-25,31.217636108398438,24.135753631591797,33.36558151245117,66.9000015258789,50.475074768066406,42.33111572265625,58.01390838623047,106.64559173583984,30.594154357910156
2007-07-26,29.626625061035156,23.19036865234375,31.953662872314453,65.6500015258789,50.87689208984375,41.971221923828125,58.15123748779297,104.12027740478516,30.032541275024414
2007-07-27,29.242820739746094,22.802764892578125,31.815006256103516,65.41000366210938,50.97575378417969,41.12290573120117,58.21623992919922,102.07333374023438,29.0361270904541
2007-07-30,30.20010757446289,23.08637809753418,32.37242126464844,65.7699966430664,50.845924377441406,41.602752685546875,58.144004821777344,103.67008209228516,29.597740173339844
2007-07-31,29.58200454711914,23.341630935668945,32.338462829589844,65.79000091552734,51.056095123291016,40.728702545166016,58.23794174194336,102.5024185180664,29.479990005493164
2007-08-01,29.465957641601562,23.3699951171875,32.279048919677734,65.93000030517578,50.91457748413086,41.04575729370117,58.18135452270508,103.00179290771484,29.869491577148438
2007-08-02,29.791744232177734,23.473989486694336,32.5959587097168,65.88999938964844,50.95182800292969,41.42280578613281,58.21038055419922,103.82489013671875,30.363170623779297
2007-08-03,28.50645637512207,23.029661178588867,32.072509765625,66.69000244140625,51.28074264526367,40.63444519042969,58.35551834106445,101.15182495117188,29.190128326416016
2007-08-06,29.01522445678711,23.247093200683594,32.55916976928711,66.5199966430664,51.07600402832031,41.10574722290039,58.28288269042969,102.84709167480469,30.20918083190918
2007-08-07,29.231664657592773,23.511798858642578,32.58464431762695,66.4800033569336,51.06978988647461,41.3970832824707,58.232154846191406,103.94441223144531,30.376745223999023
2007-08-08,30.213489532470703,23.79541778564453,33.357093811035156,66.7699966430664,50.716064453125,41.85123062133789,58.188621520996094,105.3934555053711,31.57695770263672
2007-08-09,28.963890075683594,23.3699951171875,31.93950653076172,65.45999908447266,51.00146484375,40.88294982910156,58.35551834106445,102.27025604248047,31.22823143005371
2007-08-10,28.46182632446289,22.547504425048828,31.404727935791016,66.56999969482422,50.92704391479492,40.51447296142578,58.33372116088867,101.79196166992188,30.286163330078125
2007-08-13,28.742982864379883,22.793306350708008,31.59147071838379,66.26000213623047,51.0076904296875,40.78868103027344,58.38454055786133,102.15773010253906,30.1412353515625
2007-08-14,27.999916076660156,22.45296859741211,31.223644256591797,66.29000091552734,51.19383239746094,40.09458923339844,58.46429443359375,100.59613037109375,29.276166915893555
2007-08-15,26.899831771850586,21.933000564575195,30.448352813720703,66.12999725341797,51.28694534301758,39.33195495605469,58.5440673828125,99.21040344238281,28.78251075744629
2007-08-16,26.442394256591797,21.6966552734375,30.03525161743164,64.68000030517578,51.4854736328125,38.946346282958984,58.660179138183594,99.95601654052734,29.93743324279785
2007-08-17,27.279170989990234,22.216617584228516,30.75678062438965,65.01000213623047,51.522701263427734,39.68327713012695,58.710968017578125,101.79196166992188,30.61679458618164
2007-08-20,27.33495330810547,22.216617584228516,30.719999313354492,65.12000274658203,51.63444519042969,39.871788024902344,58.783531188964844,101.74271392822266,31.17839813232422
2007-08-21,27.23454475402832,22.036998748779297,30.742626190185547,65.06999969482422,51.85783767700195,40.29167938232422,58.86332702636719,101.94669342041016,31.323322296142578
2007-08-22,28.406034469604492,22.623138427734375,31.8376407623291,65.4000015258789,51.690269470214844,40.840084075927734,58.783531188964844,103.1566162109375,31.70377540588379
2007-08-23,28.551082611083984,22.83112335205078,31.500938415527344,65.30999755859375,51.70884704589844,40.728702545166016,58.74725341796875,103.06513214111328,31.160289764404297
2007-08-24,29.231664657592773,23.17146110534668,32.20264434814453,66.11000061035156,51.72751235961914,41.30284118652344,58.638427734375,104.33831024169922,31.32786750793457
2007-08-27,29.365550994873047,22.972930908203125,31.928184509277344,65.9800033569336,51.870201110839844,41.02863311767578,58.71817398071289,103.36761474609375,30.648496627807617
2007-08-28,28.171730041503906,22.320615768432617,31.147249221801758,65.58999633789062,52.13705062866211,40.05175018310547,58.87055206298828,101.09557342529297,29.710981369018555
2007-08-29,29.28744888305664,22.925661087036133,32.030052185058594,66.06999969482422,51.93851089477539,41.20000457763672,58.79799270629883,103.07923126220703,30.797956466674805
2007-08-30,29.137943267822266,22.85948371887207,31.795204162597656,65.80000305175781,52.1991081237793,41.41422653198242,58.848777770996094,102.80486297607422,30.956464767456055
2007-08-31,29.889930725097656,23.388904571533203,32.329978942871094,66.5199966430664,52.2115364074707,41.876953125,58.848777770996094,103.81779479980469,31.468263626098633
2007-09-04,30.394241333007812,23.889955520629883,32.539371490478516,67.44000244140625,52.11436462402344,42.57105255126953,58.845829010009766,104.86592864990234,31.884939193725586
2007-09-05,29.9345645904541,23.596891403198242,32.061180114746094,67.55999755859375,52.438289642333984,42.142601013183594,58.99881362915039,103.9585189819336,31.119529724121094
2007-09-06,30.16885757446289,23.634700775146484,32.18568420410156,68.86000061035156,52.3261604309082,42.108306884765625,58.9260368347168,104.19768524169922,31.395797729492188
2007-09-07,29.4882755279541,23.313276290893555,31.82632064819336,69.38999938964844,52.88685607910156,41.32853698730469,59.129878997802734,102.74860382080078,30.639448165893555
2007-09-10,29.510595321655273,23.067462921142578,31.642414093017578,69.62000274658203,53.005218505859375,41.30284118652344,59.151737213134766,102.5516357421875,30.322399139404297
2007-09-11,30.106386184692383,23.738689422607422,32.12908935546875,70.5199966430664,52.89308166503906,41.92837905883789,59.0643424987793,103.74745178222656,30.951936721801758
2007-09-12,30.213489532470703,23.577980041503906,32.20264434814453,70.45999908447266,52.762271881103516,41.93692398071289,59.11529541015625,104.01473999023438,30.770782470703125
2007-09-13,30.5482120513916,23.738689422607422,32.40637969970703,70.08000183105469,52.45073699951172,42.142601013183594,59.027896881103516,104.74630737304688,31.46373176574707
2007-09-14,30.608449935913086,23.360536575317383,32.256412506103516,69.98999786376953,52.519317626953125,42.17687225341797,59.0206184387207,104.73929595947266,31.66754150390625
2007-09-17,30.41431999206543,22.78384780883789,31.86027717590332,70.97000122070312,52.550418853759766,41.825531005859375,59.01335906982422,104.17655944824219,31.436555862426758
2007-09-18,31.887060165405273,23.719791412353516,33.21845245361328,71.69999694824219,52.494415283203125,42.87952423095703,59.09345245361328,107.24344635009766,32.555240631103516
2007-09-19,32.032108306884766,23.889955520629883,33.39387130737305,71.43000030517578,52.30746841430664,42.990936279296875,59.09345245361328,107.8765640258789,33.166683197021484
2007-09-20,31.931682586669922,23.738689422607422,33.501407623291016,72.72000122070312,51.71559524536133,42.87095260620117,58.96966552734375,107.11682891845703,32.3061637878418
2007-09-21,32.35566329956055,24.031763076782227,33.73624801635742,72.33999633789062,51.977272033691406,43.176177978515625,59.04979705810547,107.40593719482422,32.53712844848633
2007-09-24,32.75732421875,24.097938537597656,33.603267669677734,72.27999877929688,52.04581832885742,43.37336349487305,59.11529541015625,107.20802307128906,33.153987884521484
2007-09-25,32.63459014892578,23.927772521972656,33.62872314453125,72.33000183105469,52.052059173583984,43.784889221191406,59.16627502441406,106.99600219726562,32.33029556274414
2007-09-26,33.0697135925293,23.993947982788086,33.80133056640625,72.0,52.07073974609375,43.999244689941406,59.129878997802734,107.56138610839844,32.80164337158203
2007-09-27,33.56063461303711,24.249204635620117,34.08710861206055,72.69999694824219,52.238948822021484,44.222137451171875,59.239078521728516,108.1975326538086,33.05332565307617
2007-09-28,33.34864044189453,24.324832916259766,34.208778381347656,73.51000213623047,52.25764083862305,44.0764045715332,59.17354965209961,107.83704376220703,32.70096206665039
2007-10-01,34.39741516113281,24.712444305419922,34.65018844604492,73.9000015258789,52.32014465332031,44.582237243652344,59.18598556518555,109.05266571044922,33.4972038269043
2007-10-02,34.6317138671875,24.580093383789062,34.47474670410156,72.3499984741211,52.43269729614258,44.5908203125,59.22251510620117,108.90422821044922,34.105812072753906
2007-10-03,33.58294677734375,24.476091384887695,34.279518127441406,71.9000015258789,52.3951416015625,44.282161712646484,59.21525192260742,108.68517303466797,33.94108963012695
2007-10-04,33.91765213012695,24.580093383789062,34.45211410522461,72.87000274658203,52.488975524902344,44.38505935668945,59.244449615478516,108.854736328125,34.28886795043945
2007-10-05,35.04899215698242,24.939340591430664,34.71808624267578,73.4000015258789,52.026248931884766,45.28525161743164,59.17864990234375,110.14808654785156,35.09427261352539
2007-10-08,34.67634582519531,24.646265029907227,34.3927001953125,72.52999877929688,52.213829040527344,45.568180084228516,59.237144470214844,109.56153869628906,34.43073272705078
2007-10-09,35.216339111328125,24.977153778076172,34.81711959838867,73.08999633789062,52.05125045776367,45.765384674072266,59.1055908203125,110.59339141845703,34.81513214111328
2007-10-10,35.26320266723633,24.939340591430664,34.743553161621094,73.36000061035156,52.101318359375,45.8768424987793,59.12022399902344,110.40962982177734,34.57257843017578
2007-10-11,34.953033447265625,25.062238693237305,34.95576858520508,73.91000366210938,52.107505798339844,45.14809036254883,59.13481903076172,109.87955474853516,34.435306549072266
2007-10-12,35.59122085571289,25.23240852355957,35.08026885986328,74.58999633789062,51.932491302490234,45.89396667480469,59.06903839111328,110.48735809326172,34.11040496826172
2007-10-15,35.15609359741211,24.99605369567871,34.771846771240234,75.13999938964844,51.982505798339844,45.54247283935547,59.06903839111328,109.55442810058594,33.46974182128906
2007-10-16,34.50450897216797,24.740806579589844,34.54831314086914,75.12000274658203,52.12628173828125,45.328147888183594,59.142189025878906,108.68517303466797,33.06247329711914
2007-10-17,35.3011360168457,25.081146240234375,34.89068603515625,74.5,52.44523620605469,45.91112518310547,59.28102493286133,109.0173110961914,33.01214599609375
2007-10-18,35.47964096069336,25.15677833557129,34.99537658691406,76.0,52.64530944824219,46.10832595825195,59.36137008666992,108.62154388427734,33.02129364013672
2007-10-19,33.96229934692383,24.466638565063477,34.35306930541992,75.69999694824219,53.095550537109375,44.959468841552734,59.5148811340332,105.78034210205078,31.61641502380371
2007-10-22,34.207733154296875,24.409914016723633,34.19462966918945,74.5999984741211,52.995521545410156,45.49960708618164,59.46365737915039,106.395263671875,32.44469451904297
2007-10-23,35.15609359741211,24.806987762451172,34.77750778198242,75.2300033569336,52.98297119140625,46.451271057128906,59.47099685668945,107.25750732421875,32.787906646728516
2007-10-24,34.92625427246094,24.69353675842285,34.65301513671875,75.5199966430664,53.25190353393555,46.099754333496094,59.588008880615234,107.05956268310547,32.238765716552734
2007-10-25,35.37030792236328,24.92043113708496,34.98122787475586,76.02999877929688,53.20810317993164,45.482452392578125,59.551414489746094,107.31402587890625,32.307403564453125
2007-10-26,36.37222671508789,25.345857620239258,35.48772048950195,77.69000244140625,53.07679748535156,46.236907958984375,59.55863952636719,108.57206726074219,32.79704666137695
2007-10-29,37.209007263183594,25.56328773498535,35.583927154541016,78.12000274658203,53.12057876586914,46.42554473876953,59.55863952636719,108.93250274658203,32.26164245605469
2007-10-30,36.5061149597168,25.364763259887695,35.50751876831055,77.3499984741211,53.17686080932617,46.51985549926758,59.551414489746094,108.17630004882812,32.70553970336914
2007-10-31,37.307186126708984,25.733461380004883,35.90365219116211,78.62000274658203,52.820396423339844,47.180015563964844,59.45640563964844,109.30001831054688,33.38738250732422
2007-11-01,35.80098342895508,25.128408432006836,35.02650833129883,77.93000030517578,53.251495361328125,46.29692840576172,59.64936447143555,106.74153900146484,31.826915740966797
2007-11-02,36.00403594970703,25.364763259887695,35.4679069519043,79.83000183105469,53.39581298828125,46.65702438354492,59.72268295288086,106.86175537109375,31.373884201049805
2007-11-05,34.75220489501953,24.731355667114258,35.091575622558594,79.75,53.333065032958984,46.35694122314453,59.71537780761719,106.04891204833984,30.92084503173828
2007-11-06,36.070980072021484,24.977153778076172,35.57543182373047,81.43000030517578,53.23896026611328,46.87993240356445,59.678680419921875,107.47657775878906,31.30982208251953
2007-11-07,34.92178726196289,24.324832916259766,35.10008239746094,82.23999786376953,53.4334831237793,45.73965835571289,59.847415924072266,104.53646850585938,30.335105895996094
2007-11-08,35.100311279296875,24.721893310546875,35.24155807495117,82.2300033569336,53.552734375,44.35076141357422,59.94278335571289,104.00637817382812,30.426618576049805
2007-11-09,34.27467727661133,24.116846084594727,34.55964279174805,82.18000030517578,53.87274932861328,42.8675422668457,59.96476745605469,102.57876586914062,30.179515838623047
2007-11-12,32.37797927856445,23.615793228149414,34.12955093383789,78.30000305175781,53.96689987182617,41.7786979675293,60.10417938232422,101.56103515625,30.527315139770508
2007-11-13,34.66518783569336,24.495006561279297,34.89068603515625,79.12000274658203,53.69078826904297,43.50196838378906,59.92082595825195,104.6566390991211,31.538631439208984
2007-11-14,34.69865417480469,24.20193862915039,34.712425231933594,80.27999877929688,53.7284049987793,42.9447021484375,59.950138092041016,104.36686706542969,30.897960662841797
2007-11-15,33.899803161621094,23.691429138183594,34.188968658447266,77.94999694824219,54.02962875366211,42.71320343017578,60.148231506347656,102.86148071289062,30.843055725097656
2007-11-16,34.31931686401367,23.823781967163086,34.486061096191406,77.75,54.02962875366211,43.10759353637695,60.148231506347656,103.03814697265625,30.26645278930664
2007-11-19,32.73723602294922,22.963481903076172,33.702293395996094,77.23999786376953,54.418697357177734,42.610321044921875,60.34628677368164,101.60347747802734,29.607498168945312
2007-11-20,33.63649368286133,23.540164947509766,34.29083251953125,79.47000122070312,54.27434539794922,42.78180694580078,60.32423782348633,102.22533416748047,29.03547477722168
2007-11-21,31.942848205566406,23.02019691467285,33.71643829345703,79.36000061035156,54.70105743408203,42.27595901489258,60.51494216918945,100.13337707519531,28.83414077758789
2007-11-23,32.88673782348633,23.64415740966797,34.372894287109375,81.25,54.537960052490234,42.7303466796875,60.44900131225586,101.86492156982422,29.401573181152344
2007-11-26,31.58135414123535,23.114744186401367,33.7136116027832,81.30000305175781,55.28470230102539,41.993045806884766,60.617671966552734,99.61742401123047,27.99211883544922
2007-11-27,32.79079055786133,23.455076217651367,34.12388229370117,80.0999984741211,54.770118713378906,42.83323287963867,60.4343147277832,100.76241302490234,28.64650535583496
2007-11-28,34.58708190917969,24.305919647216797,35.18778610229492,79.56999969482422,54.57557678222656,44.13642120361328,60.3829345703125,103.98519134521484,29.904943466186523
2007-11-29,34.163116455078125,24.022308349609375,34.8538932800293,78.27999877929688,54.88306427001953,44.32504653930664,60.49297332763672,104.02056884765625,29.424461364746094
2007-11-30,34.453208923339844,24.220848083496094,34.90766906738281,77.31999969482422,54.958370208740234,43.99068069458008,60.5223388671875,105.06654357910156,30.22528076171875
2007-12-03,34.154178619384766,24.07903289794922,34.81147003173828,78.27999877929688,55.17561340332031,43.62200164794922,60.65925598144531,104.3739013671875,29.900362014770508
2007-12-04,34.0649299621582,23.871049880981445,34.71525955200195,79.4000015258789,55.22598648071289,43.441951751708984,60.65189743041992,103.44098663330078,29.094966888427734
2007-12-05,35.57783889770508,24.334287643432617,34.96709060668945,78.62999725341797,55.01816940307617,44.222137451171875,60.673980712890625,105.17256927490234,30.074270248413086
2007-12-06,36.13793182373047,24.391006469726562,35.340576171875,79.37000274658203,54.72859573364258,44.85658264160156,60.548851013183594,106.67793273925781,31.030668258666992
2007-12-07,35.70949172973633,24.55173110961914,35.34907150268555,78.5999984741211,54.375946044921875,44.86516189575195,60.482627868652344,106.65678405761719,30.92084503173828
2007-12-10,35.72064971923828,24.816434860229492,35.781986236572266,80.0,54.250064849853516,45.045204162597656,60.438453674316406,107.48368072509766,31.584381103515625
2007-12-11,34.207733154296875,24.088489532470703,34.802978515625,78.83999633789062,54.992977142333984,43.999244689941406,60.65925598144531,104.53646850585938,29.918678283691406
2007-12-12,35.23419952392578,24.69353675842285,35.54429626464844,80.48999786376953,54.533363342285156,44.39361572265625,60.504661560058594,105.56834411621094,29.818008422851562
2007-12-13,34.26576614379883,24.135753631591797,34.96990966796875,78.5,54.13035583496094,44.153564453125,60.41633987426758,105.34928131103516,29.4793758392334
2007-12-14,33.44905471801758,23.68196678161621,34.106910705566406,78.5199966430664,53.97300338745117,43.699153900146484,60.269203186035156,104.01346588134766,28.7380313873291
2007-12-17,32.023170471191406,23.218732833862305,33.40237045288086,78.12999725341797,54.29411315917969,42.63605880737305,60.44578552246094,102.52931213378906,27.85027313232422
2007-12-18,32.90236282348633,23.3699951171875,33.81831359863281,79.25,54.401126861572266,42.773223876953125,60.40898513793945,103.10177612304688,28.280427932739258
2007-12-19,33.116573333740234,23.27545738220215,33.52969741821289,79.23999786376953,54.83555603027344,42.7646598815918,60.56355667114258,103.10177612304688,28.568721771240234
2007-12-20,33.29730987548828,23.398353576660156,33.67218017578125,78.66999816894531,54.74744415283203,43.63915252685547,60.60771560668945,103.75196075439453,28.44963264465332
2007-12-21,34.30146789550781,23.691429138183594,34.287410736083984,80.0999984741211,54.3506965637207,44.499969482421875,60.51201248168945,105.24761962890625,29.007843017578125
2007-12-24,34.88161849975586,23.842084884643555,34.53988265991211,80.13999938964844,54.193355560302734,44.83467483520508,60.460506439208984,106.02913665771484,29.947479248046875
2007-12-26,35.06242370605469,23.77360725402832,34.655967712402344,81.5199966430664,53.93522262573242,45.057823181152344,60.40160369873047,106.25645446777344,29.44976806640625
2007-12-27,34.25333023071289,23.822525024414062,34.58632278442383,81.55999755859375,54.29731750488281,44.51712417602539,60.53386306762695,104.9207763671875,28.863630294799805
2007-12-28,34.382144927978516,23.861669540405273,34.998390197753906,83.0,54.73334503173828,44.474220275878906,60.607662200927734,104.6578598022461,28.356605529785156
2007-12-31,33.96855926513672,23.558374404907227,34.626949310302734,82.45999908447266,54.98614501953125,43.95927047729492,60.70371627807617,103.8833999633789,28.589197158813477
2008-01-02,33.40806579589844,23.36270523071289,34.48764419555664,84.86000061035156,55.377960205078125,43.26408767700195,60.81449890136719,102.9739761352539,28.50079917907715
2008-01-03,33.70864486694336,23.50945472717285,34.53988265991211,85.56999969482422,55.49174499511719,43.444332122802734,60.91054916381836,102.92426300048828,27.612348556518555
2008-01-04,32.69614791870117,22.951801300048828,33.805667877197266,85.12999725341797,55.63704299926758,41.539039611816406,60.99909591674805,100.40190124511719,26.491281509399414
2008-01-07,32.93571472167969,23.02028465270996,33.90724182128906,84.7699966430664,55.73816680908203,41.34162521362305,60.96220779418945,100.31668853759766,26.737825393676758
2008-01-08,32.68031692504883,22.697433471679688,33.58512878417969,86.77999877929688,55.858184814453125,40.268829345703125,61.050846099853516,98.69673919677734,25.812137603759766
2008-01-09,33.7515869140625,22.707218170166016,33.77375030517578,86.55000305175781,55.76975631713867,41.1270637512207,61.02128982543945,99.73404693603516,26.268007278442383
2008-01-10,34.14935302734375,22.589813232421875,33.817283630371094,88.25,55.61806869506836,41.18714904785156,61.02128982543945,100.38772583007812,26.672704696655273
2008-01-11,33.188838958740234,22.110427856445312,33.25138473510742,88.58000183105469,55.97201156616211,40.380401611328125,61.19119644165039,99.5777359008789,26.67734146118164
2008-01-14,33.67700958251953,22.37458610534668,33.85500717163086,89.54000091552734,55.99721908569336,41.08415985107422,61.21332550048828,100.38060760498047,26.565711975097656
2008-01-15,32.15373611450195,21.81692886352539,32.75223922729492,87.98999786376953,56.363800048828125,39.95126724243164,61.26506042480469,98.17096710205078,26.026119232177734
2008-01-16,30.815784454345703,21.386465072631836,32.0789680480957,86.69999694824219,56.25636291503906,39.52214050292969,61.3167724609375,97.32543182373047,26.323816299438477
2008-01-17,29.918546676635742,21.083179473876953,31.510175704956055,86.5,56.711360931396484,38.9728889465332,61.42008590698242,94.8031005859375,25.965641021728516
2008-01-18,30.60108184814453,21.151662826538086,31.405702590942383,87.41999816894531,56.62922286987305,38.92138671875,61.47183609008789,93.8297119140625,25.62141990661621
2008-01-22,29.832660675048828,21.083179473876953,30.20426368713379,88.16999816894531,57.26116180419922,37.917240142822266,61.730350494384766,92.87763977050781,26.235435485839844
2008-01-23,30.022506713867188,20.89729881286621,29.620962142944336,87.88999938964844,56.99574661254883,37.77133560180664,61.70075225830078,95.10863494873047,28.724092483520508
2008-01-24,30.60560417175293,21.396242141723633,30.761451721191406,90.08000183105469,56.4775276184082,38.543758392333984,61.508731842041016,95.91149139404297,28.049610137939453
2008-01-25,30.14002799987793,21.23970603942871,30.006929397583008,90.30000305175781,57.00210952758789,37.75418472290039,61.67123031616211,94.52601623535156,27.886796951293945
2008-01-28,30.885847091674805,21.269054412841797,30.744050979614258,91.75,56.79349136352539,38.04598617553711,61.641693115234375,96.0891342163086,28.831077575683594
2008-01-29,30.734416961669922,21.523427963256836,30.935565948486328,91.1500015258789,56.56596755981445,38.114627838134766,61.604759216308594,96.565185546875,28.57059097290039
2008-01-30,30.32988166809082,21.376676559448242,30.889144897460938,92.05999755859375,56.54071807861328,38.080299377441406,61.64910125732422,95.85466766357422,27.807697296142578
2008-01-31,30.937841415405273,21.679964065551758,31.051652908325195,91.4000015258789,56.831443786621094,38.732566833496094,61.70818328857422,97.6025161743164,28.36590576171875
2008-02-01,31.554824829101562,21.97347068786621,31.585622787475586,89.3499984741211,57.01593017578125,39.127357482910156,61.77552795410156,99.17277526855469,29.552087783813477
2008-02-04,31.65199851989746,21.875629425048828,31.307035446166992,89.0999984741211,56.698974609375,38.57809066772461,61.782928466796875,97.92225646972656,29.24506950378418
2008-02-05,29.947935104370117,21.102741241455078,29.542606353759766,87.68000030517578,57.09834289550781,37.479522705078125,61.92366027832031,95.30048370361328,28.2124080657959
2008-02-06,29.45749282836914,21.03426170349121,29.696407318115234,88.94999694824219,56.99690246582031,36.741451263427734,61.945919036865234,94.53314208984375,27.75188636779785
2008-02-07,29.95697021484375,20.682058334350586,29.542606353759766,89.8499984741211,56.35658645629883,36.99892044067383,61.86442947387695,95.15835571289062,28.407772064208984
2008-02-08,29.900463104248047,20.711408615112305,29.298830032348633,91.0,56.83210754394531,37.4194450378418,61.97549057006836,94.5473403930664,27.500699996948242
2008-02-11,30.271108627319336,20.633140563964844,29.400407791137695,91.33000183105469,56.95885467529297,37.82284927368164,61.99773406982422,95.03047943115234,26.94249153137207
2008-02-12,30.75929069519043,21.083179473876953,30.108497619628906,89.33000183105469,56.83840560913086,37.6082649230957,62.01994705200195,95.91149139404297,27.710025787353516
2008-02-13,31.450855255126953,21.337549209594727,30.59893798828125,89.44000244140625,56.59756088256836,38.43218231201172,62.04216766357422,96.89204406738281,27.92865562438965
2008-02-14,31.04631805419922,21.151662826538086,30.320344924926758,89.70999908447266,56.28689956665039,37.73700714111328,61.99773406982422,96.0394287109375,27.407651901245117
2008-02-15,31.267789840698242,21.053829193115234,30.218772888183594,89.1500015258789,56.407344818115234,37.6082649230957,61.93110656738281,96.01805877685547,27.630945205688477
2008-02-19,31.676870346069336,21.327756881713867,30.627965927124023,91.58000183105469,56.001644134521484,37.53960418701172,61.88665771484375,96.28809356689453,27.561172485351562
2008-02-20,31.94129180908203,21.27884292602539,30.697608947753906,93.23999786376953,55.95094299316406,37.71125411987305,61.812538146972656,96.57225799560547,27.733274459838867
2008-02-21,31.493793487548828,21.28862762451172,30.50897789001465,93.25,56.527793884277344,37.35080337524414,61.98289108276367,95.76942443847656,26.979719161987305
2008-02-22,31.91643714904785,21.474517822265625,30.802072525024414,93.38999938964844,56.36928939819336,37.48811721801758,61.916297912597656,96.35912322998047,27.742582321166992
2008-02-25,32.51081466674805,21.856061935424805,31.217065811157227,92.73999786376953,55.99528121948242,37.67692947387695,61.81999969482422,97.57412719726562,28.589197158813477
2008-02-26,32.94022750854492,22.24740982055664,31.756845474243164,93.70999908447266,56.13470458984375,37.82284927368164,61.90885543823242,98.30594635009766,28.584545135498047
2008-02-27,33.21821594238281,22.1299991607666,31.904848098754883,94.77999877929688,56.26787567138672,38.01164245605469,61.98289108276367,98.20646667480469,28.44963264465332
2008-02-28,32.86112594604492,21.944108963012695,31.69010353088379,95.98999786376953,56.927162170410156,37.865726470947266,62.131046295166016,97.24726104736328,27.863527297973633
2008-02-29,31.554824829101562,21.425596237182617,30.796274185180664,96.18000030517578,57.53572082519531,36.86159896850586,62.345787048339844,95.08023071289062,27.46347999572754
2008-03-03,31.726573944091797,21.31797981262207,30.848512649536133,97.23999786376953,57.389495849609375,36.621280670166016,62.34801483154297,94.85285949707031,27.654211044311523
2008-03-04,30.989803314208984,21.259279251098633,30.389995574951172,95.18000030517578,57.17328643798828,36.827274322509766,62.333133697509766,94.4905014038086,27.393709182739258
2008-03-05,31.640703201293945,21.415813446044922,30.787574768066406,97.72000122070312,56.92524719238281,37.00749969482422,62.296085357666016,95.08731079101562,27.770496368408203
2008-03-06,30.555870056152344,21.249500274658203,30.479951858520508,96.5,57.38307189941406,36.192169189453125,62.481571197509766,93.11920166015625,26.505245208740234
2008-03-07,30.133255004882812,21.12230682373047,30.15492820739746,96.08999633789062,57.58027267456055,36.10634231567383,62.4519157409668,92.16002655029297,26.93784523010254
2008-03-10,29.604398727416992,20.936431884765625,29.8502197265625,95.87000274658203,57.99357604980469,35.41115951538086,62.51865768432617,90.94507598876953,26.556407928466797
2008-03-11,31.59549903869629,21.474517822265625,30.923973083496094,95.98999786376953,57.364051818847656,36.75860595703125,62.207008361816406,94.21338653564453,28.282180786132812
2008-03-12,31.01014518737793,21.484296798706055,30.912349700927734,97.01000213623047,58.02537155151367,36.655609130859375,62.407379150390625,93.33236694335938,27.686767578125
2008-03-13,30.727645874023438,21.58213233947754,31.04005241394043,98.33999633789062,57.72015380859375,36.93882369995117,62.3776741027832,93.53842163085938,28.01237678527832
2008-03-14,29.638303756713867,20.936431884765625,30.419017791748047,98.70999908447266,58.31792449951172,36.26082229614258,62.56318664550781,92.0889892578125,27.44487953186035
2008-03-17,28.90604019165039,20.300506591796875,30.056257247924805,99.16999816894531,58.61044692993164,35.59998321533203,62.70414733886719,91.15821838378906,27.612348556518555
2008-03-18,30.408971786499023,21.102741241455078,30.86302947998047,96.5,58.20979309082031,37.18772888183594,62.481571197509766,94.94522857666016,28.826433181762695
2008-03-19,28.582847595214844,20.173322677612305,29.74283790588379,93.04000091552734,58.71211242675781,36.269405364990234,62.548336029052734,92.59343719482422,28.607789993286133
2008-03-20,29.064239501953125,20.42769432067871,30.006929397583008,89.91000366210938,58.83930587768555,37.010650634765625,62.47412109375,94.30854797363281,29.561391830444336
2008-03-24,30.178457260131836,20.8483829498291,30.639572143554688,90.0999984741211,57.80280303955078,38.290409088134766,62.214439392089844,96.19357299804688,30.226579666137695
2008-03-25,30.641769409179688,21.190793991088867,31.208372116088867,92.7300033569336,58.006309509277344,38.50516891479492,62.258949279785156,96.28640747070312,30.30392074584961
2008-03-26,30.393157958984375,21.151662826538086,31.39409828186035,93.80000305175781,58.05080795288086,38.39350128173828,62.39248275756836,95.10822296142578,29.722681045532227
2008-03-27,30.246257781982422,21.083179473876953,31.30123519897461,93.45999908447266,57.97450256347656,37.54316329956055,62.4592399597168,94.80834197998047,29.47893714904785
2008-03-28,30.19200325012207,20.9853458404541,31.33315086364746,91.87999725341797,58.20345687866211,37.35422897338867,62.48899841308594,93.90152740478516,29.132078170776367
2008-03-31,30.370548248291016,21.09296417236328,31.574024200439453,90.41000366210938,58.30515670776367,37.55177688598633,62.50379180908203,94.22998809814453,29.244569778442383
2008-04-01,31.536746978759766,21.846281051635742,32.54328918457031,86.86000061035156,57.795352935791016,39.15792465209961,62.277774810791016,97.54307556152344,30.908586502075195
2008-04-02,31.559341430664062,21.885414123535156,32.569419860839844,89.2699966430664,57.60396194458008,39.07204818725586,62.22572326660156,97.60733795166016,30.75860595703125
2008-04-03,31.943553924560547,21.993024826049805,32.61875915527344,89.41999816894531,57.60396194458008,39.15792465209961,62.181148529052734,97.85009765625,31.461702346801758
2008-04-04,31.81472396850586,22.159351348876953,32.71451187133789,90.25,58.044219970703125,39.38984680175781,62.29265594482422,97.74301147460938,30.96484375
2008-04-07,32.23736572265625,22.325668334960938,32.90025329589844,91.16999816894531,57.661376953125,39.3039665222168,62.173675537109375,97.79296875,30.67889976501465
2008-04-08,32.06108093261719,22.02237892150879,32.75514602661133,90.3499984741211,57.667755126953125,39.00333786010742,62.21089172363281,97.69300842285156,30.63671875
2008-04-09,31.561607360839844,22.002817153930664,32.58102798461914,92.29000091552734,58.01228332519531,38.5652961730957,62.32984924316406,96.9861068725586,29.868000030517578
2008-04-10,32.013614654541016,21.97347068786621,32.46204376220703,91.7699966430664,57.782615661621094,39.114990234375,62.30754470825195,97.12178802490234,30.158618927001953
2008-04-11,31.49154281616211,21.464731216430664,31.980304718017578,91.30000305175781,58.031429290771484,38.03275680541992,62.41159439086914,95.23674774169922,29.788312911987305
2008-04-14,31.41695785522461,21.542993545532227,32.026737213134766,91.11000061035156,57.884674072265625,37.86097717285156,62.37443161010742,94.91543579101562,29.614883422851562
2008-04-15,31.78535270690918,21.709314346313477,32.18924331665039,91.66000366210938,57.62308883666992,37.91251754760742,62.29265594482422,95.13678741455078,29.914867401123047
2008-04-16,32.725528717041016,22.38436508178711,33.12950897216797,93.2699966430664,57.233882904052734,38.9689826965332,62.158809661865234,97.71443176269531,31.128904342651367
2008-04-17,32.48822784423828,22.237619400024414,32.66228103637695,92.55999755859375,57.099918365478516,38.88309097290039,62.04734802246094,97.85723876953125,31.241405487060547
2008-04-18,32.97865295410156,22.53111457824707,33.042442321777344,90.62000274658203,57.04241943359375,40.11991500854492,62.010101318359375,98.87831115722656,31.063274383544922
2008-04-21,33.14588928222656,22.335447311401367,33.190452575683594,90.25,57.048858642578125,40.40336990356445,61.95060348510742,98.92828369140625,30.83359718322754
2008-04-22,32.838523864746094,22.29631233215332,32.82479476928711,90.2699966430664,57.093482971191406,39.80211639404297,61.97296905517578,98.49275207519531,30.75860595703125
2008-04-23,33.310874938964844,22.31588363647461,32.94087219238281,89.22000122070312,57.036075592041016,40.24015808105469,61.97296905517578,98.33563995361328,31.142959594726562
2008-04-24,32.88372039794922,22.237619400024414,32.7580451965332,87.22000122070312,56.589439392089844,40.600914001464844,61.80188751220703,98.7640609741211,31.761699676513672
2008-04-25,33.125545501708984,22.501771926879883,32.9379768371582,87.2699966430664,56.51284408569336,40.49782943725586,61.80934524536133,99.6780014038086,31.93982696533203
2008-04-28,33.06227111816406,22.452850341796875,32.91184997558594,87.69000244140625,56.61494064331055,40.57514572143555,61.87627029418945,99.69939422607422,31.897624969482422
2008-04-29,32.476924896240234,22.237619400024414,32.71160888671875,85.80999755859375,56.71702575683594,40.88434982299805,61.86139678955078,99.30670928955078,31.550765991210938
2008-04-30,33.14588928222656,22.345226287841797,32.83349609375,86.6500015258789,56.895721435546875,40.549381256103516,61.980403900146484,98.72119140625,31.110151290893555
2008-05-01,33.49846267700195,22.501771926879883,33.181739807128906,83.98999786376953,56.88929748535156,41.82915496826172,61.87006378173828,100.76331329345703,31.78045082092285
2008-05-02,33.81940460205078,22.67786407470703,33.100486755371094,84.58000183105469,56.428462982177734,41.8892822265625,61.78812789916992,101.04181671142578,31.7523193359375
2008-05-05,33.79453659057617,22.580028533935547,33.1527214050293,86.2699966430664,56.51167297363281,41.769039154052734,61.85517883300781,100.55625915527344,31.66325569152832
2008-05-06,34.171958923339844,22.853967666625977,33.40810775756836,86.62999725341797,56.33241271972656,42.0267333984375,61.89241409301758,101.42736053466797,31.88356590270996
2008-05-07,33.154930114746094,22.452850341796875,32.72322463989258,85.81999969482422,56.556488037109375,41.262290954589844,61.96694564819336,99.62088775634766,31.01641273498535
2008-05-08,33.496212005615234,22.687650680541992,32.923465728759766,87.23999786376953,56.92132568359375,41.571502685546875,62.01913833618164,99.36383056640625,30.828914642333984
2008-05-09,33.222740173339844,22.49198341369629,32.856712341308594,87.41999816894531,56.98532485961914,41.408294677734375,62.04143142700195,99.17818450927734,30.6601619720459
2008-05-12,33.64988708496094,22.687650680541992,33.24268341064453,86.98999786376953,56.88929748535156,42.16413879394531,61.9222526550293,100.29207611083984,31.396085739135742
2008-05-13,33.81034469604492,22.423500061035156,33.074363708496094,85.38999938964844,56.4156379699707,42.27578353881836,61.8179931640625,100.30634307861328,31.522640228271484
2008-05-14,33.891719818115234,22.325668334960938,33.138214111328125,85.19999694824219,56.39643859863281,42.18130111694336,61.773250579833984,100.51338958740234,31.719512939453125
2008-05-15,34.6126708984375,22.64851951599121,33.49806213378906,87.0,56.7100715637207,42.919986724853516,61.825416564941406,101.77008819580078,32.10386657714844
2008-05-16,35.053375244140625,23.049631118774414,33.9623908996582,89.0999984741211,56.614078521728516,42.95435333251953,61.84035110473633,101.8629379272461,31.93514633178711
2008-05-19,35.060150146484375,22.971372604370117,33.75343322753906,89.38999938964844,56.74209976196289,42.6451301574707,61.907379150390625,102.14141082763672,31.9866943359375
2008-05-20,34.45220184326172,22.658302307128906,33.61703872680664,90.9000015258789,56.9149055480957,42.3187370300293,61.99673080444336,101.31311798095703,31.555448532104492
2008-05-21,34.10190963745117,22.38436508178711,33.303627014160156,91.95999908447266,56.780452728271484,41.382511138916016,61.92970657348633,99.5994873046875,30.796083450317383
2008-05-22,34.201351165771484,22.707218170166016,33.58512878417969,90.9800033569336,56.40929412841797,41.52853775024414,61.75832748413086,99.61370086669922,30.533599853515625
2008-05-23,33.60469055175781,22.413719177246094,33.178836822509766,91.2300033569336,56.658897399902344,41.39970397949219,61.877567291259766,98.27852630615234,30.388290405273438
2008-05-27,33.550453186035156,22.38436508178711,33.02793502807617,89.36000061035156,56.38361740112305,42.129783630371094,61.81051254272461,99.00682830810547,30.805471420288086
2008-05-28,34.00245666503906,22.482200622558594,33.22816848754883,89.13999938964844,55.961204528808594,42.30157470703125,61.698753356933594,99.46379852294922,30.857025146484375
2008-05-29,34.0770378112793,22.345226287841797,32.96989822387695,86.51000213623047,55.69877243041992,42.67947769165039,61.67643356323242,99.96363067626953,31.1898136138916
2008-05-30,34.19456481933594,22.29631233215332,33.222373962402344,87.44999694824219,55.88434600830078,42.95435333251953,61.765846252441406,100.2135238647461,31.04452896118164
2008-06-02,33.787750244140625,21.963685989379883,32.63325500488281,87.95999908447266,56.216487884521484,42.430389404296875,61.88752365112305,99.17818450927734,30.524229049682617
2008-06-03,33.17753982543945,22.1299991607666,32.46493911743164,86.87999725341797,56.511924743652344,42.198486328125,61.97715759277344,98.59981536865234,30.72579002380371
2008-06-04,32.88825607299805,21.83648681640625,32.209556579589844,86.6500015258789,56.30636215209961,42.7396125793457,61.95479202270508,98.54985046386719,30.885168075561523
2008-06-05,33.93464660644531,22.22783851623535,32.798675537109375,86.44999694824219,56.01091384887695,43.41815948486328,61.87259292602539,100.52056121826172,31.592945098876953
2008-06-06,32.70518493652344,21.69952964782715,31.86712646484375,89.05999755859375,56.499114990234375,42.11259460449219,61.95479202270508,97.31455993652344,30.27110481262207
2008-06-09,32.62156677246094,21.748443603515625,31.739439010620117,87.98999786376953,56.094425201416016,41.8892822265625,61.64106750488281,97.55022430419922,29.671125411987305
2008-06-10,31.868968963623047,21.386465072631836,31.327350616455078,85.55000305175781,55.76042938232422,41.691734313964844,61.49913787841797,97.06465911865234,29.685182571411133
2008-06-11,31.392105102539062,21.04404640197754,30.764354705810547,87.0199966430664,55.81824493408203,40.68678665161133,61.60374069213867,95.63664245605469,29.235193252563477
2008-06-12,31.57516098022461,21.053829193115234,30.73533821105957,85.5999984741211,55.33009719848633,40.729766845703125,61.30493927001953,96.00081634521484,29.535186767578125
2008-06-13,31.91643714904785,21.249500274658203,30.89785385131836,85.83000183105469,55.201568603515625,41.545711517333984,61.37211608886719,97.21465301513672,30.02735710144043
2008-06-16,32.02492141723633,21.34733009338379,31.034242630004883,87.01000213623047,55.20799255371094,41.9150276184082,61.40950012207031,97.27173614501953,30.425790786743164
2008-06-17,32.160518646240234,21.494083404541016,31.04585838317871,87.25,55.394317626953125,41.691734313964844,61.52903747558594,96.80048370361328,29.56331443786621
2008-06-18,32.00456237792969,21.259279251098633,30.738237380981445,88.27999877929688,55.69619369506836,41.24510192871094,61.5887565612793,95.85794067382812,29.127376556396484
2008-06-19,32.05427932739258,21.22993278503418,30.683090209960938,88.41999816894531,55.375022888183594,41.8892822265625,61.469268798828125,95.97935485839844,29.8023738861084
2008-06-20,31.00788688659668,20.867938995361328,30.0417537689209,88.94999694824219,55.6319694519043,40.758182525634766,61.58131790161133,94.42142486572266,29.132078170776367
2008-06-23,31.098291397094727,20.946205139160156,29.893747329711914,87.08999633789062,55.60625076293945,40.44015121459961,61.51409912109375,94.3281478881836,28.410213470458984
2008-06-24,30.960424423217773,20.77989387512207,29.763153076171875,87.47000122070312,55.9017448425293,40.23386764526367,61.626155853271484,94.14156341552734,28.428264617919922
2008-06-25,31.58037567138672,20.913978576660156,30.28756332397461,87.41999816894531,55.89530563354492,40.88711166381836,61.67092514038086,94.58651733398438,28.893762588500977
2008-06-26,30.496837615966797,20.453676223754883,29.490278244018555,90.61000061035156,56.21006393432617,39.23683547973633,61.85021209716797,92.01746368408203,27.929521560668945
2008-06-27,30.791723251342773,19.833255767822266,29.53841781616211,91.47000122070312,56.48626708984375,39.23683547973633,61.88014221191406,91.5151596069336,27.711023330688477
2008-06-30,31.02488899230957,20.733867645263672,29.48124885559082,91.4000015258789,56.52479553222656,38.824256896972656,61.91748046875,91.83806610107422,27.749019622802734
2008-07-01,30.471702575683594,20.523719787597656,29.177385330200195,92.66000366210938,56.371395111083984,39.374351501464844,61.90168762207031,92.1251449584961,27.725265502929688
2008-07-02,29.6030330657959,20.07341957092285,28.88252830505371,93.16999816894531,56.50677490234375,38.428890228271484,61.90917205810547,90.54644012451172,27.383281707763672
2008-07-03,29.518447875976562,20.183496475219727,29.081113815307617,92.05999755859375,56.526065826416016,38.360111236572266,62.014068603515625,90.63968658447266,27.10302734375
2008-07-07,29.413299560546875,19.933330535888672,28.747154235839844,91.2300033569336,56.79032516479492,38.592201232910156,62.05146408081055,89.71400451660156,26.49505043029785
2008-07-08,29.77446746826172,20.183496475219727,28.963775634765625,90.86000061035156,56.93209457397461,39.51188659667969,62.058990478515625,91.30706787109375,28.471023559570312
2008-07-09,29.173269271850586,20.07341957092285,28.67192840576172,91.5,57.202789306640625,38.463260650634766,62.16381072998047,89.5489501953125,26.52829933166504
2008-07-10,29.701324462890625,20.04340171813965,28.867504119873047,93.52999877929688,57.22209930419922,38.918800354003906,62.0889778137207,89.91496276855469,27.041296005249023
2008-07-11,29.502450942993164,19.613117218017578,28.26578140258789,95.16000366210938,56.68721008300781,38.299964904785156,61.961639404296875,88.86720275878906,26.908302307128906
2008-07-14,29.465877532958984,19.613117218017578,28.154457092285156,95.91000366210938,56.990108489990234,38.016319274902344,62.10393142700195,88.06353759765625,25.97256851196289
2008-07-15,28.974388122558594,19.332927703857422,27.751304626464844,96.16999816894531,57.19630432128906,38.02492141723633,62.19380569458008,86.82210540771484,25.720806121826172
2008-07-16,29.811052322387695,19.473018646240234,28.244718551635742,94.44000244140625,56.67432403564453,38.970367431640625,62.133914947509766,88.95336151123047,27.59703254699707
2008-07-17,29.950498580932617,19.823251724243164,28.97279167175293,94.22000122070312,56.40365219116211,39.22822570800781,62.0440673828125,89.84317016601562,27.929521560668945
2008-07-18,29.692180633544922,20.04340171813965,29.207477569580078,94.16999816894531,56.21031951904297,38.32574462890625,61.93169403076172,90.40291595458984,27.977025985717773
2008-07-21,30.060211181640625,20.12345314025879,29.400009155273438,95.12000274658203,56.339210510253906,38.489051818847656,61.961639404296875,90.453125,28.18601417541504
2008-07-22,30.07850456237793,20.153472900390625,29.409040451049805,93.05999755859375,56.14583969116211,38.489051818847656,61.90917205810547,91.47928619384766,28.941261291503906
2008-07-23,30.121929168701172,20.243534088134766,29.460187911987305,90.56999969482422,56.05564498901367,38.99616622924805,61.87919998168945,91.97444915771484,29.758243560791016
2008-07-24,29.008678436279297,19.78322982788086,28.840423583984375,91.33000183105469,56.53898620605469,38.411685943603516,62.05146408081055,90.06562805175781,27.78702163696289
2008-07-25,29.207563400268555,19.903308868408203,29.02695083618164,91.69000244140625,56.21031951904297,38.91021728515625,61.96907043457031,90.04409790039062,28.243009567260742
2008-07-28,28.713804244995117,19.55307388305664,28.617782592773438,91.7300033569336,56.53252410888672,38.17962646484375,62.09647750854492,88.72373962402344,27.782289505004883
2008-07-29,30.30481719970703,19.773216247558594,28.876523971557617,90.58999633789062,56.371395111083984,38.970367431640625,62.0440673828125,90.61815643310547,29.074268341064453
2008-07-30,29.98936653137207,20.20351219177246,29.04500389099121,89.5199966430664,56.4809684753418,39.16807174682617,62.058990478515625,92.23278045654297,28.974504470825195
2008-07-31,29.31728744506836,19.8832950592041,28.76219940185547,90.08000183105469,56.93209457397461,39.07353591918945,62.18626022338867,91.01286315917969,28.61351776123047
2008-08-01,29.118412017822266,19.743200302124023,28.340993881225586,89.56999969482422,56.960548400878906,38.57499694824219,62.19832992553711,90.53208923339844,28.637258529663086
2008-08-04,28.226890563964844,19.513042449951172,28.310911178588867,88.13999938964844,56.9217529296875,38.18822479248047,62.190773010253906,89.69247436523438,28.219274520874023
2008-08-05,28.590356826782227,20.13347053527832,29.13526153564453,86.08000183105469,56.6307258605957,39.47748565673828,62.1607666015625,92.11077117919922,29.48748779296875
2008-08-06,29.1595458984375,20.09343147277832,29.2375431060791,86.63999938964844,56.650108337402344,40.07913589477539,62.16827392578125,92.51982116699219,29.34499740600586
2008-08-07,28.15831756591797,19.813243865966797,28.61176109313965,86.08999633789062,57.180416107177734,39.76972961425781,62.303558349609375,91.14204406738281,28.57076072692871
2008-08-08,28.226890563964844,19.813243865966797,28.63583755493164,84.43000030517578,57.154518127441406,40.67219543457031,62.25094223022461,92.83554077148438,29.402000427246094
2008-08-11,27.9320011138916,19.773216247558594,28.527523040771484,81.12999725341797,56.87648010253906,41.041812896728516,62.16827392578125,93.79713439941406,30.351987838745117
2008-08-12,27.698837280273438,19.382965087890625,28.340993881225586,80.5199966430664,57.270973205566406,41.084774017333984,62.28104782104492,92.82122802734375,29.67273712158203
2008-08-13,27.691967010498047,19.232858657836914,27.841569900512695,81.55999755859375,57.14812088012695,40.998836517333984,62.273521423339844,92.2614517211914,29.24049949645996
2008-08-14,28.055444717407227,19.20284080505371,27.618921279907227,79.3499984741211,57.322669982910156,41.4715576171875,62.29606246948242,92.95755004882812,29.710752487182617
2008-08-15,27.616544723510742,19.052738189697266,27.438413619995117,77.62999725341797,57.53610610961914,41.394195556640625,62.34109878540039,93.40961456298828,29.66799545288086
2008-08-18,27.15021324157715,18.96268081665039,27.19773292541504,78.80000305175781,57.678367614746094,40.912864685058594,62.3936882019043,92.13233947753906,29.25950813293457
2008-08-19,26.92389678955078,18.732524871826172,26.96306037902832,80.43000030517578,57.59429931640625,40.40576934814453,62.438785552978516,91.127685546875,28.53750991821289
2008-08-20,27.60968017578125,18.822582244873047,27.011201858520508,80.05999755859375,57.7624626159668,40.47452163696289,62.521480560302734,91.55107116699219,28.580259323120117
2008-08-21,27.568538665771484,18.992700576782227,27.071367263793945,82.30000305175781,57.63959884643555,40.28543472290039,62.46880340576172,91.70893096923828,28.0720272064209
2008-08-22,27.547962188720703,19.052738189697266,27.312049865722656,81.08000183105469,57.471439361572266,40.81833267211914,62.356136322021484,93.03646850585938,29.026762008666992
2008-08-25,26.978761672973633,18.892627716064453,26.76447868347168,80.93000030517578,57.85297775268555,39.95882034301758,62.461334228515625,91.14921569824219,28.14801597595215
2008-08-26,27.02676773071289,18.912641525268555,26.860761642456055,81.2300033569336,57.872371673583984,39.90724563598633,62.438785552978516,91.41472625732422,28.480520248413086
2008-08-27,27.602827072143555,19.11277961730957,27.155603408813477,81.36000061035156,57.956459045410156,40.16510772705078,62.47636795043945,92.3045654296875,28.76551628112793
2008-08-28,27.794845581054688,19.372953414916992,27.570789337158203,82.18000030517578,57.872371673583984,40.491722106933594,62.4463005065918,93.42398071289062,29.496997833251953
2008-08-29,27.465667724609375,19.212844848632812,27.630966186523438,81.70999908447266,57.80126190185547,39.640804290771484,62.47636795043945,92.41934967041016,29.29275131225586
2008-09-02,26.635868072509766,18.632457733154297,27.312049865722656,79.19999694824219,58.1159553527832,39.1508674621582,62.55546188354492,91.84525299072266,29.48274803161621
2008-09-03,26.196975708007812,18.512374877929688,27.293996810913086,78.88999938964844,58.2586669921875,38.781280517578125,62.57807922363281,91.76634979248047,29.948244094848633
2008-09-04,24.989986419677734,17.871946334838867,25.8679256439209,78.38999938964844,58.55062484741211,37.52638626098633,62.61575698852539,89.00360870361328,29.107507705688477
2008-09-05,25.34659767150879,17.771881103515625,25.693424224853516,78.9800033569336,58.42089080810547,37.34590148925781,62.593170166015625,89.2834701538086,29.112245559692383
2008-09-08,25.662057876586914,18.212175369262695,26.042421340942383,78.86000061035156,58.42739486694336,37.277137756347656,62.5629768371582,91.127685546875,30.37099838256836
2008-09-09,24.22191047668457,17.801904678344727,25.260189056396484,76.48999786376953,58.693382263183594,36.48638916015625,62.660945892333984,88.4223403930664,29.235754013061523
2008-09-10,24.612808227539062,17.92198371887207,25.338411331176758,74.22000122070312,58.54417419433594,36.787200927734375,62.67604446411133,88.78112030029297,29.287994384765625
2008-09-11,24.24934196472168,17.841930389404297,25.34442710876465,73.08000183105469,58.44036102294922,37.47481155395508,62.65343475341797,90.06562805175781,29.7344913482666
2008-09-12,25.05856704711914,18.422313690185547,25.783676147460938,75.55000305175781,58.1484375,37.32869338989258,62.660945892333984,90.4818344116211,29.639493942260742
2008-09-15,23.090360641479492,17.401634216308594,24.742706298828125,77.55999755859375,59.26435852050781,36.16836929321289,63.10552978515625,86.17627716064453,27.929521560668945
2008-09-16,23.289243698120117,17.071414947509766,24.6343936920166,76.79000091552734,59.09564971923828,36.45198440551758,62.992488861083984,87.61864471435547,29.3070125579834
2008-09-17,21.63650131225586,16.781219482421875,23.942419052124023,85.45999908447266,59.627723693847656,34.56106185913086,63.293888092041016,83.67900848388672,27.62078094482422
2008-09-18,23.460695266723633,17.511709213256836,24.574230194091797,82.80000305175781,58.92698669433594,35.72999572753906,63.0904426574707,86.16188049316406,29.967239379882812
2008-09-19,26.382143020629883,18.562408447265625,26.445575714111328,85.9800033569336,57.87586212158203,36.89802551269531,62.73633575439453,89.58372497558594,30.8602294921875
2008-09-22,24.660810470581055,18.082088470458984,25.657323837280273,89.18000030517578,57.752620697021484,35.16062927246094,62.78150939941406,87.55560302734375,28.26677131652832
2008-09-23,23.892730712890625,17.771881103515625,25.175945281982422,88.31999969482422,57.752620697021484,34.89398956298828,62.8267936706543,85.56358337402344,28.45676612854004
2008-09-24,24.16704750061035,17.75186538696289,25.24213981628418,86.70999908447266,57.901859283447266,35.13482666015625,62.96235275268555,85.83783721923828,28.260433197021484
2008-09-25,25.408309936523438,18.082088470458984,25.831817626953125,86.44999694824219,57.726661682128906,35.69388198852539,62.84934616088867,87.18025970458984,28.611719131469727
2008-09-26,24.544225692749023,17.81191062927246,25.56706428527832,86.63999938964844,57.687721252441406,35.33263397216797,62.84934616088867,87.22360229492188,29.497095108032227
2008-09-29,21.677648544311523,15.6704740524292,22.726951599121094,89.56999969482422,58.49229431152344,32.52874755859375,63.211036682128906,80.38862609863281,27.293243408203125
2008-09-30,23.433250427246094,16.661142349243164,23.900299072265625,85.06999969482422,57.72016143798828,33.46623992919922,62.96235275268555,83.71588897705078,29.256505966186523
2008-10-01,23.71442985534668,16.811235427856445,23.683683395385742,85.97000122070312,58.12706756591797,33.113616943359375,63.158935546875,83.76641082763672,28.549152374267578
2008-10-02,21.63650131225586,16.210840225219727,22.582538604736328,82.33000183105469,58.452571868896484,31.608440399169922,63.29502487182617,80.72783660888672,26.70619010925293
2008-10-03,21.067298889160156,16.110769271850586,22.498292922973633,82.58999633789062,58.67400360107422,31.11819076538086,63.4688835144043,79.63798522949219,25.551321029663086
2008-10-06,19.483137130737305,15.170143127441406,21.07221794128418,84.27999877929688,59.14923858642578,29.98285484313965,63.5974235534668,75.58175659179688,24.786230087280273
2008-10-07,17.967554092407227,14.559738159179688,20.055315017700195,87.2699966430664,59.10364532470703,28.082067489624023,63.612606048583984,72.19678497314453,22.65936279296875
2008-10-08,17.967554092407227,14.219505310058594,19.628093719482422,89.41999816894531,58.34846115112305,27.858434677124023,63.340389251708984,70.37794494628906,22.34658432006836
2008-10-09,16.64398765563965,13.338916778564453,18.376516342163086,89.9000015258789,57.762481689453125,27.11014747619629,63.3781852722168,65.46280670166016,20.575786590576172
2008-10-10,16.836013793945312,12.998690605163574,17.961328506469727,83.22000122070312,57.08537673950195,26.938127517700195,63.4764289855957,63.87497329711914,22.543872833251953
2008-10-13,20.669546127319336,14.829914093017578,20.584823608398438,81.98999786376953,56.69468688964844,30.21509552001953,63.196781158447266,73.14942932128906,23.977828979492188
2008-10-14,19.640867233276367,14.37961483001709,20.11548614501953,82.19999694824219,56.427772521972656,28.90774154663086,63.21181106567383,72.06682586669922,22.34658432006836
2008-10-15,16.465688705444336,12.668468475341797,18.08167266845703,83.30999755859375,56.890037536621094,26.318864822387695,63.423606872558594,64.97203063964844,19.478675842285156
2008-10-16,17.27490997314453,13.318904876708984,18.88797950744629,79.29000091552734,56.90305709838867,27.746614456176758,63.38571548461914,67.67859649658203,20.609477996826172
2008-10-17,16.733139038085938,13.288885116577148,18.376516342163086,77.20999908447266,57.26111602783203,27.781028747558594,63.43107223510742,67.27437591552734,20.388120651245117
2008-10-20,17.90583038330078,14.079416275024414,19.285112380981445,78.5,57.31975173950195,28.55510711669922,63.38571548461914,71.31622314453125,20.53730010986328
2008-10-21,16.479406356811523,13.238851547241211,18.06361961364746,76.02999877929688,57.92520523071289,27.075746536254883,63.514259338378906,69.18702697753906,19.834758758544922
2008-10-22,14.744367599487305,12.248187065124512,16.613475799560547,71.70999908447266,58.367916107177734,26.327455520629883,63.605018615722656,65.41951751708984,18.43448257446289
2008-10-23,15.155840873718262,12.30823040008545,16.87822723388672,70.6500015258789,58.446083068847656,26.22426414489746,63.56721115112305,66.17733001708984,17.95329475402832
2008-10-24,13.592247009277344,11.55772590637207,15.999723434448242,72.20999908447266,58.19864273071289,25.381362915039062,63.6201057434082,62.82120132446289,16.933162689208984
2008-10-27,13.235638618469238,10.907292366027832,15.073076248168945,72.18000030517578,58.166099548339844,24.676088333129883,63.46133804321289,60.59097671508789,15.970781326293945
2008-10-28,16.006206512451172,12.768535614013672,17.16705894470215,73.79000091552734,57.69732666015625,27.402578353881836,63.53697967529297,67.67137145996094,18.468168258666992
2008-10-29,15.498729705810547,12.918633460998535,17.293418884277344,74.0,57.78200912475586,27.333778381347656,63.57473373413086,67.18058776855469,17.813753128051758
2008-10-30,17.590370178222656,13.549060821533203,17.76276397705078,72.70999908447266,57.33930206298828,28.245466232299805,63.627628326416016,69.50462341308594,18.766515731811523
2008-10-31,17.439498901367188,13.368934631347656,18.02751922607422,71.33999633789062,57.222084045410156,28.28847885131836,63.65791320800781,69.88716125488281,19.97430419921875
2008-11-03,17.281766891479492,13.328909873962402,17.889127731323242,71.0999984741211,57.31355667114258,28.2282657623291,63.777095794677734,70.0892333984375,19.31987762451172
2008-11-04,18.85906982421875,14.299558639526367,19.682241439819336,75.4800033569336,57.99966812133789,29.028162002563477,63.75431823730469,72.47102355957031,20.402572631835938
2008-11-05,16.458824157714844,13.338916778564453,18.220064163208008,72.80000305175781,58.30680465698242,27.51439094543457,63.868167877197266,69.42523193359375,18.395992279052734
2008-11-06,15.629027366638184,12.30823040008545,17.082822799682617,72.22000122070312,58.13037872314453,26.284465789794922,63.89094924926758,65.57828521728516,17.53466033935547
2008-11-07,16.897727966308594,13.128778457641602,18.15387725830078,72.5,57.9212532043457,26.82631492614746,63.777095794677734,67.74354553222656,18.646215438842773
2008-11-10,17.05545997619629,12.888615608215332,17.708608627319336,73.58000183105469,57.98006057739258,26.46508026123047,63.974365234375,66.85578155517578,16.976476669311523
2008-11-11,15.992500305175781,12.618436813354492,17.149005889892578,72.05000305175781,58.19569778442383,25.888816833496094,64.01994323730469,64.79156494140625,16.740690231323242
2008-11-12,14.806092262268066,11.64778995513916,16.162185668945312,70.0,58.55508804321289,24.69329071044922,64.11857604980469,61.9406623840332,15.542523384094238
2008-11-13,16.856582641601562,12.398286819458008,17.859037399291992,72.1500015258789,58.13037872314453,26.198450088500977,63.9592170715332,65.80207061767578,17.250757217407227
2008-11-14,15.238128662109375,11.737847328186035,16.73984146118164,73.30000305175781,58.705440521240234,24.925512313842773,63.94407653808594,62.51807403564453,15.306733131408691
2008-11-17,14.984393119812012,11.667801856994629,16.258460998535156,72.6500015258789,58.953712463378906,24.400850296020508,64.05791473388672,61.68803787231445,14.753365516662598
2008-11-18,14.764945983886719,11.907959938049316,16.32465362548828,72.51000213623047,59.411109924316406,24.375051498413086,64.1261978149414,62.85006332397461,14.613819122314453
2008-11-19,13.489380836486816,11.157458305358887,15.211470603942871,72.26000213623047,60.051517486572266,23.102115631103516,64.21726989746094,58.82270050048828,12.650552749633789
2008-11-20,12.522427558898926,10.577073097229004,14.302878379821777,73.44999694824219,61.26032638549805,21.983991622924805,64.33870697021484,54.45609664916992,11.64967155456543
2008-11-21,14.32603645324707,11.007356643676758,15.181385040283203,78.8499984741211,60.69844055175781,22.938697814941406,64.2324447631836,57.39360809326172,12.506199836730957
2008-11-24,15.196981430053711,11.968003273010254,16.451017379760742,80.91000366210938,60.12992477416992,24.340648651123047,64.07308959960938,61.370452880859375,14.633063316345215
2008-11-25,14.908953666687012,12.048057556152344,16.727802276611328,80.87000274658203,61.16232681274414,24.228832244873047,64.1261978149414,61.8251838684082,14.864043235778809
2008-11-26,16.04735565185547,12.288216590881348,17.04069709777832,80.37999725341797,61.53483200073242,25.243743896484375,64.32353210449219,64.21417236328125,15.667627334594727
2008-11-28,15.73875617980957,12.508362770080566,16.68568229675293,80.30999755859375,61.658966064453125,25.04592514038086,64.36150360107422,65.02256774902344,15.436654090881348
2008-12-01,14.223170280456543,11.217499732971191,15.265626907348633,75.6500015258789,62.493534088134766,23.162321090698242,64.46736145019531,59.26298904418945,12.424388885498047
2008-12-02,15.121552467346191,11.817902565002441,16.204303741455078,76.94999694824219,62.8213996887207,23.9364070892334,64.4597396850586,61.54370880126953,14.074881553649902
2008-12-03,15.244990348815918,11.67780876159668,16.432966232299805,76.18000030517578,62.91972351074219,24.615880966186523,64.51297760009766,63.023284912109375,14.864043235778809
2008-12-04,14.593491554260254,11.337581634521484,16.0057430267334,75.5,63.31307601928711,23.919198989868164,64.52827453613281,61.5653190612793,14.455020904541016
2008-12-05,15.457584381103516,11.697820663452148,16.18024253845215,74.5199966430664,62.644351959228516,24.891111373901367,64.45215606689453,63.463584899902344,15.98521900177002
2008-12-08,16.44510841369629,12.22817325592041,17.02264404296875,76.19999694824219,62.40837097167969,25.871623992919922,64.36075592041016,65.67933654785156,17.476919174194336
2008-12-09,16.218801498413086,12.1281099319458,16.95645523071289,76.33000183105469,62.939395904541016,25.81140899658203,64.55872344970703,64.59671783447266,15.961151123046875
2008-12-10,17.18576431274414,12.318236351013184,17.50402069091797,79.75,62.880393981933594,25.725399017333984,64.47492218017578,65.03697204589844,17.332551956176758
2008-12-11,16.746856689453125,12.288216590881348,17.43783187866211,80.6500015258789,63.260704040527344,25.02012825012207,64.62721252441406,63.47077560424805,14.859225273132324
2008-12-12,16.980026245117188,12.30823040008545,17.612329483032227,80.80999755859375,63.4376335144043,25.527568817138672,64.65772247314453,64.22858428955078,16.41348648071289
2008-12-15,16.753711700439453,12.468337059020996,17.74471092224121,82.5999984741211,63.5753059387207,25.0803279876709,64.70340728759766,63.33363723754883,15.840862274169922
2008-12-16,18.090993881225586,13.078744888305664,19.249013900756836,84.45999908447266,64.58500671386719,26.284465789794922,64.73389434814453,66.3144760131836,17.780071258544922
2008-12-17,17.775541305541992,12.798555374145508,18.863910675048828,85.43000030517578,65.02424621582031,25.966228485107422,64.5968017578125,65.67208099365234,18.107276916503906
2008-12-18,17.384639739990234,12.238181114196777,18.328378677368164,83.87000274658203,65.46350860595703,25.510366439819336,64.62721252441406,64.44515991210938,16.601139068603516
2008-12-19,17.446361541748047,12.018037796020508,17.967344284057617,82.62999725341797,65.24718475341797,25.719676971435547,64.56631469726562,64.16793060302734,17.765625
2008-12-22,16.79486083984375,11.99802017211914,17.84098243713379,83.45999908447266,65.07670593261719,25.15981674194336,64.44446563720703,63.345726013183594,17.096773147583008
2008-12-23,16.655778884887695,11.890953063964844,17.747831344604492,82.62999725341797,65.04390716552734,25.030603408813477,64.4597396850586,62.690879821777344,17.000539779663086
2008-12-24,16.77400016784668,11.839475631713867,17.943944931030273,83.45999908447266,64.9783706665039,25.099517822265625,64.47492218017578,63.05466079711914,17.200716018676758
2008-12-26,16.71836280822754,12.055673599243164,18.18294906616211,85.5999984741211,65.32582092285156,25.090909957885742,64.55113220214844,63.41847610473633,17.44784164428711
2008-12-29,16.690542221069336,11.921835899353027,18.005226135253906,86.3499984741211,65.46993255615234,24.88418197631836,64.69328308105469,63.2365837097168,16.444475173950195
2008-12-30,17.1356258392334,12.210103034973145,18.71611976623535,85.9000015258789,65.56210327148438,25.40098762512207,64.75444030761719,64.73548126220703,17.10186004638672
2008-12-31,17.36512565612793,12.611616134643555,18.75901985168457,86.5199966430664,64.83824920654297,25.616323471069336,64.723876953125,65.65950775146484,18.01626205444336
2009-01-02,18.19269371032715,12.663091659545898,19.059314727783203,86.2300033569336,63.91039276123047,26.727453231811523,64.37984466552734,67.63861083984375,17.442899703979492
2009-01-05,18.42914390563965,12.971948623657227,18.685482025146484,84.4800033569336,63.79847717285156,26.71883773803711,64.50977325439453,67.55859375,17.12162971496582
2009-01-06,18.846406936645508,13.291095733642578,18.86933135986328,85.12999725341797,63.75901794433594,26.985855102539062,64.5403823852539,68.00970458984375,17.97672462463379
2009-01-07,17.761526107788086,12.889583587646484,18.642578125,82.75,63.77218246459961,26.219253540039062,64.49458312988281,65.97239685058594,17.37370491027832
2009-01-08,17.685026168823242,13.17785358428955,18.783536911010742,84.45999908447266,63.9432258605957,26.494897842407227,64.50977325439453,66.2416000366211,17.245195388793945
2009-01-09,17.302534103393555,12.807223320007324,17.980712890625,83.91999816894531,64.23938751220703,25.90056610107422,64.55565643310547,64.82276153564453,16.360450744628906
2009-01-12,16.572324752807617,12.426301956176758,17.588499069213867,80.76000213623047,64.64079284667969,25.426815032958984,64.5709457397461,63.26566696166992,15.40156364440918
2009-01-13,16.621004104614258,12.220394134521484,17.165634155273438,80.87999725341797,64.68688201904297,25.435440063476562,64.57867431640625,63.3820915222168,15.866174697875977
2009-01-14,15.814294815063477,11.602688789367676,16.33217430114746,79.79000091552734,65.04875946044922,24.660226821899414,64.65508270263672,61.388458251953125,15.03580093383789
2009-01-15,15.995102882385254,11.592392921447754,16.436355590820312,80.38999938964844,64.99613952636719,25.065065383911133,64.5862045288086,61.410274505615234,15.530070304870605
2009-01-16,16.168970108032227,11.664459228515625,16.479259490966797,82.70999908447266,64.39732360839844,25.34069061279297,64.61682891845703,61.8904914855957,16.118257522583008
2009-01-20,14.965859413146973,10.686416625976562,15.131007194519043,84.5199966430664,64.29862213134766,24.083131790161133,64.64740753173828,58.62353515625,14.314155578613281
2009-01-21,15.779520988464355,11.211464881896973,15.958345413208008,84.1500015258789,63.7260856628418,25.108129501342773,64.54805755615234,61.15561294555664,15.811805725097656
2009-01-22,15.257943153381348,10.7893648147583,15.480330467224121,84.58000183105469,63.30499267578125,24.772205352783203,64.57867431640625,60.20974349975586,14.946826934814453
2009-01-23,15.452659606933594,10.737890243530273,15.370015144348145,88.52999877929688,63.318111419677734,24.892791748046875,64.56333923339844,60.47163391113281,15.40156364440918
2009-01-26,15.633480072021484,11.118816375732422,15.719331741333008,88.94999694824219,63.16014099121094,25.073678970336914,64.47926330566406,60.88640594482422,15.312589645385742
2009-01-27,15.911653518676758,11.324713706970215,15.995110511779785,88.37999725341797,63.574710845947266,25.254549026489258,64.54805755615234,61.504852294921875,15.530070304870605
2009-01-28,16.71836280822754,11.757115364074707,16.65697479248047,87.41999816894531,63.16679763793945,26.141740798950195,64.5251235961914,63.58582305908203,16.874488830566406
2009-01-29,15.869928359985352,11.355598449707031,15.762231826782227,89.5,62.344200134277344,25.47850227355957,64.40278625488281,61.5194091796875,15.49547290802002
2009-01-30,15.751707077026367,11.427668571472168,15.535487174987793,91.30999755859375,62.31787109375,25.030603408813477,64.44105529785156,60.26792907714844,14.857857704162598
2009-02-02,15.59174919128418,11.046747207641602,15.425174713134766,88.83999633789062,62.82337951660156,25.33208656311035,64.50077819824219,60.086021423339844,15.218676567077637
2009-02-03,16.057697296142578,11.582096099853516,15.995110511779785,88.47000122070312,62.28219223022461,25.728296279907227,64.43180847167969,60.93006134033203,15.065455436706543
2009-02-04,16.175918579101562,11.468851089477539,15.8296480178833,89.18000030517578,61.965476989746094,25.762746810913086,64.32463073730469,60.631736755371094,14.69969367980957
2009-02-05,16.51668930053711,11.839475631713867,16.074787139892578,90.12000274658203,62.110652923583984,26.331233978271484,64.33988189697266,61.533973693847656,14.388298034667969
2009-02-06,17.34426498413086,12.148330688476562,16.48538589477539,89.58999633789062,61.73450469970703,27.020313262939453,64.30162811279297,63.28753662109375,15.386725425720215
2009-02-09,17.25385284423828,12.240987777709961,16.687620162963867,88.31999969482422,61.609073638916016,27.13228416442871,64.27864837646484,63.374813079833984,15.614096641540527
2009-02-10,16.210693359375,11.530621528625488,15.743850708007812,90.20999908447266,62.43397521972656,26.133132934570312,64.42418670654297,60.47163391113281,14.225184440612793
2009-02-11,16.697505950927734,11.582096099853516,15.933829307556152,92.29000091552734,62.91572952270508,26.012540817260742,64.40879821777344,60.82817459106445,14.497036933898926
2009-02-12,16.593183517456055,11.5512113571167,15.8296480178833,93.16999816894531,62.89596176147461,26.331233978271484,64.48548126220703,60.871856689453125,14.249905586242676
2009-02-13,16.676633834838867,11.468851089477539,15.645791053771973,92.55000305175781,62.40103530883789,26.210643768310547,64.3629150390625,60.21702194213867,13.375033378601074
2009-02-17,15.612614631652832,10.933497428894043,14.567193031311035,95.44999694824219,63.45030212402344,25.168418884277344,64.5313720703125,57.641265869140625,12.42603588104248
2009-02-18,15.501341819763184,10.882023811340332,14.567193031311035,96.91000366210938,62.98828887939453,25.185644149780273,64.42418670654297,57.503013610839844,12.60396957397461
2009-02-19,15.355300903320312,10.871726989746094,14.499785423278809,95.7699966430664,62.6385612487793,24.798044204711914,64.40119171142578,56.88455581665039,12.060270309448242
2009-02-20,14.965859413146973,10.737890243530273,14.224003791809082,97.80000305175781,62.816795349121094,24.866960525512695,64.45478057861328,56.33151626586914,12.821455955505371
2009-02-23,14.597272872924805,10.4393310546875,13.623424530029297,97.7300033569336,62.876190185546875,23.996999740600586,64.44711303710938,54.316078186035156,11.857617378234863
2009-02-24,15.397028923034668,10.727594375610352,14.242390632629395,94.7300033569336,62.6385612487793,24.789438247680664,64.40119171142578,56.375213623046875,12.86099910736084
2009-02-25,15.132760047912598,10.521693229675293,13.874688148498535,93.1500015258789,62.071006774902344,24.625770568847656,64.27864837646484,55.931419372558594,12.613858222961426
2009-02-26,15.000630378723145,10.429033279418945,13.78889274597168,93.05999755859375,61.912662506103516,23.936704635620117,64.3093032836914,55.02186965942383,11.966354370117188
2009-02-27,14.764180183410645,10.315786361694336,13.66019344329834,92.62999725341797,61.85990524291992,23.71275520324707,64.34756469726562,53.792198181152344,11.808192253112793
2009-03-02,13.867064476013184,9.615714073181152,12.949301719665527,90.93000030517578,62.48050308227539,22.9461612701416,64.49256896972656,51.3692626953125,11.071725845336914
2009-03-03,14.061784744262695,9.502463340759277,12.955426216125488,90.04000091552734,62.401119232177734,22.928926467895508,64.43879699707031,50.98361587524414,11.116205215454102
2009-03-04,15.04930591583252,9.852500915527344,13.40893268585205,88.98999786376953,62.083526611328125,23.540481567382812,64.36978912353516,52.19145965576172,11.294145584106445
2009-03-05,14.430365562438965,9.52305793762207,12.734806060791016,91.98999786376953,62.81138229370117,22.834182739257812,64.44650268554688,50.05955505371094,10.597220420837402
2009-03-06,14.673770904541016,9.543648719787598,12.710294723510742,92.29000091552734,62.513633728027344,22.653301239013672,64.4005126953125,50.14686584472656,10.453886032104492
2009-03-09,14.388644218444824,9.265677452087402,12.452896118164062,90.56999969482422,62.54005813598633,22.170957565307617,64.33914184570312,49.55753707885742,10.686188697814941
2009-03-10,15.556978225708008,9.811320304870605,13.341519355773926,88.13999938964844,62.083526611328125,23.540481567382812,64.3008041381836,52.5115966796875,12.173954010009766
2009-03-11,15.556978225708008,9.790732383728027,13.482473373413086,89.22000122070312,62.526790618896484,23.902250289916992,64.33140563964844,52.85358428955078,11.976243019104004
2009-03-12,16.155059814453125,10.068699836730957,14.101436614990234,91.0999984741211,62.705482482910156,24.694686889648438,64.35448455810547,54.9345588684082,12.954902648925781
2009-03-13,16.245471954345703,10.223129272460938,14.058542251586914,91.30000305175781,62.65916061401367,24.754974365234375,64.40813446044922,55.36383819580078,12.678110122680664
2009-03-16,16.259374618530273,10.326079368591309,14.187235832214355,90.80000305175781,62.30186462402344,24.34153938293457,64.32381439208984,55.19648742675781,11.679679870605469
2009-03-17,16.614049911499023,10.542280197143555,14.554938316345215,90.04000091552734,62.1827507019043,25.263164520263672,64.3084716796875,56.88455581665039,12.564431190490723
2009-03-18,16.961767196655273,10.707001686096191,15.069727897644043,93.08999633789062,64.31334686279297,25.581871032714844,64.55393981933594,58.15786361694336,13.251472473144531
2009-03-19,16.850500106811523,10.593757629394531,15.10649585723877,94.3499984741211,64.09500122070312,25.56463623046875,64.4771957397461,57.43756103515625,12.440864562988281
2009-03-20,16.621004104614258,10.58346176147461,14.867491722106934,93.58999633789062,64.09500122070312,25.175533294677734,64.55393981933594,56.21445846557617,11.368288040161133
2009-03-23,18.15792465209961,11.355598449707031,15.995110511779785,92.08000183105469,63.87660598754883,26.659488677978516,64.50023651123047,60.25227355957031,13.206985473632812
2009-03-24,17.594619750976562,10.995272636413574,15.333247184753418,90.94999694824219,63.78398513793945,26.167715072631836,64.41584014892578,59.06511688232422,12.1887845993042
2009-03-25,17.858884811401367,10.943792343139648,15.83578109741211,91.9800033569336,63.400272369384766,26.288503646850586,64.4005126953125,59.68800354003906,12.38939094543457
2009-03-26,18.34568977355957,11.046747207641602,15.970600128173828,91.93000030517578,63.565635681152344,27.09950065612793,64.48487091064453,60.90447998046875,12.666614532470703
2009-03-27,17.80324935913086,10.696709632873535,15.22293758392334,90.69000244140625,63.52593994140625,26.590476989746094,64.5156021118164,59.80527114868164,12.10208511352539
2009-03-30,16.88527488708496,10.449623107910156,14.512041091918945,89.9800033569336,63.797218322753906,25.934768676757812,64.5768814086914,57.738704681396484,11.441788673400879
2009-03-31,17.25385284423828,10.7893648147583,15.014571189880371,90.27999877929688,63.90972137451172,26.159082412719727,64.6689224243164,58.27370071411133,12.238182067871094
2009-04-01,17.82411003112793,11.077631950378418,15.376143455505371,91.02999877929688,64.06631469726562,26.547330856323242,64.65434265136719,59.4022102355957,12.172654151916504
2009-04-02,18.79077911376953,11.654160499572754,16.1176815032959,88.80000305175781,63.648311614990234,27.401472091674805,64.54676818847656,61.13899612426758,13.054731369018555
2009-04-03,19.020265579223633,11.715929985046387,16.387331008911133,87.58999633789062,62.91835021972656,27.91050148010254,64.40083312988281,61.74724578857422,14.178739547729492
2009-04-06,18.78382110595703,11.458555221557617,16.056396484375,85.2699966430664,62.7723388671875,27.841482162475586,64.4469223022461,61.2635612487793,14.01745319366455
2009-04-07,18.352643966674805,11.139402389526367,15.596765518188477,86.73999786376953,62.93166732788086,27.108125686645508,64.46992492675781,59.834590911865234,12.96904182434082
2009-04-08,18.623870849609375,11.139402389526367,15.903180122375488,86.61000061035156,63.243507385253906,27.565397262573242,64.46992492675781,60.47946548461914,13.160575866699219
2009-04-09,19.437530517578125,11.427668571472168,16.326045989990234,86.30999755859375,62.87187957763672,28.419536590576172,64.39312744140625,62.88311004638672,14.924726486206055
2009-04-13,19.55575942993164,11.561504364013672,16.57118797302246,87.87999725341797,63.243507385253906,28.376401901245117,64.51603698730469,62.89776611328125,14.970099449157715
2009-04-14,19.242807388305664,11.41737174987793,16.33217430114746,87.37000274658203,63.56868362426758,28.031288146972656,64.56983947753906,61.813167572021484,13.69990062713623
2009-04-15,19.52098846435547,11.695345878601074,16.607952117919922,87.5,63.62838363647461,27.953641891479492,64.60057067871094,62.47271728515625,14.889450073242188
2009-04-16,19.687891006469727,11.78799819946289,16.76729393005371,85.80999755859375,63.37622833251953,28.678373336791992,64.50838470458984,63.38872528076172,15.388458251953125
2009-04-17,19.54880714416504,11.767409324645996,16.73052215576172,85.22000122070312,62.86526870727539,28.738758087158203,64.43916320800781,63.81376647949219,15.665672302246094
2009-04-20,18.596057891845703,11.159993171691895,15.860289573669434,86.94999694824219,63.30326461791992,27.815603256225586,64.50072479248047,61.13899612426758,14.052734375
2009-04-21,18.992456436157227,11.479146003723145,16.16670799255371,86.88999938964844,63.057701110839844,28.20384407043457,64.50838470458984,62.33345413208008,15.297728538513184
2009-04-22,18.832502365112305,11.232060432434082,16.185089111328125,87.37999725341797,62.905086517333984,28.290111541748047,64.50838470458984,61.95244598388672,14.76343059539795
2009-04-23,19.12458038330078,11.602688789367676,16.650854110717773,88.80000305175781,62.891841888427734,28.56620216369629,64.46234130859375,62.56063461303711,15.428773880004883
2009-04-24,19.486209869384766,11.757115364074707,16.932758331298828,89.72000122070312,62.64629364013672,29.066612243652344,64.46234130859375,63.50599670410156,16.159643173217773
2009-04-27,18.832502365112305,11.757115364074707,16.601825714111328,89.01000213623047,62.905086517333984,29.10112190246582,64.53911590576172,62.905059814453125,15.191869735717773
2009-04-28,18.769912719726562,11.582096099853516,16.601825714111328,87.75,62.59980392456055,28.88542938232422,64.47765350341797,62.70720672607422,15.393489837646484
2009-04-29,19.757436752319336,11.921835899353027,17.05532455444336,88.33000183105469,62.26143264770508,29.282289505004883,64.50838470458984,64.04093170166016,16.063873291015625
2009-04-30,19.938249588012695,12.076266288757324,17.21466064453125,87.2699966430664,62.1552734375,29.575639724731445,64.56222534179688,64.06295013427734,15.993308067321777
2009-05-01,20.230337142944336,12.405712127685547,17.392385482788086,86.94999694824219,61.95564651489258,29.653282165527344,64.51364135742188,64.40736389160156,15.469096183776855
2009-05-04,21.6281681060791,12.73515796661377,18.133926391601562,88.63999938964844,62.01552963256836,30.2399845123291,64.4982681274414,66.59844970703125,16.74433135986328
2009-05-05,21.433443069458008,12.704270362854004,17.864273071289062,88.25,62.00221252441406,30.21408462524414,64.48281860351562,66.37132263183594,16.119306564331055
2009-05-06,21.802024841308594,13.126373291015625,18.281003952026367,89.54000091552734,62.02880859375,30.222705841064453,64.52132415771484,67.5218505859375,16.734251022338867
2009-05-07,21.259586334228516,12.889583587646484,17.97458267211914,89.44000244140625,61.50971221923828,29.515243530273438,64.42900085449219,66.5838394165039,15.77656364440918
2009-05-08,21.968935012817383,13.476412773132324,18.90610122680664,89.9800033569336,61.582889556884766,29.532503128051758,64.47515106201172,68.13740539550781,16.83001708984375
2009-05-11,21.454309463500977,13.00283145904541,18.311647415161133,89.69000244140625,62.16188430786133,29.636037826538086,64.58295440673828,66.8622817993164,16.18988037109375
2009-05-12,21.607301712036133,13.249917030334473,18.42808723449707,90.69999694824219,62.12199401855469,29.27367401123047,64.5752182006836,66.66439819335938,16.144519805908203
2009-05-13,20.814504623413086,12.73515796661377,17.80298614501953,91.08999633789062,62.408164978027344,28.48855972290039,64.60607147216797,64.9863052368164,15.086027145385742
2009-05-14,21.113542556762695,12.941061973571777,17.925556182861328,91.02999877929688,62.41487503051758,28.80777931213379,64.62914276123047,65.5432357788086,15.44389820098877
2009-05-15,20.918819427490234,12.827814102172852,17.704940795898438,91.55000305175781,62.261714935302734,28.79053497314453,64.62144470214844,65.00827026367188,14.924726486206055
2009-05-18,22.080204010009766,13.404346466064453,18.42808723449707,90.36000061035156,61.89569091796875,29.5411319732666,64.55984497070312,66.8549575805664,16.124359130859375
2009-05-19,22.3305606842041,13.56906795501709,18.75901985168457,90.95999908447266,61.809261322021484,29.679166793823242,64.5982894897461,66.7743148803711,15.816883087158203
2009-05-20,22.400104522705078,13.661727905273438,18.930612564086914,92.25,62.00221252441406,29.575639724731445,64.68302917480469,66.32735443115234,15.690876007080078
2009-05-21,21.98284339904785,13.558778762817383,18.863208770751953,93.8499984741211,61.32331466674805,29.032114028930664,64.5982894897461,65.37467956542969,15.736239433288574
2009-05-22,22.080204010009766,13.5278902053833,18.955129623413086,94.1500015258789,60.96393585205078,28.937192916870117,64.61376953125,65.2354507446289,15.348128318786621
2009-05-26,22.344463348388672,13.754384994506836,19.286062240600586,93.76000213623047,60.55793762207031,30.015647888183594,64.529052734375,66.90626525878906,16.260446548461914
2009-05-27,22.087158203125,13.7131986618042,19.034799575805664,93.44999694824219,59.87244415283203,29.808597564697266,64.51364135742188,65.7117919921875,15.67071533203125
2009-05-28,22.768692016601562,13.795565605163574,19.377988815307617,94.23999786376953,60.18525695800781,30.153703689575195,64.5059814453125,66.6278305053711,15.887451171875
2009-05-29,23.116409301757812,14.13530158996582,19.488298416137695,96.19999694824219,60.86408996582031,30.524686813354492,64.5982894897461,67.80762481689453,16.411657333374023
2009-06-01,24.090023040771484,14.536818504333496,19.917285919189453,95.7300033569336,59.87080383300781,31.396076202392578,64.54513549804688,69.44912719726562,17.253416061401367
2009-06-02,23.74230194091797,14.629472732543945,20.346271514892578,96.36000061035156,60.071044921875,31.4392147064209,64.52206420898438,69.50776672363281,16.895545959472656
2009-06-03,22.90081787109375,14.00146484375,19.690536499023438,94.41000366210938,60.438270568847656,31.34430503845215,64.6375961303711,68.62838745117188,16.865299224853516
2009-06-04,23.325040817260742,13.980873107910156,19.88051414489746,96.2300033569336,59.73733139038086,31.698043823242188,64.57596588134766,69.27326965332031,17.404626846313477
2009-06-05,23.373720169067383,13.877924919128418,19.51894187927246,93.70999908447266,59.14323425292969,31.732563018798828,64.1519546508789,69.28795623779297,17.359254837036133
2009-06-08,23.012096405029297,13.980873107910156,19.365732192993164,93.55999755859375,58.84287643432617,31.63766860961914,63.98234939575195,69.00213623046875,17.041711807250977
2009-06-09,23.053823471069336,14.052942276000977,19.51894187927246,93.83000183105469,59.09649658203125,31.87925148010254,64.12881469726562,69.35389709472656,17.041711807250977
2009-06-10,23.345897674560547,14.166192054748535,19.592483520507812,93.86000061035156,58.74269104003906,31.767065048217773,64.12108612060547,69.1780014038086,16.74433135986328
2009-06-11,23.846622467041016,14.392684936523438,19.757949829101562,93.69999694824219,59.14323425292969,31.767065048217773,64.12881469726562,69.48578643798828,16.40157699584961
2009-06-12,23.464128494262695,14.279436111450195,19.788593292236328,92.16999816894531,59.45694351196289,31.62040901184082,64.19818115234375,69.67630767822266,16.99635124206543
2009-06-15,22.622648239135742,13.826449394226074,18.96125602722168,91.0999984741211,59.723941802978516,30.973325729370117,64.24446105957031,68.0787582397461,16.18988037109375
2009-06-16,22.28188133239746,13.785265922546387,18.685482025146484,91.93000030517578,60.05778121948242,30.671369552612305,64.31380462646484,67.15543365478516,15.892497062683105
2009-06-17,22.031517028808594,13.785265922546387,18.575166702270508,92.3499984741211,59.89751052856445,30.964689254760742,64.38321685791016,67.08944702148438,15.590066909790039
2009-06-18,21.968935012817383,13.702908515930176,18.648706436157227,91.61000061035156,59.16989517211914,30.904314041137695,64.27526092529297,67.5804443359375,15.695913314819336
2009-06-19,22.080204010009766,14.032353401184082,18.893848419189453,91.9000015258789,59.44361114501953,31.236013412475586,64.31380462646484,67.82955169677734,15.852163314819336
2009-06-22,21.280447006225586,13.50730037689209,18.213590621948242,90.54000091552734,59.76408004760742,30.303085327148438,64.39863586425781,65.79553985595703,15.02553653717041
2009-06-23,21.418561935424805,13.65823745727539,18.538597106933594,90.91999816894531,59.95759201049805,30.233985900878906,64.39863586425781,65.84716033935547,15.136427879333496
2009-06-24,21.8882999420166,13.742095947265625,18.67689323425293,91.44999694824219,59.73059844970703,30.74363136291504,64.3908920288086,66.41458129882812,15.466872215270996
2009-06-25,22.540319442749023,13.80499267578125,18.97236442565918,92.30999755859375,60.47831344604492,31.348318099975586,64.51426696777344,67.8590316772461,15.671806335449219
2009-06-26,22.65951156616211,13.742095947265625,18.852922439575195,92.29000091552734,60.55836486816406,31.41742515563965,64.54513549804688,67.68217468261719,15.805002212524414
2009-06-29,22.827774047851562,13.930774688720703,19.1546630859375,92.04000091552734,60.68519592285156,31.48653221130371,64.54513549804688,68.31594848632812,15.794757843017578
2009-06-30,22.596412658691406,13.846918106079102,19.054080963134766,91.18000030517578,60.52500915527344,31.426071166992188,64.53736877441406,67.76322174072266,15.886981964111328
2009-07-01,23.01005744934082,13.972705841064453,19.3809757232666,92.38999938964844,60.48616409301758,31.443342208862305,64.60069274902344,68.04328155517578,16.163623809814453
2009-07-02,22.37906837463379,13.637273788452148,18.75233268737793,91.25,60.68698501586914,30.75228500366211,64.67021942138672,66.18611907958984,15.308053016662598
2009-07-06,22.329994201660156,13.616312026977539,18.683185577392578,90.76000213623047,60.72713851928711,30.58814811706543,64.693359375,66.17877197265625,15.692298889160156
2009-07-07,21.80416488647461,13.280879974365234,18.117408752441406,90.70999908447266,60.968170166015625,29.827960968017578,64.68562316894531,64.89646911621094,15.082637786865234
2009-07-08,21.55177116394043,13.113166809082031,18.04825782775879,89.2699966430664,61.670989990234375,29.983463287353516,64.78599548339844,64.85225677490234,14.939188003540039
2009-07-09,21.9373779296875,13.364739418029785,18.337438583374023,89.51000213623047,61.309539794921875,30.035295486450195,64.75509643554688,64.97752380371094,14.657410621643066
2009-07-10,21.677968978881836,13.17605972290039,18.067119598388672,89.58000183105469,61.691104888916016,30.16486167907715,64.8169174194336,64.82276153564453,14.636918067932129
2009-07-13,21.832212448120117,13.406672477722168,18.63918113708496,90.19000244140625,61.47023010253906,30.74363136291504,64.77828216552734,66.39985656738281,15.190223693847656
2009-07-14,22.070581436157227,13.542938232421875,18.683185577392578,90.80999755859375,61.06187057495117,30.855924606323242,64.73189544677734,66.77569580078125,15.37464714050293
2009-07-15,23.25543975830078,14.18234634399414,19.4564151763916,92.23999786376953,60.27195358276367,31.892526626586914,64.57752990722656,68.72864532470703,15.943325996398926
2009-07-16,23.297504425048828,14.245245933532715,19.758161544799805,91.9800033569336,60.63346862792969,32.272613525390625,64.67790985107422,68.61808013916016,16.127765655517578
2009-07-17,23.53588104248047,14.129937171936035,19.65757942199707,91.93000030517578,60.22515869140625,32.44537353515625,64.65477752685547,69.36978912353516,15.697422981262207
2009-07-20,24.377197265625,14.475848197937012,20.028480529785156,93.27999877929688,60.446022033691406,32.75634765625,64.64700317382812,70.10674285888672,16.250715255737305
2009-07-21,24.307085037231445,14.43392276763916,20.110198974609375,93.12999725341797,61.12214279174805,32.9809455871582,64.72422790527344,70.4310073852539,16.204608917236328
2009-07-22,24.250995635986328,14.507291793823242,20.21706771850586,93.44000244140625,60.760650634765625,33.257389068603516,64.693359375,70.4162826538086,16.225099563598633
2009-07-23,24.938077926635742,14.821759223937988,20.61311149597168,93.26000213623047,60.171573638916016,33.99163055419922,64.57752990722656,71.97125244140625,16.870628356933594
2009-07-24,24.818891525268555,14.916093826293945,20.707406997680664,93.41000366210938,60.29877471923828,33.732479095458984,64.61617279052734,72.26602935791016,16.98845672607422
2009-07-27,25.036226272583008,14.88465404510498,20.85198974609375,93.70999908447266,60.017616271972656,33.99163055419922,64.56988525390625,72.47975158691406,17.234373092651367
2009-07-28,24.924057006835938,14.758866310119629,20.58796501159668,92.11000061035156,60.13813018798828,33.7584114074707,64.53131866455078,72.14073944091797,17.2189998626709
2009-07-29,24.36318588256836,14.622594833374023,20.474815368652344,91.19999694824219,60.178279876708984,33.98299789428711,64.49263000488281,71.96389770507812,17.003828048706055
2009-07-30,24.96612548828125,14.93706226348877,20.8205623626709,91.62000274658203,60.41925811767578,34.18165588378906,64.50038146972656,72.715576171875,17.613489151000977
2009-07-31,25.085309982299805,15.02092170715332,21.10345458984375,93.3499984741211,61.02838897705078,34.07801055908203,64.6084976196289,72.81875610351562,17.598119735717773
2009-08-03,26.024778366088867,15.555508613586426,21.681798934936523,93.87000274658203,60.379913330078125,34.587669372558594,64.51722717285156,74.02000427246094,17.915756225585938
2009-08-04,25.786405563354492,15.534544944763184,21.650365829467773,94.68000030517578,60.205318450927734,34.587669372558594,64.46308898925781,74.21158599853516,18.894283294677734
2009-08-05,25.569068908691406,15.670815467834473,21.631511688232422,94.77999877929688,59.86298370361328,34.31987380981445,64.43993377685547,73.9979019165039,19.61664581298828
2009-08-06,25.35873031616211,15.450684547424316,21.449199676513672,94.5999984741211,59.86298370361328,34.01754379272461,64.43993377685547,73.61466217041016,19.468074798583984
2009-08-07,25.61113739013672,15.555508613586426,21.45549201965332,93.75,59.46686553955078,34.449459075927734,64.3316879272461,74.5800552368164,20.554201126098633
2009-08-10,25.323678970336914,15.3353853225708,21.38005256652832,92.93000030517578,59.84951400756836,34.20758056640625,64.43220520019531,74.42530059814453,20.113588333129883
2009-08-11,24.846939086914062,15.199118614196777,21.109745025634766,92.79000091552734,60.26573944091797,33.91388702392578,64.5017318725586,73.49674987792969,19.529556274414062
2009-08-12,25.07128143310547,15.272486686706543,21.430347442626953,92.94999694824219,60.097930908203125,34.440818786621094,64.52495574951172,74.28530883789062,19.673009872436523
2009-08-13,25.505962371826172,15.586954116821289,21.706939697265625,93.72000122070312,60.567832946777344,34.630859375,64.63318634033203,74.85275268554688,19.775470733642578
2009-08-14,25.043241500854492,15.492610931396484,21.512067794799805,93.0,60.75583267211914,34.23350143432617,64.67957305908203,74.27790832519531,19.61152458190918
2009-08-17,24.061710357666016,14.989474296569824,20.738842010498047,91.61000061035156,61.172061920166016,33.240089416503906,64.74909210205078,72.45025634765625,18.56640625
2009-08-18,24.587528228759766,15.303937911987305,20.971431732177734,92.05999755859375,60.95722198486328,33.715206146240234,64.73368072509766,73.0251235961914,18.750831604003906
2009-08-19,24.6506290435791,15.419242858886719,21.22289276123047,92.52999877929688,61.18544006347656,33.94844055175781,64.76461791992188,73.666259765625,18.60225486755371
2009-08-20,25.078298568725586,15.545025825500488,21.50577735900879,92.2699966430664,61.34660720825195,34.34580612182617,64.74909210205078,74.42530059814453,19.34511947631836
2009-08-21,25.456892013549805,15.869974136352539,22.190996170043945,93.6500015258789,60.72226333618164,34.80362319946289,64.64869689941406,75.88449096679688,19.852310180664062
2009-08-24,25.569068908691406,15.81756591796875,22.19728660583496,92.33999633789062,61.098236083984375,34.76906204223633,64.72596740722656,75.87715911865234,19.78571128845215
2009-08-25,25.512989044189453,15.849005699157715,22.50531768798828,92.76000213623047,61.25931167602539,34.87271499633789,64.72596740722656,76.02455139160156,20.006006240844727
2009-08-26,25.43586540222168,15.733708381652832,22.455028533935547,92.79000091552734,61.339908599853516,34.81226348876953,64.76461791992188,76.03186798095703,20.067489624023438
2009-08-27,25.386781692504883,15.786116600036621,22.64990234375,93.19000244140625,61.172061920166016,34.898643493652344,64.75680541992188,76.20137023925781,20.262165069580078
2009-08-28,25.25356674194336,15.890937805175781,22.61847686767578,93.87000274658203,61.313026428222656,34.933197021484375,64.82642364501953,76.18665313720703,20.44148063659668
2009-08-31,24.755800247192383,15.670815467834473,22.423599243164062,93.4000015258789,61.4942741394043,34.57902526855469,64.87278747558594,75.5086669921875,20.11871910095215
2009-09-01,24.286060333251953,15.408757209777832,21.700658798217773,93.9000015258789,61.653892517089844,33.9311637878418,64.92539978027344,73.8431167602539,19.0428466796875
2009-09-02,24.545461654663086,15.461174011230469,21.62522315979004,96.19000244140625,61.99040222167969,33.905216217041016,64.9950942993164,73.5630874633789,18.658611297607422
2009-09-03,25.036226272583008,15.649849891662598,21.78238296508789,97.45999908447266,61.76827621459961,34.12982940673828,64.93318939208984,74.17474365234375,19.032602310180664
2009-09-04,25.519989013671875,15.890937805175781,22.228723526000977,97.52999877929688,61.39801025390625,34.864078521728516,64.90221405029297,75.21385192871094,19.25290298461914
2009-09-08,26.045820236206055,16.152990341186523,22.901365280151367,97.43000030517578,61.256614685058594,35.192359924316406,64.90996551513672,75.86238098144531,19.924043655395508
2009-09-09,26.186031341552734,16.394079208374023,23.12138557434082,97.08000183105469,61.31050109863281,35.49469757080078,64.91775512695312,76.44456481933594,20.313396453857422
2009-09-10,26.529577255249023,16.603731155395508,23.423133850097656,97.69999694824219,61.76827621459961,35.83156967163086,64.95640563964844,77.22576141357422,20.615671157836914
2009-09-11,26.54360008239746,16.509384155273438,23.347694396972656,98.77999877929688,61.950096130371094,35.86611557006836,64.93318939208984,77.21100616455078,20.57979965209961
2009-09-14,26.44544219970703,16.509384155273438,23.479707717895508,97.95999908447266,61.586570739746094,36.00434494018555,64.89447021484375,77.58686065673828,21.18946075439453
2009-09-15,26.76093864440918,16.530351638793945,23.687164306640625,98.9000015258789,61.4586067199707,36.11663818359375,64.92539978027344,77.91111755371094,21.52759552001953
2009-09-16,27.433988571166992,16.792407989501953,24.177501678466797,99.91000366210938,61.41147994995117,36.643577575683594,64.84028625488281,79.09025573730469,22.403654098510742
2009-09-17,27.286766052246094,16.792407989501953,24.10205841064453,99.33999633789062,61.714473724365234,36.634925842285156,64.93318939208984,78.97234344482422,22.30631446838379
2009-09-18,27.363876342773438,16.71902847290039,24.183786392211914,98.66999816894531,61.384578704833984,36.69631576538086,64.8712387084961,79.02269744873047,22.337059020996094
2009-09-21,27.125507354736328,16.456974029541016,23.926042556762695,98.36000061035156,61.34416198730469,36.8087272644043,64.89447021484375,78.82278442382812,21.988679885864258
2009-09-22,27.539154052734375,16.69805908203125,24.19007682800293,99.66999816894531,61.50575256347656,36.87791442871094,64.87905883789062,79.28186798095703,22.68543243408203
2009-09-23,27.125507354736328,16.54083251953125,24.007768630981445,98.83000183105469,61.640403747558594,36.70497131347656,64.97967529296875,78.62283325195312,21.8657169342041
2009-09-24,26.592660903930664,16.173959732055664,23.58658218383789,97.55000305175781,61.80873107910156,36.37641143798828,64.9950942993164,77.75650024414062,21.06741714477539
2009-09-25,26.70484161376953,16.069137573242188,23.53628921508789,97.0,62.05780029296875,36.05648422241211,64.97193908691406,77.34183502197266,21.134675979614258
2009-09-28,27.04838752746582,16.215885162353516,23.970048904418945,97.05000305175781,62.16546630859375,36.67036819458008,64.96412658691406,78.72654724121094,22.0090389251709
2009-09-29,27.111486434936523,16.268295288085938,23.87575340270996,97.43000030517578,62.138614654541016,36.506099700927734,64.95640563964844,78.48958587646484,21.65204620361328
2009-09-30,27.279747009277344,16.257816314697266,23.89460563659668,98.8499984741211,62.185707092285156,36.53203582763672,65.02609252929688,78.18597412109375,21.445104598999023
2009-10-01,26.536584854125977,15.901423454284668,23.12138557434082,97.88999938964844,62.653541564941406,35.45122146606445,65.09117889404297,76.2459716796875,20.482786178588867
2009-10-02,26.54360008239746,15.723224639892578,22.832210540771484,98.37000274658203,62.62652587890625,35.34745788574219,65.11445617675781,75.8905258178711,20.33792495727539
2009-10-05,27.16056251525879,15.859490394592285,23.34140968322754,99.81999969482422,62.61977005004883,35.63280487060547,65.11445617675781,77.0234375,20.896677017211914
2009-10-06,27.609270095825195,16.069137573242188,23.91347312927246,102.27999877929688,62.41722106933594,36.26400375366211,65.07572174072266,78.12672424316406,20.839771270751953
2009-10-07,27.58121681213379,16.173959732055664,23.86318016052246,102.36000061035156,62.815513610839844,36.36777877807617,65.16091918945312,78.34149169921875,20.824256896972656
2009-10-08,27.917734146118164,16.32070541381836,24.22150421142578,103.63999938964844,62.585975646972656,36.52339553833008,65.09886932373047,78.94125366210938,21.222625732421875
2009-10-09,27.93878173828125,16.19492530822754,24.24664878845215,102.83999633789062,61.985225677490234,36.730926513671875,65.00587463378906,79.42254638671875,21.403703689575195
2009-10-12,28.17015266418457,16.268295288085938,24.47296714782715,103.55999755859375,62.16744613647461,36.8087272644043,65.0833969116211,79.73351287841797,21.372671127319336
2009-10-13,28.219221115112305,16.173959732055664,24.397531509399414,104.26000213623047,62.30929183959961,36.81737518310547,65.12214660644531,79.5706558227539,21.072589874267578
2009-10-14,29.13064956665039,16.56179428100586,25.133033752441406,104.18000030517578,61.883949279785156,37.318885803222656,65.03693389892578,80.94051361083984,21.843473434448242
2009-10-15,28.969390869140625,16.802888870239258,25.03873634338379,102.86000061035156,61.681453704833984,37.232421875,64.99817657470703,81.2367172241211,21.657222747802734
2009-10-16,28.569774627685547,16.87626075744629,24.674129486083984,103.18000030517578,61.96501159667969,36.99033737182617,65.03693389892578,80.6295166015625,21.08811378479004
2009-10-19,29.116622924804688,17.085899353027344,24.988449096679688,104.2300033569336,62.059444427490234,37.36211013793945,65.03693389892578,81.29593658447266,21.543407440185547
2009-10-20,28.73103141784668,16.970598220825195,24.88786506652832,103.41999816894531,62.20125961303711,37.370765686035156,65.06788635253906,80.866455078125,21.145017623901367
2009-10-21,28.576784133911133,17.043973922729492,24.7055606842041,103.75,62.059444427490234,37.30160140991211,65.03693389892578,80.14082336425781,20.87598991394043
2009-10-22,28.815155029296875,17.159276962280273,25.013591766357422,103.91999816894531,61.87714767456055,37.44858932495117,65.04468536376953,80.95533752441406,21.424407958984375
2009-10-23,28.576784133911133,16.84481430053711,24.567264556884766,103.48999786376953,61.57339096069336,37.292938232421875,64.9361572265625,80.0297622680664,21.1708927154541
2009-10-26,28.219221115112305,16.781919479370117,23.982622146606445,101.86000061035156,61.222354888916016,37.17189025878906,64.866455078125,79.16338348388672,21.11915397644043
2009-10-27,27.72844886779785,16.739992141723633,23.643157958984375,101.8499984741211,61.748939514160156,36.60985565185547,64.99817657470703,78.80055236816406,20.813899993896484
2009-10-28,26.459468841552734,16.373117446899414,22.92650604248047,100.7300033569336,61.937923431396484,35.78842544555664,65.09117889404297,77.31221771240234,19.939544677734375
2009-10-29,27.630306243896484,16.84481430053711,23.781455993652344,102.69000244140625,61.64089584350586,36.39368438720703,65.03693389892578,78.97087097167969,20.850128173828125
2009-10-30,26.340280532836914,16.236846923828125,22.800779342651367,102.52999877929688,62.100013732910156,35.41661834716797,65.11445617675781,76.68280029296875,20.487960815429688
2009-11-02,26.732887268066406,16.394079208374023,23.00193977355957,103.94999694824219,61.93654251098633,35.563621520996094,65.12215423583984,77.24555206298828,20.482786178588867
2009-11-03,26.77495574951172,16.530351638793945,22.8384952545166,106.45999908447266,61.79364013671875,35.676025390625,65.11443328857422,77.4899673461914,20.782861709594727
2009-11-04,27.27273941040039,16.58275604248047,23.24711799621582,107.0999984741211,61.62344741821289,35.73654556274414,65.1067123413086,77.68987274169922,20.33792495727539
2009-11-05,27.833616256713867,16.86577796936035,23.643157958984375,106.9800033569336,61.63706970214844,36.6185188293457,65.16883850097656,79.11896514892578,20.798381805419922
2009-11-06,27.798566818237305,16.93915367126465,23.712312698364258,107.43000030517578,61.82085418701172,36.834678649902344,65.21537780761719,79.32630157470703,20.456912994384766
2009-11-09,28.822168350219727,17.50518798828125,24.523252487182617,108.19000244140625,61.84810256958008,37.62152099609375,65.21537780761719,81.13304901123047,21.46579360961914
2009-11-10,28.68895721435547,17.421337127685547,24.296947479248047,108.38999938964844,61.89573669433594,37.71663284301758,65.19989013671875,81.14781188964844,21.305400848388672
2009-11-11,28.934341430664062,17.33747673034668,24.41010093688965,109.5999984741211,62.072731018066406,37.958736419677734,65.26980590820312,81.5625,21.703794479370117
2009-11-12,28.28932762145996,17.26410484313965,24.070634841918945,108.20999908447266,62.0931396484375,37.74258041381836,65.26203155517578,80.73316192626953,21.481307983398438
2009-11-13,28.773090362548828,17.494707107543945,24.428956985473633,109.73999786376953,62.140777587890625,38.05384826660156,65.27752685546875,81.1700439453125,21.77104377746582
2009-11-16,29.495220184326172,17.92447280883789,24.73699188232422,111.62999725341797,62.474361419677734,38.44295120239258,65.31640625,82.34740447998047,22.298765182495117
2009-11-17,29.390064239501953,17.955921173095703,24.598684310913086,111.97000122070312,62.61050796508789,38.56399154663086,65.33191680908203,82.44366455078125,21.91073226928711
2009-11-18,29.1586856842041,17.840618133544922,24.7055606842041,112.25,62.45391082763672,38.34784698486328,65.33191680908203,82.39180755615234,22.309110641479492
2009-11-19,28.618852615356445,17.526151657104492,24.315797805786133,112.30000305175781,62.528812408447266,37.75121307373047,65.35525512695312,81.31814575195312,21.79691505432129
2009-11-20,28.499662399291992,17.26410484313965,23.951190948486328,112.94000244140625,62.52205276489258,37.560977935791016,65.37077331542969,81.02935791015625,21.64170265197754
2009-11-23,29.095603942871094,17.620494842529297,24.428956985473633,114.29000091552734,62.43354797363281,38.1662483215332,65.36298370361328,82.05864715576172,21.91591453552246
2009-11-24,28.934341430664062,17.599531173706055,24.46039581298828,114.7300033569336,62.75356674194336,38.03657150268555,65.4173583984375,82.18449401855469,21.589969635009766
2009-11-25,29.270872116088867,17.798690795898438,24.793567657470703,116.62000274658203,62.964515686035156,38.20085525512695,65.44844055175781,82.4732894897461,21.67791748046875
2009-11-27,28.135089874267578,17.4632625579834,23.844322204589844,115.05999755859375,63.25048065185547,37.62152099609375,65.49503326416016,81.13304901123047,21.046730041503906
2009-11-30,28.408531188964844,17.054454803466797,23.91347312927246,115.63999938964844,63.35255813598633,37.664764404296875,65.5028076171875,81.40702056884766,21.833131790161133
2009-12-01,29.22179412841797,17.494707107543945,24.4918212890625,117.37999725341797,63.003231048583984,38.05384826660156,65.51921844482422,82.41404724121094,22.153898239135742
2009-12-02,29.34097671508789,17.64145851135254,24.53582763671875,119.18000030517578,62.87363052368164,38.10573959350586,65.4644775390625,82.3769760131836,22.51606559753418
2009-12-03,29.067543029785156,17.3898868560791,24.34095001220703,118.69999694824219,62.58024597167969,37.95009231567383,65.42538452148438,81.73278045654297,22.262557983398438
2009-12-04,29.333967208862305,17.43181610107422,24.391237258911133,113.75,62.116233825683594,38.148948669433594,65.26111602783203,82.19931030273438,22.919612884521484
2009-12-07,29.081571578979492,17.316509246826172,24.2906551361084,113.11000061035156,62.28684616088867,37.96737289428711,65.40196228027344,82.07344055175781,22.438453674316406
2009-12-08,28.541730880737305,16.918190002441406,23.731164932250977,110.94999694824219,62.505210876464844,37.73392105102539,65.4644775390625,81.16262817382812,22.309110641479492
2009-12-09,28.717010498046875,16.928668975830078,23.599159240722656,110.83999633789062,62.382354736328125,38.11436462402344,65.41753387451172,81.46622467041016,22.262557983398438
2009-12-10,28.885265350341797,16.960121154785156,23.611730575561523,110.81999969482422,62.17087936401367,38.30460739135742,65.39405822753906,81.92532348632812,22.17459487915039
2009-12-11,28.990434646606445,16.981081008911133,23.611730575561523,109.31999969482422,61.86381912231445,38.1576042175293,65.32367706298828,82.2733383178711,22.531587600708008
2009-12-14,29.186735153198242,17.232654571533203,23.88204574584961,110.23999786376953,61.86381912231445,38.520774841308594,65.25328826904297,82.8360824584961,22.940311431884766
2009-12-15,28.885265350341797,17.085899353027344,23.636871337890625,110.20999908447266,61.665992736816406,38.30460739135742,65.23761749267578,82.45106506347656,22.7126522064209
2009-12-16,29.053529739379883,17.22217559814453,23.919763565063477,111.58999633789062,61.665992736816406,38.35649108886719,65.28457641601562,82.5769271850586,22.878223419189453
2009-12-17,28.219221115112305,16.792407989501953,23.32254981994629,107.33999633789062,62.211788177490234,37.889564514160156,65.40969848632812,81.584716796875,22.738534927368164
2009-12-18,28.296344757080078,16.813365936279297,23.31625747680664,108.94999694824219,61.904762268066406,38.50709915161133,65.36280059814453,82.04629516601562,22.888565063476562
2009-12-21,28.26128578186035,16.771434783935547,23.53628921508789,106.94999694824219,61.270225524902344,38.94014358520508,65.26111602783203,82.88005065917969,23.198986053466797
2009-12-22,28.546113967895508,16.988842010498047,23.74349594116211,106.16999816894531,60.99730682373047,39.173988342285156,65.18292236328125,83.1778564453125,23.44215202331543
2009-12-23,28.828815460205078,17.105487823486328,23.946266174316406,106.55000305175781,60.97006607055664,39.45981979370117,65.18292236328125,83.34163665771484,23.72154426574707
2009-12-24,29.118589401245117,17.190326690673828,24.01597023010254,108.36000061035156,60.751670837402344,39.8235969543457,65.10469818115234,83.7362060546875,24.06426239013672
2009-12-28,29.2175350189209,17.17972183227539,24.0793399810791,108.55000305175781,60.587921142578125,40.03144836425781,65.01083374023438,83.91485595703125,24.1795597076416
2009-12-29,29.11290168762207,17.17972183227539,24.18073272705078,107.47000122070312,60.74785232543945,39.86688232421875,65.05390167236328,83.79573822021484,23.81796646118164
2009-12-30,29.240148544311523,17.296377182006836,23.99696159362793,106.93000030517578,60.85725021362305,39.988136291503906,65.03038024902344,83.76595306396484,23.854644775390625
2009-12-31,29.33912467956543,17.17972183227539,23.74349594116211,107.30999755859375,60.56329345703125,39.62436294555664,64.95211791992188,82.96198272705078,23.445890426635742
2010-01-04,30.194568634033203,17.50847625732422,24.383499145507812,109.80000305175781,60.71367645263672,40.20466995239258,65.03821563720703,84.36901092529297,23.346315383911133
2010-01-05,30.413721084594727,17.6251277923584,24.459545135498047,109.69999694824219,60.98030090332031,40.20466995239258,65.11651611328125,84.59233856201172,23.32011604309082
2010-01-06,30.47735023498535,17.635730743408203,24.560928344726562,111.51000213623047,60.7342414855957,39.96216583251953,65.12435150146484,84.65188598632812,23.278194427490234
2010-01-07,30.300607681274414,17.572101593017578,24.446866989135742,110.81999969482422,60.7342414855957,39.988136291503906,65.10873413085938,85.00920104980469,23.529747009277344
2010-01-08,30.54098129272461,17.66754150390625,24.655986785888672,111.37000274658203,60.809383392333984,40.317264556884766,65.17131805419922,85.29212188720703,23.356796264648438
2010-01-11,30.47735023498535,17.816009521484375,24.814393997192383,112.8499984741211,60.85036849975586,40.152706146240234,65.20269775390625,85.4112319946289,23.49306297302246
2010-01-12,29.98954963684082,17.68875503540039,24.45320701599121,110.48999786376953,61.28786849975586,39.65034866333008,65.2574462890625,84.61467742919922,23.100013732910156
2010-01-13,30.08145523071289,17.816009521484375,24.630630493164062,111.54000091552734,60.993953704833984,40.14402770996094,65.20269775390625,85.3293228149414,23.566423416137695
2010-01-14,30.00368309020996,17.86903190612793,24.68132209777832,112.02999877929688,61.281063079833984,40.178688049316406,65.26531219482422,85.56009674072266,23.545455932617188
2010-01-15,29.65726661682129,17.699356079101562,24.047664642333984,110.86000061035156,61.554447174072266,39.710994720458984,65.3200912475586,84.59978485107422,23.367286682128906
2010-01-19,30.2581844329834,17.95387840270996,24.30112075805664,111.5199966430664,61.44511795043945,40.35190200805664,65.33576965332031,85.65687561035156,23.844173431396484
2010-01-20,29.53000831604004,17.656938552856445,23.559736251831055,108.94000244140625,61.657012939453125,39.7716178894043,65.33576965332031,84.78589630126953,23.576900482177734
2010-01-21,28.639236450195312,17.1160945892334,22.82468032836914,107.37000274658203,61.88255310058594,39.39918518066406,65.39054107666016,83.1555404663086,22.900882720947266
2010-01-22,28.002965927124023,16.628271102905273,22.387449264526367,107.16999816894531,61.93728256225586,38.24726104736328,65.4453353881836,81.30181884765625,22.324426651000977
2010-01-25,28.207990646362305,16.99944305419922,22.69160270690918,107.4800033569336,61.80052185058594,38.377197265625,65.39054107666016,81.71869659423828,22.48163604736328
2010-01-26,27.62120246887207,16.88279151916504,22.602895736694336,107.55999755859375,61.9235725402832,38.41183853149414,65.39837646484375,81.37626647949219,22.272022247314453
2010-01-27,27.550512313842773,17.010046005249023,22.539531707763672,106.52999877929688,61.78010559082031,38.7149543762207,65.37489318847656,81.7634048461914,22.471166610717773
2010-01-28,27.35962677001953,16.56464385986328,22.045272827148438,106.4800033569336,61.75954818725586,37.71894454956055,65.40623474121094,80.82537841796875,22.27725601196289
2010-01-29,27.062702178955078,16.3631591796875,21.855167388916016,105.95999908447266,61.99880599975586,37.06071472167969,65.46892547607422,79.94692993164062,22.151498794555664
2010-02-01,27.79087257385254,16.447994232177734,22.28606414794922,108.3499984741211,61.7861442565918,37.46775817871094,65.44063568115234,81.19017791748047,22.55500602722168
2010-02-02,28.01710319519043,16.893390655517578,22.831008911132812,109.12999725341797,61.88905334472656,37.80555725097656,65.448486328125,82.17281341552734,22.86420249938965
2010-02-03,27.854507446289062,16.638877868652344,22.400117874145508,108.69999694824219,61.59415054321289,38.013423919677734,65.40145874023438,81.7634048461914,22.492130279541016
2010-02-04,26.596101760864258,15.991990089416504,21.227842330932617,104.37000274658203,62.101688385009766,36.91345977783203,65.4954833984375,79.23967742919922,21.65888786315918
2010-02-05,26.299177169799805,15.801102638244629,20.822296142578125,104.68000030517578,62.30054473876953,37.22523880004883,65.59738159179688,79.4034652709961,22.057165145874023
2010-02-08,26.037601470947266,15.589005470275879,20.61318016052246,104.04000091552734,62.245689392089844,36.956756591796875,65.55039978027344,78.83024597167969,21.575031280517578
2010-02-09,26.88596534729004,15.991990089416504,21.39893341064453,105.41000366210938,61.909664154052734,37.33785629272461,65.48767852783203,79.82035827636719,21.506916046142578
2010-02-10,26.81525993347168,15.938966751098633,21.27853775024414,105.12000274658203,61.73817825317383,37.25990295410156,65.41710662841797,79.66401672363281,21.548839569091797
2010-02-11,27.522232055664062,16.214691162109375,21.240516662597656,107.12999725341797,61.662742614746094,37.82288360595703,65.44063568115234,80.4978256225586,21.753215789794922
2010-02-12,27.175813674926758,16.066225051879883,20.9807071685791,107.04000091552734,61.8067512512207,37.900814056396484,65.4954833984375,80.43081665039062,22.00999641418457
2010-02-16,27.875715255737305,16.469205856323242,21.582687377929688,109.62000274658203,61.94390106201172,38.385833740234375,65.50336456298828,81.69641876220703,22.633615493774414
2010-02-17,27.974689483642578,16.511621475219727,21.51298713684082,109.25,61.6147346496582,38.60236358642578,65.448486328125,82.08350372314453,22.837995529174805
2010-02-18,28.080739974975586,16.56464385986328,21.67140769958496,109.9800033569336,61.39525604248047,38.84488296508789,65.4093246459961,82.56739807128906,23.178627014160156
2010-02-19,27.84035873413086,16.47980499267578,21.608036041259766,109.47000122070312,61.42953872680664,38.827571868896484,65.3857650756836,82.73863220214844,23.194345474243164
2010-02-22,27.875715255737305,16.47980499267578,21.57002067565918,109.06999969482422,61.38155746459961,38.749610900878906,65.4093246459961,82.75353240966797,23.25199317932129
2010-02-23,27.23237419128418,16.23590087890625,21.164474487304688,107.88999938964844,61.84791946411133,38.24726104736328,65.4641342163086,81.74850463867188,23.073814392089844
2010-02-24,27.493959426879883,16.373756408691406,21.234174728393555,107.36000061035156,61.882205963134766,38.63701248168945,65.4954833984375,82.50040435791016,23.309635162353516
2010-02-25,27.26772117614746,16.161663055419922,21.01873016357422,108.30999755859375,62.10853958129883,38.628353118896484,65.55039978027344,82.38873291015625,23.398733139038086
2010-02-26,27.54343032836914,16.22529411315918,21.202495574951172,109.43000030517578,62.20454025268555,38.76692199707031,65.57388305664062,82.44084167480469,23.388248443603516
2010-03-01,28.010038375854492,16.129854202270508,21.45595932006836,109.43000030517578,62.269203186035156,39.32990646362305,65.56210327148438,83.2969741821289,23.587390899658203
2010-03-02,28.328170776367188,16.246503829956055,21.728435516357422,111.0199966430664,62.30351638793945,39.45115280151367,65.56210327148438,83.52774810791016,23.597862243652344
2010-03-03,28.363525390625,16.6070613861084,22.007251739501953,111.62999725341797,62.241703033447266,39.49445724487305,65.55424499511719,83.60218811035156,23.53497314453125
2010-03-04,28.215055465698242,16.57525062561035,21.95022201538086,110.83000183105469,62.35173034667969,39.62436294555664,65.53074645996094,83.85526275634766,23.68172264099121
2010-03-05,28.950305938720703,16.957021713256836,22.495166778564453,110.80999755859375,62.055999755859375,40.221981048583984,65.47579193115234,85.05387115478516,24.32628631591797
2010-03-08,28.971515655517578,16.808551788330078,22.46982765197754,109.87999725341797,61.89094543457031,40.2999382019043,65.44442749023438,85.06880187988281,24.57259178161621
2010-03-09,29.134119033813477,16.6919002532959,22.45081901550293,109.72000122070312,62.04913330078125,40.52511978149414,65.49153137207031,85.21024322509766,24.63024139404297
2010-03-10,29.33912467956543,16.7767391204834,22.590221405029297,108.47000122070312,61.9459342956543,40.854244232177734,65.47579193115234,85.58988189697266,24.8503360748291
2010-03-11,29.346208572387695,16.957021713256836,22.69794273376465,108.5999984741211,61.89094543457031,41.01014709472656,65.39736938476562,85.94720458984375,24.997079849243164
2010-03-12,29.247224807739258,17.06307029724121,22.799341201782227,107.94999694824219,61.98720932006836,41.0188102722168,65.40522766113281,85.95465087890625,25.196210861206055
2010-03-15,29.035137176513672,16.893390655517578,22.65992546081543,108.36000061035156,61.98720932006836,40.91486740112305,65.42876434326172,85.97700500488281,25.138559341430664
2010-03-16,29.40982437133789,17.126697540283203,22.964086532592773,110.4000015258789,62.22792053222656,41.17470169067383,65.44442749023438,86.66189575195312,25.7464599609375
2010-03-17,29.72796058654785,17.243350982666016,23.03378677368164,109.58999633789062,62.30351638793945,41.287288665771484,65.46013641357422,87.17555236816406,26.129030227661133
2010-03-18,29.501737594604492,17.190326690673828,22.818340301513672,110.33999633789062,62.13849639892578,41.42588806152344,65.42093658447266,87.13090515136719,25.987516403198242
2010-03-19,29.11996841430664,16.93581199645996,22.545869827270508,108.27999877929688,62.055999755859375,41.17530059814453,65.37386322021484,86.68985748291016,25.704530715942383
2010-03-22,29.226028442382812,17.03125762939453,22.495166778564453,107.75,62.262237548828125,41.54812240600586,65.39736938476562,87.1533432006836,26.029449462890625
2010-03-23,29.431039810180664,17.126697540283203,22.653594970703125,108.31999969482422,62.13164520263672,41.83425521850586,65.37386322021484,87.76631164550781,25.956085205078125
2010-03-24,28.992717742919922,16.88279151916504,22.210023880004883,106.30000305175781,61.51274871826172,41.63483428955078,65.27188110351562,87.34021759033203,26.097562789916992
2010-03-25,28.914962768554688,16.8615779876709,22.34943199157715,106.77999877929688,61.2857666015625,41.574119567871094,65.29539489746094,87.19818878173828,26.161453247070312
2010-03-26,29.056352615356445,16.93581199645996,22.615570068359375,108.58999633789062,61.43022918701172,41.61748504638672,65.33463287353516,87.14586639404297,26.024181365966797
2010-03-29,29.579505920410156,17.126697540283203,22.799341201782227,108.75,61.34079360961914,41.81690979003906,65.3659896850586,87.69902801513672,26.103389739990234
2010-03-30,29.692630767822266,17.169116973876953,22.704282760620117,107.97000122070312,61.40272521972656,41.955631256103516,65.35030364990234,87.75884246826172,26.066423416137695
2010-03-31,29.777454376220703,17.253955841064453,22.76764678955078,108.94999694824219,61.5471305847168,41.75621032714844,65.39736938476562,87.45983123779297,25.770751953125
2010-04-01,30.55512237548828,17.58270263671875,23.17953109741211,110.26000213623047,61.419532775878906,41.75621032714844,65.37383270263672,88.0578384399414,25.902753829956055
2010-04-05,30.830839157104492,17.741777420043945,23.223892211914062,110.88999938964844,60.86785888671875,42.14638137817383,65.19322204589844,88.77545928955078,26.47296905517578
2010-04-06,30.922740936279297,17.678150177001953,23.08448600769043,111.02999877929688,61.0471305847168,42.26776123046875,65.24031066894531,88.9847412109375,27.080150604248047
2010-04-07,30.65409278869629,17.50847625732422,22.786659240722656,112.48999786376953,61.426422119140625,42.1637077331543,65.34242248535156,88.47642517089844,26.483518600463867
2010-04-08,30.760135650634766,17.519075393676758,22.748638153076172,112.6500015258789,61.357479095458984,42.25908279418945,65.32669830322266,88.78292083740234,26.51520538330078
2010-04-09,30.951021194458008,17.752382278442383,23.1605224609375,113.63999938964844,61.426422119140625,42.510536193847656,65.34242248535156,89.36599731445312,26.890077590942383
2010-04-12,30.703580856323242,17.73116683959961,23.394981384277344,113.01000213623047,61.591941833496094,42.54520797729492,65.37383270263672,89.50802612304688,26.72111701965332
2010-04-13,30.639949798583984,17.720569610595703,23.40765953063965,112.69000244140625,61.709144592285156,42.76197052001953,65.35813903808594,89.57527923583984,27.375823974609375
2010-04-14,31.092422485351562,17.98568344116211,23.661115646362305,113.02999877929688,61.54368209838867,43.27350616455078,65.35813903808594,90.59190368652344,27.418045043945312
2010-04-15,30.922740936279297,18.08112335205078,23.547056198120117,113.6500015258789,61.647090911865234,43.464256286621094,65.40522766113281,90.6666488647461,26.6683292388916
2010-04-16,30.017820358276367,17.762985229492188,22.95775032043457,111.23999786376953,62.0195198059082,42.94405746459961,65.50730895996094,89.2239761352539,26.055871963500977
2010-04-19,29.897647857666016,17.593311309814453,22.875375747680664,111.1500015258789,61.867820739746094,42.91802215576172,65.44446563720703,89.56034851074219,26.172021865844727
2010-04-20,30.251117706298828,17.837223052978516,23.122509002685547,111.45999908447266,61.89539337158203,43.13479995727539,65.45233154296875,90.36016845703125,26.615516662597656
2010-04-21,30.152143478393555,17.68875503540039,22.85002899169922,112.30999755859375,62.09539031982422,43.37754821777344,65.46018981933594,90.19573211669922,27.080150604248047
2010-04-22,30.279407501220703,17.529680252075195,22.5331974029541,111.83999633789062,61.95052719116211,43.62034225463867,65.41305541992188,90.46485900878906,27.497243881225586
2010-04-23,30.442001342773438,17.720569610595703,22.7423038482666,113.19000244140625,61.77817153930664,43.80241012573242,65.38953399658203,91.05538940429688,27.86156463623047
2010-04-26,30.442001342773438,17.73116683959961,22.653594970703125,112.75,61.81949996948242,43.70703125,65.38953399658203,90.71150207519531,28.08332061767578
2010-04-27,29.35327911376953,17.010046005249023,21.48130989074707,114.62999725341797,62.39884948730469,42.779327392578125,65.51519012451172,88.56613159179688,27.18573570251465
2010-04-28,29.600709915161133,17.03125762939453,21.310216903686523,114.30999755859375,62.08159255981445,42.805320739746094,65.49943542480469,89.2389144897461,27.27021598815918
2010-04-29,30.088520050048828,17.243350982666016,21.747447967529297,114.27999877929688,62.185001373291016,43.55097198486328,65.51519012451172,90.34520721435547,28.500398635864258
2010-04-30,29.72796058654785,16.88279151916504,21.639720916748047,115.36000061035156,62.564353942871094,42.69260787963867,65.59367370605469,88.81280517578125,27.613407135009766
2010-05-03,29.890573501586914,16.82976531982422,21.734769821166992,115.7300033569336,62.40037536621094,43.29086685180664,65.52922058105469,89.96399688720703,28.5320987701416
2010-05-04,28.519058227539062,16.49040985107422,20.689224243164062,114.87000274658203,62.822288513183594,41.99032211303711,65.56851196289062,87.84850311279297,27.882673263549805
2010-05-05,28.002965927124023,15.991990089416504,20.07456398010254,115.08999633789062,63.06449890136719,41.7735481262207,65.65493774414062,87.32524871826172,27.5078125
2010-05-06,26.857681274414062,15.239054679870605,18.914955139160156,118.48999786376953,63.756195068359375,40.37763977050781,65.79637908935547,84.42488098144531,26.377925872802734
2010-05-07,26.99907684326172,15.15420913696289,18.813575744628906,118.2699966430664,63.583248138427734,39.37187957763672,65.77286529541016,83.16902923583984,25.934425354003906
2010-05-10,28.943233489990234,15.97077751159668,20.606843948364258,117.56999969482422,63.099021911621094,41.41807556152344,65.68638610839844,86.83189392089844,27.64507484436035
2010-05-11,28.42007064819336,15.843520164489746,20.277339935302734,120.66000366210938,63.175113677978516,41.374725341796875,65.72569274902344,86.58521270751953,27.808767318725586
2010-05-12,28.7735595703125,15.981386184692383,20.58150291442871,121.4000015258789,63.016014099121094,42.1550407409668,65.70996856689453,87.79618072509766,28.25754165649414
2010-05-13,28.504915237426758,15.769287109375,20.22664451599121,120.55999755859375,63.18894958496094,41.48743438720703,65.74928283691406,86.7048110961914,27.7982120513916
2010-05-14,27.918132781982422,15.26026439666748,19.36486053466797,120.37000274658203,63.59709548950195,40.68975830078125,65.8357162475586,85.13502502441406,26.916465759277344
2010-05-17,27.748458862304688,15.366307258605957,19.510602951049805,119.36000061035156,63.458717346191406,40.81983184814453,65.81212615966797,85.17989349365234,26.953433990478516
2010-05-18,27.16874122619629,14.99514102935791,19.09238052368164,119.48999786376953,63.922157287597656,40.25624084472656,65.88288879394531,84.02120208740234,26.272335052490234
2010-05-19,26.907169342041016,14.99514102935791,19.33317756652832,116.62999725341797,63.97751998901367,39.93544006347656,65.8514175415039,83.54283142089844,26.02945899963379
2010-05-20,25.57099723815918,14.390667915344238,18.661489486694336,115.83999633789062,64.6001205444336,38.45282745361328,65.92999267578125,80.38829040527344,24.69367027282715
2010-05-21,26.398149490356445,14.772439002990723,19.25080108642578,115.22000122070312,64.63469696044922,38.87765884399414,65.88288879394531,81.56187438964844,25.522602081298828
2010-05-24,26.1224365234375,14.528533935546875,18.617130279541016,116.83999633789062,64.63469696044922,38.72159957885742,65.8750228881836,80.51533508300781,24.95237922668457
2010-05-25,25.839649200439453,14.486114501953125,18.515743255615234,117.36000061035156,64.85600280761719,38.75628662109375,65.86713409423828,80.59757995605469,25.15300750732422
2010-05-26,25.82550621032715,14.40127944946289,18.046831130981445,118.47000122070312,64.72457122802734,38.32277297973633,65.81212615966797,80.1116943359375,25.100217819213867
2010-05-27,27.387907028198242,15.313282012939453,19.326839447021484,118.69000244140625,64.10894012451172,39.770713806152344,65.76500701904297,82.79527282714844,26.47824478149414
2010-05-28,26.935434341430664,15.026952743530273,18.908618927001953,118.87999725341797,64.39949035644531,39.53662109375,65.89073944091797,81.7562484741211,26.140344619750977
2010-06-01,26.44056510925293,14.910303115844727,18.604461669921875,119.91000366210938,64.48273468017578,39.172454833984375,65.89153289794922,80.38076782226562,25.59651756286621
2010-06-02,27.36669921875,15.302679061889648,19.25080108642578,119.77999877929688,64.11506652832031,40.10020065307617,65.84436798095703,82.473876953125,26.098098754882812
2010-06-03,27.26772117614746,15.281471252441406,19.136735916137695,117.95999908447266,64.0249252319336,40.481666564941406,65.82860565185547,82.75792694091797,26.024181365966797
2010-06-04,26.299177169799805,14.687603950500488,18.046831130981445,119.19000244140625,64.91277313232422,39.094425201416016,65.97806549072266,79.85004425048828,24.551118850708008
2010-06-07,25.889137268066406,14.570948600769043,17.83138084411621,121.48999786376953,65.17637634277344,38.383460998535156,65.95443725585938,78.85586547851562,24.41912269592285
2010-06-08,26.482980728149414,14.66639232635498,18.034156799316406,121.0,64.97517395019531,38.31411361694336,65.94659423828125,79.70056915283203,24.857343673706055
2010-06-09,26.341588973999023,14.602767944335938,18.059505462646484,120.55999755859375,64.98217010498047,37.9932975769043,65.95443725585938,79.27447509765625,25.005178451538086
2010-06-10,27.260656356811523,15.175424575805664,18.971981048583984,118.97000122070312,64.37862396240234,39.07708740234375,65.86788940429688,81.59175109863281,26.08753776550293
2010-06-11,27.402048110961914,15.143611907958984,19.130403518676758,120.01000213623047,64.78791809082031,39.449913024902344,65.93872833251953,81.98795318603516,26.399051666259766
2010-06-14,27.40911102294922,15.270866394042969,19.33951187133789,119.5999984741211,64.73241424560547,39.44124221801758,65.95443725585938,81.86087799072266,26.726402282714844
2010-06-15,28.236268997192383,15.66324234008789,20.144271850585938,120.98999786376953,64.53128814697266,40.4990119934082,65.92294311523438,83.72222137451172,27.32302474975586
2010-06-16,28.236268997192383,15.642036437988281,19.998525619506836,120.33000183105469,64.71163177490234,40.66376495361328,65.93872833251953,83.69233703613281,27.074867248535156
2010-06-17,28.094871520996094,15.652632713317871,20.125259399414062,121.9000015258789,65.01685333251953,40.793800354003906,65.97806549072266,83.8268814086914,27.1329402923584
2010-06-18,28.222124099731445,15.642036437988281,20.144271850585938,122.83000183105469,64.88505554199219,40.82768249511719,65.98587799072266,83.91773986816406,27.0484676361084
2010-06-21,28.709938049316406,15.546588897705078,20.06822395324707,120.38999938964844,64.83649444580078,40.48023223876953,65.99381256103516,83.67742919921875,26.837270736694336
2010-06-22,28.15850830078125,15.387516021728516,19.802087783813477,121.44999694824219,65.22490692138672,40.16748046875,66.02528381347656,82.29541778564453,26.040029525756836
2010-06-23,28.23109245300293,15.582841873168945,19.916582107543945,120.94999694824219,65.46773529052734,40.002437591552734,66.07243347167969,82.04007720947266,26.10865592956543
2010-06-24,27.732940673828125,15.313054084777832,19.457317352294922,121.30000305175781,65.41221618652344,39.394378662109375,66.08824157714844,80.68059539794922,25.55596160888672
2010-06-25,28.0602970123291,15.269891738891602,19.528472900390625,122.76000213623047,65.51626586914062,39.40221405029297,66.11176300048828,81.01858520507812,26.200862884521484
2010-06-28,27.868144989013672,15.528881072998047,19.386159896850586,121.08999633789062,65.98104858398438,39.2629508972168,66.15110778808594,80.76319122314453,25.891733169555664
2010-06-29,26.736631393432617,14.78427505493164,18.564664840698242,121.2699966430664,66.26543426513672,37.748477935791016,66.18256378173828,78.26966094970703,25.044315338134766
2010-06-30,26.558717727661133,14.503700256347656,18.467628479003906,121.68000030517578,66.36254119873047,37.17403030395508,66.16681671142578,77.52607727050781,24.777833938598633
2010-07-01,26.750856399536133,14.676363945007324,18.92043113708496,117.04000091552734,66.33332824707031,37.06958770751953,66.14552307128906,77.18059539794922,24.69255256652832
2010-07-02,26.864723205566406,14.741114616394043,18.82986831665039,118.48999786376953,66.21513366699219,36.96512985229492,66.14552307128906,76.76000213623047,24.218204498291016
2010-07-06,27.362876892089844,14.946147918701172,19.269733428955078,116.51000213623047,66.37506103515625,37.07828140258789,66.14552307128906,77.26319122314453,23.67991065979004
2010-07-07,27.967784881591797,15.474929809570312,20.03301429748535,117.7300033569336,66.16645050048828,38.262020111083984,66.1377182006836,79.69669342041016,24.83112335205078
2010-07-08,28.10299301147461,15.593637466430664,20.246475219726562,117.20999908447266,66.0064697265625,38.47091293334961,66.14552307128906,80.48533630371094,25.140254974365234
2010-07-09,28.444583892822266,15.604421615600586,20.233535766601562,118.36000061035156,65.83259582519531,38.83646774291992,66.12195587158203,81.086181640625,25.460037231445312
2010-07-12,28.21685791015625,15.636800765991211,20.117111206054688,117.33999633789062,65.9438705444336,38.94960403442383,66.1297836303711,81.13876342773438,25.539974212646484
2010-07-13,28.544208526611328,16.02528953552246,20.653995513916016,118.36000061035156,65.6170654296875,39.45443344116211,66.08257293701172,82.36299133300781,26.16888427734375
2010-07-14,28.487276077270508,16.046875,20.653995513916016,118.30000305175781,65.9438705444336,39.654624938964844,66.15348052978516,82.3554916381836,26.01432991027832
2010-07-15,28.352067947387695,16.19795036315918,20.867454528808594,118.2300033569336,66.28461456298828,39.6894416809082,66.16915893554688,82.37803649902344,25.929048538208008
2010-07-16,27.505205154418945,15.744717597961426,20.233535766601562,116.66999816894531,66.66715240478516,38.59275817871094,66.23221588134766,80.10980224609375,25.08695411682129
2010-07-19,27.868144989013672,15.787879943847656,20.427597045898438,115.7300033569336,66.49324035644531,38.923500061035156,66.20853424072266,80.58300018310547,25.396081924438477
2010-07-20,28.522855758666992,15.917377471923828,20.388782501220703,116.6500015258789,66.56277465820312,39.393497467041016,66.23221588134766,81.47673034667969,25.87041664123535
2010-07-21,28.23109245300293,15.777091979980469,19.92952537536621,115.8499984741211,66.98706817626953,38.85386657714844,66.26366424560547,80.41767883300781,25.33212661743164
2010-07-22,29.085065841674805,16.27349090576172,20.854522705078125,116.86000061035156,66.61845397949219,39.83739471435547,66.24006652832031,82.21280670166016,26.28081703186035
2010-07-23,29.284334182739258,16.489328384399414,21.06151008605957,116.08999633789062,66.40288543701172,40.08981704711914,66.20853424072266,82.92630767822266,26.61658477783203
2010-07-26,29.48359489440918,16.564863204956055,21.307315826416016,115.5199966430664,66.3819580078125,40.420555114746094,66.18496704101562,83.79004669189453,27.282791137695312
2010-07-27,29.433765411376953,16.759109497070312,21.42374610900879,113.51000213623047,66.15251922607422,40.40314865112305,66.14552307128906,83.78256225585938,27.277463912963867
2010-07-28,29.270097732543945,16.59723663330078,21.274972915649414,113.77999877929688,66.43762969970703,40.08110427856445,66.20853424072266,83.24178314208984,27.224172592163086
2010-07-29,29.319910049438477,16.59723663330078,21.333179473876953,114.29000091552734,66.57669067382812,39.78519058227539,66.26366424560547,82.83619689941406,26.9950008392334
2010-07-30,29.46224021911621,16.6080322265625,21.242633819580078,115.48999786376953,66.96617126464844,39.87221908569336,66.29515075683594,82.82115173339844,27.154876708984375
2010-08-02,30.22370719909668,17.190765380859375,22.141756057739258,115.54000091552734,66.7591323852539,40.62075424194336,66.28016662597656,84.69137573242188,28.066253662109375
2010-08-03,30.081377029418945,17.266305923461914,22.148223876953125,115.98999786376953,67.07290649414062,40.446678161621094,66.32745361328125,84.2857666015625,27.794443130493164
2010-08-04,30.12407112121582,17.277097702026367,22.141756057739258,116.72000122070312,66.79397583007812,40.85574722290039,66.27227783203125,84.84906768798828,27.99164390563965
2010-08-05,29.988866806030273,17.179977416992188,22.096473693847656,116.9800033569336,67.11475372314453,40.760009765625,66.35108184814453,84.75894927978516,27.6398868560791
2010-08-06,29.946163177490234,17.277097702026367,22.109413146972656,117.83999633789062,67.55397033691406,40.69906234741211,66.3668441772461,84.4134750366211,27.51197052001953
2010-08-09,30.102718353271484,17.341848373413086,22.154693603515625,117.4000015258789,67.54010009765625,40.97761535644531,66.32745361328125,84.86410522460938,27.826435089111328
2010-08-10,29.68996810913086,17.233930587768555,21.93476104736328,117.7300033569336,67.88174438476562,40.62075424194336,66.35896301269531,84.40591430664062,27.554622650146484
2010-08-11,28.74347686767578,16.489328384399414,20.738086700439453,117.33999633789062,68.2652359008789,39.51536178588867,66.37477111816406,82.0926284790039,26.86707305908203
2010-08-12,28.793283462524414,16.55406951904297,20.61517906188965,118.7699966430664,68.09095764160156,39.20201873779297,66.35896301269531,81.58940124511719,26.531307220458984
2010-08-13,28.949859619140625,16.59723663330078,20.453466415405273,118.73999786376953,68.38385009765625,38.923500061035156,66.35108184814453,81.34906005859375,26.531307220458984
2010-08-16,29.220285415649414,16.651195526123047,20.518152236938477,119.7300033569336,68.87890625,38.993133544921875,66.41416931152344,81.31150817871094,26.509984970092773
2010-08-17,29.526287078857422,16.791484832763672,20.899797439575195,119.75,68.53019714355469,39.48923873901367,66.39837646484375,82.31043243408203,27.117570877075195
2010-08-18,29.504932403564453,16.73752784729004,20.84804916381836,120.22000122070312,68.46047973632812,39.645904541015625,66.41416931152344,82.46068572998047,27.144229888916016
2010-08-19,29.277210235595703,16.370620727539062,20.37584686279297,120.38999938964844,68.76732635498047,39.04533767700195,66.42989349365234,81.02607727050781,26.451358795166016
2010-08-20,29.19180679321289,16.27349090576172,20.026546478271484,119.97000122070312,68.54419708251953,39.097564697265625,66.4062271118164,80.76319122314453,26.366086959838867
2010-08-23,28.928512573242188,16.338245391845703,19.981266021728516,119.77999877929688,68.63482666015625,38.714622497558594,66.41416931152344,80.45529174804688,26.227510452270508
2010-08-24,28.558446884155273,16.046875,19.664308547973633,120.36000061035156,69.17871856689453,37.99220657348633,66.46141052246094,79.26106262207031,26.12091636657715
2010-08-25,28.3734073638916,16.02528953552246,19.6449031829834,121.36000061035156,68.86492156982422,38.35776138305664,66.39837646484375,79.56903076171875,26.536632537841797
2010-08-26,28.195507049560547,16.079248428344727,19.586688995361328,120.95999908447266,69.17871856689453,37.896453857421875,66.39837646484375,79.03572845458984,26.37673568725586
2010-08-27,28.81464195251465,16.370620727539062,20.039485931396484,121.01000213623047,68.38385009765625,38.35776138305664,66.35108184814453,80.260009765625,26.81377601623535
2010-08-30,28.337841033935547,16.079248428344727,19.619028091430664,120.91000366210938,68.90682983398438,37.957374572753906,66.42989349365234,79.0958251953125,26.605926513671875
2010-08-31,28.508630752563477,16.14399528503418,19.76133918762207,122.08000183105469,69.21363830566406,37.826820373535156,66.45347595214844,79.0958251953125,26.808448791503906
2010-09-01,29.51206398010254,16.683568954467773,20.576372146606445,121.69000244140625,68.7151870727539,38.95832824707031,66.41410827636719,81.46173095703125,27.682519912719727
2010-09-02,29.561870574951172,16.759109497070312,20.80276870727539,122.29000091552734,68.42855072021484,39.393497467041016,66.3983383178711,82.2203140258789,28.034284591674805
2010-09-03,29.91057586669922,16.99652099609375,21.04857063293457,121.86000061035156,68.03711700439453,40.046295166015625,66.36675262451172,83.28682708740234,28.444686889648438
2010-09-07,29.476476669311523,16.715944290161133,20.518152236938477,122.69999694824219,68.5753402709961,39.776485443115234,66.4377670288086,82.34799194335938,28.007631301879883
2010-09-08,29.796709060668945,16.910186767578125,20.653995513916016,122.70999908447266,68.38660430908203,40.255191802978516,66.39043426513672,82.92630767822266,28.066253662109375
2010-09-09,29.967510223388672,17.0612735748291,20.809236526489258,121.55999755859375,67.84839630126953,40.411865234375,66.31948852539062,83.30937194824219,27.74114990234375
2010-09-10,30.074256896972656,17.104433059692383,20.945079803466797,121.7300033569336,67.65265655517578,40.55983352661133,66.31153106689453,83.72998809814453,27.890371322631836
2010-09-13,30.793020248413086,17.341848373413086,21.42374610900879,121.62000274658203,67.97422790527344,41.125579833984375,66.36675262451172,84.66129302978516,28.348751068115234
2010-09-14,30.77879524230957,17.44976234436035,21.6178035736084,124.0199966430664,68.31674194335938,41.29963302612305,66.41410827636719,84.60875701904297,28.242145538330078
2010-09-15,30.821489334106445,17.536090850830078,21.6630802154541,123.94000244140625,68.07901763916016,41.560768127441406,66.4299087524414,84.93169403076172,28.487300872802734
2010-09-16,30.664926528930664,17.557674407958984,21.68248748779297,124.62999725341797,67.84137725830078,41.72612762451172,66.44566345214844,84.90917205810547,28.33807945251465
2010-09-17,30.615100860595703,17.41738510131836,21.481962203979492,124.54000091552734,67.99517059326172,41.86747360229492,66.46137237548828,84.94087219238281,28.423355102539062
2010-09-20,31.09903335571289,17.69796371459961,21.863609313964844,124.87000274658203,68.2048568725586,42.60029983520508,66.4693374633789,86.23966979980469,29.116214752197266
2010-09-21,31.006519317626953,17.611635208129883,22.01238250732422,126.01000213623047,68.84105682373047,42.591575622558594,66.51664733886719,86.06599426269531,28.689836502075195
2010-09-22,31.02786636352539,17.633216857910156,22.057666778564453,126.19999694824219,68.94586944580078,42.4781494140625,66.50867462158203,85.64309692382812,28.300771713256836
2010-09-23,30.828598022460938,17.44976234436035,21.69542694091797,126.30000305175781,69.04371643066406,42.46071243286133,66.51664733886719,84.94844055175781,27.602581024169922
2010-09-24,31.397926330566406,17.924583435058594,22.51045799255371,126.69000244140625,68.701171875,43.324424743652344,66.50867462158203,86.70027923583984,28.38341522216797
2010-09-27,31.340986251831055,17.85983657836914,22.316408157348633,126.72000122070312,69.23251342773438,43.08884048461914,66.5245132446289,86.28494262695312,28.033872604370117
2010-09-28,31.5687198638916,17.881423950195312,22.549272537231445,127.8499984741211,69.46318054199219,43.0714111328125,66.5402603149414,86.5870132446289,28.146785736083984
2010-09-29,31.675457000732422,17.795087814331055,22.45224380493164,127.94999694824219,69.29534912109375,43.0015983581543,66.5245132446289,86.43600463867188,27.92630386352539
2010-09-30,31.860488891601562,17.654800415039062,22.400497436523438,127.91000366210938,69.21145629882812,42.809688568115234,66.53241729736328,86.1792221069336,28.006975173950195
2010-10-01,32.3301887512207,17.9461669921875,22.56867790222168,128.91000366210938,69.24866485595703,42.75733184814453,66.54424285888672,86.54169464111328,28.146785736083984
2010-10-04,32.23054885864258,17.82746124267578,22.193504333496094,128.4600067138672,69.49391174316406,42.29494094848633,66.55211639404297,85.89231872558594,28.404926300048828
2010-10-05,32.81410598754883,18.172788619995117,22.995601654052734,130.99000549316406,69.50787353515625,43.324424743652344,66.58372497558594,87.62144470214844,28.856658935546875
2010-10-06,32.79986572265625,18.269912719726562,23.170244216918945,131.80999755859375,69.95634460449219,42.94926834106445,66.59156799316406,87.6139144897461,28.700714111328125
2010-10-07,32.508094787597656,18.19437599182129,23.196128845214844,130.3699951171875,70.02640533447266,43.10630798339844,66.6468505859375,87.50821685791016,28.78137969970703
2010-10-08,32.899497985839844,18.31307601928711,23.28668785095215,131.66000366210938,70.05438232421875,43.402923583984375,66.6468505859375,87.9990005493164,28.862024307250977
2010-10-11,32.87815856933594,18.269912719726562,23.170244216918945,132.2899932861328,70.12445831298828,43.42038345336914,66.6546859741211,88.08206176757812,28.856658935546875
2010-10-12,32.74293899536133,18.20516586303711,23.26080894470215,131.9600067138672,69.92131042480469,43.71698760986328,66.60739135742188,88.3539047241211,29.061012268066406
2010-10-13,33.347835540771484,18.442577362060547,23.668323516845703,134.07000732421875,69.92131042480469,44.0746955871582,66.61522674560547,89.0410385131836,29.362152099609375
2010-10-14,33.29090881347656,18.52890396118164,23.881790161132812,134.75,69.52191162109375,43.987449645996094,66.58372497558594,88.69367980957031,29.286869049072266
2010-10-15,33.248207092285156,18.50732421875,23.79122543334961,133.67999267578125,69.22061920166016,44.92093276977539,66.60739135742188,88.87493896484375,29.249223709106445
2010-10-18,33.262447357177734,18.5612850189209,24.58038330078125,134.27999877929688,69.54991912841797,44.75518035888672,66.62310791015625,89.31290435791016,29.625652313232422
2010-10-19,32.20920181274414,18.108036041259766,23.26080894470215,130.11000061035156,69.7881851196289,44.33641815185547,66.6546859741211,88.14250946044922,29.25999641418457
2010-10-20,32.72159194946289,18.323867797851562,23.79769515991211,131.32000732421875,69.74605560302734,44.65921401977539,66.66259765625,89.0033187866211,29.899927139282227
2010-10-21,32.72159194946289,18.21595573425293,23.849441528320312,129.47000122070312,69.36074829101562,44.746437072753906,66.67046356201172,89.19961547851562,29.867658615112305
2010-10-22,32.75716018676758,18.280702590942383,23.965879440307617,129.72999572753906,69.38172912597656,45.05180740356445,66.6546859741211,89.36572265625,29.8837947845459
2010-10-25,33.112998962402344,18.2914981842041,24.03057098388672,130.85000610351562,69.36074829101562,45.26990509033203,66.67046356201172,89.6299819946289,29.93756866455078
2010-10-26,33.084537506103516,18.323867797851562,23.804162979125977,130.8800048828125,68.89833068847656,45.39204788208008,66.60739135742188,89.6451187133789,29.72246742248535
2010-10-27,32.52232360839844,18.118831634521484,23.513076782226562,129.52000427246094,68.49889373779297,45.53163528442383,66.5757827758789,89.3884048461914,29.51272201538086
2010-10-28,32.728702545166016,18.334659576416016,23.784761428833008,131.24000549316406,68.89833068847656,45.627601623535156,66.66259765625,89.40351104736328,29.329883575439453
2010-10-29,32.821224212646484,18.399404525756836,23.758888244628906,132.6199951171875,69.20658111572266,45.522911071777344,66.67837524414062,89.47145080566406,29.335268020629883
2010-11-01,33.18415832519531,18.474952697753906,23.545427322387695,131.9199981689453,69.0906982421875,45.55779266357422,66.70761108398438,89.50167846679688,29.588022232055664
2010-11-02,33.59691619873047,18.67998695373535,24.043495178222656,132.49000549316406,69.32247161865234,46.046363830566406,66.6680908203125,90.21147155761719,29.79237174987793
2010-11-03,33.80329513549805,18.80948257446289,24.134063720703125,131.57000732421875,69.54722595214844,46.2557487487793,66.69176483154297,90.57389068603516,29.79237174987793
2010-11-04,34.57187271118164,19.370635986328125,24.56098747253418,136.02999877929688,70.10909271240234,46.82282638549805,66.70761108398438,92.31816101074219,30.480710983276367
2010-11-05,34.5078239440918,19.273517608642578,24.23108673095703,136.3800048828125,69.81413269042969,46.82282638549805,66.65230560302734,92.66554260253906,30.808753967285156
2010-11-08,34.3654899597168,19.100854873657227,24.01115608215332,137.77999877929688,69.83514404296875,46.883888244628906,66.62077331542969,92.49183654785156,30.642047882080078
2010-11-09,33.931400299072266,18.906606674194336,23.79122543334961,135.58999633789062,69.24517822265625,46.630889892578125,66.53387451171875,91.8273696899414,29.399799346923828
2010-11-10,34.18046951293945,18.982147216796875,23.739477157592773,137.24000549316406,69.50505065917969,46.86643600463867,66.57334899902344,92.19737243652344,29.765491485595703
2010-11-11,33.84598922729492,18.97135353088379,23.36429786682129,137.66000366210938,69.42782592773438,46.56982421875,66.47061157226562,91.85001373291016,29.52886199951172
2010-11-12,33.027587890625,18.852645874023438,23.241395950317383,133.69000244140625,68.8519287109375,45.81082534790039,66.47061157226562,90.76268005371094,29.254623413085938
2010-11-15,33.013362884521484,18.787899017333984,23.234926223754883,132.4199981689453,67.96691131591797,45.63633728027344,66.43119049072266,90.63430786132812,28.974966049194336
2010-11-16,32.14515686035156,18.21595573425293,22.672178268432617,130.97000122070312,68.4726333618164,44.88604736328125,66.46275329589844,89.2222671508789,27.980091094970703
2010-11-17,32.308834075927734,18.302284240722656,22.846826553344727,130.3800048828125,68.27599334716797,45.01689910888672,66.50227355957031,89.26759338378906,28.195201873779297
2010-11-18,33.07740783691406,18.7231502532959,23.40311622619629,132.08999633789062,68.11444854736328,45.74101257324219,66.51013946533203,90.5814437866211,28.447952270507812
2010-11-19,33.0987663269043,18.62603187561035,23.551891326904297,132.1999969482422,68.25489807128906,45.77590560913086,66.47061157226562,90.83062744140625,28.59852409362793
2010-11-22,32.99913024902344,18.399404525756836,23.170244216918945,133.47999572753906,68.62013244628906,46.15977478027344,66.53387451171875,90.75513458251953,28.673812866210938
2010-11-23,31.953014373779297,17.849050521850586,22.271129608154297,134.41000366210938,68.76055145263672,45.42693328857422,66.57334899902344,89.44122314453125,28.447952270507812
2010-11-24,32.693119049072266,18.09724998474121,22.44577407836914,134.17999267578125,68.0231704711914,46.34297180175781,66.45484161376953,90.76268005371094,28.9964656829834
2010-11-26,31.881845474243164,17.903003692626953,22.02532196044922,133.11000061035156,68.31810760498047,46.037635803222656,66.50227355957031,89.70552825927734,28.937326431274414
2010-11-29,32.130924224853516,17.611635208129883,21.546648025512695,133.50999450683594,68.46553802490234,46.00273895263672,66.49437713623047,89.97737121582031,28.921188354492188
2010-11-30,31.867605209350586,17.438974380493164,21.126192092895508,135.4199981689453,68.58502197265625,45.44438934326172,66.54176330566406,89.47145080566406,28.792129516601562
2010-12-01,32.77851104736328,17.903003692626953,21.928293228149414,135.3800048828125,67.68311309814453,46.404056549072266,66.44218444824219,91.37429809570312,28.958843231201172
2010-12-02,33.426116943359375,18.22674560546875,22.50399398803711,135.1999969482422,67.51411437988281,46.87516403198242,66.44218444824219,92.5447006225586,29.40518569946289
2010-12-03,33.54710388183594,18.431781768798828,22.83388328552246,138.07000732421875,67.52113342285156,46.9973030090332,66.52909088134766,92.79389190673828,29.399799346923828
2010-12-06,33.49017333984375,18.4533634185791,22.536333084106445,139.11000061035156,67.94359588623047,46.97983932495117,66.56864166259766,92.69569396972656,29.458953857421875
2010-12-07,33.33360290527344,18.550487518310547,22.70451545715332,136.5,66.81707000732422,47.00602340698242,66.4500961303711,92.74858093261719,29.52347755432129
2010-12-08,33.120113372802734,18.63681983947754,22.85976219177246,134.7899932861328,66.24674224853516,47.180503845214844,66.34730529785156,93.08834838867188,29.087890625
2010-12-09,33.006248474121094,18.65840721130371,22.885637283325195,135.3699951171875,66.38756561279297,47.2241325378418,66.3393783569336,93.45085144042969,28.82976722717285
2010-12-10,33.15569305419922,18.766315460205078,22.9244441986084,135.41000366210938,65.82432556152344,47.5381965637207,66.31570434570312,93.99451446533203,29.017980575561523
2010-12-13,33.36918258666992,18.906606674194336,23.21552848815918,136.0500030517578,66.03556823730469,47.372432708740234,66.35525512695312,94.05487823486328,29.06637954711914
2010-12-14,33.41900634765625,18.885021209716797,23.202592849731445,136.17999267578125,65.3385009765625,47.45968246459961,66.32357788085938,94.13795471191406,28.78137969970703
2010-12-15,32.87815856933594,18.58286476135254,22.76273536682129,134.6999969482422,65.07086944580078,47.250301361083984,66.29988861083984,93.70755767822266,28.507099151611328
2010-12-16,32.97066116333008,18.690780639648438,22.898569107055664,133.80999755859375,65.45823669433594,47.61671829223633,66.31570434570312,94.251220703125,28.555509567260742
2010-12-17,33.020477294921875,18.593658447265625,22.736860275268555,134.1999969482422,66.02145385742188,47.65868377685547,66.37103271484375,94.3521957397461,28.792129516601562
2010-12-20,32.87103271484375,18.593658447265625,22.717451095581055,135.11000061035156,66.01445007324219,47.69366455078125,66.3868179321289,94.57991027832031,29.136293411254883
2010-12-21,33.350852966308594,18.715736389160156,22.92873764038086,135.32000732421875,66.15524291992188,47.98209762573242,66.37103271484375,95.1795654296875,29.442827224731445
2010-12-22,33.465599060058594,18.78114128112793,22.915700912475586,135.0500030517578,65.97217559814453,47.973365783691406,66.35525512695312,95.47557830810547,29.66868019104004
2010-12-23,33.42974853515625,18.80293846130371,22.896137237548828,134.66000366210938,65.73983764648438,47.85099411010742,66.26823425292969,95.3389892578125,29.53424072265625
2010-12-27,33.32217025756836,18.693939208984375,22.70049476623535,135.02000427246094,65.99329376220703,47.87720489501953,66.30777740478516,95.3769302368164,29.90121078491211
2010-12-28,33.350852966308594,18.67213249206543,22.635290145874023,137.22000122070312,65.30006408691406,47.789798736572266,66.21919250488281,95.51358032226562,30.020814895629883
2010-12-29,33.77783203125,18.82474136352539,22.83744239807129,137.7100067138672,66.03421783447266,47.89470672607422,66.37738800048828,95.5818862915039,30.080610275268555
2010-12-30,33.950069427490234,18.748443603515625,22.739622116088867,137.02999877929688,65.90011596679688,47.781063079833984,66.35369110107422,95.4300537109375,30.16216278076172
2010-12-31,34.18687057495117,18.933746337890625,23.000478744506836,138.72000122070312,66.2319107055664,47.606231689453125,66.43279266357422,95.45282745361328,30.102375030517578
2011-01-03,34.516971588134766,18.879241943359375,23.130897521972656,138.0,66.02720642089844,48.34925079345703,66.41693115234375,96.43961334228516,30.662330627441406
2011-01-04,34.674842834472656,19.0754451751709,23.08525276184082,134.75,66.18244171142578,48.31429672241211,66.40116882324219,96.38648223876953,30.075185775756836
2011-01-05,34.5887336730957,19.031843185424805,22.857006072998047,134.3699951171875,65.469482421875,48.725135803222656,66.28253173828125,96.88745880126953,30.18389892578125
2011-01-06,34.222747802734375,18.86834144592285,22.48529624938965,133.8300018310547,65.80834197998047,48.882484436035156,66.35369110107422,96.69770812988281,29.90121078491211
2011-01-07,33.9069938659668,18.79203987121582,22.23749351501465,133.5800018310547,66.24603271484375,48.83878707885742,66.44857025146484,96.50792694091797,29.912080764770508
2011-01-10,33.55536651611328,18.82474136352539,22.03533172607422,134.1199951171875,66.471923828125,49.0223503112793,66.48021697998047,96.38648223876953,29.906660079956055
2011-01-11,33.9141845703125,18.955541610717773,22.244009017944336,134.91000366210938,66.21076202392578,49.09230422973633,66.440673828125,96.72805786132812,29.841402053833008
2011-01-12,34.59589767456055,19.337053298950195,23.117855072021484,135.4600067138672,66.02011108398438,49.44195556640625,66.440673828125,97.60102844238281,29.966463088989258
2011-01-13,34.29451370239258,19.238948822021484,23.470006942749023,134.0500030517578,66.4648666381836,49.459442138671875,66.46442413330078,97.44157409667969,30.06431007385254
2011-01-14,34.39498519897461,19.380651473999023,23.802587509155273,132.69000244140625,66.28132629394531,49.826568603515625,66.46442413330078,98.14751434326172,30.265464782714844
2011-01-18,34.34474182128906,19.60955810546875,23.926488876342773,133.42999267578125,66.11891174316406,49.96642303466797,66.44857025146484,98.31455993652344,30.52641487121582
2011-01-19,34.0792350769043,19.36975860595703,23.893890380859375,133.72000122070312,66.28839874267578,49.398250579833984,66.48021697998047,97.35052490234375,30.124109268188477
2011-01-20,33.70606994628906,18.999141693115234,23.946063995361328,131.1999969482422,65.77305603027344,49.0485725402832,66.40908813476562,97.2214584350586,30.129545211791992
2011-01-21,33.35444259643555,19.12994384765625,24.337331771850586,131.02999877929688,65.99187469482422,48.67269515991211,66.4248275756836,97.44157409667969,30.151296615600586
2011-01-24,33.612789154052734,19.337053298950195,24.513404846191406,130.36000061035156,65.99897003173828,49.34578323364258,66.41693115234375,97.99571990966797,30.303516387939453
2011-01-25,33.411865234375,19.086347579956055,24.47428321838379,130.10000610351562,66.33075714111328,49.41571044921875,66.46442413330078,98.04882049560547,30.656885147094727
2011-01-26,33.70606994628906,19.2934513092041,24.539493560791016,131.16000366210938,65.92837524414062,49.67796325683594,66.44857025146484,98.42837524414062,30.70582389831543
2011-01-27,33.59126281738281,19.31524658203125,24.83946990966797,127.93000030517578,66.17540740966797,49.98390197753906,66.49607849121094,98.67125701904297,31.189678192138672
2011-01-28,32.52919387817383,18.857439041137695,24.15473747253418,130.27999877929688,66.47897338867188,48.716392517089844,66.52767944335938,96.94821166992188,30.673198699951172
2011-01-31,32.87364959716797,19.140851974487305,24.461238861083984,129.8699951171875,66.2177734375,48.95241928100586,66.51976776123047,97.67691040039062,31.0809326171875
2011-02-01,33.670188903808594,19.62045669555664,25.152488708496094,130.8000030517578,65.90995788574219,49.870277404785156,66.44693756103516,99.2405776977539,31.157066345214844
2011-02-02,33.41903305053711,19.740365982055664,25.009017944335938,130.4499969482422,65.75421142578125,49.791595458984375,66.40736389160156,99.05081939697266,31.157066345214844
2011-02-03,33.3759765625,19.740365982055664,24.806869506835938,132.1999969482422,65.37911224365234,49.879024505615234,66.343994140625,99.27094268798828,31.244047164916992
2011-02-04,33.36879348754883,19.71856117248535,24.722084045410156,131.66000366210938,64.97574615478516,50.15875244140625,66.28861999511719,99.55181121826172,31.015718460083008
2011-02-07,33.411865234375,19.871166229248047,24.845993041992188,131.67999267578125,64.94740295410156,50.394771575927734,66.2569580078125,100.17425537109375,31.32016372680664
2011-02-08,33.426204681396484,20.03466796875,25.100322723388672,133.13999938964844,64.50151824951172,50.72694396972656,66.1698226928711,100.62968444824219,31.456064224243164
2011-02-09,32.658355712890625,19.947467803955078,25.250314712524414,133.07000732421875,64.86957550048828,50.639530181884766,66.21736145019531,100.40196228027344,31.47780990600586
2011-02-10,32.349788665771484,19.860265731811523,24.937286376953125,132.85000610351562,64.65727233886719,50.71820068359375,66.18568420410156,100.43990325927734,31.608299255371094
2011-02-11,32.74448013305664,19.892961502075195,24.904682159423828,132.32000732421875,64.95449829101562,51.08533477783203,66.18568420410156,101.03956604003906,31.814891815185547
2011-02-14,32.579429626464844,19.9256649017334,24.793813705444336,132.9499969482422,64.97574615478516,51.207725524902344,66.18568420410156,101.282470703125,31.82032585144043
2011-02-15,32.64400863647461,19.882064819335938,24.761220932006836,133.97000122070312,65.12435150146484,51.13779067993164,66.21736145019531,100.96366882324219,31.700716018676758
2011-02-16,32.916690826416016,20.023771286010742,25.06770896911621,134.10000610351562,65.03234100341797,51.469970703125,66.20943450927734,101.6012954711914,31.771394729614258
2011-02-17,33.031517028808594,20.143674850463867,25.198143005371094,135.0399932861328,65.27301788330078,51.452476501464844,66.28861999511719,101.90491485595703,31.80401611328125
2011-02-18,33.23246765136719,20.198171615600586,25.30248260498047,135.41000366210938,65.25879669189453,51.3388557434082,66.31233978271484,102.11748504638672,31.929058074951172
2011-02-22,32.1703987121582,19.63136100769043,24.519927978515625,136.2899932861328,65.888671875,49.8527946472168,66.38358306884766,100.0679702758789,31.651792526245117
2011-02-23,32.199100494384766,19.59865379333496,24.539493560791016,137.50999450683594,65.72593688964844,49.44195556640625,66.3677749633789,99.45315551757812,31.38539695739746
2011-02-24,32.27804183959961,19.53325653076172,24.591663360595703,136.47999572753906,65.89574432373047,49.70417404174805,66.3994369506836,99.38484191894531,31.14618682861328
2011-02-25,32.66554260253906,19.860265731811523,24.86556053161621,137.3800048828125,66.10810852050781,50.394771575927734,66.41524505615234,100.447509765625,31.755084991455078
2011-02-28,32.85928726196289,20.012868881225586,25.178577423095703,137.66000366210938,66.07978820800781,50.49967575073242,66.43904876708984,101.0699234008789,32.543392181396484
2011-03-01,32.52201843261719,19.58775520324707,24.71556282043457,140.02999877929688,66.15499877929688,49.68670654296875,66.47943115234375,99.38484191894531,31.5756778717041
2011-03-02,32.9669303894043,19.75126075744629,24.88512420654297,139.9199981689453,65.80736541748047,49.948951721191406,66.44776916503906,99.59734344482422,31.287538528442383
2011-03-03,33.61995315551758,20.07826805114746,25.276399612426758,138.08999633789062,65.36045837402344,50.93674087524414,66.31301879882812,101.31282806396484,31.738780975341797
2011-03-04,33.65583801269531,19.969268798828125,24.956851959228516,139.35000610351562,65.82868194580078,50.67448425292969,66.46357727050781,100.55379486083984,31.434335708618164
2011-03-07,33.182228088378906,19.75126075744629,24.859033584594727,139.72000122070312,65.6655502319336,49.9926643371582,66.41603088378906,99.76434326171875,31.206003189086914
2011-03-08,33.627140045166016,19.794862747192383,24.911211013793945,139.36000061035156,65.50944519042969,50.193687438964844,66.39229583740234,100.63728332519531,31.646360397338867
2011-03-09,33.69171905517578,19.773061752319336,24.898160934448242,139.41000366210938,65.89253234863281,49.8527946472168,66.43982696533203,100.49305725097656,31.613731384277344
2011-03-10,32.69424819946289,19.21714973449707,24.337331771850586,137.77000427246094,66.45294189453125,49.07481384277344,66.51114654541016,98.63331604003906,31.129873275756836
2011-03-11,33.031517028808594,19.271648406982422,24.454713821411133,138.22000122070312,66.29683685302734,49.38075637817383,66.51901245117188,99.31651306152344,31.445199966430664
2011-03-14,33.22528076171875,19.238948822021484,24.356891632080078,138.86000061035156,66.44580078125,49.20592498779297,66.55863189697266,98.71680450439453,31.129873275756836
2011-03-15,32.672725677490234,18.86834144592285,23.796070098876953,136.27000427246094,66.68701171875,48.50661087036133,66.52698516845703,97.58580017089844,30.9667911529541
2011-03-16,32.00533676147461,18.2579288482666,22.915700912475586,136.24000549316406,67.25450134277344,47.33524703979492,66.64584350585938,95.77925872802734,30.51009750366211
2011-03-17,32.40003204345703,18.78114128112793,23.711294174194336,136.97000122070312,67.0487289428711,47.7723388671875,66.61412048339844,97.04688262939453,30.74387550354004
2011-03-18,32.457427978515625,19.02094268798828,24.06344223022461,138.3699951171875,67.0062255859375,47.664642333984375,66.58247375488281,97.39984893798828,31.053770065307617
2011-03-21,33.081748962402344,19.358854293823242,24.80034065246582,139.13999938964844,66.65860748291016,48.58380126953125,66.51114654541016,98.90931701660156,31.39084243774414
2011-03-22,33.182228088378906,19.326152801513672,24.637310028076172,139.0500030517578,66.6940689086914,48.49626159667969,66.49530792236328,98.56626892089844,31.189678192138672
2011-03-23,33.61995315551758,19.358854293823242,24.604707717895508,140.33999633789062,66.60895538330078,48.76763153076172,66.50320434570312,98.8483657836914,30.847183227539062
2011-03-24,34.007469177246094,19.53325653076172,25.15901756286621,139.22000122070312,66.2684326171875,49.63426208496094,66.45565032958984,99.7936782836914,30.977649688720703
2011-03-25,33.971580505371094,19.402454376220703,24.898160934448242,139.25999450683594,66.09114074707031,49.75681686401367,66.40814971923828,100.0986328125,31.219697952270508
2011-03-28,33.79936218261719,19.36975860595703,24.904682159423828,138.5399932861328,66.1124267578125,49.485443115234375,66.37641143798828,99.85466766357422,31.181367874145508
2011-03-29,34.18687057495117,19.467859268188477,25.06770896911621,138.2100067138672,65.92089080810547,49.9669189453125,66.35266876220703,100.52555084228516,31.307315826416016
2011-03-30,34.62461471557617,19.642261505126953,25.32204818725586,138.6699981689453,66.14788055419922,50.203250885009766,66.39229583740234,101.21931457519531,31.761837005615234
2011-03-31,34.926002502441406,19.522357940673828,25.26335334777832,139.86000061035156,65.9776382446289,50.27327346801758,66.35266876220703,101.08209991455078,32.01921463012695
2011-04-01,35.48573684692383,19.783966064453125,25.550289154052734,139.1999969482422,66.11843872070312,50.29955291748047,66.40577697753906,101.50897979736328,32.068511962890625
2011-04-04,35.787139892578125,19.9256649017334,25.64158821105957,139.83999633789062,66.26778411865234,50.13322830200195,66.42166900634766,101.59288787841797,32.046600341796875
2011-04-05,35.715370178222656,20.067373275756836,25.635061264038086,142.0500030517578,65.93350982666016,50.001930236816406,66.35027313232422,101.57762908935547,32.0794677734375
2011-04-06,35.90913009643555,20.230873107910156,25.980688095092773,142.3800048828125,65.64904022216797,50.124481201171875,66.35027313232422,101.8978042602539,32.09588623046875
2011-04-07,35.873252868652344,20.132766723632812,25.876352310180664,142.50999450683594,65.65614318847656,50.0894775390625,66.39790344238281,101.63862609863281,31.739946365356445
2011-04-08,35.90913009643555,20.20907211303711,26.07850456237793,143.66000366210938,65.46405029296875,49.853111267089844,66.3741683959961,101.28790283203125,31.509939193725586
2011-04-11,35.48573684692383,20.25267791748047,26.000253677368164,142.63999938964844,65.54942321777344,49.686767578125,66.36614227294922,100.98297119140625,31.53183364868164
2011-04-12,34.818363189697266,19.871166229248047,25.804615020751953,141.61000061035156,65.9193344116211,49.345401763916016,66.47714233398438,100.22819519042969,31.477075576782227
2011-04-13,35.105403900146484,19.947467803955078,25.811140060424805,141.89999389648438,66.17534637451172,49.76555633544922,66.50889587402344,100.22061157226562,31.427791595458984
2011-04-14,35.213050842285156,20.001968383789062,25.856782913208008,143.80999755859375,65.95487213134766,49.67803192138672,66.4454345703125,100.29684448242188,31.88231658935547
2011-04-15,35.25611114501953,20.012868881225586,25.72635841369629,145.0500030517578,66.43854522705078,49.59049606323242,66.5722885131836,100.66275787353516,32.29304504394531
2011-04-18,34.37344741821289,19.65315818786621,24.930761337280273,145.92999267578125,66.60213470458984,49.24032974243164,66.58812713623047,99.53446197509766,32.00279235839844
2011-04-19,34.86860656738281,19.740365982055664,25.145965576171875,145.92999267578125,66.68745422363281,49.54670715332031,66.60401153564453,100.10623931884766,32.254695892333984
2011-04-20,35.693851470947266,20.24176788330078,25.928512573242188,146.5,66.42426300048828,50.66722106933594,66.59610748291016,101.47088623046875,32.632568359375
2011-04-21,36.00960159301758,20.405275344848633,26.10459327697754,146.74000549316406,66.47407531738281,51.06989669799805,66.58024597167969,101.98931121826172,32.851600646972656
2011-04-25,35.715370178222656,20.33987808227539,26.221981048583984,146.8699951171875,66.70884704589844,51.20119857788086,66.58812713623047,101.88258361816406,33.070648193359375
2011-04-26,36.02395248413086,20.5142765045166,26.502384185791016,146.3800048828125,66.99330139160156,51.49007797241211,66.65158081054688,102.75929260253906,33.36088943481445
2011-04-27,35.95936584472656,20.797683715820312,27.06321907043457,149.1999969482422,66.80127716064453,51.84022903442383,66.67536926269531,103.4301528930664,33.60731506347656
2011-04-28,35.66514587402344,20.764982223510742,27.219730377197266,149.82000732421875,67.05732727050781,51.761444091796875,66.67536926269531,103.76557922363281,34.056365966796875
2011-04-29,35.88042068481445,20.830387115478516,27.278417587280273,152.3699951171875,67.1925048828125,51.71766662597656,66.70712280273438,104.00957489013672,33.85922622680664
2011-05-02,35.88760757446289,20.808584213256836,27.25886344909668,150.41000366210938,67.1717529296875,51.62137985229492,66.69593811035156,103.84945678710938,33.908504486083984
2011-05-03,35.09105682373047,20.427080154418945,27.167556762695312,149.8800048828125,67.35004425048828,51.37626647949219,66.71977996826172,103.47589874267578,33.6182746887207
2011-05-04,34.50979232788086,20.318077087402344,26.854537963867188,147.72999572753906,67.52117919921875,51.2974853515625,66.75152587890625,102.78977966308594,33.42660140991211
2011-05-05,34.1796989440918,19.83846664428711,26.09807014465332,143.47000122070312,67.85636138916016,51.01735305786133,66.76742553710938,101.85970306396484,33.40471649169922
2011-05-06,34.62461471557617,19.871166229248047,25.88287353515625,145.3000030517578,67.89195251464844,51.183692932128906,66.77536010742188,102.3094711303711,33.10898208618164
2011-05-09,34.68918991088867,19.991065979003906,25.948087692260742,147.3800048828125,67.99178314208984,51.37626647949219,66.80708312988281,102.70590209960938,33.278751373291016
2011-05-10,35.098236083984375,20.24176788330078,26.339365005493164,147.89999389648438,67.66378784179688,51.81396484375,66.74366760253906,103.5826187133789,33.80445861816406
2011-05-11,34.3232307434082,20.001968383789062,25.791566848754883,146.5399932861328,67.90628051757812,51.43754196166992,66.80708312988281,102.49244689941406,33.44850158691406
2011-05-12,34.423683166503906,19.947467803955078,25.928512573242188,146.58999633789062,67.75653076171875,51.743927001953125,66.77536010742188,102.98038482666016,33.503273010253906
2011-05-13,33.670188903808594,19.71856117248535,25.406816482543945,145.6300048828125,68.02034759521484,51.13117218017578,66.80708312988281,102.1875,33.147315979003906
2011-05-16,33.61995315551758,19.642261505126953,25.400291442871094,145.3699951171875,68.18431854248047,50.24702835083008,66.83887481689453,101.53952026367188,33.196598052978516
2011-05-17,33.72760772705078,19.696758270263672,25.42638397216797,144.74000549316406,68.38404083251953,50.38709259033203,66.84676361083984,101.52429962158203,33.18564987182617
2011-05-18,34.272979736328125,19.827564239501953,25.56985092163086,145.60000610351562,67.99178314208984,50.80727005004883,66.81501770019531,102.43146514892578,33.50874710083008
2011-05-19,34.05052947998047,19.958362579345703,25.941566467285156,145.64999389648438,68.06311798095703,50.956092834472656,66.82291412353516,102.67544555664062,33.6511344909668
2011-05-20,33.77783203125,19.871166229248047,25.282909393310547,147.49000549316406,68.22718811035156,50.57093048095703,66.84676361083984,101.85970306396484,33.240413665771484
2011-05-23,33.0745735168457,19.358854293823242,24.682960510253906,147.8300018310547,68.31980895996094,49.82684326171875,66.85469818115234,100.67803955078125,32.90089797973633
2011-05-24,33.40467834472656,19.446056365966797,24.774259567260742,148.58999633789062,68.39112854003906,49.520450592041016,66.85469818115234,100.5941390991211,32.99945831298828
2011-05-25,33.47643280029297,19.67496109008789,24.917722702026367,148.5800018310547,68.39824676513672,49.71305847167969,66.8864974975586,100.92961120605469,33.15279769897461
2011-05-26,33.9069938659668,19.914764404296875,25.04814910888672,148.22000122070312,68.77623748779297,50.01943588256836,66.92615509033203,101.39464569091797,33.596370697021484
2011-05-27,34.26580810546875,20.110965728759766,25.217702865600586,149.6999969482422,68.76908111572266,50.27327346801758,66.94991302490234,101.7834243774414,33.78803253173828
2011-05-31,34.825538635253906,20.33987808227539,25.980688095092773,149.63999938964844,68.87603759765625,51.0874137878418,66.94991302490234,102.8431625366211,34.32469177246094
2011-06-01,34.20121765136719,19.783966064453125,25.237274169921875,149.91000366210938,69.44364929199219,49.97565841674805,66.99442291259766,100.53316497802734,33.338993072509766
2011-06-02,34.52415084838867,19.816659927368164,25.49811363220215,149.5,69.02906036376953,50.0806999206543,66.95468139648438,100.42642974853516,33.0980339050293
2011-06-03,34.351924896240234,19.860265731811523,25.71331787109375,150.22000122070312,69.30062866210938,49.3278694152832,66.97853088378906,99.427734375,33.22945785522461
2011-06-06,33.79936218261719,19.696758270263672,25.22422218322754,150.47999572753906,69.25779724121094,48.925193786621094,66.98644256591797,98.37569427490234,32.74208068847656
2011-06-07,34.06487274169922,19.871166229248047,25.550289154052734,150.4199981689453,69.386474609375,48.83765411376953,67.03407287597656,98.31472778320312,33.08707046508789
2011-06-08,33.820892333984375,19.65315818786621,25.093795776367188,149.80999755859375,69.53653717041016,48.48749542236328,67.0420150756836,97.90302276611328,32.99398422241211
2011-06-09,34.086395263671875,19.882064819335938,25.439422607421875,150.55999755859375,69.25779724121094,48.57504653930664,66.97064208984375,98.65013885498047,32.63802719116211
2011-06-10,33.347259521484375,19.326152801513672,24.65035057067871,149.24000549316406,69.47940063476562,47.830955505371094,67.02619171142578,97.27789306640625,31.81660270690918
2011-06-13,33.28986358642578,19.43515396118164,24.722084045410156,147.77000427246094,69.32923889160156,47.830955505371094,67.00231170654297,97.35411834716797,31.948041915893555
2011-06-14,33.79217529296875,19.65315818786621,25.26335334777832,148.6699981689453,68.77882385253906,48.443729400634766,66.94676208496094,98.58914184570312,32.42445373535156
2011-06-15,33.06740188598633,19.09724998474121,24.226476669311523,149.1199951171875,69.5223159790039,47.52456283569336,67.0420150756836,96.83568572998047,31.90423011779785
2011-06-16,32.81623458862305,18.911937713623047,24.20038414001465,148.97000122070312,69.71530151367188,47.34075164794922,67.0500259399414,97.0491714477539,32.15613555908203
2011-06-17,32.85928726196289,19.064546585083008,24.722084045410156,149.94000244140625,69.66526794433594,47.19249725341797,67.06586456298828,97.3387451171875,32.46279525756836
2011-06-20,32.809059143066406,19.09724998474121,24.643831253051758,150.02999877929688,69.55799102783203,47.43814468383789,67.06586456298828,97.8367691040039,32.85708236694336
2011-06-21,33.411865234375,19.446056365966797,25.29595947265625,150.75999450683594,69.46503448486328,48.45585250854492,67.0738525390625,99.17752838134766,33.11445999145508
2011-06-22,33.079185485839844,19.172170639038086,25.021207809448242,150.99000549316406,69.4365005493164,48.104915618896484,67.05791473388672,98.5799331665039,33.01589584350586
2011-06-23,33.03570556640625,18.961483001708984,24.661090850830078,148.33999633789062,69.8010482788086,48.5523681640625,67.0976791381836,98.29643249511719,32.3477783203125
2011-06-24,32.97770309448242,18.81732749938965,24.140928268432617,146.25999450683594,70.09420013427734,47.710121154785156,67.13728332519531,97.15486907958984,32.35277557373047
2011-06-27,33.361839294433594,18.961483001708984,24.46768569946289,145.72999572753906,69.82251739501953,48.473411560058594,67.0738525390625,98.0206298828125,32.49083709716797
2011-06-28,33.81844711303711,19.161081314086914,24.88116455078125,146.24000549316406,69.17913055419922,49.19283676147461,66.95468139648438,99.30011749267578,32.76144790649414
2011-06-29,34.130104064941406,19.460466384887695,25.38798713684082,147.17999267578125,68.76451873779297,49.39461898803711,66.95468139648438,100.1505355834961,33.10386657714844
2011-06-30,34.499759674072266,19.748779296875,25.894819259643555,146.0,68.52860260009766,50.052635192871094,66.94676208496094,101.10823822021484,33.192237854003906
2011-07-01,34.905635833740234,19.948366165161133,26.19490623474121,144.92999267578125,68.35731506347656,50.807167053222656,66.92364501953125,102.60218048095703,33.76109313964844
2011-07-05,34.891136169433594,19.948366165161133,25.808120727539062,147.6300048828125,68.78727722167969,51.061580657958984,67.00316619873047,102.51791381835938,34.02065658569336
2011-07-06,34.65921401977539,19.892925262451172,25.501359939575195,148.91000366210938,68.90914916992188,51.228275299072266,67.02702331542969,102.6404800415039,34.27471160888672
2011-07-07,35.13755416870117,19.992719650268555,25.73476791381836,149.14999389648438,68.6439437866211,51.93015670776367,66.96345520019531,103.70545196533203,34.70549011230469
2011-07-08,34.73893737792969,19.892925262451172,25.101228713989258,150.25,69.37495422363281,51.78976821899414,67.05879974365234,102.96991729736328,34.661312103271484
2011-07-11,33.767723083496094,19.382848739624023,23.85417366027832,151.58999633789062,69.90514373779297,50.851016998291016,67.10647583007812,101.10823822021484,34.0593376159668
2011-07-12,33.42707061767578,19.183250427246094,23.647445678710938,152.77000427246094,70.00556182861328,50.46498489379883,67.09855651855469,100.6714859008789,34.17530822753906
2011-07-13,33.97065734863281,19.460466384887695,24.047569274902344,154.13999938964844,70.12017822265625,50.6755485534668,67.11444091796875,101.00859832763672,33.838409423828125
2011-07-14,33.608272552490234,19.36067008972168,23.867511749267578,154.5399932861328,69.7188720703125,50.087730407714844,67.09058380126953,100.31143951416016,33.523616790771484
2011-07-15,33.81844711303711,19.405027389526367,23.880840301513672,155.1999969482422,70.00556182861328,50.75450134277344,67.10647583007812,100.89369201660156,33.893638610839844
2011-07-18,33.42707061767578,19.172170639038086,23.46738052368164,156.57000732421875,69.96257019042969,50.48252487182617,67.10647583007812,100.06625366210938,33.656131744384766
2011-07-19,33.912681579589844,19.382848739624023,23.814151763916016,154.66000366210938,70.22769165039062,51.631866455078125,67.10647583007812,101.69046020507812,34.1973876953125
2011-07-20,34.01415252685547,19.593534469604492,24.21428871154785,156.02000427246094,69.88367462158203,51.41252136230469,67.08262634277344,101.62919616699219,34.4459228515625
2011-07-21,34.557743072509766,19.981632232666016,25.021207809448242,154.8300018310547,69.49673461914062,51.75468826293945,67.05085754394531,103.03890991210938,34.7220573425293
2011-07-22,34.53599166870117,20.048166275024414,25.081222534179688,156.1199951171875,69.76190948486328,52.28985595703125,67.05879974365234,103.10784149169922,34.893272399902344
2011-07-25,34.463523864746094,19.926183700561523,24.84114646911621,157.33999633789062,69.53973388671875,52.18459701538086,67.02702331542969,102.53317260742188,34.567413330078125
2011-07-26,34.57947540283203,20.125791549682617,24.941179275512695,157.77000427246094,69.83353424072266,52.316192626953125,67.0667953491211,102.15016174316406,34.64472961425781
2011-07-27,33.97065734863281,19.660062789916992,24.200952529907227,157.19000244140625,69.7188720703125,50.9650764465332,67.02702331542969,100.05859375,33.672725677490234
2011-07-28,33.99965286254883,19.704423904418945,23.934200286865234,157.32000732421875,69.85506439208984,51.052818298339844,67.0667953491211,99.7674331665039,33.70585632324219
2011-07-29,34.14461135864258,19.671154022216797,23.940868377685547,158.2899932861328,70.70066833496094,50.886104583740234,67.13825988769531,99.08556365966797,33.711387634277344
2011-08-01,34.11561584472656,19.549177169799805,23.35401153564453,157.72000122070312,70.95777893066406,50.64923858642578,67.11526489257812,98.6641845703125,33.203277587890625
2011-08-02,33.06467819213867,19.06128692626953,22.42705726623535,161.52000427246094,71.61146545410156,49.36830139160156,67.20267486572266,96.14356231689453,32.14289855957031
2011-08-03,32.94871139526367,19.11672592163086,22.65379524230957,161.49000549316406,71.66890716552734,49.84207534790039,67.19477081298828,96.66455841064453,31.877805709838867
2011-08-04,31.064281463623047,17.775005340576172,20.913246154785156,160.63999938964844,72.6171646118164,47.5258674621582,67.25836944580078,92.13665008544922,30.320369720458984
2011-08-05,30.861345291137695,17.952425003051758,21.65348243713379,161.75,71.7767333984375,47.22758102416992,67.24249267578125,91.99874877929688,29.563722610473633
2011-08-08,28.288349151611328,16.555261611938477,19.65951919555664,167.1199951171875,72.9188461303711,44.38499069213867,67.26628112792969,86.00746154785156,26.995616912841797
2011-08-09,29.94809913635254,17.730649948120117,20.87990379333496,168.61000061035156,73.3426742553711,46.52569580078125,67.33788299560547,90.00675964355469,29.453283309936523
2011-08-10,28.360836029052734,16.643966674804688,19.326080322265625,174.5800018310547,74.31245422363281,44.62186813354492,67.38558959960938,86.03046417236328,28.773971557617188
2011-08-11,29.92637062072754,17.59758758544922,20.246366500854492,170.75,73.22061157226562,46.58711624145508,67.36973571777344,89.89183807373047,30.265134811401367
2011-08-12,29.911876678466797,17.952425003051758,20.873231887817383,169.97000122070312,73.73059844970703,46.999473571777344,67.3776626586914,90.4970932006836,30.259613037109375
2011-08-15,30.607654571533203,18.32943344116211,21.500099182128906,171.8000030517578,73.45761108398438,47.69255828857422,67.35387420654297,92.4124526977539,31.364187240600586
2011-08-16,30.346742630004883,18.14093017578125,21.01994514465332,173.9199981689453,73.7952651977539,47.288997650146484,67.35387420654297,91.62332153320312,31.270292282104492
2011-08-17,30.56416130065918,18.251813888549805,21.086631774902344,174.4199981689453,74.31245422363281,47.008235931396484,67.36973571777344,91.68462371826172,31.358652114868164
2011-08-18,29.121854782104492,17.420167922973633,19.919605255126953,177.72000122070312,74.70035552978516,44.70082473754883,67.36177825927734,87.73129272460938,29.96136474609375
2011-08-19,28.759462356567383,17.076419830322266,19.452787399291992,179.9499969482422,74.77940368652344,43.89365005493164,67.36177825927734,86.29862976074219,29.387006759643555
2011-08-22,28.730466842651367,17.30927848815918,19.652849197387695,184.58999633789062,74.6428451538086,44.051570892333984,67.35387420654297,86.36758422851562,29.420135498046875
2011-08-23,29.7379150390625,17.841535568237305,20.34640121459961,177.6699981689453,74.34114074707031,45.86768341064453,67.32193756103516,89.20996856689453,30.14362335205078
2011-08-24,29.447996139526367,17.852624893188477,20.486446380615234,171.64999389648438,73.5438232421875,46.22740936279297,67.32193756103516,90.4664535522461,30.541275024414062
2011-08-25,28.875429153442383,17.276018142700195,19.95294761657715,172.36000061035156,73.99640655517578,45.47288513183594,67.36177825927734,89.08737182617188,29.97241973876953
2011-08-26,29.3682804107666,17.486698150634766,20.18635368347168,177.47000122070312,74.23348999023438,46.613433837890625,67.36973571777344,90.38216400146484,30.33693504333496
2011-08-29,30.317750930786133,17.94133758544922,20.773202896118164,173.88999938964844,73.74494934082031,47.911903381347656,67.35387420654297,92.97942352294922,31.37521743774414
2011-08-30,30.361236572265625,17.863710403442383,20.61315155029297,179.10000610351562,74.25496673583984,48.227752685546875,67.36973571777344,93.22455596923828,31.463600158691406
2011-08-31,30.98455047607422,18.163101196289062,21.01994514465332,177.72000122070312,73.98922729492188,48.30671691894531,67.36973571777344,93.63829803466797,31.817052841186523
2011-09-01,30.817846298217773,18.052217483520508,20.61981773376465,177.8699951171875,74.57887268066406,47.8680534362793,67.38880920410156,92.65760803222656,31.358652114868164
2011-09-02,30.122055053710938,17.74173927307129,19.912925720214844,183.24000549316406,75.26277160644531,46.74503707885742,67.35698699951172,90.29020690917969,30.618616104125977
2011-09-06,29.810401916503906,17.320371627807617,18.945964813232422,182.89999389648438,75.36361694335938,46.75382614135742,67.36490631103516,89.63133239746094,30.486051559448242
2011-09-07,30.69463539123535,17.808273315429688,19.62617301940918,177.0800018310547,74.96040344238281,47.9382209777832,67.3489990234375,92.15962982177734,31.63479232788086
2011-09-08,30.013336181640625,17.58650016784668,19.139354705810547,181.80999755859375,75.3275375366211,47.718875885009766,67.37290954589844,91.2019271850586,31.391788482666016
2011-09-09,28.99863624572754,17.120777130126953,18.132369995117188,180.6999969482422,75.69479370117188,46.657291412353516,67.39680480957031,88.81158447265625,30.40873146057129
2011-09-12,28.94065284729004,17.131868362426758,17.85894775390625,176.6699981689453,75.46435546875,47.25388717651367,67.3489990234375,89.38616180419922,30.50813102722168
2011-09-13,28.984146118164062,17.14295196533203,18.079021453857422,178.5399932861328,75.2412109375,47.88557052612305,67.35698699951172,90.2059555053711,30.579936981201172
2011-09-14,28.9044246673584,17.43126106262207,18.68587875366211,177.2100067138672,75.28441619873047,48.569915771484375,67.35698699951172,91.45476531982422,30.778762817382812
2011-09-15,29.32479476928711,17.752824783325195,19.372758865356445,174.39999389648438,74.72283172607422,49.28934097290039,67.36490631103516,93.03303527832031,31.286855697631836
2011-09-16,29.37552833557129,17.763914108276367,19.279401779174805,176.02999877929688,74.86679077148438,49.74114227294922,67.3808364868164,93.5836410522461,31.590612411499023
2011-09-19,28.505781173706055,17.276018142700195,18.6258602142334,173.30999755859375,75.47871398925781,49.75870132446289,67.41265106201172,92.6518325805664,30.900257110595703
2011-09-20,28.295604705810547,17.453433990478516,18.66587257385254,175.77999877929688,75.57958221435547,49.53897476196289,67.3808364868164,92.54400634765625,30.883691787719727
2011-09-21,27.244651794433594,16.81029510498047,18.085691452026367,173.58999633789062,75.90353393554688,48.67757034301758,67.30921173095703,89.81781005859375,29.254457473754883
2011-09-22,25.331226348876953,16.17824935913086,17.38547134399414,169.0500030517578,76.6091079711914,47.095420837402344,67.3171615600586,86.9145278930664,28.542011260986328
2011-09-23,26.005281448364258,16.311315536499023,17.605541229248047,159.8000030517578,75.97552490234375,47.5964469909668,67.32513427734375,87.43818664550781,28.752246856689453
2011-09-26,26.39666175842285,16.69940757751465,18.15237808227539,157.5800018310547,75.65872955322266,48.15018081665039,67.30126190185547,89.51751708984375,29.153743743896484
2011-09-27,27.23741912841797,17.08751106262207,18.785907745361328,160.6300048828125,75.15477752685547,48.651222229003906,67.27735137939453,90.51860046386719,29.4437313079834
2011-09-28,26.41840934753418,16.710498809814453,18.4658145904541,156.22000122070312,75.16917419433594,47.93043518066406,67.25350189208984,88.67037963867188,28.69647789001465
2011-09-29,26.780797958374023,16.910097122192383,19.052661895751953,157.6999969482422,75.16917419433594,47.35911178588867,67.26947021484375,89.37117767333984,29.142589569091797
2011-09-30,25.439945220947266,16.377843856811523,18.219066619873047,158.05999755859375,75.64435577392578,46.1373405456543,67.30126190185547,87.13785552978516,28.367467880249023
2011-10-03,24.903602600097656,16.056272506713867,17.445491790771484,160.9600067138672,76.34484100341797,44.95072937011719,67.31636047363281,84.65811157226562,27.02912139892578
2011-10-04,25.287742614746094,16.26695442199707,17.912302017211914,157.63999938964844,75.95523834228516,45.87364959716797,67.27661895751953,86.51407623291016,28.094213485717773
2011-10-05,25.874818801879883,16.57744026184082,18.379112243652344,159.4600067138672,75.6378402709961,47.05146789550781,67.27661895751953,88.1158676147461,27.85443115234375
2011-10-06,26.730060577392578,17.14295196533203,19.052661895751953,160.49000549316406,75.1112289428711,47.84254837036133,67.26065063476562,89.71002197265625,28.6184139251709
2011-10-07,26.41116714477539,17.165132522583008,18.872600555419922,159.17999267578125,74.72171783447266,47.526126861572266,67.23675537109375,89.10931396484375,27.82096290588379
2011-10-10,27.59255599975586,17.752824783325195,19.832904815673828,163.27000427246094,73.9353256225586,49.1697998046875,67.18103790283203,92.08963775634766,29.20951271057129
2011-10-11,27.607051849365234,17.619762420654297,19.772884368896484,162.10000610351562,74.18060302734375,49.50380325317383,67.21284484863281,92.18207550048828,28.629566192626953
2011-10-12,28.382570266723633,17.863710403442383,20.379741668701172,163.25999450683594,73.92817687988281,49.74991226196289,67.21284484863281,92.99066162109375,29.09797477722168
2011-10-13,28.12889862060547,17.908069610595703,20.273038864135742,162.3000030517578,74.22395324707031,50.20698547363281,67.22882843017578,92.80584716796875,28.90837860107422
2011-10-14,28.69422149658203,18.196367263793945,20.573137283325195,163.39999389648438,73.85603332519531,51.13870620727539,67.26065063476562,94.39227294921875,29.577566146850586
2011-10-17,27.723018646240234,17.8304443359375,19.79289436340332,162.6199951171875,74.33931732177734,50.34763717651367,67.26863861083984,92.59020233154297,28.936267852783203
2011-10-18,28.462303161621094,18.041128158569336,20.219688415527344,161.83999633789062,74.25997924804688,50.971717834472656,67.26863861083984,94.39997100830078,29.956758499145508
2011-10-19,27.918716430664062,17.797178268432617,19.812894821166992,159.8699951171875,74.37543487548828,49.98725128173828,67.29249572753906,93.2833251953125,29.611019134521484
2011-10-20,27.382369995117188,17.93024253845215,19.732873916625977,157.77000427246094,74.22395324707031,49.74114227294922,67.30046081542969,93.6915054321289,29.7783145904541
2011-10-21,28.165136337280273,18.351612091064453,20.439769744873047,159.52000427246094,74.08690643310547,50.365211486816406,67.27661895751953,95.47042846679688,30.759769439697266
2011-10-24,29.266815185546875,18.606647491455078,20.726512908935547,161.02000427246094,74.05084228515625,51.41117858886719,67.27661895751953,96.6409912109375,31.523744583129883
2011-10-25,28.686983108520508,18.373788833618164,20.33306312561035,165.58999633789062,74.68563079833984,50.40035629272461,67.31636047363281,94.76188659667969,31.010713577270508
2011-10-26,29.216075897216797,18.67317771911621,20.626487731933594,167.39999389648438,74.13739776611328,50.33882522583008,67.27661895751953,95.72457122802734,31.23935317993164
2011-10-27,30.99179458618164,19.405027389526367,22.16697120666504,169.5500030517578,73.24282836914062,51.72761535644531,67.22882843017578,99.05915069580078,32.722694396972656
2011-10-28,30.730884552001953,19.238693237304688,21.85354232788086,169.6199951171875,73.6828842163086,51.80672836303711,67.26065063476562,99.0360107421875,32.78960037231445
2011-10-31,29.57846450805664,18.495763778686523,20.519790649414062,167.33999633789062,74.67119598388672,50.93654251098633,67.32439422607422,96.64866638183594,32.42155838012695
2011-11-01,28.860931396484375,18.03004264831543,19.4394474029541,167.3800048828125,75.56682586669922,49.609275817871094,67.33072662353516,93.95330047607422,31.37875747680664
2011-11-02,29.74517059326172,18.28508186340332,19.712865829467773,169.05999755859375,75.3860855102539,50.031192779541016,67.34669494628906,95.4858169555664,31.981014251708984
2011-11-03,30.04957389831543,18.75080108642578,20.539796829223633,171.72000122070312,75.03192138671875,51.06838607788086,67.35459899902344,97.22628021240234,32.42155838012695
2011-11-04,29.853883743286133,18.67317771911621,19.966285705566406,170.85000610351562,75.2559814453125,50.8046989440918,67.35459899902344,96.6332778930664,32.15946960449219
2011-11-07,30.107568740844727,18.66208839416504,20.01963233947754,174.97999572753906,75.34272003173828,51.165069580078125,67.33868408203125,97.23397064208984,32.165035247802734
2011-11-08,30.46270179748535,19.028017044067383,20.419757843017578,173.52999877929688,75.00296783447266,51.75399398803711,67.33072662353516,98.4815444946289,32.58326721191406
2011-11-09,28.67973518371582,17.952425003051758,18.979305267333984,172.07000732421875,75.66801452636719,49.934513092041016,67.34669494628906,94.84664916992188,31.094356536865234
2011-11-10,28.868188858032227,18.218551635742188,19.366092681884766,171.13999938964844,75.2993392944336,49.90813064575195,67.35459899902344,95.7399673461914,31.088769912719727
2011-11-11,29.563974380493164,18.617738723754883,20.086320877075195,173.9600067138672,74.952392578125,50.8486442565918,67.32279968261719,97.5420150756836,31.925247192382812
2011-11-14,29.158092498779297,18.32943344116211,19.51947021484375,173.1999969482422,75.42223358154297,50.53220748901367,67.35459899902344,96.61788177490234,31.334142684936523
2011-11-15,29.339290618896484,18.351612091064453,19.339418411254883,173.36000061035156,75.32101440429688,51.094757080078125,67.34669494628906,97.09534454345703,31.56834602355957
2011-11-16,28.54926872253418,17.99677276611328,18.95929718017578,171.50999450683594,75.59571075439453,50.25093078613281,67.33072662353516,95.55516815185547,31.267223358154297
2011-11-17,27.824485778808594,17.71955680847168,18.699209213256836,167.10000610351562,75.7475357055664,49.073123931884766,67.33868408203125,94.03800201416016,30.69285011291504
2011-11-18,27.933204650878906,17.708471298217773,18.879274368286133,167.6199951171875,75.46556854248047,48.69515609741211,67.31476593017578,93.93791198730469,30.888023376464844
2011-11-21,27.03447151184082,17.18730926513672,18.305753707885742,163.5,75.67520904541016,47.763450622558594,67.32279968261719,92.15125274658203,30.107318878173828
2011-11-22,27.128698348999023,17.109691619873047,18.145709991455078,165.30999755859375,75.90654754638672,47.921661376953125,67.33072662353516,91.78929138183594,29.967914581298828
2011-11-23,26.2517147064209,16.677230834960938,17.518842697143555,164.8300018310547,76.166748046875,46.84053039550781,67.33868408203125,89.76390075683594,29.064516067504883
2011-11-25,26.164724349975586,16.632883071899414,17.398805618286133,163.39999389648438,75.68250274658203,46.48015213012695,67.33868408203125,89.59447479248047,29.19277572631836
2011-11-28,27.41861343383789,17.242753982543945,18.445802688598633,166.6300048828125,75.6897201538086,48.09743881225586,67.34669494628906,92.18978118896484,29.84522819519043
2011-11-29,27.29539680480957,17.386899948120117,18.55250358581543,166.8800048828125,75.5451431274414,47.79860305786133,67.35459899902344,92.45160675048828,29.800615310668945
2011-11-30,28.99863624572754,18.196367263793945,19.652849197387695,170.1300048828125,75.1041488647461,49.565338134765625,67.35459899902344,96.25592803955078,31.18915367126465
2011-12-01,28.91166114807129,18.085481643676758,19.479459762573242,169.6300048828125,75.08247375488281,49.90813064575195,67.35865783691406,96.24055480957031,30.932640075683594
2011-12-02,28.824691772460938,18.074392318725586,19.46612548828125,169.82000732421875,75.41559600830078,49.76751708984375,67.34263610839844,96.15582275390625,30.90475845336914
2011-12-05,29.295804977416992,18.251813888549805,19.712865829467773,167.32000732421875,75.3721923828125,50.312477111816406,67.35062408447266,97.20319366455078,31.166841506958008
2011-12-06,28.89716148376465,18.262907028198242,19.70619773864746,168.17999267578125,75.17659759521484,50.17184066772461,67.35062408447266,97.23397064208984,31.116657257080078
2011-12-07,29.01313018798828,18.41814613342285,19.76621437072754,169.39999389648438,75.5169448852539,50.17184066772461,67.37454986572266,97.59591674804688,31.456830978393555
2011-12-08,27.969444274902344,17.93024253845215,18.899280548095703,165.97999572753906,75.90086364746094,49.32802200317383,67.38253021240234,95.45502471923828,30.7430362701416
2011-12-09,28.534778594970703,18.28508186340332,19.48612403869629,166.39999389648438,75.37938690185547,50.11907958984375,67.38253021240234,97.07225036621094,31.417789459228516
2011-12-12,27.462099075317383,17.852624893188477,18.67254066467285,161.99000549316406,75.64013671875,49.556549072265625,67.38253021240234,95.65525817871094,30.860149383544922
2011-12-13,27.208425521850586,17.71955680847168,18.179054260253906,158.4499969482422,75.98778533935547,49.011592864990234,67.38253021240234,94.76188659667969,30.49766731262207
2011-12-14,26.817039489746094,17.486698150634766,17.918970108032227,152.88999938964844,76.30644226074219,48.24687576293945,67.36661529541016,93.7530746459961,30.676130294799805
2011-12-15,26.990982055664062,17.619762420654297,18.019001007080078,152.3300018310547,76.24118041992188,48.11503219604492,67.35865783691406,94.0919418334961,31.18915367126465
2011-12-16,27.193925857543945,17.497793197631836,17.892295837402344,155.22999572753906,76.610595703125,48.362754821777344,67.39049530029297,94.2314453125,31.53489112854004
2011-12-19,26.490886688232422,17.36472511291504,17.805606842041016,154.8699951171875,76.8713607788086,47.88669967651367,67.38253021240234,93.22393035888672,31.261642456054688
2011-12-20,27.60092544555664,17.894817352294922,18.62059211730957,156.97999572753906,76.1761245727539,49.30603790283203,67.36661529541016,96.0448989868164,32.20964431762695
2011-12-21,27.688730239868164,17.838542938232422,18.46541976928711,157.16000366210938,75.9298324584961,48.60076904296875,67.34263610839844,96.23091888427734,32.198486328125
2011-12-22,28.054597854614258,18.052379608154297,18.71504020690918,156.0399932861328,76.02400207519531,49.01511764526367,67.33474731445312,97.08342742919922,32.66134262084961
2011-12-23,28.164358139038086,18.187437057495117,18.802749633789062,156.30999755859375,75.71257781982422,49.43827438354492,67.35062408447266,97.95140075683594,32.80342102050781
2011-12-27,27.89361572265625,18.176183700561523,18.755523681640625,154.91000366210938,75.75536346435547,49.622676849365234,67.32594299316406,98.02886962890625,32.950008392333984
2011-12-28,27.42530632019043,17.849802017211914,18.35746955871582,151.02999877929688,76.23424530029297,49.049163818359375,67.34185028076172,96.74242401123047,32.555335998535156
2011-12-29,27.739946365356445,18.131166458129883,18.76226806640625,150.33999633789062,76.32855224609375,49.40207290649414,67.3498764038086,97.74214172363281,32.8428955078125
2011-12-30,27.761898040771484,18.187437057495117,18.822988510131836,151.99000549316406,76.59699249267578,49.26091766357422,67.38972473144531,97.26165008544922,32.701934814453125
2012-01-03,28.610706329345703,18.727659225463867,19.463916778564453,155.9199981689453,76.11089324951172,50.20500183105469,67.3498764038086,98.8116455078125,32.97821044921875
2012-01-04,28.449731826782227,18.693893432617188,19.140073776245117,156.7100067138672,75.87142944335938,50.4167594909668,67.35784149169922,98.96662902832031,32.41438293457031
2012-01-05,28.325342178344727,18.41253089904785,18.728534698486328,157.77999877929688,75.8859634399414,50.83147430419922,67.36579132080078,99.23014068603516,32.71884536743164
2012-01-06,27.966794967651367,18.299985885620117,18.41819190979004,157.1999969482422,76.18341827392578,51.007938385009766,67.35784149169922,98.97439575195312,32.61172103881836
2012-01-09,28.25947380065918,18.322490692138672,18.55986785888672,156.5,76.1979751586914,50.84028625488281,67.3737564086914,99.21461486816406,32.49895477294922
2012-01-10,28.87413787841797,18.536331176757812,18.9241886138916,158.63999938964844,76.04557037353516,51.210872650146484,67.3817367553711,100.07490539550781,32.859798431396484
2012-01-11,28.896081924438477,18.333749771118164,18.863468170166016,159.6699981689453,76.4881820678711,51.31676483154297,67.4056625366211,100.12911987304688,33.09097671508789
2012-01-12,29.013158798217773,18.345001220703125,19.11309242248535,160.3800048828125,76.32855224609375,51.51969528198242,67.39767456054688,100.36936950683594,32.848533630371094
2012-01-13,28.749740600585938,18.11990737915039,18.708295822143555,159.25999450683594,76.66952514648438,51.33440017700195,67.41362762451172,99.85011291503906,32.92182540893555
2012-01-17,29.298551559448242,18.209949493408203,19.160316467285156,160.5,76.74213409423828,51.80204391479492,67.421630859375,100.23761749267578,33.19246292114258
2012-01-18,30.0375919342041,18.480056762695312,19.551618576049805,161.60000610351562,76.50265502929688,52.49027633666992,67.41362762451172,101.34586334228516,33.42363357543945
2012-01-19,30.301010131835938,18.637617111206055,19.942916870117188,161.22000122070312,76.04557037353516,52.81673049926758,67.41362762451172,101.88060760498047,33.55331802368164
2012-01-20,30.279062271118164,18.727659225463867,19.929428100585938,162.07000732421875,75.78437805175781,52.73733139038086,67.39767456054688,102.2603530883789,33.761940002441406
2012-01-23,30.571752548217773,18.85146141052246,20.118337631225586,163.16000366210938,75.61754608154297,52.75497055053711,67.4056625366211,101.99685668945312,33.92544174194336
2012-01-24,30.61565399169922,18.795185089111328,20.010385513305664,162.00999450683594,75.70458221435547,52.65790557861328,67.4056625366211,101.88060760498047,34.18480682373047
2012-01-25,30.959566116333008,18.930240631103516,20.280250549316406,166.4199981689453,76.0673599243164,53.31967544555664,67.44552612304688,102.73308563232422,34.62458038330078
2012-01-26,30.835168838500977,19.020278930664062,20.3612117767334,167.27000427246094,76.47369384765625,53.13436508178711,67.45350646972656,102.20611572265625,34.86702346801758
2012-01-27,30.996158599853516,18.896482467651367,20.394941329956055,168.97000122070312,76.70587158203125,53.2932014465332,67.4694595336914,102.15963745117188,34.87831115722656
2012-01-30,30.5498104095459,18.648876190185547,20.05086898803711,168.02999877929688,76.96704864501953,53.33733367919922,67.44552612304688,101.81088256835938,34.61893844604492
2012-01-31,30.81321907043457,18.772676467895508,20.15206527709961,169.30999755859375,77.25727081298828,53.40788650512695,67.44552612304688,101.7721176147461,34.78810119628906
2012-02-01,31.493732452392578,19.087806701660156,20.583847045898438,169.55999755859375,76.98905944824219,53.840248107910156,67.42243957519531,102.66338348388672,35.13202667236328
2012-02-02,31.58153533935547,19.110315322875977,20.671552658081055,171.0500030517578,77.09809112548828,54.00788879394531,67.43041229248047,102.82610321044922,35.21095657348633
2012-02-03,32.10839080810547,19.650531768798828,21.02237319946289,167.63999938964844,76.48754119873047,54.74905014038086,67.43041229248047,104.26757049560547,35.70149230957031
2012-02-06,31.837650299072266,19.57175064086914,20.853710174560547,167.17999267578125,76.6983413696289,54.7049446105957,67.41443634033203,104.1978530883789,35.58872985839844
2012-02-07,31.903499603271484,19.650531768798828,21.08309555053711,169.6999969482422,76.20404815673828,54.819644927978516,67.39845275878906,104.4613265991211,35.4985237121582
2012-02-08,32.130340576171875,19.61676788330078,21.23826789855957,168.5,76.24039459228516,55.110801696777344,67.39845275878906,104.77131652832031,35.56053924560547
2012-02-09,32.11570358276367,19.650531768798828,21.30573081970215,168.02000427246094,76.06587982177734,55.50786209106445,67.36658477783203,104.90306854248047,35.30118179321289
2012-02-10,31.405921936035156,19.369173049926758,20.779499053955078,167.13999938964844,76.49475860595703,55.11963653564453,67.38251495361328,104.12811279296875,34.97416305541992
2012-02-13,31.91813850402832,19.59425926208496,20.934669494628906,167.50999450683594,76.44392395019531,55.63139343261719,67.34259033203125,104.90306854248047,35.3293571472168
2012-02-14,31.654714584350586,19.470460891723633,20.732275009155273,167.1199951171875,76.60381317138672,55.77257537841797,67.3586196899414,104.77131652832031,34.968528747558594
2012-02-15,31.74251937866211,19.43670082092285,20.610836029052734,168.11000061035156,76.66191101074219,55.384334564208984,67.36658477783203,104.28307342529297,34.759891510009766
2012-02-16,32.08644485473633,19.684295654296875,20.921178817749023,168.0,76.31306457519531,56.143165588378906,67.34259033203125,105.43783569335938,35.12638473510742
2012-02-17,32.144981384277344,19.774335861206055,21.15730857849121,167.35000610351562,76.23310852050781,55.96668243408203,67.3266830444336,105.71685028076172,35.15457534790039
2012-02-21,32.013267517089844,19.661788940429688,21.30573081970215,171.02000427246094,75.95693969726562,56.12550735473633,67.31072998046875,105.76333618164062,34.6076774597168
2012-02-22,32.071807861328125,19.537992477416992,21.15730857849121,172.94000244140625,76.25492095947266,55.86962890625,67.34259033203125,105.42234802246094,34.31447982788086
2012-02-23,32.013267517089844,19.71807098388672,21.325969696044922,173.02000427246094,76.36395263671875,56.24021530151367,67.3346939086914,105.8873291015625,34.74298095703125
2012-02-24,32.33522415161133,19.875625610351562,21.528377532958984,172.22999572753906,76.42210388183594,56.434303283691406,67.31871032714844,106.11980438232422,34.78810119628906
2012-02-27,32.013267517089844,19.729320526123047,21.35295867919922,171.6999969482422,76.6764907836914,56.51373291015625,67.3346939086914,106.298095703125,34.73170852661133
2012-02-28,32.459617614746094,19.864370346069336,21.55535125732422,173.49000549316406,76.71285247802734,57.087257385253906,67.35059356689453,106.60807800292969,34.52873611450195
2012-02-29,32.43767166137695,19.729320526123047,21.258508682250977,164.2899932861328,76.40755462646484,56.83136749267578,67.35059356689453,106.18955993652344,34.387779235839844
2012-03-01,32.7450065612793,20.010683059692383,21.622821807861328,166.61000061035156,76.1600112915039,57.28135681152344,67.33866119384766,106.73982238769531,34.59639358520508
2012-03-02,32.664493560791016,19.774335861206055,21.37994384765625,166.33999633789062,76.46580505371094,57.23725128173828,67.35460662841797,106.41432189941406,34.54564666748047
2012-03-05,32.10107421875,19.695556640625,21.325969696044922,165.64999389648438,76.31292724609375,56.646087646484375,67.35460662841797,105.98033905029297,34.89522933959961
2012-03-06,31.025426864624023,19.04278564453125,20.334226608276367,162.6999969482422,76.63327026367188,56.0902099609375,67.35460662841797,104.43034362792969,34.43289566040039
2012-03-07,31.398611068725586,19.24536895751953,20.66480827331543,163.6300048828125,76.48764038085938,56.52254867553711,67.33866119384766,105.15882873535156,34.61893844604492
2012-03-08,32.057167053222656,19.49297332763672,21.325969696044922,165.27999877929688,76.26194763183594,57.13136672973633,67.314697265625,106.20504760742188,34.43852615356445
2012-03-09,32.042537689208984,19.43670082092285,21.09659194946289,166.3800048828125,76.20376586914062,57.36959457397461,67.314697265625,106.61578369140625,34.6076774597168
2012-03-12,31.691301345825195,19.43670082092285,21.164052963256836,165.07000732421875,76.18183898925781,57.39608383178711,67.32266998291016,106.62357330322266,34.86140823364258
2012-03-13,32.554744720458984,19.830610275268555,21.494640350341797,162.3000030517578,75.6358413696289,58.46369171142578,67.28279113769531,108.5455551147461,35.5661735534668
2012-03-14,32.042537689208984,19.661788940429688,21.37994384765625,159.57000732421875,74.76947021484375,58.66664123535156,67.18701171875,108.42931365966797,35.470333099365234
2012-03-15,32.29863739013672,19.706811904907227,21.690292358398438,161.0800018310547,74.74761199951172,58.83429718017578,67.22688293457031,109.05707550048828,35.419578552246094
2012-03-16,32.26205062866211,19.909393310546875,21.845455169677734,161.3000030517578,74.7258071899414,58.79273223876953,67.26679229736328,109.20805358886719,35.62255859375
2012-03-19,32.13766098022461,19.954410552978516,21.993879318237305,161.58999633789062,74.26713562011719,59.20813751220703,67.21897888183594,109.63613891601562,35.870643615722656
2012-03-20,31.58153533935547,19.706811904907227,21.75775718688965,160.1300048828125,74.30355834960938,59.3142204284668,67.2029037475586,109.31702423095703,35.81990051269531
2012-03-21,31.64008331298828,19.650531768798828,21.5958309173584,160.2100067138672,74.6821060180664,59.32304382324219,67.24288177490234,109.13802337646484,35.76914596557617
2012-03-22,31.157140731811523,19.470460891723633,21.285497665405273,159.57000732421875,74.77677917480469,59.19929504394531,67.25077056884766,108.35182189941406,35.27862548828125
2012-03-23,31.39129638671875,19.59425926208496,21.45415496826172,161.52999877929688,75.05337524414062,59.16395568847656,67.25883483886719,108.70209503173828,35.4985237121582
2012-03-26,31.940092086791992,19.875625610351562,21.838712692260742,164.39999389648438,74.96603393554688,60.19803237915039,67.27479553222656,110.22776794433594,35.914554595947266
2012-03-27,31.77178382873535,19.695556640625,21.52161979675293,163.24000549316406,75.3810043334961,60.28640365600586,67.29875946044922,109.88525390625,35.920230865478516
2012-03-28,31.23762321472168,19.425445556640625,21.298986434936523,161.50999450683594,75.24996948242188,60.04777908325195,67.28279113769531,109.34040069580078,35.863399505615234
2012-03-29,31.2010440826416,19.35791778564453,21.062854766845703,161.27999877929688,75.56305694580078,59.817989349365234,67.30673217773438,109.15355682373047,35.880455017089844
2012-03-30,31.427881240844727,19.470460891723633,21.285497665405273,162.1199951171875,75.19173431396484,59.70310974121094,67.29875946044922,109.60504913330078,36.176002502441406
2012-04-02,31.859601974487305,19.909393310546875,21.528377532958984,162.94000244140625,75.37185668945312,60.321773529052734,67.31468963623047,110.40673828125,36.43175506591797
2012-04-03,31.676664352416992,19.60551643371582,20.96839714050293,159.88999938964844,74.81763458251953,60.30409240722656,67.26678466796875,109.9552993774414,36.2896614074707
2012-04-04,31.105905532836914,19.1890926361084,20.354461669921875,157.2100067138672,75.19686889648438,59.48213577270508,67.28276062011719,108.86558532714844,35.89181900024414
2012-04-05,31.27420997619629,19.065298080444336,20.138572692871094,158.30999755859375,75.53228759765625,59.85335159301758,67.3067855834961,108.81109619140625,35.755428314208984
2012-04-09,30.81321907043457,19.031532287597656,20.017135620117188,159.3699951171875,76.3053207397461,59.402587890625,67.35460662841797,107.58900451660156,35.3746223449707
2012-04-10,30.213211059570312,18.558835983276367,19.497644424438477,161.10000610351562,76.66268157958984,58.44804000854492,67.38655853271484,105.78309631347656,34.613014221191406
2012-04-11,30.542482376098633,18.85146141052246,19.828229904174805,161.07000732421875,76.36371612548828,58.730865478515625,67.37861633300781,106.6393814086914,35.05633544921875
2012-04-12,31.325443267822266,19.256624221801758,20.179052352905273,162.6999969482422,76.21057891845703,59.402587890625,67.38655853271484,108.03272247314453,35.53943634033203
2012-04-13,30.849811553955078,18.85146141052246,19.53812599182129,160.85000610351562,76.67000579833984,58.501060485839844,67.39452362060547,106.74835205078125,35.39167785644531
2012-04-16,30.696144104003906,19.031532287597656,19.767507553100586,160.4600067138672,76.64813995361328,57.847042083740234,67.39452362060547,106.67829895019531,35.87477111816406
2012-04-17,31.047374725341797,19.380422592163086,20.179052352905273,160.25,76.5678939819336,59.02254867553711,67.39452362060547,108.25845336914062,36.18168640136719
2012-04-18,30.901029586791992,19.447956085205078,19.834972381591797,159.30999755859375,76.7210693359375,58.87229537963867,67.41051483154297,107.89260864257812,35.937278747558594
2012-04-19,30.762004852294922,19.459205627441406,19.551618576049805,159.42999267578125,76.80856323242188,58.20939254760742,67.4184799194336,107.19982147216797,35.937278747558594
2012-04-20,30.97420883178711,19.59425926208496,19.801246643066406,159.5399932861328,76.81583404541016,58.050315856933594,67.4184799194336,107.3788833618164,36.37491226196289
2012-04-23,30.381502151489258,19.32415199279785,19.308746337890625,159.07000732421875,76.96900177001953,57.52001953125,67.4344711303711,106.47589874267578,35.99979782104492
2012-04-24,30.44735336303711,19.4141902923584,19.531381607055664,159.3000030517578,76.77204132080078,57.210670471191406,67.41051483154297,106.88067626953125,36.53974533081055
2012-04-25,30.725414276123047,19.57175064086914,20.017135620117188,159.6199951171875,76.67731475830078,58.730865478515625,67.42655181884766,108.34405517578125,36.96034622192383
2012-04-26,30.915664672851562,19.706811904907227,20.15206527709961,161.02999877929688,76.93252563476562,59.07554626464844,67.4344711303711,109.09911346435547,37.05126190185547
2012-04-27,30.959566116333008,19.864370346069336,20.30048942565918,161.3800048828125,77.0127944946289,59.429115295410156,67.4184799194336,109.27810668945312,37.30703353881836
2012-04-30,30.893726348876953,19.751827239990234,20.091350555419922,161.8800048828125,77.07843017578125,59.00485610961914,67.4344711303711,108.87336730957031,37.21040344238281
2012-05-01,31.09859848022461,19.909393310546875,20.246517181396484,161.32000732421875,76.93814086914062,59.10206604003906,67.43287658691406,109.55054473876953,37.61395263671875
2012-05-02,31.04006004333496,19.808107376098633,19.949668884277344,160.58999633789062,77.084228515625,59.27000427246094,67.44085693359375,109.22362518310547,37.557098388671875
2012-05-03,30.80590057373047,19.639278411865234,19.72028160095215,158.97000122070312,77.07698059082031,58.64247131347656,67.43287658691406,108.39073181152344,37.4263801574707
2012-05-04,30.264427185058594,19.29038429260254,19.39645004272461,159.47000122070312,77.38369750976562,57.18416213989258,67.45687103271484,106.6393814086914,37.096736907958984
2012-05-07,30.37418556213379,19.481721878051758,19.619091033935547,159.0800018310547,77.36184692382812,57.23719787597656,67.45687103271484,106.71721649169922,37.35818099975586
2012-05-08,29.891237258911133,19.14406967163086,19.355968475341797,156.0,77.53711700439453,57.025062561035156,67.46481323242188,106.28907775878906,37.289981842041016
2012-05-09,29.503421783447266,18.930240631103516,19.005142211914062,154.47000122070312,77.60283660888672,56.848289489746094,67.45687103271484,105.65858459472656,37.17061996459961
2012-05-10,29.62781524658203,18.997772216796875,19.146820068359375,154.77000427246094,77.4932861328125,56.7333984375,67.44886016845703,105.87654876708984,37.19903564453125
2012-05-11,29.24732208251953,18.87397003173828,19.099597930908203,153.55999755859375,77.74897003173828,56.724571228027344,67.45687103271484,105.557373046875,37.27861022949219
2012-05-14,28.58144187927246,18.581350326538086,18.62059211730957,151.3300018310547,78.09225463867188,56.19426727294922,67.44886016845703,104.38982391357422,36.806880950927734
2012-05-15,28.3326473236084,18.345001220703125,18.256277084350586,149.74000549316406,78.11410522460938,56.00865936279297,67.44085693359375,103.79046630859375,36.61363983154297
2012-05-16,27.930200576782227,18.176183700561523,18.141578674316406,149.4600067138672,78.17261505126953,55.62860870361328,67.43287658691406,103.39350891113281,36.210105895996094
2012-05-17,27.549701690673828,17.782272338867188,17.912195205688477,152.8000030517578,78.46481323242188,54.45310974121094,67.40091705322266,101.86004638671875,35.15296173095703
2012-05-18,27.286272048950195,17.613452911376953,17.93243980407715,154.5500030517578,78.41364288330078,53.74604415893555,67.40892791748047,100.98827362060547,34.72667694091797
2012-05-21,27.93750762939453,17.996105194091797,18.3709659576416,154.64999389648438,78.20911407470703,55.24855422973633,67.41692352294922,102.7240982055664,35.48261642456055
2012-05-22,27.644821166992188,17.962343215942383,18.26976203918457,152.0800018310547,78.04109954833984,55.18669128417969,67.39299011230469,102.90314483642578,35.55080795288086
2012-05-23,27.45457649230957,17.804779052734375,18.074113845825195,151.6199951171875,78.24567413330078,55.292755126953125,67.42487335205078,102.95757293701172,35.601966857910156
2012-05-24,27.31554412841797,17.8160343170166,17.837987899780273,151.41000366210938,78.07768249511719,54.93037414550781,67.40091705322266,103.15999603271484,35.76108932495117
2012-05-25,27.183835983276367,17.771018981933594,17.851476669311523,152.67999267578125,78.30410766601562,54.85966110229492,67.43287658691406,102.82525634765625,35.61901092529297
2012-05-29,27.9521484375,17.928577423095703,17.98641014099121,151.02000427246094,78.23836517333984,55.557899475097656,67.41692352294922,104.07066345214844,36.124847412109375
2012-05-30,27.469215393066406,17.433380126953125,17.439937591552734,151.91000366210938,78.98341369628906,55.08946990966797,67.44886016845703,102.56061553955078,35.266624450683594
2012-05-31,27.586286544799805,17.50090980529785,17.500656127929688,151.6199951171875,79.29021453857422,54.850833892822266,67.47286224365234,102.33485412597656,35.53375244140625
2012-06-01,26.84723472595215,17.197031021118164,17.008153915405273,157.5,79.97126770019531,53.39250564575195,67.47923278808594,99.75840759277344,34.664161682128906
2012-06-04,26.96430778503418,17.309579849243164,17.23079490661621,157.32000732421875,79.51040649414062,53.799068450927734,67.47122192382812,99.71172332763672,34.42544937133789
2012-06-05,27.037492752075195,17.3658504486084,17.27802276611328,157.13999938964844,79.24703216552734,54.02002716064453,67.4871826171875,100.46673583984375,35.135902404785156
2012-06-06,27.827760696411133,17.90607452392578,17.878463745117188,157.2100067138672,78.72761535644531,55.25739669799805,67.46322631835938,102.7240982055664,35.914554595947266
2012-06-07,27.996061325073242,18.041128158569336,17.837987899780273,154.5,78.91780090332031,55.03643798828125,67.45523071289062,102.78634643554688,35.65879821777344
2012-06-08,27.75458335876465,18.01861572265625,17.844730377197266,154.72999572753906,78.9763412475586,55.566741943359375,67.45523071289062,103.6036376953125,36.16462707519531
2012-06-11,27.352136611938477,17.861055374145508,17.595108032226562,155.36000061035156,79.18850708007812,54.629886627197266,67.45523071289062,102.28816986083984,35.35187530517578
2012-06-12,27.92288589477539,18.28873062133789,17.83123779296875,156.4600067138672,78.76415252685547,55.292755126953125,67.42326354980469,103.46353149414062,35.68722152709961
2012-06-13,27.8204402923584,18.074893951416016,17.709796905517578,157.1199951171875,79.18119049072266,54.912715911865234,67.41533660888672,102.8019027709961,35.50532913208008
2012-06-14,28.01801300048828,18.187437057495117,17.93243980407715,157.75,78.96900939941406,55.11598205566406,67.42326354980469,103.89163970947266,36.02254867553711
2012-06-15,28.53022003173828,18.435039520263672,18.26976203918457,157.83999633789062,79.33486938476562,55.800758361816406,67.44722747802734,104.95417785644531,36.24419403076172
2012-06-18,28.588754653930664,18.390018463134766,18.026893615722656,157.92999267578125,79.31293487548828,56.32340621948242,67.4312744140625,105.1576156616211,36.54542541503906
2012-06-19,29.04975128173828,18.73891258239746,18.485652923583984,157.16000366210938,79.04215240478516,56.90808868408203,67.42326354980469,106.17481994628906,36.693199157714844
2012-06-20,28.95462989807129,18.862712860107422,18.65432357788086,155.97000122070312,78.8812484741211,56.9523811340332,67.3992919921875,106.00264739990234,36.676151275634766
2012-06-21,27.894243240356445,18.307382583618164,18.154281616210938,152.02000427246094,79.04950714111328,55.534996032714844,67.40727996826172,103.62409973144531,36.07938003540039
2012-06-22,27.983104705810547,18.445640563964844,18.341794967651367,152.63999938964844,78.70562744140625,56.11968994140625,67.41533660888672,104.4221420288086,36.085052490234375
2012-06-25,27.46476173400879,18.11152458190918,17.7584171295166,153.75999450683594,79.13732147216797,55.038909912109375,67.41533660888672,102.74775695800781,35.901123046875
2012-06-26,27.701717376708984,18.295866012573242,17.7584171295166,152.6199951171875,78.96171569824219,55.384403228759766,67.3992919921875,103.26416015625,36.02146911621094
2012-06-27,27.879438400268555,18.457162857055664,17.97370719909668,152.8300018310547,79.07141876220703,55.721038818359375,67.3992919921875,104.19525146484375,36.16471481323242
2012-06-28,27.746145248413086,18.353469848632812,17.97370719909668,151.0500030517578,79.32750701904297,55.10091781616211,67.40727996826172,103.89794158935547,36.56011199951172
2012-06-29,28.97535514831543,18.76824378967285,19.064077377319336,155.19000244140625,78.96171569824219,56.83722686767578,67.40727996826172,106.48774719238281,37.49416732788086
2012-07-02,28.97535514831543,19.033231735229492,19.175201416015625,155.08999633789062,79.3280258178711,57.00554275512695,67.42807006835938,106.80856323242188,37.906761169433594
2012-07-03,29.552942276000977,19.090837478637695,19.35576629638672,157.4600067138672,79.13020324707031,57.48391342163086,67.41209411621094,107.51268005371094,38.130252838134766
2012-07-05,29.241928100585938,18.92954444885254,18.772390365600586,155.67999267578125,79.34269714355469,57.519325256347656,67.43608856201172,107.02760314941406,37.895294189453125
2012-07-06,28.708786010742188,18.84889030456543,18.293184280395508,153.7100067138672,79.62113952636719,56.801788330078125,67.46004486083984,106.01049041748047,37.98698806762695
2012-07-09,28.6051082611084,18.825843811035156,18.300125122070312,154.0399932861328,79.8409423828125,56.69548416137695,67.46004486083984,105.87747955322266,38.027099609375
2012-07-10,28.28670310974121,18.745197296142578,18.168169021606445,152.14999389648438,79.87753295898438,56.13740158081055,67.46004486083984,104.95417785644531,37.620243072509766
2012-07-11,28.434803009033203,18.83736801147461,18.251510620117188,152.99000549316406,79.80435180664062,55.82735061645508,67.46800994873047,104.9698486328125,37.66035461425781
2012-07-12,27.96088409423828,18.61846351623535,18.063995361328125,152.58999633789062,79.98745727539062,55.30467987060547,67.4840316772461,104.46125030517578,37.77497100830078
2012-07-13,28.501449584960938,18.95258140563965,18.362628936767578,154.13999938964844,79.92150115966797,56.146236419677734,67.50003051757812,106.21388244628906,38.23912811279297
2012-07-16,28.434803009033203,18.964099884033203,18.348745346069336,154.2100067138672,80.09737396240234,55.98678970336914,67.52397918701172,105.96353149414062,38.313629150390625
2012-07-17,28.812448501586914,18.964099884033203,18.487642288208008,153.47000122070312,79.89222717285156,56.27914810180664,67.51594543457031,106.69115447998047,38.68036651611328
2012-07-18,28.738407135009766,19.079313278198242,18.64043426513672,153.0500030517578,79.97285461425781,57.04096984863281,67.5319595336914,107.48139190673828,38.45116424560547
2012-07-19,29.00497817993164,19.2982234954834,18.800168991088867,153.3800048828125,79.85562133789062,57.66994857788086,67.54790496826172,107.76309204101562,38.050025939941406
2012-07-20,28.575498580932617,18.906494140625,18.182065963745117,153.6699981689453,80.17066955566406,56.90808868408203,67.55592346191406,106.77723693847656,37.84946823120117
2012-07-23,27.82761001586914,18.48020362854004,17.682018280029297,153.02999877929688,80.30250549316406,56.21711349487305,67.56395721435547,105.69749450683594,37.574405670166016
2012-07-24,27.709125518798828,18.261295318603516,17.355602264404297,153.52000427246094,80.45636749267578,55.7741813659668,67.54790496826172,104.7899169921875,37.44832229614258
2012-07-25,27.842416763305664,18.272823333740234,17.543121337890625,155.6699981689453,80.5003662109375,55.402103424072266,67.55592346191406,104.81334686279297,37.43114471435547
2012-07-26,28.471834182739258,18.779756546020508,18.390411376953125,156.77000427246094,80.25125885009766,56.13740158081055,67.55592346191406,106.5425033569336,37.763511657714844
2012-07-27,29.27155876159668,19.079313278198242,19.071020126342773,157.5399932861328,79.67241668701172,57.46620178222656,67.50797271728516,108.5063705444336,38.1245002746582
2012-07-30,29.10124397277832,19.125408172607422,18.987680435180664,157.42999267578125,79.92884063720703,57.42188262939453,67.53996276855469,108.5063705444336,38.302154541015625
2012-07-31,28.967954635620117,18.92954444885254,18.876562118530273,156.49000549316406,80.06807708740234,57.404170989990234,67.55592346191406,107.74746704101562,38.244869232177734
2012-08-01,29.019784927368164,19.044750213623047,18.85572624206543,155.13999938964844,79.7760009765625,57.23587417602539,67.54476165771484,107.6535415649414,38.061485290527344
2012-08-02,28.679170608520508,18.83736801147461,18.279287338256836,154.1300048828125,79.9668197631836,57.03211212158203,67.55276489257812,106.91024780273438,38.17036437988281
2012-08-03,29.5677490234375,19.413434982299805,19.35576629638672,155.5500030517578,79.54857635498047,58.11288070678711,67.52877044677734,109.03065490722656,38.46834945678711
2012-08-06,29.75287628173828,19.48256492614746,19.59884262084961,156.3000030517578,79.59991455078125,58.55580139160156,67.53672790527344,109.24187469482422,38.4282341003418
2012-08-07,29.834331512451172,19.57473373413086,19.862754821777344,156.27999877929688,79.18167877197266,59.04302215576172,67.50479125976562,109.78956604003906,37.97553634643555
2012-08-08,29.893558502197266,19.724510192871094,19.765525817871094,156.47999572753906,79.07156372070312,59.01646041870117,67.48080444335938,109.92259216308594,37.717647552490234
2012-08-09,30.019451141357422,19.678422927856445,19.668296813964844,156.99000549316406,79.01292419433594,59.19363021850586,67.48080444335938,110.01644897460938,37.59732437133789
2012-08-10,30.160144805908203,19.816682815551758,19.689130783081055,157.17999267578125,79.24032592773438,59.229068756103516,67.49681854248047,110.1964340209961,37.64888381958008
2012-08-13,29.893558502197266,19.73603057861328,19.640514373779297,155.99000549316406,79.1889877319336,59.37078857421875,67.50479125976562,110.14167022705078,37.620243072509766
2012-08-14,29.886154174804688,19.805164337158203,19.675233840942383,155.1300048828125,78.80013275146484,59.39736557006836,67.48877716064453,110.15731811523438,37.54001235961914
2012-08-15,29.841733932495117,19.805164337158203,19.647462844848633,155.6300048828125,78.40384674072266,59.547977447509766,67.46479034423828,110.28248596191406,37.71192169189453
2012-08-16,30.115707397460938,19.90885353088379,20.022491455078125,156.55999755859375,78.21305084228516,60.25667953491211,67.45684051513672,111.0962142944336,37.99846267700195
2012-08-17,29.967620849609375,19.885807037353516,20.119720458984375,156.72000122070312,78.30851745605469,60.522422790527344,67.46479034423828,111.24488830566406,38.009918212890625
2012-08-20,29.952802658081055,19.816682815551758,20.071107864379883,157.25999450683594,78.35245513916016,60.61102294921875,67.46479034423828,111.25271606445312,37.90102767944336
2012-08-21,29.90837860107422,19.862768173217773,20.348909378051758,158.8300018310547,78.41852569580078,60.371826171875,67.46479034423828,110.91627502441406,37.98125457763672
2012-08-22,29.923175811767578,19.839719772338867,20.335018157958984,160.5399932861328,79.02757263183594,60.619869232177734,67.50479125976562,110.9632339477539,37.95832824707031
2012-08-23,29.649213790893555,19.75907325744629,20.08499526977539,161.88999938964844,79.16695404052734,60.12379837036133,67.51275634765625,110.05560302734375,37.8437385559082
2012-08-24,29.656604766845703,19.666906356811523,20.05027198791504,161.97000122070312,79.13030242919922,60.49586486816406,67.51275634765625,110.72065734863281,37.96979904174805
2012-08-27,29.353004455566406,19.73603057861328,20.168338775634766,161.36000061035156,79.33575439453125,60.59331512451172,67.50479125976562,110.74408721923828,38.08441162109375
2012-08-28,29.293773651123047,19.70146369934082,20.251678466796875,161.63999938964844,79.36509704589844,60.59331512451172,67.51275634765625,110.63458251953125,38.2161979675293
2012-08-29,29.153078079223633,19.643857955932617,20.13360595703125,160.58999633789062,79.31373596191406,60.59331512451172,67.51275634765625,110.72065734863281,38.20475387573242
2012-08-30,28.812448501586914,19.471040725708008,19.807191848754883,160.52000427246094,79.46054077148438,59.98203659057617,67.52076721191406,109.92259216308594,38.11879348754883
2012-08-31,29.08642578125,19.551687240600586,20.126672744750977,164.22000122070312,79.97418212890625,60.38068389892578,67.5607681274414,110.44681549072266,38.23912811279297
2012-09-04,28.923524856567383,19.459518432617188,20.23084259033203,164.47999572753906,79.79120635986328,60.31870651245117,67.555908203125,110.34503173828125,38.50846481323242
2012-09-05,28.775423049926758,19.424957275390625,20.20306396484375,164.30999755859375,79.76175689697266,60.25667953491211,67.555908203125,110.25116729736328,38.439693450927734
2012-09-06,29.412250518798828,19.862768173217773,20.953125,164.88999938964844,79.21800994873047,61.59431457519531,67.52397918701172,112.48892211914062,38.78351593017578
2012-09-07,30.09349822998047,20.070148468017578,21.362878799438477,168.44000244140625,79.32091522216797,61.5057487487793,67.53997039794922,112.92710876464844,38.81789779663086
2012-09-10,29.708446502685547,19.95493507385254,21.119808197021484,167.2899932861328,79.35760498046875,60.717350006103516,67.52397918701172,112.28551483154297,38.514198303222656
2012-09-11,30.063884735107422,20.070148468017578,21.501781463623047,167.89999389648438,79.21070098876953,60.619869232177734,67.53997039794922,112.59850311279297,38.628814697265625
2012-09-12,30.19716453552246,20.116233825683594,21.70319175720215,167.9199981689453,78.82127380371094,60.797054290771484,67.53194427490234,112.97405242919922,38.70902633666992
2012-09-13,31.011707305908203,20.49643898010254,21.974044799804688,171.30999755859375,79.04902648925781,61.62089538574219,67.555908203125,114.69535064697266,39.18465042114258
2012-09-14,31.37454605102539,20.680776596069336,22.307397842407227,171.8000030517578,78.30689239501953,62.170108795166016,67.52397918701172,115.20396423339844,39.40241241455078
2012-09-17,31.033918380737305,20.600130081176758,22.182397842407227,170.39999389648438,78.46855163574219,62.19670867919922,67.52397918701172,114.812744140625,39.28779983520508
2012-09-18,31.04872703552246,20.577089309692383,21.876813888549805,171.72000122070312,78.66699981689453,62.24987030029297,67.53194427490234,114.71878051757812,38.91532516479492
2012-09-19,31.04872703552246,20.669261932373047,21.980989456176758,171.74000549316406,78.85064697265625,62.36503219604492,67.53194427490234,114.78141021728516,38.69755935668945
2012-09-20,30.863611221313477,20.531003952026367,21.80736541748047,171.47000122070312,78.89473724365234,62.303043365478516,67.51593780517578,114.78923034667969,38.1245002746582
2012-09-21,30.937658309936523,20.50796127319336,21.876813888549805,171.9600067138672,79.06375885009766,62.320762634277344,67.52397918701172,114.74127197265625,38.130252838134766
2012-09-24,30.90803337097168,20.47340202331543,21.73096466064453,171.0500030517578,79.24004364013672,61.95655059814453,67.53194427490234,114.56819152832031,37.98874282836914
2012-09-25,30.44894027709961,20.335140228271484,21.52261734008789,170.77000427246094,79.5340347290039,61.08592987060547,67.51593780517578,113.3489990234375,37.428470611572266
2012-09-26,30.308244705200195,20.1392765045166,21.161474227905273,169.80999755859375,79.86461639404297,60.58842849731445,67.53194427490234,112.71183013916016,37.42269515991211
2012-09-27,30.789554595947266,20.346660614013672,21.41149139404297,172.33999633789062,79.69567108154297,61.423519134521484,67.53997039794922,113.77374267578125,37.584415435791016
2012-09-28,30.60443115234375,20.047109603881836,20.86978530883789,171.88999938964844,79.69567108154297,60.9171028137207,67.57194519042969,113.2467041015625,37.52666091918945
2012-10-01,30.90803337097168,20.17384147644043,21.105913162231445,172.2899932861328,79.843505859375,60.82827377319336,67.57356262207031,113.54562377929688,37.24940872192383
2012-10-02,30.952463150024414,20.185361862182617,21.293432235717773,172.10000610351562,79.79206085205078,61.00596237182617,67.55755615234375,113.66361999511719,37.53244400024414
2012-10-03,30.745126724243164,20.1392765045166,21.22397804260254,172.41000366210938,79.87294006347656,61.396854400634766,67.55755615234375,114.127685546875,37.60750961303711
2012-10-04,31.063541412353516,20.42731285095215,21.487890243530273,173.61000061035156,79.55658721923828,61.610076904296875,67.55755615234375,114.94577026367188,37.595977783203125
2012-10-05,31.063541412353516,20.35818099975586,21.668460845947266,172.6199951171875,79.19609832763672,61.2813835144043,67.52554321289062,114.95362091064453,37.642181396484375
2012-10-08,30.789554595947266,20.231447219848633,21.460113525390625,172.0500030517578,79.45356750488281,60.7216911315918,67.53355407714844,114.56036376953125,37.561309814453125
2012-10-09,30.560009002685547,20.012544631958008,21.036470413208008,170.99000549316406,79.29167938232422,59.75334548950195,67.53355407714844,113.42765808105469,37.42269515991211
2012-10-10,30.3748836517334,19.943416595458984,20.939237594604492,170.83999633789062,79.48304748535156,59.45127868652344,67.52554321289062,112.70394897460938,37.57286834716797
2012-10-11,30.656274795532227,20.093189239501953,21.17536163330078,171.32000732421875,79.55658721923828,59.264713287353516,67.51750946044922,112.7668685913086,37.543983459472656
2012-10-12,30.560009002685547,20.0816707611084,21.161474227905273,170.05999755859375,79.56401062011719,59.23806381225586,67.54156494140625,112.39720153808594,37.411128997802734
2012-10-15,30.73772621154785,20.185361862182617,21.369827270507812,168.35000610351562,79.58607482910156,59.673362731933594,67.52554321289062,113.33325958251953,37.659507751464844
2012-10-16,31.056137084960938,20.43883514404297,21.911537170410156,169.4199981689453,79.21077728271484,60.51736068725586,67.52554321289062,114.481689453125,37.890541076660156
2012-10-17,31.300495147705078,20.600130081176758,22.196287155151367,169.5399932861328,78.7104721069336,60.4818115234375,67.48554992675781,115.00084686279297,37.786563873291016
2012-10-18,31.211631774902344,20.43883514404297,22.105998992919922,168.7899932861328,78.57069396972656,59.77997970581055,67.49356079101562,114.70197296142578,38.17356872558594
2012-10-19,30.730323791503906,20.25448989868164,21.744853973388672,166.97000122070312,78.90177154541016,58.34967803955078,67.49356079101562,112.79047393798828,37.85588455200195
2012-10-22,31.026521682739258,20.346660614013672,21.876813888549805,167.5800018310547,78.63691711425781,58.6517219543457,67.46955871582031,112.80621337890625,37.665279388427734
2012-10-23,30.389698028564453,19.9318904876709,21.328157424926758,165.42999267578125,79.01212310791016,58.092041015625,67.50157165527344,111.24092864990234,37.28407287597656
2012-10-24,30.41930389404297,20.00102424621582,21.230928421020508,164.86000061035156,78.84292602539062,57.88772201538086,67.49356079101562,110.92626953125,37.25518035888672
2012-10-25,30.75253677368164,20.196887969970703,21.265647888183594,166.02000427246094,78.55596923828125,57.88772201538086,67.46955871582031,111.2487564086914,37.15121078491211
2012-10-26,30.51557731628418,20.17384147644043,21.355934143066406,165.92999267578125,79.05632019042969,58.056514739990234,67.48554992675781,111.18582153320312,36.82776641845703
2012-10-31,30.471147537231445,20.1392765045166,21.40454864501953,166.8300018310547,79.38002014160156,57.701141357421875,67.52554321289062,111.18582153320312,37.185890197753906
2012-11-01,30.967287063598633,20.404264450073242,21.654571533203125,166.07000732421875,79.22164154052734,58.51845932006836,67.50955963134766,112.35000610351562,37.36493682861328
2012-11-02,30.80436897277832,20.17384147644043,21.41149139404297,162.60000610351562,79.28797149658203,57.896575927734375,67.50157165527344,111.35102081298828,37.61329650878906
2012-11-05,30.952463150024414,20.1392765045166,21.279537200927734,163.22999572753906,79.47949981689453,58.27861022949219,67.50157165527344,111.57913970947266,37.36493682861328
2012-11-06,31.19683074951172,20.36970329284668,21.515670776367188,166.3000030517578,79.11845397949219,58.38520050048828,67.4775390625,112.4522705078125,37.52666091918945
2012-11-07,30.685884475708008,20.047109603881836,21.098968505859375,166.49000549316406,79.7815933227539,57.00819778442383,67.53355407714844,109.9036636352539,37.359153747558594
2012-11-08,30.300830841064453,19.828203201293945,20.814224243164062,167.99000549316406,80.13516235351562,56.11092758178711,67.53355407714844,108.58216094970703,36.914405822753906
2012-11-09,30.360065460205078,19.782119750976562,20.74477195739746,167.82000732421875,80.14250183105469,56.35079574584961,67.53355407714844,108.67662048339844,36.81620407104492
2012-11-12,30.471147537231445,19.77059555053711,20.80033302307129,167.4499969482422,80.19409942626953,56.3419075012207,67.53355407714844,108.76312255859375,36.72956848144531
2012-11-13,30.19716453552246,19.666906356811523,20.70309829711914,167.10000610351562,80.28990936279297,55.951019287109375,67.54156494140625,108.38554382324219,36.70069122314453
2012-11-14,29.73066520690918,19.424957275390625,20.626708984375,167.13999938964844,80.31197357177734,55.2935905456543,67.55755615234375,106.92244720458984,36.01333999633789
2012-11-15,29.834331512451172,19.447999954223633,20.675325393676758,166.08999633789062,80.27513122558594,55.107025146484375,67.55755615234375,106.74156188964844,35.845848083496094
2012-11-16,29.923175811767578,19.367347717285156,20.473920822143555,165.8800048828125,80.32672882080078,55.34689712524414,67.55755615234375,107.26861572265625,36.065330505371094
2012-11-19,30.44894027709961,19.724510192871094,21.015628814697266,167.8699951171875,80.16462707519531,56.66172409057617,67.54956817626953,109.43961334228516,36.510074615478516
2012-11-20,30.389698028564453,19.816682815551758,21.161474227905273,167.38999938964844,79.8331527709961,56.67949676513672,67.53355407714844,109.48676300048828,36.781551361083984
2012-11-21,30.330453872680664,19.874290466308594,21.24481773376465,167.55999755859375,79.71527099609375,56.79496765136719,67.52554321289062,109.69129943847656,36.7180290222168
2012-11-23,30.82658576965332,20.20840072631836,21.83513832092285,169.61000061035156,79.67107391357422,57.6567497253418,67.52554321289062,111.18582153320312,36.98949432373047
2012-11-26,30.82658576965332,20.1392765045166,21.77263641357422,169.42999267578125,79.80362701416016,57.905479431152344,67.51750946044922,110.9498519897461,37.064571380615234
2012-11-27,30.567413330078125,20.047109603881836,21.61984634399414,168.7100067138672,79.98785400390625,57.71003723144531,67.52554321289062,110.38347625732422,36.856651306152344
2012-11-28,30.73772621154785,20.196887969970703,21.83513832092285,166.5500030517578,80.09101104736328,58.2075309753418,67.53355407714844,111.2723388671875,36.8104362487793
2012-11-29,30.959871292114258,20.35818099975586,22.03654670715332,167.17999267578125,80.17198944091797,58.55400848388672,67.53355407714844,111.7915267944336,37.01260757446289
2012-11-30,30.945058822631836,20.36970329284668,22.133779525756836,166.0500030517578,80.15729522705078,58.45627975463867,67.54156494140625,111.81512451171875,37.08768081665039
2012-12-03,30.930255889892578,20.415790557861328,22.20322608947754,166.1300048828125,80.12553405761719,58.34078598022461,67.549560546875,111.26445770263672,37.237857818603516
2012-12-04,31.019113540649414,20.450355529785156,22.349069595336914,164.4199981689453,80.26570892333984,58.305240631103516,67.549560546875,111.10718536376953,37.29561233520508
2012-12-05,31.352340698242188,20.542522430419922,22.376853942871094,164.1199951171875,80.33209991455078,57.6567497253418,67.5655517578125,111.30384826660156,37.18009948730469
2012-12-06,31.589284896850586,20.542522430419922,22.356016159057617,164.5,80.3763198852539,58.02983474731445,67.5655517578125,111.6813735961914,37.52666091918945
2012-12-07,31.685550689697266,20.565570831298828,22.251848220825195,165.16000366210938,80.14768981933594,57.683372497558594,67.5655517578125,112.0196533203125,37.665279388427734
2012-12-10,31.863265991210938,20.611648559570312,22.217113494873047,165.8000030517578,80.22147369384766,57.8521728515625,67.5655517578125,112.06683349609375,37.64795684814453
2012-12-11,32.02616882324219,20.669261932373047,22.460193634033203,165.64999389648438,80.06657409667969,58.6072998046875,67.5655517578125,112.829833984375,37.74037170410156
2012-12-12,32.1224365234375,20.738384246826172,22.60603904724121,165.77000427246094,79.72720336914062,58.482913970947266,67.55754852294922,112.88490295410156,37.636409759521484
2012-12-13,31.98173713684082,20.657732009887695,22.57826042175293,164.3699951171875,79.57232666015625,58.02095413208008,67.55754852294922,112.19270324707031,37.34760284423828
2012-12-14,32.1224365234375,20.703819274902344,22.765771865844727,164.1300048828125,79.74938201904297,57.47015380859375,67.57357025146484,111.77580261230469,37.34183120727539
2012-12-17,32.20389938354492,20.784473419189453,22.807445526123047,164.44000244140625,79.32889556884766,58.23417282104492,67.55754852294922,113.08941650390625,37.5382080078125
2012-12-18,32.42887496948242,20.951568603515625,23.049928665161133,162.0800018310547,79.01905059814453,59.12257385253906,67.5174789428711,114.34797668457031,37.92521286010742
2012-12-19,32.41398239135742,20.974943161010742,23.154451370239258,161.69000244140625,79.12970733642578,58.86494064331055,67.53356170654297,113.49842834472656,37.87321472167969
2012-12-20,32.60767364501953,21.068424224853516,23.272903442382812,159.72999572753906,79.18138885498047,58.86494064331055,67.5255355834961,114.15129852294922,38.369956970214844
2012-12-21,32.23518371582031,20.846405029296875,23.133546829223633,160.3300018310547,79.39532470703125,58.245853424072266,67.53356170654297,113.11517333984375,38.306419372558594
2012-12-24,32.16813278198242,20.85809326171875,23.035991668701172,160.6199951171875,79.31413269042969,58.129722595214844,67.53356170654297,112.7665786743164,38.35728454589844
2012-12-26,32.264984130859375,20.799665451049805,22.98721694946289,160.77999877929688,79.47737121582031,57.62051010131836,67.5343017578125,112.29131317138672,38.17605209350586
2012-12-27,32.44681930541992,20.823034286499023,23.213071823120117,161.16000366210938,79.6398696899414,57.53117752075195,67.55839538574219,112.14076232910156,38.316368103027344
2012-12-28,32.56605529785156,20.63606834411621,22.80876350402832,160.5399932861328,79.82454681396484,56.977317810058594,67.55839538574219,110.9287338256836,38.06497573852539
2012-12-31,33.05044174194336,20.963254928588867,23.32460594177246,162.02000427246094,79.40351867675781,58.183292388916016,67.55839538574219,112.81414031982422,38.468360900878906
2013-01-02,33.69878005981445,21.27875518798828,23.498872756958008,163.1699981689453,79.04151916503906,60.03251647949219,67.54232788085938,115.7055892944336,38.94776153564453
2013-01-03,33.460323333740234,21.09178924560547,23.171253204345703,161.1999969482422,78.6352310180664,59.71986389160156,67.54232788085938,115.44419860839844,38.941925048828125
2013-01-04,33.527381896972656,21.243701934814453,23.387346267700195,160.44000244140625,78.67216491699219,59.52333068847656,67.55037689208984,115.95116424560547,39.12313461303711
2013-01-07,33.27401351928711,21.196958541870117,23.289752960205078,159.42999267578125,78.71648406982422,59.541175842285156,67.55037689208984,115.63427734375,39.21084213256836
2013-01-08,32.97592544555664,21.10348129272461,23.220048904418945,160.55999755859375,78.90862274169922,59.42505645751953,67.55839538574219,115.30160522460938,39.134830474853516
2013-01-09,33.11751174926758,21.138532638549805,23.240955352783203,160.49000549316406,78.952880859375,59.64839553833008,67.58236694335938,115.5946273803711,39.245914459228516
2013-01-10,33.40814971923828,21.360551834106445,23.673152923583984,161.97999572753906,78.72392272949219,60.005714416503906,67.57433319091797,116.5135498046875,39.28683853149414
2013-01-11,33.13986587524414,21.3488712310791,23.87530517578125,161.05999755859375,78.9750747680664,60.08613204956055,67.56633758544922,116.50566101074219,39.263458251953125
2013-01-14,33.281463623046875,21.29043960571289,23.861366271972656,161.5399932861328,78.94547271728516,59.81813430786133,67.56633758544922,116.42643737792969,39.3745231628418
2013-01-15,33.13986587524414,21.325502395629883,23.78468894958496,162.55999755859375,79.13756561279297,59.52333068847656,67.57433319091797,116.50566101074219,39.56161117553711
2013-01-16,33.11005401611328,21.17359161376953,23.687091827392578,162.64999389648438,79.24097442626953,59.76451110839844,67.57433319091797,116.48981475830078,39.514835357666016
2013-01-17,33.296363830566406,21.243701934814453,24.021696090698242,163.35000610351562,78.87901306152344,60.05040740966797,67.56633758544922,117.24236297607422,39.637611389160156
2013-01-18,33.37089157104492,21.208642959594727,23.94501304626465,163.08999633789062,79.10069274902344,59.9163932800293,67.56633758544922,117.50381469726562,39.80714416503906
2013-01-22,33.318729400634766,21.255386352539062,23.979875564575195,163.6699981689453,79.16714477539062,60.014671325683594,67.58236694335938,118.1375503540039,40.01176452636719
2013-01-23,33.13986587524414,21.313812255859375,23.903194427490234,163.2100067138672,79.20410919189453,60.380943298339844,67.58236694335938,118.32772827148438,40.00007247924805
2013-01-24,33.02063751220703,21.360551834106445,24.05655288696289,161.4199981689453,79.07111358642578,59.550132751464844,67.58236694335938,118.3593978881836,40.08191680908203
2013-01-25,32.90884780883789,21.5591983795166,24.509660720825195,160.64999389648438,78.54663848876953,59.8538818359375,67.55037689208984,119.0248031616211,40.309940338134766
2013-01-28,32.677833557128906,21.430665969848633,24.488750457763672,160.2899932861328,78.38410186767578,59.98787307739258,67.52638244628906,118.88221740722656,40.415157318115234
2013-01-29,33.042991638183594,21.62930679321289,24.523597717285156,160.99000549316406,78.26587677001953,59.996788024902344,67.5343017578125,119.34955596923828,40.53208541870117
2013-01-30,32.88649368286133,21.61762809753418,24.460865020751953,162.19000244140625,78.31022644042969,59.8717155456543,67.55839538574219,118.88221740722656,40.1462287902832
2013-01-31,32.95356369018555,21.582569122314453,24.20294952392578,161.1999969482422,78.3767318725586,59.73772430419922,67.56633758544922,118.589111328125,39.90653610229492
2013-02-01,33.169681549072266,21.582569122314453,24.593307495117188,161.4499969482422,78.11041259765625,60.443477630615234,67.55917358398438,119.8090591430664,40.14038848876953
2013-02-04,32.730003356933594,21.325502395629883,23.617385864257812,162.0,78.56163024902344,59.38933181762695,67.57515716552734,118.46233367919922,40.0468635559082
2013-02-05,32.76726150512695,21.27875518798828,23.85439682006836,161.9600067138672,78.28056335449219,60.26480484008789,67.57515716552734,119.6585464477539,39.95329284667969
2013-02-06,32.730003356933594,21.383920669555664,23.66617774963379,162.38999938964844,78.51725769042969,60.06827926635742,67.5911636352539,119.74566650390625,40.0936279296875
2013-02-07,32.43935012817383,21.255386352539062,23.317638397216797,161.83999633789062,78.5542221069336,60.12187194824219,67.5911636352539,119.5872573852539,39.9240837097168
2013-02-08,32.677833557128906,21.430665969848633,23.484941482543945,161.57000732421875,78.61341094970703,60.73827362060547,67.59918975830078,120.25267791748047,40.292388916015625
2013-02-11,32.662933349609375,21.313812255859375,23.41522789001465,159.6999969482422,78.53204345703125,60.756134033203125,67.57515716552734,120.22893524169922,40.35084915161133
2013-02-12,32.752349853515625,21.45403480529785,23.694067001342773,159.88999938964844,78.45069122314453,60.506019592285156,67.55917358398438,120.42694854736328,40.65486526489258
2013-02-13,32.91628646850586,21.46571922302246,23.826509475708008,159.0500030517578,78.17704010009766,60.72041702270508,67.55113220214844,120.5299301147461,40.63147735595703
2013-02-14,32.90140151977539,21.337181091308594,23.596473693847656,158.35000610351562,78.5098876953125,60.70254898071289,67.55917358398438,120.64083862304688,40.46193313598633
2013-02-15,32.782161712646484,21.3021297454834,23.436141967773438,155.75999450683594,78.43588256835938,60.52388000488281,67.567138671875,120.498291015625,40.47947311401367
2013-02-19,32.849239349365234,21.383920669555664,23.840456008911133,155.3300018310547,78.31013488769531,60.96159744262695,67.55917358398438,121.40131378173828,40.801002502441406
2013-02-20,32.55860137939453,21.09178924560547,23.45705795288086,151.44000244140625,78.48029327392578,60.02361297607422,67.55917358398438,119.88829803466797,40.53792190551758
2013-02-21,32.11146545410156,20.928197860717773,22.955148696899414,152.6199951171875,78.63561248779297,59.380401611328125,67.58316802978516,119.15950012207031,40.23392105102539
2013-02-22,32.25305938720703,21.115161895751953,23.387346267700195,152.97000122070312,78.73172760009766,59.97894287109375,67.58316802978516,120.32398986816406,40.637332916259766
2013-02-25,31.820838928222656,20.61269760131836,22.557811737060547,154.33999633789062,79.33826446533203,59.237449645996094,67.59918975830078,118.03459167480469,39.86561584472656
2013-02-26,31.999679565429688,20.682809829711914,22.7181396484375,156.22000122070312,79.19035339355469,59.46078872680664,67.61516571044922,118.84264373779297,40.14038848876953
2013-02-27,32.34993362426758,20.974943161010742,23.19216537475586,154.57000732421875,79.15339660644531,60.06827926635742,67.61516571044922,120.33983612060547,40.43269729614258
2013-02-28,32.20089340209961,20.99831199645996,23.08759880065918,153.0,79.26435089111328,59.94321823120117,67.60714721679688,120.10213470458984,40.39176559448242
2013-03-01,32.275413513183594,20.893142700195312,22.955148696899414,152.44000244140625,79.46208190917969,60.193328857421875,67.62158966064453,120.498291015625,40.526248931884766
2013-03-04,31.96987533569336,20.974943161010742,23.073657989501953,152.3000030517578,79.27692413330078,60.46132278442383,67.61361694335938,121.13993835449219,40.83024597167969
2013-03-05,32.357391357421875,21.208642959594727,23.394323348999023,152.3800048828125,79.19548797607422,61.354671478271484,67.60553741455078,122.22513580322266,41.15178680419922
2013-03-06,32.51388931274414,21.126850128173828,23.436141967773438,153.22999572753906,78.94366455078125,61.20280456542969,67.59754943847656,122.39152526855469,41.02903747558594
2013-03-07,32.60330581665039,21.185272216796875,23.694067001342773,152.69000244140625,78.64006042480469,61.363624572753906,67.58154296875,122.6133804321289,40.83609390258789
2013-03-08,32.88649368286133,21.126850128173828,23.728925704956055,152.7100067138672,78.2401123046875,61.435089111328125,67.58956146240234,123.13623046875,40.90624237060547
2013-03-11,32.707645416259766,21.208642959594727,23.791662216186523,152.99000549316406,78.27719116210938,61.61374282836914,67.58154296875,123.60357666015625,40.94132614135742
2013-03-12,32.33504104614258,21.10348129272461,23.687091827392578,154.19000244140625,78.4919204711914,61.390411376953125,67.59754943847656,123.32633972167969,40.78932571411133
2013-03-13,32.02948760986328,21.138532638549805,23.589496612548828,153.66000366210938,78.42525482177734,61.31000518798828,67.58154296875,123.50060272216797,40.83024597167969
2013-03-14,32.16363525390625,21.547517776489258,23.903194427490234,153.67999267578125,78.44746398925781,61.515480041503906,67.58154296875,124.1580810546875,41.08749008178711
2013-03-15,31.872997283935547,21.383920669555664,23.868343353271484,154.0,78.72151947021484,61.344451904296875,67.60553741455078,123.99418640136719,41.18101501464844
2013-03-18,31.51529312133789,21.255386352539062,23.45705795288086,155.3800048828125,78.98069763183594,61.21013641357422,67.62158966064453,123.30992126464844,40.95302200317383
2013-03-19,31.291736602783203,21.325502395629883,23.261871337890625,156.0800018310547,79.22509002685547,61.0937385559082,67.61361694335938,123.02342987060547,40.754234313964844
2013-03-20,31.470579147338867,21.267070770263672,23.547670364379883,155.3699951171875,78.92142486572266,61.52354431152344,67.60553741455078,123.8827896118164,40.882869720458984
2013-03-21,31.150131225585938,21.16190528869629,23.213071823120117,156.25,79.12882995605469,60.82512664794922,67.61361694335938,122.82450866699219,40.76009750366211
2013-03-22,31.269372940063477,21.337181091308594,23.47796058654785,155.5500030517578,79.15848541259766,61.41609191894531,67.59754943847656,123.81112670898438,40.97452926635742
2013-03-25,31.239561080932617,21.17359161376953,22.927268981933594,155.24000549316406,79.21768188476562,61.192237854003906,67.59754943847656,123.29399871826172,40.98041915893555
2013-03-26,31.68669891357422,21.267070770263672,22.93423843383789,154.72000122070312,79.29914855957031,61.52354431152344,67.60553741455078,124.28064727783203,41.33390808105469
2013-03-27,31.805931091308594,21.185272216796875,22.59963607788086,155.36000061035156,79.63978576660156,61.604122161865234,67.62158966064453,124.28064727783203,41.41050338745117
2013-03-28,31.872997283935547,21.3488712310791,22.759967803955078,154.4499969482422,79.49170684814453,61.7563362121582,67.6296157836914,124.66259002685547,41.5518913269043
2013-04-01,31.530193328857422,21.22032928466797,22.634490966796875,154.6699981689453,79.7030258178711,61.33550262451172,67.63599395751953,124.16923522949219,41.675621032714844
2013-04-02,31.54510498046875,21.372236251831055,22.98303985595703,152.42999267578125,79.54727172851562,61.81901550292969,67.63599395751953,124.78197479248047,41.805213928222656
2013-04-03,31.17249870300293,21.243701934814453,22.8505916595459,150.72999572753906,79.88101959228516,61.25494384765625,67.62802124023438,123.51675415039062,41.65793228149414
2013-04-04,31.083059310913086,21.243701934814453,22.913328170776367,150.2899932861328,80.19986724853516,61.27284240722656,67.65201568603516,124.0180892944336,42.33545684814453
2013-04-05,31.0085391998291,21.138532638549805,22.7111759185791,152.80999755859375,80.4520263671875,60.7624397277832,67.65201568603516,123.4610824584961,42.56521224975586
2013-04-08,31.060707092285156,21.080108642578125,22.80876350402832,152.16000366210938,80.19246673583984,61.08478546142578,67.63599395751953,124.29656219482422,42.90691375732422
2013-04-09,31.366249084472656,21.196958541870117,22.96908950805664,153.33999633789062,80.22217559814453,61.496665954589844,67.63599395751953,124.72624969482422,42.91279602050781
2013-04-10,31.664344787597656,21.442352294921875,23.387346267700195,150.75,79.8884048461914,62.69652557373047,67.63599395751953,126.25396728515625,43.17792892456055
2013-04-11,31.69413948059082,21.535829544067383,23.526765823364258,151.0500030517578,79.97740173339844,62.66965103149414,67.63599395751953,126.66775512695312,43.431251525878906
2013-04-12,31.20975112915039,21.535829544067383,23.422195434570312,143.9499969482422,80.4223403930664,62.62489318847656,67.64401245117188,126.35747528076172,43.53730010986328
2013-04-15,30.449630737304688,21.080108642578125,22.843616485595703,131.30999755859375,80.600341796875,61.389217376708984,67.65201568603516,123.42923736572266,42.63590621948242
2013-04-16,31.075618743896484,21.29043960571289,23.233991622924805,132.8000030517578,80.37039184570312,62.20405578613281,67.65201568603516,125.25141906738281,43.342864990234375
2013-04-17,30.583768844604492,20.904830932617188,22.522960662841797,132.8699951171875,80.51876068115234,60.9863166809082,67.65201568603516,123.42129516601562,42.883358001708984
2013-04-18,30.583768844604492,20.928197860717773,22.446277618408203,134.3000030517578,80.56327056884766,60.14459228515625,67.65201568603516,122.64947509765625,42.818538665771484
2013-04-19,31.030895233154297,21.02168083190918,22.634490966796875,135.47000122070312,80.51876068115234,60.96841049194336,67.65201568603516,123.71573638916016,43.478363037109375
2013-04-22,31.179941177368164,21.080108642578125,22.80876350402832,137.89999389648438,80.56327056884766,61.59516906738281,67.66000366210938,124.26473236083984,43.419464111328125
2013-04-23,31.3289852142334,21.430665969848633,23.317638397216797,136.8800048828125,80.51130676269531,62.18613052368164,67.65201568603516,125.54580688476562,43.66100311279297
2013-04-24,31.51529312133789,21.524147033691406,23.56859588623047,138.3699951171875,80.54837799072266,62.159271240234375,67.66000366210938,125.62539672851562,43.75526428222656
2013-04-25,31.79846954345703,21.722789764404297,23.58253288269043,141.6300048828125,80.45943450927734,62.49060821533203,67.65201568603516,126.13463592529297,43.60798645019531
2013-04-26,31.4780330657959,21.839651107788086,23.610410690307617,140.91000366210938,80.74857330322266,62.2935905456543,67.66803741455078,125.91183471679688,43.46659469604492
2013-04-29,31.805931091308594,22.003238677978516,24.070493698120117,142.3000030517578,80.71894073486328,62.866661071777344,67.6840591430664,126.75526428222656,43.8377571105957
2013-04-30,32.2605094909668,21.956499099731445,24.070493698120117,142.77000427246094,80.70410919189453,63.32329559326172,67.676025390625,127.05770111083984,44.35029983520508
2013-05-01,31.910259246826172,21.92144012451172,23.903194427490234,141.11000061035156,80.96774291992188,63.0278205871582,67.68962860107422,125.94367980957031,43.99681854248047
2013-05-02,32.16363525390625,21.99155044555664,24.021696090698242,141.9199981689453,80.96774291992188,63.82474899291992,67.68163299560547,127.11334228515625,44.28548812866211
2013-05-03,32.431907653808594,22.271997451782227,24.39812660217285,142.08999633789062,80.27718353271484,64.57688903808594,67.65762329101562,128.40237426757812,44.46222686767578
2013-05-06,32.47663116455078,22.295368194580078,24.384180068969727,142.14999389648438,80.17330169677734,64.82759857177734,67.65762329101562,128.72860717773438,44.691993713378906
2013-05-07,32.707645416259766,22.318744659423828,24.51662826538086,140.3800048828125,80.06185913085938,64.79178619384766,67.65762329101562,129.38113403320312,44.9394416809082
2013-05-08,32.96101760864258,22.517393112182617,24.809412002563477,142.4600067138672,80.15840911865234,65.10519409179688,67.66564178466797,129.9698944091797,44.9630126953125
2013-05-09,32.7225456237793,22.412221908569336,24.523597717285156,140.80999755859375,80.14353942871094,65.01564025878906,67.65762329101562,129.60391235351562,44.668434143066406
2013-05-10,32.46916198730469,22.458959579467773,24.614219665527344,139.60000610351562,79.6906509399414,65.40961456298828,67.64959716796875,130.02565002441406,44.83338928222656
2013-05-13,32.17107391357422,22.365480422973633,24.488750457763672,138.42999267578125,79.54959106445312,65.49018859863281,67.63359832763672,130.1290283203125,45.04547882080078
2013-05-14,32.320133209228516,22.412221908569336,24.558452606201172,137.80999755859375,79.23027801513672,65.83043670654297,67.63359832763672,131.47384643554688,45.21042251586914
2013-05-15,32.327571868896484,22.470638275146484,24.593307495117188,134.6300048828125,79.43821716308594,65.96476745605469,67.64161682128906,132.18194580078125,45.65816879272461
2013-05-16,32.215797424316406,22.470638275146484,24.467836380004883,134.08999633789062,79.8168716430664,65.89314270019531,67.65762329101562,131.56129455566406,45.42253112792969
2013-05-17,32.357391357421875,22.56412696838379,24.68393325805664,131.07000732421875,79.38621520996094,66.5289077758789,67.64161682128906,132.83447265625,45.67585754394531
2013-05-20,32.43935012817383,22.69266700744629,24.774559020996094,135.1199951171875,79.32683563232422,66.43036651611328,67.64959716796875,132.8264923095703,45.78192138671875
2013-05-21,32.37229537963867,22.69266700744629,24.830318450927734,132.8800048828125,79.53472900390625,66.50200653076172,67.64959716796875,133.0174102783203,46.041114807128906
2013-05-22,32.014583587646484,22.50570297241211,24.607255935668945,131.94000244140625,78.90360260009766,65.91999816894531,67.62557983398438,132.03074645996094,44.92176818847656
2013-05-23,31.776119232177734,22.353792190551758,24.614219665527344,134.61000061035156,78.98528289794922,65.76775360107422,67.64161682128906,131.64886474609375,44.07929229736328
2013-05-24,31.50038719177246,22.30705451965332,24.523597717285156,133.75999450683594,79.01502227783203,65.73197174072266,67.62557983398438,131.5373992919922,43.967350006103516
2013-05-28,31.671785354614258,22.365480422973633,24.753643035888672,133.49000549316406,78.0868911743164,66.16175079345703,67.5775146484375,132.32518005371094,43.59032440185547
2013-05-29,31.269372940063477,22.178516387939453,24.656051635742188,134.8300018310547,78.40614318847656,65.84835815429688,67.5775146484375,131.4658203125,42.66537094116211
2013-05-30,31.269372940063477,22.318744659423828,24.9000301361084,136.6999969482422,78.41355895996094,66.19758605957031,67.59349060058594,131.9512176513672,42.26475524902344
2013-05-31,30.70299530029297,21.93313217163086,24.384180068969727,133.9199981689453,78.19823455810547,65.58868408203125,67.58553314208984,130.05746459960938,41.69917678833008
2013-06-03,31.157583236694336,22.13178062438965,24.628170013427734,136.50999450683594,78.31126403808594,65.705078125,67.60710906982422,130.77366638183594,41.934837341308594
2013-06-04,30.77751922607422,22.073348999023438,24.460865020751953,135.22999572753906,78.11046600341797,65.3648452758789,67.60710906982422,130.14498901367188,41.35158920288086
2013-06-05,30.226062774658203,21.734477996826172,24.12626075744629,135.52000427246094,78.48970794677734,64.51421356201172,67.61520385742188,128.32284545898438,41.0098762512207
2013-06-06,30.47943878173828,21.79290199279785,24.33538818359375,136.52999877929688,78.5863265991211,64.82759857177734,67.60710906982422,129.48452758789062,41.66972351074219
2013-06-07,30.32294273376465,21.99155044555664,24.530574798583984,133.27999877929688,77.9767074584961,65.71404266357422,67.59916687011719,131.1316375732422,41.675621032714844
2013-06-10,29.9130802154541,21.944812774658203,24.565427780151367,133.94000244140625,77.78336334228516,65.7409439086914,67.57508850097656,131.1316375732422,41.31624221801758
2013-06-11,29.346698760986328,21.734477996826172,24.265682220458984,133.25,77.9767074584961,65.08728790283203,67.56710052490234,129.77890014648438,40.703521728515625
2013-06-12,29.145498275756836,21.734477996826172,24.182029724121094,134.25,77.62731170654297,64.3351058959961,67.5591049194336,128.70474243164062,40.149742126464844
2013-06-13,29.76402473449707,22.003238677978516,24.474807739257812,133.74000549316406,78.21458435058594,65.14995574951172,67.59115600585938,130.6621551513672,41.19251251220703
2013-06-14,29.29454231262207,21.851327896118164,24.251737594604492,134.42999267578125,78.31868743896484,64.72015380859375,67.6391830444336,129.84262084960938,41.345703125
2013-06-17,29.562824249267578,21.96818733215332,24.565427780151367,133.77000427246094,78.1328353881836,65.34693908691406,67.6391830444336,130.84523010253906,41.46353530883789
2013-06-18,29.68950653076172,22.061664581298828,24.73970603942871,132.1300048828125,78.08818054199219,65.88414764404297,67.6391830444336,131.879638671875,41.675621032714844
2013-06-19,28.772890090942383,21.64099884033203,24.223852157592773,130.58999633789062,77.01763916015625,65.14995574951172,67.5591049194336,130.05746459960938,40.39717483520508
2013-06-20,27.48366355895996,20.986621856689453,23.41522789001465,123.5999984741211,76.66822052001953,63.60087585449219,67.55111694335938,126.8348617553711,38.718143463134766
2013-06-21,27.878623962402344,20.928197860717773,23.157306671142578,125.05000305175781,75.85773468017578,63.26314926147461,67.49504089355469,127.24201202392578,39.24247741699219
2013-06-24,27.312259674072266,20.659439086914062,22.766939163208008,123.93000030517578,75.67188262939453,62.63438034057617,67.46300506591797,125.63417053222656,39.06464385986328
2013-06-25,27.893529891967773,20.904830932617188,22.98303985595703,123.47000122070312,75.5826644897461,63.09246826171875,67.45494842529297,126.842041015625,39.71889114379883
2013-06-26,28.333206176757812,20.963254928588867,23.19913101196289,118.27999877929688,75.88748931884766,63.65834426879883,67.48699188232422,128.0979461669922,40.31959915161133
2013-06-27,28.901731491088867,21.001201629638672,23.36767578125,115.94000244140625,76.29644012451172,63.927825927734375,67.52706909179688,128.8498077392578,41.12849044799805
2013-06-28,29.06783103942871,20.94190788269043,23.19627571105957,119.11000061035156,76.20719909667969,64.01766204833984,67.51905822753906,128.32188415527344,40.87274932861328
2013-07-01,29.15843391418457,21.190937042236328,23.44623565673828,121.12999725341797,76.23628234863281,64.41289520263672,67.54872131347656,129.0738525390625,40.78351593017578
2013-07-02,28.637487411499023,21.072355270385742,23.139141082763672,120.05000305175781,76.2660140991211,64.43983459472656,67.55670928955078,128.95387268066406,41.40803527832031
2013-07-03,28.373226165771484,21.107925415039062,23.11771583557129,120.73999786376953,76.11714935302734,64.70032501220703,67.54872131347656,129.00978088378906,41.13444137573242
2013-07-05,28.19202423095703,21.226505279541016,23.146286010742188,118.08999633789062,74.83658599853516,65.19436645507812,67.47659301757812,130.4016876220703,40.93817138671875
2013-07-08,28.229772567749023,21.356952667236328,23.4533748626709,119.51000213623047,75.27586364746094,65.25725555419922,67.52465057373047,131.14561462402344,40.97978973388672
2013-07-09,28.599735260009766,21.47553825378418,23.489084243774414,120.62000274658203,75.40245056152344,65.6524658203125,67.5166244506836,132.0894775390625,41.56266784667969
2013-07-10,28.327922821044922,21.53483009338379,23.653348922729492,120.94999694824219,75.1344223022461,66.02973937988281,67.5166244506836,132.1374969482422,41.58053970336914
2013-07-11,29.717134475708008,22.068458557128906,24.288959503173828,124.23999786376953,75.88633728027344,67.34119415283203,67.57270812988281,133.9373016357422,42.5856819152832
2013-07-12,29.400041580200195,21.9261531829834,24.06756019592285,124.12999725341797,75.82669067382812,67.63758087158203,67.53265380859375,133.99322509765625,42.32399368286133
2013-07-15,29.702043533325195,22.032878875732422,24.1889705657959,124.18000030517578,76.06500244140625,67.79027557373047,67.56468200683594,134.50515747070312,42.50242233276367
2013-07-16,29.822839736938477,22.009166717529297,24.231826782226562,124.88999938964844,76.1022720336914,67.70048522949219,67.57270812988281,134.00128173828125,42.53215026855469
2013-07-17,30.09463882446289,22.115882873535156,24.24610710144043,123.31999969482422,76.43727111816406,67.87113952636719,67.59675598144531,134.34523010253906,42.686798095703125
2013-07-18,29.73979949951172,22.341197967529297,24.517492294311523,124.01000213623047,76.07990264892578,67.70048522949219,67.58871459960938,135.08114624023438,43.049617767333984
2013-07-19,29.65673828125,22.376773834228516,24.581764221191406,125.11000061035156,76.49678802490234,66.99983215332031,67.62080383300781,135.3210906982422,43.01988983154297
2013-07-22,29.951196670532227,22.483491897583008,24.6960391998291,128.83999633789062,76.4894027709961,67.19741821289062,67.62080383300781,135.58511352539062,43.15073013305664
2013-07-23,30.275840759277344,22.507211685180664,24.817441940307617,129.7100067138672,76.4000473022461,66.70341491699219,67.61280822753906,135.29713439941406,43.10314178466797
2013-07-24,29.966291427612305,22.436065673828125,24.98884391784668,127.4800033569336,75.88633728027344,66.91899108886719,67.5807113647461,134.80113220214844,42.26451110839844
2013-07-25,30.139942169189453,22.507211685180664,25.224523544311523,128.6699981689453,75.9980697631836,67.34119415283203,67.62080383300781,135.12913513183594,42.329925537109375
2013-07-26,30.071998596191406,22.447927474975586,25.203094482421875,128.77999877929688,76.06500244140625,67.70048522949219,67.6287841796875,135.27310180664062,42.36561584472656
2013-07-29,29.694490432739258,22.329341888427734,25.095970153808594,128.47000122070312,75.90867614746094,67.57470703125,67.62080383300781,134.85714721679688,42.050392150878906
2013-07-30,29.626537322998047,22.187034606933594,25.067398071289062,128.1199951171875,75.88633728027344,67.93399810791016,67.6287841796875,134.85714721679688,41.92548751831055
2013-07-31,29.4528865814209,22.28190803527832,25.224523544311523,127.95999908447266,75.93842315673828,68.05976867675781,67.6287841796875,134.9531707763672,41.241493225097656
2013-08-01,29.988941192626953,22.45978546142578,25.59589385986328,126.61000061035156,75.26817321777344,68.75140380859375,67.60316467285156,136.51300048828125,41.08089065551758
2013-08-02,29.981393814086914,22.578367233276367,25.703020095825195,126.36000061035156,75.90937042236328,69.13766479492188,67.65122985839844,136.7449951171875,40.878692626953125
2013-08-05,29.792638778686523,22.495361328125,25.6458797454834,125.69999694824219,75.67080688476562,69.18257141113281,67.64325714111328,136.5449981689453,40.84894561767578
2013-08-06,29.41513442993164,22.424205780029297,25.48876190185547,123.97000122070312,75.69315338134766,68.76937103271484,67.63523864746094,135.76905822753906,40.70619201660156
2013-08-07,29.098033905029297,22.36492156982422,25.62445831298828,124.1500015258789,75.9689712524414,68.64361572265625,67.65122985839844,135.32913208007812,40.59915542602539
2013-08-08,29.65673828125,22.578367233276367,25.98154640197754,126.86000061035156,76.08087921142578,68.98497009277344,67.65122985839844,135.82505798339844,40.61699295043945
2013-08-09,29.717134475708008,22.685087203979492,26.010103225708008,126.86000061035156,76.13300323486328,68.70648193359375,67.63523864746094,135.4331817626953,40.973854064941406
2013-08-12,29.996492385864258,22.530935287475586,25.902982711791992,129.1300048828125,75.98389434814453,68.86817169189453,67.63523864746094,135.27310180664062,40.68242263793945
2013-08-13,30.17770767211914,22.732524871826172,26.017250061035156,127.73999786376953,75.29801940917969,69.25444793701172,67.60316467285156,135.67308044433594,40.12333297729492
2013-08-14,30.275840759277344,22.791820526123047,26.074382781982422,129.0,75.36514282226562,68.99394226074219,67.60316467285156,134.97714233398438,39.968685150146484
2013-08-15,29.928546905517578,22.530935287475586,26.045820236206055,131.69000244140625,74.94767761230469,67.82621765136719,67.5791015625,133.08935546875,39.23712158203125
2013-08-16,29.671831130981445,22.590225219726562,26.11009407043457,132.5800018310547,74.6568832397461,67.79927062988281,67.58716583251953,132.64938354492188,38.273590087890625
2013-08-19,29.113134384155273,22.447927474975586,25.831558227539062,132.00999450683594,74.33633422851562,67.68252563476562,67.57109069824219,131.80149841308594,37.768028259277344
2013-08-20,29.06027603149414,22.519075393676758,25.810142517089844,132.4499969482422,74.73892974853516,67.97894287109375,67.58716583251953,132.44940185546875,38.62451171875
2013-08-21,28.38077163696289,22.329341888427734,25.61017608642578,132.07000732421875,74.26924896240234,67.7453842163086,67.54706573486328,131.633544921875,38.53529357910156
2013-08-22,28.841333389282227,22.424205780029297,25.98868179321289,132.80999755859375,74.23939514160156,68.41010284423828,67.52304077148438,132.8333740234375,38.76726150512695
2013-08-23,29.181079864501953,22.578367233276367,26.117233276367188,134.89999389648438,74.6568832397461,68.86817169189453,67.52304077148438,133.2813262939453,39.17169189453125
2013-08-26,28.863983154296875,22.530935287475586,25.924413681030273,135.4499969482422,74.80596160888672,68.90409851074219,67.54706573486328,132.78541564941406,39.05869674682617
2013-08-27,28.199573516845703,22.15146255493164,25.253095626831055,136.75,75.23095703125,67.49385833740234,67.5791015625,130.649658203125,38.86836624145508
2013-08-28,28.259973526000977,22.23447608947754,25.167383193969727,136.7100067138672,74.92527770996094,67.75434112548828,67.5390396118164,131.1135711669922,38.63043975830078
2013-08-29,28.486469268798828,22.329341888427734,25.067398071289062,135.8699951171875,74.99983215332031,68.23043823242188,67.55503845214844,131.3215789794922,38.68992614746094
2013-08-30,28.705427169799805,22.115882873535156,24.7674560546875,134.6199951171875,74.85816192626953,67.79027557373047,67.56314849853516,130.90560913085938,38.3628044128418
2013-09-03,28.886632919311523,22.47163963317871,25.103113174438477,136.4199981689453,74.43333435058594,68.1765365600586,67.5374755859375,131.4975128173828,38.02972412109375
2013-09-04,29.400041580200195,22.590225219726562,25.195955276489258,134.66000366210938,74.18693542480469,68.90409851074219,67.47330474853516,132.58541870117188,38.35685348510742
2013-09-05,29.747333526611328,22.72066879272461,25.195955276489258,132.1999969482422,73.61946868896484,69.02086639404297,67.40914916992188,132.75343322753906,37.952423095703125
2013-09-06,30.185243606567383,22.76810073852539,25.410202026367188,134.14999389648438,74.06745147705078,69.10172271728516,67.47330474853516,132.8173828125,38.54124069213867
2013-09-09,30.97800636291504,22.95783805847168,25.6458797454834,133.91000366210938,74.21676635742188,69.91015625,67.48934936523438,134.08924865722656,39.344173431396484
2013-09-10,31.212059020996094,23.159421920776367,26.088674545288086,131.74000549316406,73.87335205078125,70.2514877319336,67.46529388427734,135.08114624023438,39.31443405151367
2013-09-11,31.23470687866211,23.278013229370117,26.33148765563965,131.6999969482422,74.24665069580078,70.11673736572266,67.49732971191406,135.5050811767578,39.629676818847656
2013-09-12,30.87230110168457,23.230573654174805,26.202926635742188,127.66999816894531,74.254150390625,70.07180786132812,67.49732971191406,135.1451416015625,39.37390899658203
2013-09-13,31.076148986816406,23.36102294921875,26.33148765563965,127.81999969482422,74.3511962890625,70.11673736572266,67.49732971191406,135.4491424560547,39.48691177368164
2013-09-16,31.4234561920166,23.503320693969727,26.552879333496094,126.44999694824219,74.51551055908203,69.92808532714844,67.54544067382812,136.23301696777344,39.87947082519531
2013-09-17,31.355501174926758,23.384733200073242,26.667144775390625,126.5,74.66476440429688,70.39517974853516,67.5694580078125,136.8409423828125,39.855682373046875
2013-09-18,32.66921615600586,23.823495864868164,27.409889221191406,132.00999450683594,75.59060668945312,71.2395248413086,67.65770721435547,138.4248046875,41.205814361572266
2013-09-19,32.49557876586914,23.71677017211914,27.28133773803711,131.75,75.32929992675781,71.41021728515625,67.63361358642578,138.1927947998047,41.17013168334961
2013-09-20,31.770769119262695,23.479597091674805,27.152780532836914,127.95999908447266,75.40396881103516,71.16511535644531,67.64165496826172,137.22659301757812,40.4980354309082
2013-09-23,31.884016036987305,23.479597091674805,27.038516998291016,127.55000305175781,75.687744140625,71.02100372314453,67.65770721435547,136.59158325195312,40.22072982788086
2013-09-24,31.61220359802246,23.4084529876709,27.074228286743164,127.66000366210938,75.9639663696289,71.02100372314453,67.66568756103516,136.27005004882812,39.91461944580078
2013-09-25,31.370609283447266,23.467742919921875,27.174205780029297,128.7899932861328,76.17300415039062,70.77771759033203,67.68974304199219,135.87623596191406,40.04666519165039
2013-09-26,31.49894905090332,23.515172958374023,27.15992546081543,127.79000091552734,76.00875854492188,71.32732391357422,67.65770721435547,136.39871215820312,40.29275894165039
2013-09-27,31.12900733947754,23.384733200073242,27.131357192993164,128.97000122070312,76.11328887939453,71.23722839355469,67.69775390625,135.771728515625,40.12470626831055
2013-09-30,30.774150848388672,23.26615333557129,26.9456787109375,128.17999267578125,76.2402114868164,71.06602478027344,67.71377563476562,135.04824829101562,39.69854736328125
2013-10-01,31.385705947875977,23.25429344177246,27.27419090270996,124.58999633789062,76.07049560546875,71.78681182861328,67.6961441040039,136.1173553466797,40.274742126464844
2013-10-02,31.506511688232422,23.325443267822266,27.338462829589844,127.05999755859375,76.19756317138672,71.7597885131836,67.70417785644531,135.98876953125,40.33477020263672
2013-10-03,31.385705947875977,23.147571563720703,27.152780532836914,127.18000030517578,76.30229187011719,70.92189025878906,67.70417785644531,134.7347869873047,39.63252258300781
2013-10-04,31.793415069580078,23.10013771057129,27.224205017089844,126.52999877929688,76.0929183959961,71.53453826904297,67.68009185791016,135.75564575195312,39.554500579833984
2013-10-07,31.52161407470703,22.993410110473633,27.138492584228516,127.63999938964844,76.16022491455078,70.93991088867188,67.68009185791016,134.58209228515625,39.734554290771484
2013-10-08,31.219593048095703,22.661375045776367,26.9313907623291,127.4000015258789,76.122802734375,69.57049560546875,67.62398529052734,133.01466369628906,39.302398681640625
2013-10-09,31.453659057617188,22.542795181274414,26.988529205322266,126.11000061035156,75.98822784423828,69.3542709350586,67.64801788330078,133.11111450195312,39.30839538574219
2013-10-10,32.193572998046875,22.981550216674805,27.574142456054688,124.2699966430664,75.82371520996094,70.82280731201172,67.64801788330078,135.98068237304688,40.310768127441406
2013-10-11,32.33702087402344,23.19500732421875,27.65270233154297,122.5999984741211,75.93588256835938,71.38138580322266,67.64801788330078,136.8568572998047,40.712913513183594
2013-10-14,32.52577209472656,23.325443267822266,27.74555015563965,122.83000183105469,75.68164825439453,71.88590240478516,67.62398529052734,137.40341186523438,40.73692321777344
2013-10-15,32.20866775512695,23.278013229370117,27.659839630126953,123.7300033569336,75.69660949707031,71.60661315917969,67.64801788330078,136.40675354003906,40.58686828613281
2013-10-16,32.46537399291992,23.36102294921875,27.924087524414062,123.54000091552734,76.0630111694336,72.41743469238281,67.67213439941406,138.31178283691406,41.34914779663086
2013-10-17,32.66921615600586,23.787919998168945,28.245466232299805,127.41999816894531,76.49663543701172,72.8318862915039,67.6961441040039,139.23619079589844,41.973384857177734
2013-10-18,32.699424743652344,23.870927810668945,28.438291549682617,126.8499984741211,76.50418853759766,74.01211547851562,67.6961441040039,140.17660522460938,41.93136215209961
2013-10-21,32.646568298339844,23.9776554107666,28.466859817504883,126.9800033569336,76.45185852050781,74.17430114746094,67.6961441040039,140.18463134765625,41.679264068603516
2013-10-22,32.963680267333984,24.262258529663086,28.766817092895508,129.33999633789062,76.98274230957031,74.28240203857422,67.75223541259766,140.9965057373047,42.063411712646484
2013-10-23,32.193572998046875,24.108097076416016,28.559701919555664,128.69000244140625,77.11736297607422,73.8319320678711,67.72824096679688,140.3213348388672,42.14143753051758
2013-10-24,32.1256103515625,24.33341407775879,28.688255310058594,129.89999389648438,76.9603271484375,74.15624237060547,67.72023010253906,140.78750610351562,42.129432678222656
2013-10-25,32.27661895751953,24.3096866607666,28.652544021606445,130.4600067138672,77.09491729736328,74.6878433227539,67.73626708984375,141.43055725097656,42.645626068115234
2013-10-28,32.46537399291992,24.297840118408203,28.516849517822266,130.55999755859375,77.02018737792969,74.70582580566406,67.75223541259766,141.65562438964844,42.33951187133789
2013-10-29,32.571075439453125,24.321550369262695,28.659687042236328,129.77000427246094,77.12481689453125,74.83195495605469,67.75223541259766,142.4111785888672,42.09342956542969
2013-10-30,32.389869689941406,24.238540649414062,28.502565383911133,129.60000610351562,76.9229507446289,74.75988006591797,67.75223541259766,141.703857421875,41.73930358886719
2013-10-31,32.05766296386719,24.13182258605957,28.409717559814453,127.73999786376953,76.83319854736328,74.58872985839844,67.76031494140625,141.3019256591797,41.49319839477539
2013-11-01,32.07277297973633,24.013229370117188,28.231176376342773,126.94999694824219,76.40704345703125,74.60674285888672,67.7354507446289,141.63955688476562,41.709285736083984
2013-11-04,32.269065856933594,24.2266845703125,28.409717559814453,126.80999755859375,76.55682373046875,74.71485900878906,67.75147247314453,142.13790893554688,41.787296295166016
2013-11-05,31.619760513305664,24.143672943115234,28.066930770874023,126.55999755859375,76.21232604980469,74.79590606689453,67.75147247314453,141.6877899169922,41.103057861328125
2013-11-06,31.717914581298828,24.2266845703125,28.35259437561035,127.19999694824219,76.4444808959961,74.77790832519531,67.76751708984375,142.4111785888672,41.04303741455078
2013-11-07,31.144105911254883,23.88279151916504,27.859817504882812,126.16000366210938,76.64669036865234,73.3724594116211,67.7835464477539,140.61065673828125,40.53285598754883
2013-11-08,31.076148986816406,24.084381103515625,28.038349151611328,124.27999877929688,75.7854232788086,74.36347961425781,67.7354507446289,142.5076904296875,39.98664855957031
2013-11-11,30.9176025390625,24.001375198364258,28.20262336730957,123.87000274658203,75.74800109863281,74.24635314941406,67.75147247314453,142.5318145751953,40.02865219116211
2013-11-12,30.751501083374023,23.859071731567383,28.08835220336914,122.44999694824219,75.68058776855469,74.36347961425781,67.7354507446289,142.24240112304688,39.84858703613281
2013-11-13,30.80434799194336,23.859071731567383,28.195472717285156,122.8499984741211,75.99512481689453,75.26445007324219,67.7354507446289,143.3838653564453,40.10667419433594
2013-11-14,31.30265235900879,23.953941345214844,28.252607345581055,124.2699966430664,76.36212921142578,75.49866485595703,67.77554321289062,144.09918212890625,40.3887939453125
2013-11-15,31.899118423461914,24.119953155517578,28.388294219970703,124.31999969482422,76.30219268798828,75.6427993774414,67.77554321289062,144.72618103027344,40.53885269165039
2013-11-18,32.18601608276367,24.108097076416016,28.48114013671875,122.9000015258789,76.57182312011719,74.90403747558594,67.80760955810547,144.21975708007812,40.286746978759766
2013-11-19,31.989713668823242,24.108097076416016,28.359729766845703,122.94999694824219,76.28722381591797,74.6878433227539,67.7835464477539,143.90631103515625,40.004669189453125
2013-11-20,31.551809310913086,23.989517211914062,28.024080276489258,120.12000274658203,75.86783599853516,74.50762939453125,67.79154968261719,143.45614624023438,39.51848220825195
2013-11-21,31.52161407470703,24.250402450561523,28.295454025268555,119.94000244140625,75.93523406982422,75.26445007324219,67.82367706298828,144.61367797851562,39.8245849609375
2013-11-22,31.748111724853516,24.262258529663086,28.5311336517334,119.91999816894531,76.15241241455078,75.66983795166016,67.80760955810547,145.3370819091797,39.66852951049805
2013-11-25,31.340410232543945,24.167390823364258,28.502565383911133,120.45999908447266,76.21232604980469,75.85003662109375,67.80760955810547,145.19241333007812,39.48247146606445
2013-11-26,31.446117401123047,24.060667037963867,28.60969352722168,119.81999969482422,76.37715148925781,76.2464370727539,67.81564331054688,145.23255920410156,39.34442138671875
2013-11-27,31.649961471557617,24.179250717163086,28.759662628173828,119.45999908447266,76.2048568725586,76.77799987792969,67.81564331054688,145.5862579345703,39.680538177490234
2013-11-29,31.97461700439453,24.321550369262695,28.823944091796875,120.69999694824219,76.15989685058594,77.23745727539062,67.82367706298828,145.4897918701172,39.31441879272461
2013-12-02,31.30265235900879,24.084381103515625,28.60969352722168,117.58000183105469,75.83285522460938,77.0122299194336,67.78270721435547,145.11199951171875,39.086326599121094
2013-12-03,31.196950912475586,23.96579360961914,28.245466232299805,117.95999908447266,75.96788787841797,76.94917297363281,67.7988052368164,144.48507690429688,39.00830078125
2013-12-04,31.159202575683594,23.823495864868164,28.00979232788086,119.95999908447266,75.6228256225586,77.02122497558594,67.78270721435547,144.4689483642578,39.152339935302734
2013-12-05,30.97800636291504,23.71677017211914,27.866958618164062,118.30000305175781,75.4352798461914,76.9221420288086,67.79076385498047,143.83395385742188,39.2904052734375
2013-12-06,31.665061950683594,24.013229370117188,28.245466232299805,118.55000305175781,75.50277709960938,77.48072052001953,67.76668548583984,145.4415740966797,39.572486877441406
2013-12-09,31.71036148071289,24.060667037963867,28.295454025268555,119.72000122070312,75.59280395507812,77.79605865478516,67.76668548583984,145.81137084960938,39.76457214355469
2013-12-10,31.725460052490234,24.013229370117188,28.20262336730957,121.81999969482422,75.90782928466797,77.74198913574219,67.79076385498047,145.28884887695312,39.662532806396484
2013-12-11,31.02330780029297,23.77605628967285,28.00979232788086,120.86000061035156,75.61528015136719,76.74195098876953,67.76668548583984,143.65711975097656,38.75019454956055
2013-12-12,30.842098236083984,23.538898468017578,27.7955379486084,118.29000091552734,75.3978042602539,76.54375457763672,67.7426528930664,143.18284606933594,38.534122467041016
2013-12-13,30.9176025390625,23.444026947021484,27.7955379486084,119.37999725341797,75.51029968261719,76.44467163085938,67.75872802734375,143.16680908203125,38.63016128540039
2013-12-16,31.1214542388916,23.76420783996582,28.195472717285156,119.69000244140625,75.47277069091797,76.86809539794922,67.75872802734375,144.05906677246094,38.76219940185547
2013-12-17,30.849653244018555,23.657480239868164,28.00979232788086,118.6500015258789,75.71278381347656,76.71492767333984,67.77469635009766,143.60092163085938,38.9422607421875
2013-12-18,31.463685989379883,24.097911834716797,28.43680763244629,117.61000061035156,75.42778778076172,77.60686492919922,67.77469635009766,146.0525360107422,39.63252258300781
2013-12-19,30.88469696044922,24.121915817260742,28.508455276489258,114.81999969482422,75.11268615722656,77.390625,67.73462677001953,145.88369750976562,39.086326599121094
2013-12-20,30.838985443115234,24.145923614501953,28.68757438659668,115.94000244140625,75.34525299072266,78.17876434326172,67.71054077148438,146.7322540283203,39.32640838623047
2013-12-23,31.067535400390625,24.421939849853516,28.967004776000977,115.56999969482422,75.10517120361328,79.001220703125,67.70255279541016,147.5161895751953,39.4044303894043
2013-12-24,31.250377655029297,24.709962844848633,29.117450714111328,116.0999984741211,74.81266784667969,79.0373306274414,67.67848205566406,147.8394317626953,39.439796447753906
2013-12-26,30.983732223510742,24.745967864990234,29.303741455078125,116.73999786376953,74.74797821044922,79.29946899414062,67.67123413085938,148.59104919433594,39.470272064208984
2013-12-27,31.463685989379883,24.889976501464844,29.40404510498047,117.12000274658203,74.70291137695312,79.10061645507812,67.70333099365234,148.58299255371094,39.555606842041016
2013-12-30,31.600814819335938,24.93798065185547,29.55450439453125,115.38999938964844,74.90580749511719,78.98313903808594,67.71937561035156,148.55877685546875,39.56780242919922
2013-12-31,31.8445987701416,25.05799102783203,29.64763832092285,116.12000274658203,74.56765747070312,79.49832153320312,67.70333099365234,149.26187133789062,39.35444259643555
2014-01-02,30.618051528930664,24.745967864990234,28.92399787902832,118.0,74.86070251464844,78.87464904785156,67.7354736328125,147.8313446044922,39.360557556152344
2014-01-03,30.564716339111328,24.75796127319336,28.845191955566406,119.29000091552734,74.81561279296875,78.3052749633789,67.71137237548828,147.8070526123047,39.579986572265625
2014-01-06,30.275236129760742,24.69795799255371,28.93117332458496,119.5,75.02600860595703,78.01604461669922,67.71937561035156,147.37881469726562,39.78115463256836
2014-01-07,30.404743194580078,24.793968200683594,29.21776008605957,118.81999969482422,75.14628601074219,78.73908996582031,67.71937561035156,148.283935546875,39.95793914794922
2014-01-08,30.305702209472656,24.745967864990234,29.189098358154297,118.12000274658203,74.77803802490234,78.91083526611328,67.65518188476562,148.31626892089844,39.762874603271484
2014-01-09,30.145715713500977,24.709962844848633,29.181943893432617,118.45999908447266,74.97340393066406,78.6487045288086,67.67123413085938,148.41326904296875,39.762874603271484
2014-01-10,30.678997039794922,24.925981521606445,29.468530654907227,120.26000213623047,75.6045913696289,78.90179443359375,67.7354736328125,148.81732177734375,40.305397033691406
2014-01-13,30.313325881958008,24.613954544067383,29.26074981689453,121.0199966430664,75.82245635986328,77.73588562011719,67.75147247314453,146.83737182617188,40.03718566894531
2014-01-14,30.640901565551758,24.96198272705078,29.64763832092285,119.88999938964844,75.53700256347656,79.21810150146484,67.7354736328125,148.43746948242188,40.32978057861328
2014-01-15,30.6332950592041,25.03398323059082,29.876920700073242,119.66000366210938,75.4693374633789,79.8688735961914,67.71137237548828,149.23760986328125,40.63457489013672
2014-01-16,30.465686798095703,25.045989990234375,29.833934783935547,119.79000091552734,75.67975616455078,79.87787628173828,67.72737884521484,149.04367065429688,40.70771026611328
2014-01-17,30.313325881958008,25.045989990234375,29.50435447692871,120.93000030517578,75.86003112792969,79.4260025024414,67.72737884521484,148.41326904296875,40.46998596191406
2014-01-21,30.267614364624023,25.274011611938477,29.69063949584961,119.69999694824219,75.77740478515625,80.0315170288086,67.71937561035156,148.84970092773438,40.835731506347656
2014-01-22,30.671382904052734,25.394012451171875,29.633312225341797,119.19000244140625,75.5670166015625,80.23938751220703,67.68730926513672,148.94668579101562,41.01248550415039
2014-01-23,29.917173385620117,25.262004852294922,29.62614631652832,121.79000091552734,76.07798767089844,79.96826171875,67.75147247314453,147.72630310058594,40.91496658325195
2014-01-24,29.13248634338379,24.43394660949707,28.623088836669922,122.29000091552734,76.3860092163086,78.39566802978516,67.77555847167969,144.57447814941406,40.40291976928711
2014-01-27,29.018199920654297,24.253925323486328,28.522785186767578,120.95999908447266,76.15309143066406,77.63648986816406,67.76750946044922,143.86325073242188,40.092041015625
2014-01-28,29.2010440826416,24.421939849853516,28.952667236328125,120.94999694824219,76.26580047607422,77.59127044677734,67.76750946044922,144.7198944091797,40.42731475830078
2014-01-29,28.782039642333984,24.109914779663086,28.508455276489258,122.47000122070312,76.62649536132812,76.75979614257812,67.81568145751953,143.329833984375,40.20785903930664
2014-01-30,29.048675537109375,24.1699161529541,28.64457893371582,119.7699966430664,76.55133819580078,78.17876434326172,67.80757904052734,144.84925842285156,40.81742858886719
2014-01-31,29.094390869140625,23.893901824951172,28.135883331298828,120.08999633789062,76.85189056396484,77.97087097167969,67.8397445678711,144.00059509277344,41.036888122558594
2014-02-03,28.2716121673584,23.365856170654297,27.56270408630371,121.31999969482422,77.26963806152344,76.18135070800781,67.85823059082031,140.75982666015625,40.38462448120117
2014-02-04,28.84299087524414,23.605873107910156,27.885122299194336,120.98999786376953,77.03630828857422,76.74169158935547,67.8662109375,141.745849609375,40.872310638427734
2014-02-05,28.7363338470459,23.67788314819336,27.97826385498047,121.29000091552734,76.7578353881836,76.54287719726562,67.83414459228516,141.5680389404297,40.78697204589844
2014-02-06,29.33817481994629,24.03790855407715,28.623088836669922,121.23999786376953,76.61478424072266,77.51896667480469,67.84215545654297,143.4348907470703,41.08564758300781
2014-02-07,29.505781173706055,24.265928268432617,29.002819061279297,122.16999816894531,76.8180160522461,78.90179443359375,67.85823059082031,145.21290588378906,41.396541595458984
2014-02-10,29.17818832397461,24.205923080444336,28.87384796142578,122.91999816894531,76.85562896728516,79.35369110107422,67.84215545654297,145.4796142578125,41.78666305541992
2014-02-11,29.81051254272461,24.589950561523438,29.34672737121582,124.36000061035156,76.51692962646484,80.25749969482422,67.82611083984375,147.07168579101562,41.951255798339844
2014-02-12,29.818130493164062,24.781970977783203,29.35389518737793,124.43000030517578,76.33631896972656,80.4111328125,67.79399871826172,147.1444549560547,41.975650787353516
2014-02-13,29.848596572875977,24.865982055664062,29.640472412109375,125.48999786376953,76.69757080078125,81.00764465332031,67.83414459228516,147.90415954589844,42.134132385253906
2014-02-14,30.214284896850586,24.985986709594727,29.79810333251953,127.1500015258789,76.64492797851562,81.1703109741211,67.83414459228516,148.72039794921875,42.298709869384766
2014-02-18,29.932405471801758,25.35801124572754,29.89124298095703,127.4000015258789,76.83311462402344,81.56803894042969,67.85823059082031,148.8982391357422,42.5059814453125
2014-02-19,29.726715087890625,25.286008834838867,29.633312225341797,126.2699966430664,76.68254852294922,81.00764465332031,67.83414459228516,147.9121551513672,42.48158645629883
2014-02-20,29.83336639404297,25.47801971435547,29.790937423706055,127.5999984741211,76.59976959228516,81.38723754882812,67.84215545654297,148.78506469726562,42.39016342163086
2014-02-21,30.039064407348633,25.47801971435547,29.876920700073242,127.58000183105469,76.69757080078125,81.2787857055664,67.85017395019531,148.61529541015625,42.4937744140625
2014-02-24,30.039064407348633,25.634035110473633,30.10619354248047,128.99000549316406,76.62232971191406,81.71259307861328,67.85017395019531,149.43968200683594,42.597415924072266
2014-02-25,29.69622802734375,25.394012451171875,30.091861724853516,129.2100067138672,76.88577270507812,81.62223052978516,67.84215545654297,149.38307189941406,42.73762512207031
2014-02-26,29.719087600708008,25.32201385498047,29.89124298095703,128.11000061035156,77.11154174804688,81.54993438720703,67.87427520751953,149.39114379882812,42.835147857666016
2014-02-27,30.282840728759766,25.50203514099121,29.991552352905273,128.1999969482422,77.20188903808594,82.07903289794922,67.8662109375,150.17507934570312,42.719329833984375
2014-02-28,30.07715606689453,25.51402473449707,30.099021911621094,127.62000274658203,77.12663269042969,81.98826599121094,67.8662109375,150.5548553466797,43.11555862426758
2014-03-03,29.543869018554688,25.045989990234375,29.210590362548828,130.2899932861328,77.50807189941406,81.38021087646484,67.90481567382812,149.49623107910156,43.13994216918945
2014-03-04,30.04667854309082,25.418020248413086,29.905580520629883,128.67999267578125,76.91250610351562,82.414794921875,67.84857940673828,151.59744262695312,43.761714935302734
2014-03-05,30.069538116455078,25.370012283325195,29.934228897094727,128.88999938964844,76.99542236328125,82.64169311523438,67.8726577758789,151.73484802246094,43.70683670043945
2014-03-06,30.496166229248047,25.406017303466797,30.32113265991211,130.1699981689453,76.66378021240234,82.56912231445312,67.83251953125,152.0823516845703,43.34110641479492
2014-03-07,30.107624053955078,25.22599983215332,30.120519638061523,129.08999633789062,76.33203887939453,82.16069030761719,67.78435516357422,152.1470184326172,42.87172317504883
2014-03-10,29.901926040649414,24.925981521606445,29.977222442626953,129.1300048828125,76.41496276855469,82.23331451416016,67.79239654541016,152.06619262695312,42.646183013916016
2014-03-11,29.56671905517578,24.805973052978516,29.79810333251953,129.86000061035156,76.49034118652344,81.87937927246094,67.79239654541016,151.3146209716797,42.914398193359375
2014-03-12,29.627674102783203,24.661958694458008,29.726469039916992,131.75999450683594,76.79192352294922,82.18791961669922,67.81645202636719,151.35499572753906,43.04240798950195
2014-03-13,29.094390869140625,24.265928268432617,28.93117332458496,132.2100067138672,77.24423217773438,81.0262680053711,67.8565902709961,149.65785217285156,42.84124755859375
2014-03-14,29.254379272460938,24.289926528930664,29.002819061279297,133.10000610351562,77.25177764892578,80.4726333618164,67.84053802490234,149.23760986328125,42.95096206665039
2014-03-17,29.612438201904297,24.469947814941406,29.50435447692871,131.63999938964844,76.94267272949219,81.18057250976562,67.81645202636719,150.58729553222656,43.04240798950195
2014-03-18,30.023826599121094,24.57794761657715,29.841100692749023,130.6199951171875,77.13115692138672,82.16069030761719,67.83251953125,151.662109375,43.17041778564453
2014-03-19,29.383882522583008,24.289926528930664,29.41837501525879,128.08999633789062,76.41496276855469,81.71599578857422,67.72016906738281,150.85386657714844,42.35359573364258
2014-03-20,29.513397216796875,24.241931915283203,29.49718475341797,127.86000061035156,76.43006896972656,81.94288635253906,67.72821044921875,151.73484802246094,42.42673873901367
2014-03-21,29.69622802734375,24.205923080444336,29.38971519470215,128.47000122070312,76.5732650756836,80.95685577392578,67.73616790771484,151.14634704589844,42.81686019897461
2014-03-24,29.985727310180664,24.1699161529541,29.39687728881836,126.18000030517578,76.60340118408203,80.24735260009766,67.70404815673828,150.5212860107422,42.53645706176758
2014-03-25,30.32856559753418,24.54194450378418,29.78377342224121,126.41000366210938,76.55819702148438,80.51114654541016,67.71208953857422,151.23562622070312,42.92483901977539
2014-03-26,30.397119522094727,24.421939849853516,29.805273056030273,125.41000366210938,76.88237762451172,79.47417449951172,67.76031494140625,150.14797973632812,42.44013595581055
2014-03-27,30.79327392578125,24.517948150634766,29.85542106628418,124.58999633789062,76.9577865600586,79.0284194946289,67.75221252441406,149.8313446044922,42.71010208129883
2014-03-28,31.03706169128418,24.625953674316406,30.16350746154785,124.55999755859375,76.6863021850586,79.18307495117188,67.75221252441406,150.5699920654297,42.967796325683594
2014-03-31,31.24275779724121,24.709962844848633,30.285308837890625,123.61000061035156,76.69384765625,79.74703979492188,67.79239654541016,151.80381774902344,43.32979202270508
2014-04-01,31.608436584472656,24.793968200683594,30.607715606689453,123.38999938964844,76.53528594970703,81.14788818359375,67.75299835205078,152.81040954589844,43.526145935058594
2014-04-02,31.669389724731445,24.853973388671875,30.55756187438965,124.31999969482422,76.20295715332031,81.35710906982422,67.72895050048828,153.32180786132812,43.56293487548828
2014-04-03,31.547489166259766,24.781970977783203,30.571895599365234,123.91999816894531,76.25579833984375,80.71127319335938,67.74504852294922,153.118896484375,43.470909118652344
2014-04-04,31.463685989379883,24.69795799255371,30.457260131835938,125.56999969482422,76.7240982055664,78.56450653076172,67.80113220214844,151.3087158203125,43.61817169189453
2014-04-07,31.600814819335938,24.54194450378418,30.335460662841797,124.91000366210938,76.90536499023438,77.8186264038086,67.80924224853516,149.6365203857422,43.759273529052734
2014-04-08,31.966503143310547,24.745967864990234,30.328298568725586,126.08999633789062,77.0111312866211,78.5372543334961,67.81726837158203,150.25347900390625,44.029239654541016
2014-04-09,32.21028518676758,25.081993103027344,30.7366886138916,126.31999969482422,76.98846435546875,79.88347625732422,67.84939575195312,151.86880493164062,43.918819427490234
2014-04-10,31.867464065551758,24.75796127319336,30.07752227783203,127.01000213623047,77.31317901611328,77.40930938720703,67.8895263671875,148.67868041992188,43.50159454345703
2014-04-11,31.867464065551758,24.54194450378418,29.898405075073242,126.93000030517578,77.47187042236328,76.50877380371094,67.88152313232422,147.33929443359375,43.23775100708008
2014-04-14,31.798904418945312,24.69795799255371,29.962892532348633,127.8499984741211,77.35103607177734,77.109130859375,67.87344360351562,148.5001220703125,43.495460510253906
2014-04-15,31.318937301635742,24.649965286254883,29.76944351196289,125.48999786376953,77.44161224365234,77.36382293701172,67.87344360351562,149.5228729248047,44.01085662841797
2014-04-16,31.71509552001953,24.925981521606445,30.19217300415039,125.54000091552734,77.32078552246094,78.3917236328125,67.84939575195312,151.08953857421875,44.293094635009766
2014-04-17,32.00458908081055,25.081993103027344,30.36411476135254,124.75,76.88272094726562,78.40990447998047,67.8333511352539,151.30059814453125,44.035396575927734
2014-04-21,31.8065185546875,25.202001571655273,30.421436309814453,124.23999786376953,76.86759185791016,78.99207305908203,67.8333511352539,151.8281707763672,44.28694152832031
2014-04-22,31.72270965576172,25.274011611938477,30.657880783081055,123.77999877929688,76.83734893798828,79.61971282958984,67.80113220214844,152.5181884765625,44.3851203918457
2014-04-23,31.494163513183594,25.250009536743164,30.536069869995117,123.76000213623047,77.03374481201172,78.91929626464844,67.8333511352539,152.1610107421875,44.20718765258789
2014-04-24,31.524639129638672,25.33401107788086,30.536069869995117,124.55999755859375,77.0111312866211,79.67428588867188,67.81726837158203,152.46949768066406,44.391258239746094
2014-04-25,31.098005294799805,25.298006057739258,30.299644470214844,125.43000030517578,77.11686706542969,78.40078735351562,67.82525634765625,151.2193603515625,44.21946334838867
2014-04-28,31.250377655029297,25.32201385498047,30.421436309814453,124.87999725341797,77.00357818603516,78.6554946899414,67.82525634765625,151.69833374023438,44.56304931640625
2014-04-29,31.547489166259766,25.658037185668945,30.67220115661621,124.86000061035156,77.07154083251953,79.28312683105469,67.81726837158203,152.40457153320312,44.59371566772461
2014-04-30,31.486539840698242,25.826053619384766,30.84415626525879,124.22000122070312,77.2754898071289,79.49235534667969,67.86543273925781,152.859130859375,44.75325012207031
2014-05-01,31.524639129638672,25.898056030273438,30.86564826965332,123.80000305175781,77.49798583984375,79.72885131835938,67.86622619628906,152.87538146972656,44.9434700012207
2014-05-02,31.699857711791992,25.92206382751465,30.729520797729492,125.05999755859375,77.61145782470703,79.58330535888672,67.85821533203125,152.6561737060547,44.93119430541992
2014-05-05,31.524639129638672,25.946063995361328,30.70802879333496,126.22000122070312,77.5660629272461,80.00174713134766,67.86622619628906,152.9484100341797,45.02322006225586
2014-05-06,31.669389724731445,25.9820613861084,30.571895599365234,125.9800033569336,77.65689849853516,78.96476745605469,67.84214782714844,151.61717224121094,44.86369705200195
2014-05-07,31.836986541748047,26.01806640625,30.715185165405273,124.16999816894531,77.71743774414062,78.73737335205078,67.86622619628906,152.5100860595703,45.40362548828125
2014-05-08,31.760807037353516,26.126075744628906,30.79400634765625,124.16999816894531,77.80064392089844,78.66460418701172,67.88229370117188,152.3477020263672,45.50795364379883
2014-05-09,31.70747184753418,26.00606346130371,30.579059600830078,124.0999984741211,77.7401123046875,78.95565032958984,67.90645599365234,152.57501220703125,45.53862380981445
2014-05-12,32.240760803222656,26.198078155517578,30.872814178466797,124.94000244140625,77.53581237792969,80.25645446777344,67.89032745361328,154.06051635742188,45.679725646972656
2014-05-13,32.36265182495117,26.186079025268555,30.786832809448242,124.5999984741211,77.83842468261719,80.31102752685547,67.9144287109375,154.19851684570312,45.38522720336914
2014-05-14,32.59120178222656,26.126075744628906,30.700864791870117,125.80999755859375,78.19415283203125,79.89258575439453,67.93856048583984,153.46791076660156,45.40362548828125
2014-05-15,32.286468505859375,26.102075576782227,30.414270401000977,124.7699966430664,78.47416687011719,79.26497650146484,67.94654083251953,152.12045288085938,45.37908172607422
2014-05-16,32.71308898925781,26.234085083007812,30.392776489257812,124.5,78.30767059326172,79.78340148925781,67.95459747314453,152.6481170654297,45.79631042480469
2014-05-19,32.71308898925781,26.1740779876709,30.44293785095215,124.58000183105469,78.20929718017578,80.33830261230469,67.97062683105469,153.2081298828125,45.612239837646484
2014-05-20,32.44644546508789,25.958057403564453,30.31396484375,124.69000244140625,78.43630981445312,80.04725646972656,67.97872161865234,152.24224853515625,45.47114181518555
2014-05-21,32.69785690307617,26.210081100463867,30.55040168762207,124.38999938964844,78.31524658203125,80.81134796142578,67.97872161865234,153.52479553222656,45.170494079589844
2014-05-22,32.92641067504883,26.15007781982422,30.500240325927734,124.66999816894531,78.23204803466797,81.16606903076172,67.96260833740234,153.89813232421875,45.090721130371094
2014-05-23,32.86545944213867,26.054067611694336,30.62204933166504,124.51000213623047,78.39089965820312,81.75731658935547,67.94654083251953,154.51507568359375,45.489540100097656
2014-05-27,32.58356857299805,26.126075744628906,31.037607192993164,121.8499984741211,78.41364288330078,82.77611541748047,67.96260833740234,155.46481323242188,45.81471252441406
2014-05-28,32.77403259277344,25.970060348510742,30.930130004882812,121.19999694824219,78.84494018554688,82.52141571044922,67.97872161865234,155.35116577148438,45.526336669921875
2014-05-29,32.86545944213867,26.114072799682617,31.037607192993164,120.94000244140625,78.74656677246094,83.04901885986328,67.97062683105469,156.1548309326172,45.618370056152344
2014-05-30,32.41598129272461,26.07806968688965,31.102079391479492,120.43000030517578,78.68608856201172,83.05811309814453,67.98668670654297,156.4064483642578,45.82699203491211
2014-06-02,32.51502227783203,26.090076446533203,31.116424560546875,119.69999694824219,78.32594299316406,82.97624206542969,67.94091796875,156.5849609375,45.96811294555664
2014-06-03,32.69785690307617,26.042072296142578,30.98744773864746,120.01000213623047,77.9317855834961,82.9398193359375,67.92489624023438,156.50387573242188,45.94356918334961
2014-06-04,32.51502227783203,25.970060348510742,30.94446563720703,119.76000213623047,77.87115478515625,83.24907684326172,67.94894409179688,156.82040405273438,46.035606384277344
2014-06-05,32.85784149169922,26.030065536499023,31.410167694091797,120.66000366210938,77.98487091064453,83.9495620727539,67.95700073242188,157.84317016601562,46.88232421875
2014-06-06,33.1854362487793,26.222082138061523,31.660930633544922,120.61000061035156,77.92425537109375,84.43163299560547,67.94091796875,158.59814453125,46.68597412109375
2014-06-09,33.30732727050781,26.186079025268555,31.589292526245117,120.6500015258789,77.8105239868164,84.36798858642578,67.89270782470703,158.76048278808594,46.12149429321289
2014-06-10,33.4825439453125,26.186079025268555,31.510469436645508,121.38999938964844,77.67410278320312,84.51351165771484,67.87664794921875,158.77674865722656,45.777915954589844
2014-06-11,33.3682746887207,26.126075744628906,31.20955467224121,121.41000366210938,77.78018951416016,84.49531555175781,67.90074157714844,158.2247314453125,45.65519332885742
2014-06-12,33.208282470703125,26.114072799682617,31.202392578125,122.63999938964844,78.0833969116211,83.73123931884766,67.92489624023438,157.1044921875,45.53862380981445
2014-06-13,33.2235107421875,26.138076782226562,31.080596923828125,122.95999908447266,77.9317855834961,83.97684478759766,67.88467407226562,157.58351135253906,45.65519332885742
2014-06-16,33.07114791870117,26.138076782226562,31.08775520324707,122.41999816894531,77.9317855834961,84.04961395263672,67.86858367919922,157.71334838867188,45.42204284667969
2014-06-17,33.07877731323242,26.162080764770508,31.102079391479492,122.27999877929688,77.60585021972656,84.0950927734375,67.81238555908203,158.15170288085938,45.53862380981445
2014-06-18,33.4444580078125,26.318092346191406,31.410167694091797,122.66999816894531,78.01514434814453,84.56810760498047,67.86858367919922,159.31246948242188,45.857669830322266
2014-06-19,33.25400161743164,26.426095962524414,31.474651336669922,126.94000244140625,77.81809997558594,84.51351165771484,67.86058807373047,159.49105834960938,46.23807907104492
2014-06-20,33.1854362487793,26.414093017578125,31.345678329467773,126.5,77.90906524658203,84.61290740966797,67.86058807373047,159.81483459472656,46.3975944519043
2014-06-23,33.11686325073242,26.426095962524414,31.23105239868164,126.8499984741211,77.85599517822266,84.63116455078125,67.86058807373047,159.7659149169922,46.2073974609375
2014-06-24,33.101627349853516,26.126075744628906,31.016111373901367,126.9800033569336,78.17439270019531,84.54904174804688,67.88467407226562,158.80343627929688,46.241455078125
2014-06-25,33.17150115966797,26.087053298950195,31.013912200927734,126.98999786376953,78.2501449584961,85.08720397949219,67.89270782470703,159.52120971679688,46.14857864379883
2014-06-26,33.20989227294922,26.17517852783203,30.93359375,126.7300033569336,78.4548110961914,85.13282775878906,67.90882110595703,159.4070281982422,46.10521697998047
2014-06-27,33.286678314208984,26.250722885131836,30.904376983642578,126.66000366210938,78.4548110961914,85.50677490234375,67.92489624023438,159.7169647216797,46.45821762084961
2014-06-30,33.19454574584961,26.28848648071289,30.904376983642578,128.0399932861328,78.51547241210938,85.65269470214844,67.93291473388672,159.63540649414062,46.34673309326172
2014-07-01,33.50935745239258,26.540292739868164,31.15996742248535,127.69999694824219,78.25879669189453,86.59211730957031,67.9047622680664,160.70391845703125,46.59445571899414
2014-07-02,33.70901107788086,26.666196823120117,31.152673721313477,127.69999694824219,77.9399185180664,86.73802185058594,67.8806381225586,160.86697387695312,46.48296356201172
2014-07-03,33.90864562988281,26.80469512939453,31.357135772705078,127.16000366210938,77.7803726196289,87.28528594970703,67.87263488769531,161.658203125,46.21669387817383
2014-07-07,33.8856086730957,26.64101219177246,30.860557556152344,127.0199966430664,77.97019958496094,87.02080535888672,67.8565444946289,161.09530639648438,46.35293197631836
2014-07-08,33.73203659057617,26.2633113861084,30.39320182800293,127.06999969482422,78.32716369628906,85.97191619873047,67.87263488769531,160.0595245361328,46.48917007446289
2014-07-09,33.92400360107422,26.275903701782227,30.5611629486084,127.83999633789062,78.34233856201172,86.61035919189453,67.8806381225586,160.7772674560547,46.56348419189453
2014-07-10,33.73971176147461,26.087053298950195,30.064586639404297,128.5399932861328,78.5094223022461,86.33674621582031,67.91279602050781,160.1410675048828,46.7740364074707
2014-07-11,33.701324462890625,26.07445526123047,30.064586639404297,128.77999877929688,78.63849639892578,86.89308166503906,67.92890167236328,160.36131286621094,46.78023147583008
2014-07-14,33.96240234375,26.18776512145996,30.254451751708984,125.72000122070312,78.4638442993164,87.41297149658203,67.92081451416016,161.16876220703125,47.009368896484375
2014-07-15,33.93936538696289,26.238134384155273,29.9842586517334,124.52999877929688,78.39551544189453,87.11196899414062,67.88865661621094,160.86697387695312,47.040321350097656
2014-07-16,34.023826599121094,26.43956756591797,30.305570602416992,124.97000122070312,78.5094223022461,87.4585952758789,67.8806381225586,161.4624786376953,47.188961029052734
2014-07-17,33.38650131225586,26.099637985229492,29.750574111938477,127.08999633789062,78.96509552001953,86.30026245117188,67.9368896484375,159.62725830078125,46.947425842285156
2014-07-18,33.90864562988281,26.2633113861084,30.028079986572266,126.12999725341797,78.80559539794922,87.66832733154297,67.8806381225586,161.2584991455078,47.411888122558594
2014-07-21,34.023826599121094,26.14999771118164,29.787094116210938,126.33999633789062,78.82836151123047,87.55892181396484,67.88865661621094,160.95677185058594,47.23851013183594
2014-07-22,34.33865737915039,26.301084518432617,29.955053329467773,125.73999786376953,78.92711639404297,88.1152572631836,67.88865661621094,161.658203125,47.387115478515625
2014-07-23,34.369361877441406,26.326261520385742,30.049985885620117,125.62000274658203,78.91949462890625,88.68074798583984,67.91279602050781,162.01705932617188,47.47384262084961
2014-07-24,34.52293395996094,26.275903701782227,30.305570602416992,124.3499984741211,78.60052490234375,88.58039855957031,67.88865661621094,162.02517700195312,47.411888122558594
2014-07-25,34.38471984863281,26.250722885131836,29.955053329467773,125.79000091552734,78.9043197631836,88.23384094238281,67.8967056274414,161.26669311523438,47.08366775512695
2014-07-28,34.62276077270508,26.250722885131836,29.88201904296875,125.58000183105469,78.81318664550781,88.26119995117188,67.86458587646484,161.3319549560547,47.411888122558594
2014-07-29,34.415435791015625,26.17517852783203,29.852819442749023,125.19999694824219,78.91949462890625,88.10614013671875,67.8806381225586,160.638671875,47.182762145996094
2014-07-30,34.24650573730469,26.099637985229492,29.772476196289062,124.83000183105469,78.36512756347656,88.45272827148438,67.84848022460938,160.66314697265625,47.08366775512695
2014-07-31,33.647579193115234,25.658979415893555,29.064138412475586,123.38999938964844,78.34233856201172,86.66507720947266,67.8806381225586,157.4903106689453,46.38389205932617
2014-08-01,33.831871032714844,25.457529067993164,28.779335021972656,124.37999725341797,78.80340576171875,86.3458480834961,67.96668243408203,157.0091094970703,46.272422790527344
2014-08-04,34.14668655395508,25.646385192871094,28.954605102539062,123.98999786376953,78.84907531738281,86.9386978149414,67.96668243408203,158.142822265625,46.59445571899414
2014-08-05,33.62454605102539,25.44493865966797,28.399606704711914,123.87000274658203,78.88714599609375,86.27288818359375,67.96668243408203,156.60939025878906,46.11760330200195
2014-08-06,33.39418411254883,25.394580841064453,28.399606704711914,125.66999816894531,78.95561218261719,86.20901489257812,67.98273468017578,156.65838623046875,46.099029541015625
2014-08-07,33.263648986816406,25.1805419921875,27.96146011352539,126.18000030517578,79.3132095336914,85.93538665771484,68.014892578125,155.81007385253906,46.12379455566406
2014-08-08,33.56311798095703,25.167957305908203,28.377696990966797,126.19000244140625,79.2447280883789,86.55563354492188,67.97471618652344,157.6126251220703,46.39628982543945
2014-08-11,33.99311065673828,25.29385757446289,28.392309188842773,125.95999908447266,79.2066650390625,87.06639099121094,67.97471618652344,158.06939697265625,46.687347412109375
2014-08-12,34.031497955322266,25.35680389404297,28.282758712768555,125.98999786376953,79.09253692626953,87.02989959716797,67.97471618652344,157.8491973876953,46.61302185058594
2014-08-13,34.21578598022461,25.34421730041504,28.45802879333496,126.19999694824219,79.35122680664062,87.9510726928711,68.00686645507812,158.9176483154297,47.288063049316406
2014-08-14,34.2695426940918,25.470121383666992,28.618682861328125,126.30999755859375,79.51105499267578,88.40715026855469,68.02289581298828,159.66802978515625,47.25706481933594
2014-08-15,34.177398681640625,25.533071517944336,28.538352966308594,125.4800033569336,79.83057403564453,88.8358154296875,68.02289581298828,159.63540649414062,47.20754623413086
2014-08-18,34.5075798034668,25.75970458984375,28.779335021972656,124.95999908447266,79.57952117919922,89.51988220214844,68.02289581298828,160.97303771972656,47.6719970703125
2014-08-19,34.66883087158203,25.734516143798828,28.815847396850586,124.68000030517578,79.49581909179688,90.021484375,68.02289581298828,161.81309509277344,47.77107620239258
2014-08-20,34.59971618652344,25.658979415893555,28.69901466369629,124.22000122070312,79.25997924804688,90.021484375,67.95863342285156,162.2454833984375,47.98781967163086
2014-08-21,34.453819274902344,25.646385192871094,28.983810424804688,122.87999725341797,79.42727661132812,90.20391845703125,67.95863342285156,162.71849060058594,47.91350173950195
2014-08-22,34.36167907714844,25.608610153198242,28.764738082885742,123.19000244140625,79.43494415283203,90.34074401855469,67.94258117675781,162.46566772460938,47.52955627441406
2014-08-25,34.615074157714844,25.860427856445312,29.11525535583496,122.73999786376953,79.49581909179688,90.65995788574219,67.91841888427734,163.28944396972656,47.424278259277344
2014-08-26,34.822391510009766,25.70933723449707,29.3270263671875,123.3499984741211,79.48058319091797,90.75118255615234,67.94258117675781,163.3954620361328,47.51716232299805
2014-08-27,34.99900817871094,25.873010635375977,29.443876266479492,123.31999969482422,79.70124816894531,90.76941680908203,67.95863342285156,163.33021545410156,47.54813766479492
2014-08-28,34.65347671508789,25.78487777709961,29.15907096862793,124.0,79.8077621459961,90.6690902709961,67.97471618652344,163.24053955078125,47.54194641113281
2014-08-29,34.59971618652344,25.860427856445312,29.11525535583496,123.86000061035156,79.81536102294922,91.00654602050781,68.00686645507812,163.70545959472656,47.795833587646484
2014-09-02,34.54597473144531,25.72193145751953,29.195581436157227,121.6500015258789,79.30545043945312,91.27106475830078,67.948974609375,163.62387084960938,47.80204772949219
2014-09-03,34.99900817871094,25.898197174072266,29.502290725708008,122.1500015258789,79.4198226928711,90.73291015625,67.9650650024414,163.5341796875,47.92588806152344
2014-09-04,34.906864166259766,25.684154510498047,29.47308349609375,121.4800033569336,79.1378402709961,90.65084838867188,67.95699310302734,163.29757690429688,47.74630355834961
2014-09-05,35.20632553100586,25.633798599243164,29.641040802001953,122.05999755859375,79.16065216064453,91.10688018798828,67.98114776611328,164.0316619873047,48.25410461425781
2014-09-08,34.79168701171875,25.0924129486084,29.305130004882812,120.7300033569336,79.07682800292969,91.28016662597656,67.94092559814453,163.6075439453125,48.20457077026367
2014-09-09,34.36167907714844,25.10500717163086,29.239404678344727,120.87000274658203,78.89391326904297,90.5231704711914,67.90071105957031,162.5717010498047,47.90732955932617
2014-09-10,34.21578598022461,25.36939811706543,29.26861000061035,120.26000213623047,78.69570922851562,91.27106475830078,67.90873718261719,163.18344116210938,47.151798248291016
2014-09-11,33.98542785644531,25.20572280883789,29.129871368408203,119.47000122070312,78.59664154052734,91.19807434082031,67.91682434082031,163.3710174560547,47.188961029052734
2014-09-12,33.62454605102539,25.21831512451172,29.10064697265625,118.37999725341797,78.29938507080078,90.73291015625,67.90071105957031,162.41668701171875,45.73983383178711
2014-09-15,33.45561218261719,25.2686710357666,29.071443557739258,118.63999938964844,78.4442138671875,89.85733032226562,67.932861328125,162.2943572998047,45.516902923583984
2014-09-16,33.89329147338867,25.331632614135742,29.144466400146484,118.83000183105469,78.42132568359375,90.64171600341797,67.97309875488281,163.517822265625,45.962791442871094
2014-09-17,33.578468322753906,25.243497848510742,29.093339920043945,117.54000091552734,78.22317504882812,90.77853393554688,67.90071105957031,163.73802185058594,45.950401306152344
2014-09-18,33.62454605102539,25.48271369934082,29.312423706054688,117.77999877929688,78.1697998046875,91.46257781982422,67.90873718261719,164.61074829101562,45.54787063598633
2014-09-19,33.37115478515625,25.495304107666016,29.137163162231445,117.08999633789062,78.46707916259766,91.40589141845703,67.90071105957031,164.4624481201172,45.60360336303711
2014-09-22,32.86437225341797,25.35680389404297,29.020320892333984,116.8499984741211,78.6347427368164,90.5556640625,67.948974609375,163.1923370361328,45.24441909790039
2014-09-23,32.68007278442383,24.90355682373047,28.61138343811035,117.5999984741211,78.80243682861328,90.30880737304688,67.9650650024414,162.2581024169922,44.91620635986328
2014-09-24,33.148468017578125,25.054643630981445,28.786636352539062,117.05000305175781,78.58139038085938,91.27791595458984,67.94092559814453,163.52828979492188,44.79619598388672
2014-09-25,32.42668914794922,24.68952751159668,28.23894691467285,117.38999938964844,78.96249389648438,89.35798645019531,67.98918914794922,160.88966369628906,44.596187591552734
2014-09-26,32.572566986083984,24.702117919921875,28.428815841674805,117.05999755859375,78.79476165771484,90.30880737304688,67.95699310302734,162.16802978515625,45.19621658325195
2014-09-29,31.912220001220703,24.613983154296875,28.100194931030273,117.02999877929688,79.04634857177734,90.18994903564453,67.97309875488281,161.87298583984375,45.13371658325195
2014-09-30,31.912220001220703,24.399946212768555,28.114816665649414,116.20999908447266,78.97771453857422,90.31791687011719,67.95699310302734,161.44688415527344,44.90871047973633
2014-10-01,31.259525299072266,24.110368728637695,27.793489456176758,116.7699966430664,79.64130401611328,88.87345123291016,68.0293960571289,159.2589874267578,44.94620132446289
2014-10-02,31.428462982177734,23.820796966552734,27.40645408630371,116.73999786376953,79.40457153320312,88.87345123291016,68.0213851928711,159.28353881835938,44.87120056152344
2014-10-03,31.69721221923828,23.79561424255371,27.326135635375977,114.61000061035156,79.38167572021484,89.7511215209961,67.95700073242188,161.03717041015625,45.1524658203125
2014-10-06,32.11185836791992,24.085195541381836,27.49409294128418,116.02999877929688,79.51146697998047,89.55908966064453,68.0213851928711,160.8487091064453,45.271240234375
2014-10-07,31.82774543762207,23.669708251953125,26.866071701049805,116.36000061035156,79.97723388671875,88.28833770751953,68.06157684326172,158.3657989501953,44.91495895385742
2014-10-08,32.30381774902344,24.148143768310547,27.39185905456543,117.47000122070312,80.2597885131836,90.0071029663086,68.13397979736328,161.13546752929688,45.8900032043457
2014-10-09,31.797033309936523,23.417909622192383,26.537458419799805,117.63999938964844,80.12236785888672,88.55345916748047,68.13397979736328,157.93968200683594,45.8900032043457
2014-10-10,31.105966567993164,23.12833023071289,26.14312171936035,117.58999633789062,80.43541717529297,86.34101104736328,68.1661148071289,156.13687133789062,45.93375778198242
2014-10-13,31.42078399658203,23.12833023071289,26.150426864624023,118.5199966430664,80.85530853271484,84.9879150390625,68.1902847290039,153.57203674316406,45.97751998901367
2014-10-14,31.605066299438477,23.115737915039062,26.23805046081543,118.58999633789062,81.01570892333984,84.99706268310547,68.2304916381836,153.80966186523438,46.72129821777344
2014-10-15,31.205778121948242,22.788393020629883,25.96786117553711,118.98999786376953,81.47386169433594,84.4485092163086,68.31901550292969,152.76898193359375,46.5400505065918
2014-10-16,30.92168426513672,22.687665939331055,25.5881290435791,119.22000122070312,81.25244903564453,83.91825103759766,68.27880096435547,152.63787841796875,46.61505126953125
2014-10-17,31.267213821411133,23.14092254638672,26.23805046081543,118.98999786376953,81.01570892333984,85.02449035644531,68.23859405517578,154.44061279296875,46.67131805419922
2014-10-20,31.35935401916504,23.153512954711914,26.267269134521484,119.80000305175781,81.13027954101562,86.29529571533203,68.27880096435547,155.94024658203125,47.38383865356445
2014-10-21,31.489883422851562,23.518634796142578,26.72001838684082,120.0199966430664,80.90882110595703,88.5625991821289,68.2626953125,159.02955627441406,47.81511688232422
2014-10-22,31.28255844116211,23.27941131591797,26.34029197692871,119.33999633789062,80.88593292236328,88.10551452636719,68.24661254882812,157.898681640625,47.82762145996094
2014-10-23,31.27488899230957,23.430498123168945,26.793039321899414,118.5199966430664,80.54995727539062,89.43113708496094,68.21443939208984,159.73426818847656,48.19639205932617
2014-10-24,31.497570037841797,23.556400299072266,26.909879684448242,118.3499984741211,80.61865234375,90.16253662109375,68.2304916381836,160.96340942382812,48.15888977050781
2014-10-27,31.251853942871094,23.4682674407959,26.676206588745117,118.05999755859375,80.70267486572266,90.2265396118164,68.2304916381836,160.7422332763672,48.5151481628418
2014-10-28,31.881500244140625,23.69489097595215,27.194686889648438,118.0999984741211,80.50415802001953,91.5887680053711,68.21443939208984,162.58592224121094,48.72767639160156
2014-10-29,31.927574157714844,23.581579208374023,26.7784366607666,116.41000366210938,80.23686218261719,91.25045013427734,68.1258773803711,162.34007263183594,48.4526481628418
2014-10-30,32.22703552246094,23.65711784362793,26.939096450805664,115.19000244140625,80.32088470458984,91.44246673583984,68.15005493164062,163.3808135986328,48.7589111328125
2014-10-31,32.365257263183594,23.934104919433594,27.311525344848633,112.66000366210938,80.19103240966797,92.70410919189453,68.13397979736328,165.2490997314453,49.37144470214844
2014-11-03,32.09650421142578,23.61935043334961,26.961009979248047,112.1500015258789,80.1612319946289,92.97840881347656,68.1251449584961,165.33924865722656,49.802730560302734
2014-11-04,32.12721633911133,23.644535064697266,26.82225227355957,112.22000122070312,80.15357208251953,92.6675796508789,68.1170425415039,164.76565551757812,49.88397216796875
2014-11-05,31.843101501464844,23.83338737487793,26.99751091003418,109.79000091552734,80.17656707763672,92.67670440673828,68.10095977783203,165.80638122558594,49.77771759033203
2014-11-06,31.451501846313477,23.74526023864746,26.93179702758789,109.87999725341797,79.93177795410156,92.96923828125,68.08486938476562,166.4700469970703,49.396446228027344
2014-11-07,31.65114402770996,23.883745193481445,26.807655334472656,112.97000122070312,80.44422912597656,92.88699340820312,68.1331787109375,166.62574768066406,49.333946228027344
2014-11-10,31.735607147216797,23.959293365478516,26.953704833984375,110.45999908447266,80.11536407470703,93.2160873413086,68.08486938476562,167.1502227783203,49.740211486816406
2014-11-11,31.70490264892578,24.122962951660156,27.14356803894043,112.04000091552734,80.1229476928711,93.50865936279297,68.07682800292969,167.31411743164062,49.546451568603516
2014-11-12,31.643461227416992,23.896343231201172,26.7346248626709,111.5,80.09239959716797,93.67322540283203,68.10095977783203,167.13385009765625,49.17144775390625
2014-11-13,31.558998107910156,23.896343231201172,26.844160079956055,111.66999816894531,80.22241973876953,94.07548522949219,68.1170425415039,167.32232666015625,49.44021224975586
2014-11-14,31.820070266723633,23.845975875854492,26.946401596069336,114.47000122070312,80.39070129394531,94.36802673339844,68.14923095703125,167.36329650878906,49.03392791748047
2014-11-17,31.482210159301758,23.908926010131836,27.04863929748535,114.05000305175781,80.29894256591797,94.0846176147461,68.1412353515625,167.46978759765625,49.252689361572266
2014-11-18,31.65114402770996,24.047420501708984,27.552518844604492,115.05000305175781,80.39070129394531,94.78861999511719,68.1331787109375,168.43673706054688,49.4652099609375
2014-11-19,31.635786056518555,24.03483009338379,27.537904739379883,113.68000030517578,80.17656707763672,94.35887145996094,68.1251449584961,168.16635131835938,49.02144241333008
2014-11-20,31.58204460144043,23.984468460083008,27.37725257873535,114.86000061035156,80.32184600830078,94.77943420410156,68.1412353515625,168.46136474609375,49.18394470214844
2014-11-21,32.587928771972656,24.148143768310547,27.713171005249023,115.38999938964844,80.48253631591797,94.96226501464844,68.15731048583984,169.36268615722656,49.49019241333008
2014-11-24,32.31917953491211,24.23627471923828,28.144020080566406,115.11000061035156,80.57429504394531,95.70282745361328,68.16535186767578,169.83799743652344,49.66520690917969
2014-11-25,32.11185836791992,24.185916900634766,28.30466651916504,115.37999725341797,80.77315521240234,95.84910583496094,68.17340850830078,169.71507263183594,49.75273895263672
2014-11-26,32.51881790161133,24.374771118164062,28.421512603759766,115.16000366210938,80.91085815429688,96.47079467773438,68.18146514892578,170.14938354492188,50.234004974365234
2014-11-28,31.866146087646484,23.959293365478516,28.370399475097656,112.11000061035156,81.22444915771484,96.91876220703125,68.2055892944336,169.78880310058594,50.35900115966797
2014-12-01,31.320959091186523,23.971878051757812,28.31927490234375,116.58000183105469,81.02521514892578,95.82167053222656,68.20477294921875,168.60877990722656,50.234004974365234
2014-12-02,31.313283920288086,24.13555145263672,28.26816749572754,115.13999938964844,80.6651382446289,96.20565795898438,68.16453552246094,169.69862365722656,50.54652786254883
2014-12-03,31.397750854492188,24.148143768310547,28.209739685058594,116.33000183105469,80.69576263427734,96.37937927246094,68.13235473632812,170.35426330566406,50.49652099609375
2014-12-04,31.451501846313477,23.984468460083008,28.063688278198242,115.87999725341797,80.97925567626953,96.33367156982422,68.17254638671875,170.165771484375,50.62776184082031
2014-12-05,31.39006996154785,24.03483009338379,28.32657814025879,114.43000030517578,80.5271987915039,96.34280395507812,68.04381561279297,170.44436645507812,50.37151336669922
2014-12-08,30.929353713989258,23.820796966552734,28.07098960876465,115.77999877929688,80.79536437988281,95.65711975097656,68.03573608398438,169.3053436279297,50.69027328491211
2014-12-09,30.6375732421875,23.518634796142578,27.83001136779785,118.19000244140625,81.09419250488281,95.95883178710938,68.05989837646484,169.19068908691406,50.92155075073242
2014-12-10,30.184526443481445,23.266822814941406,27.450275421142578,117.95999908447266,81.46199035644531,94.45030212402344,68.11620330810547,166.4783172607422,50.87153625488281
2014-12-11,29.931142807006836,23.090560913085938,27.355350494384766,117.69000244140625,81.32408142089844,94.89827728271484,68.08407592773438,167.32232666015625,50.965301513671875
2014-12-12,29.4397029876709,22.398094177246094,26.785741806030273,117.41000366210938,81.99063873291016,93.86518096923828,68.14849090576172,164.61814880371094,50.521514892578125
2014-12-15,29.017391204833984,22.108522415161133,26.252655029296875,114.38999938964844,81.69178771972656,92.89610290527344,68.10013580322266,163.4873046875,49.86522674560547
2014-12-16,28.97132110595703,22.486230850219727,26.552061080932617,114.94999694824219,82.1055679321289,91.40589141845703,68.14036560058594,162.17620849609375,49.796485900878906
2014-12-17,29.637283325195312,22.78158950805664,26.8845272064209,114.2699966430664,81.5385971069336,93.06979370117188,68.07601165771484,165.3556365966797,50.94029235839844
2014-12-18,30.04231071472168,23.30811309814453,27.443557739257812,115.1500015258789,81.078857421875,95.30970001220703,68.03573608398438,169.44464111328125,51.29655075073242
2014-12-19,30.25261116027832,23.539264678955078,27.222885131835938,114.7699966430664,81.3776626586914,95.72905731201172,67.98743438720703,170.16567993164062,51.27154541015625
2014-12-22,30.6732234954834,23.629159927368164,27.406776428222656,112.55000305175781,81.3776626586914,95.9676513671875,68.00358581542969,170.9484100341797,52.1287727355957
2014-12-23,30.392818450927734,23.423694610595703,27.421480178833008,112.73999786376953,80.70342254638672,95.62813568115234,67.93106842041016,171.17916870117188,51.9830322265625
2014-12-24,30.462919235229492,23.61631965637207,27.620088577270508,112.7699966430664,80.7617416381836,95.71070861816406,67.96573638916016,171.19561767578125,51.76764678955078
2014-12-26,30.704387664794922,23.641998291015625,27.590669631958008,114.83000183105469,80.86917877197266,96.38978576660156,67.94156646728516,171.74769592285156,51.95136260986328
2014-12-29,30.517436981201172,23.43653106689453,27.37000274658203,113.66999816894531,81.14541625976562,96.3714370727539,68.00599670410156,171.9783935546875,52.236454010009766
2014-12-30,30.579744338989258,23.28243064880371,27.024290084838867,115.19999694824219,81.23750305175781,95.72905731201172,68.03018188476562,171.0555419921875,52.19844436645508
2014-12-31,30.603116989135742,23.154010772705078,26.722707748413086,113.58000183105469,81.32955932617188,94.74717712402344,68.00599670410156,169.3582000732422,51.31780242919922
2015-01-02,30.198095321655273,22.935699462890625,26.752132415771484,114.08000183105469,81.74396514892578,94.46273040771484,68.07842254638672,169.26754760742188,52.09073257446289
2015-01-05,29.66065216064453,22.357803344726562,25.75177764892578,115.80000305175781,82.2426986694336,93.07705688476562,68.07842254638672,166.2106170654297,52.37583541870117
2015-01-06,29.536014556884766,22.10097312927246,25.48698616027832,117.12000274658203,82.79518127441406,91.82909393310547,68.11073303222656,164.6450653076172,52.895347595214844
2015-01-07,30.17471694946289,22.293594360351562,25.707645416259766,116.43000030517578,82.77981567382812,93.01285552978516,68.14289855957031,166.69674682617188,53.706295013427734
2015-01-08,30.68880271911621,22.691696166992188,26.06806182861328,115.94000244140625,82.44219970703125,94.79305267333984,68.13482666015625,169.6547393798828,53.90904998779297
2015-01-09,30.587539672851562,22.588960647583008,25.825336456298828,117.26000213623047,82.84893798828125,94.16905212402344,68.19122314453125,168.29525756835938,53.93437957763672
2015-01-12,30.338289260864258,22.49907112121582,25.898895263671875,118.55999755859375,83.14046478271484,93.18719482421875,68.23149108886719,166.97683715820312,54.3461799621582
2015-01-13,30.603116989135742,22.563282012939453,26.03129005432129,118.16000366210938,83.21723937988281,93.15966033935547,68.27176666259766,166.50721740722656,54.26383972167969
2015-01-14,30.4317626953125,22.357803344726562,26.082778930664062,117.97000122070312,83.60086822509766,92.64578247070312,68.31201934814453,165.50198364257812,54.732662200927734
2015-01-15,30.501855850219727,22.486225128173828,26.016576766967773,120.94000244140625,84.31448364257812,91.44366455078125,68.41670989990234,163.98587036132812,54.859378814697266
2015-01-16,30.758901596069336,22.845802307128906,26.524118423461914,122.5199966430664,83.69298553466797,92.51730346679688,68.35226440429688,166.13648986816406,55.33452606201172
2015-01-20,30.7121639251709,23.0512752532959,26.744775772094727,124.19999694824219,83.88481903076172,93.25143432617188,68.32007598876953,166.49075317382812,54.89738082885742
2015-01-21,31.389808654785156,23.28243064880371,27.00957679748535,124.2300033569336,83.48576354980469,93.72859954833984,68.32007598876953,167.3312225341797,54.859378814697266
2015-01-22,31.989561080932617,23.487895965576172,27.11256217956543,125.2300033569336,83.27859497070312,95.46292877197266,68.2958755493164,169.81961059570312,55.83504867553711
2015-01-23,31.74810791015625,23.3723201751709,26.8845272064209,124.2300033569336,83.82342529296875,95.67402648925781,68.328125,168.8884735107422,55.676658630371094
2015-01-26,31.7636775970459,23.719051361083984,27.436195373535156,122.98999786376953,83.63158416748047,95.56387329101562,68.28784942626953,169.28404235839844,56.145477294921875
2015-01-27,31.592329025268555,23.73189353942871,27.355283737182617,124.4000015258789,83.74666595458984,93.08625030517578,68.328125,167.0510711669922,56.164485931396484
2015-01-28,31.249610900878906,23.43653106689453,26.730066299438477,123.41999816894531,84.39128112792969,92.6090316772461,68.37643432617188,164.90875244140625,55.79071044921875
2015-01-29,31.249610900878906,23.590633392333984,27.45827293395996,120.76000213623047,84.09200286865234,93.4991683959961,68.35226440429688,166.4330596923828,55.98710250854492
2015-01-30,30.392818450927734,23.16684913635254,26.980152130126953,123.44999694824219,84.82864379882812,92.77423858642578,68.43279266357422,164.34019470214844,54.83403015136719
2015-02-02,30.938045501708984,23.3723201751709,27.311161041259766,122.41999816894531,84.72254943847656,93.58177185058594,68.41104125976562,166.37539672851562,54.68828582763672
2015-02-03,31.52223014831543,23.950212478637695,28.032001495361328,121.05000305175781,84.00772857666016,94.48108673095703,68.3546371459961,168.78140258789062,55.16348648071289
2015-02-04,31.366443634033203,23.73189353942871,27.45827293395996,121.58000183105469,84.14611053466797,94.39849853515625,68.36270141601562,168.13868713378906,54.935401916503906
2015-02-05,31.553380966186523,24.091466903686523,27.936378479003906,121.79000091552734,83.83869171142578,95.21517944335938,68.33856964111328,169.8360137939453,55.59428787231445
2015-02-06,31.015939712524414,23.83463478088379,27.30380630493164,118.63999938964844,82.90093994140625,94.63707733154297,68.17737579345703,169.36642456054688,53.978721618652344
2015-02-09,30.969196319580078,23.770421981811523,27.075780868530273,119.16999816894531,82.86248779296875,94.33424377441406,68.16937255859375,168.6083984375,53.598594665527344
2015-02-10,30.891315460205078,23.860315322875977,27.443557739257812,118.47000122070312,82.65501403808594,95.802490234375,68.15327453613281,170.4045867919922,53.76966857910156
2015-02-11,30.665435791015625,23.744733810424805,27.37734603881836,117.06999969482422,82.624267578125,96.15118408203125,68.16127014160156,170.50341796875,53.611263275146484
2015-02-12,31.319711685180664,24.16851806640625,28.098203659057617,117.33999633789062,82.65501403808594,97.27071380615234,68.18545532226562,172.14317321777344,54.25117111206055
2015-02-13,31.678003311157227,24.284101486206055,28.164405822753906,117.9800033569336,82.37832641601562,98.10577392578125,68.18545532226562,172.8517608642578,53.89002227783203
2015-02-17,31.607892990112305,24.27125358581543,28.2011775970459,116.01000213623047,81.79420471191406,98.19754791259766,68.15327453613281,173.1237030029297,53.75697708129883
2015-02-18,31.60011863708496,24.386831283569336,28.274730682373047,116.33999633789062,82.18616485595703,98.33521270751953,68.23379516601562,173.14019775390625,54.25748062133789
2015-02-19,31.46769905090332,24.361146926879883,28.24531364440918,115.94000244140625,81.97866821289062,98.8215560913086,68.19357299804688,173.01657104492188,53.09174728393555
2015-02-20,31.678003311157227,24.51525115966797,28.693998336791992,115.27999877929688,81.9324722290039,99.48226928710938,68.18545532226562,174.05474853515625,53.604942321777344
2015-02-23,31.358654022216797,24.463884353637695,28.510101318359375,115.43000030517578,82.30916595458984,99.58318328857422,68.21771240234375,174.03005981445312,54.0357551574707
2015-02-24,31.8104190826416,24.630830764770508,28.774906158447266,115.26000213623047,82.85485076904297,99.65660858154297,68.2740707397461,174.5244598388672,52.971378326416016
2015-02-25,31.74810791015625,24.6436710357666,28.708711624145508,115.69999694824219,82.93173217773438,99.40885162353516,68.2740707397461,174.3760986328125,52.984039306640625
2015-02-26,31.755905151367188,24.55377960205078,28.54688835144043,116.06999969482422,82.43975830078125,99.9135513305664,68.20965576171875,174.17013549804688,52.40752029418945
2015-02-27,31.732528686523438,24.528093338012695,28.657224655151367,116.16000366210938,82.73186492919922,99.47306060791016,68.23379516601562,173.57687377929688,52.819339752197266
2015-03-02,31.685789108276367,24.56662368774414,28.73812484741211,115.68000030517578,82.11603546142578,100.37236785888672,68.17819213867188,174.67274475097656,53.123435974121094
2015-03-03,31.444334030151367,24.335464477539062,28.44390296936035,115.47000122070312,81.93900299072266,99.90434265136719,68.16207885742188,173.95590209960938,53.02205276489258
2015-03-04,31.101613998413086,24.219894409179688,28.30414581298828,115.11000061035156,82.00054931640625,99.51892852783203,68.17819213867188,173.22259521484375,52.51521301269531
2015-03-05,31.054880142211914,24.348310470581055,28.436555862426758,115.0,82.04669952392578,99.69331359863281,68.20233154296875,173.412109375,52.66728210449219
2015-03-06,30.579744338989258,23.808948516845703,27.951078414916992,111.86000061035156,81.2076416015625,98.56460571289062,68.12981414794922,170.97311401367188,50.91867446899414
2015-03-09,30.462919235229492,23.92452621459961,28.046710968017578,111.97000122070312,81.58487701416016,98.8490982055664,68.16207885742188,171.68174743652344,51.32415008544922
2015-03-10,29.785266876220703,23.26958465576172,27.37734603881836,111.41999816894531,81.93126678466797,97.01378631591797,68.17819213867188,168.89671325683594,51.2861328125
2015-03-11,30.01114845275879,23.08979606628418,27.575956344604492,110.75,82.07748413085938,96.45401000976562,68.17819213867188,168.50120544433594,51.330482482910156
2015-03-12,30.198095321655273,23.21822166442871,27.81133270263672,110.72000122070312,82.15447998046875,97.08720397949219,68.19429779052734,170.6436309814453,52.22378158569336
2015-03-13,29.832008361816406,22.974218368530273,27.627445220947266,110.87999725341797,82.03133392333984,96.6650619506836,68.20233154296875,169.59710693359375,52.192100524902344
2015-03-16,30.190298080444336,23.21822166442871,28.105552673339844,110.80999755859375,82.31614685058594,97.9130859375,68.21040344238281,171.863037109375,52.730628967285156
2015-03-17,30.540803909301758,23.256742477416992,27.929019927978516,110.20999908447266,82.48552703857422,98.06908416748047,68.19429779052734,171.35215759277344,52.71161651611328
2015-03-18,31.288557052612305,23.93736457824707,28.421836853027344,112.37000274658203,83.43242645263672,99.03257751464844,68.35547637939453,173.412109375,53.81401062011719
2015-03-19,30.758901596069336,23.61631965637207,27.951078414916992,112.29000091552734,83.03977966308594,99.1794204711914,68.26685333251953,172.62109375,53.78866958618164
2015-03-20,31.21845054626465,24.16851806640625,28.745485305786133,113.56999969482422,83.37848663330078,99.8214111328125,68.315185546875,174.1447296142578,55.13813400268555
2015-03-23,31.311914443969727,24.20704460144043,28.885236740112305,114.29000091552734,83.48626708984375,99.62825012207031,68.33939361572266,173.8054962158203,55.06842803955078
2015-03-24,31.43653678894043,23.975893020629883,29.0029296875,114.56999969482422,83.74031066894531,99.26956939697266,68.36357116699219,172.82882690429688,54.599609375
2015-03-25,30.938045501708984,23.886001586914062,28.804325103759766,114.7300033569336,83.37848663330078,96.99772644042969,68.34744262695312,170.2962188720703,53.657623291015625
2015-03-26,30.64985466003418,23.603477478027344,28.53217315673828,115.4800033569336,82.9089126586914,96.6666488647461,68.315185546875,169.8906707763672,53.37720489501953
2015-03-27,30.735532760620117,23.552106857299805,28.693998336791992,115.05999755859375,83.23226165771484,97.0529556274414,68.35547637939453,170.2796630859375,53.44731903076172
2015-03-30,31.327503204345703,23.526424407958984,28.811691284179688,113.75,83.22455596923828,98.16587829589844,68.34744262695312,172.35704040527344,54.212100982666016
2015-03-31,31.25739860534668,23.12832260131836,28.37770652770996,113.66000366210938,83.44009399414062,97.12651062011719,68.40383911132812,170.85072326660156,53.734092712402344
2015-04-01,31.646846771240234,23.28243064880371,28.649860382080078,115.5999984741211,83.83718872070312,96.62067413330078,68.43363952636719,170.24658203125,53.657623291015625
2015-04-02,32.12199020385742,23.397998809814453,28.973512649536133,115.27999877929688,83.59817504882812,96.68504333496094,68.42562866210938,170.85899353027344,54.0655403137207
2015-04-06,32.5348014831543,23.603477478027344,29.245664596557617,116.69000244140625,83.70611572265625,97.47601318359375,68.48206329345703,172.0094451904297,54.626380920410156
2015-04-07,32.37122344970703,23.693370819091797,29.07647705078125,116.11000061035156,83.77552795410156,97.31049346923828,68.43363952636719,171.55426025390625,53.66398239135742
2015-04-08,33.04887390136719,23.873157501220703,29.0029296875,115.47000122070312,83.69841003417969,98.08309936523438,68.43363952636719,172.13357543945312,53.74686050415039
2015-04-09,33.37602615356445,23.860315322875977,28.98821449279785,114.66999816894531,83.35916900634766,98.69931030273438,68.40949249267578,172.89503479003906,52.63151168823242
2015-04-10,33.399391174316406,23.92452621459961,29.0617733001709,115.97000122070312,83.33598327636719,99.10401916503906,68.39344024658203,173.83853149414062,52.593257904052734
2015-04-13,33.20466232299805,23.84747314453125,28.90731430053711,115.13999938964844,83.50566101074219,98.85566711425781,68.43363952636719,173.05227661132812,52.453067779541016
2015-04-14,33.3526496887207,24.12999153137207,29.083847045898438,114.44000244140625,83.75237274169922,98.57051849365234,68.46599578857422,173.38333129882812,52.637882232666016
2015-04-15,33.58631896972656,24.32262420654297,29.142690658569336,115.43000030517578,83.7986831665039,99.18679809570312,68.46599578857422,174.16131591796875,52.242733001708984
2015-04-16,33.85113525390625,24.43820571899414,29.07647705078125,115.02999877929688,83.86032104492188,99.04883575439453,68.4981918334961,174.11167907714844,52.37657165527344
2015-04-17,33.25918197631836,24.19420051574707,28.576311111450195,115.5999984741211,84.02996063232422,97.5036392211914,68.46599578857422,172.1087646484375,52.13437271118164
2015-04-20,33.228023529052734,24.245569229125977,28.627796173095703,114.72000122070312,83.87572479248047,98.96607208251953,68.45789337158203,173.68130493164062,52.210853576660156
2015-04-21,33.42274856567383,24.361146926879883,28.848466873168945,115.37999725341797,83.69841003417969,99.38911437988281,68.46599578857422,173.47442626953125,52.300086975097656
2015-04-22,33.781044006347656,24.45104217529297,28.848466873168945,113.83000183105469,83.21261596679688,99.93180847167969,68.40949249267578,174.3268585205078,52.40843963623047
2015-04-23,34.030296325683594,24.61798667907715,28.91465950012207,114.66000366210938,83.46705627441406,100.30888366699219,68.4417724609375,174.76553344726562,52.54865264892578
2015-04-24,34.154911041259766,24.797779083251953,29.054424285888672,113.05000305175781,83.76009368896484,101.67015075683594,68.46599578857422,175.17105102539062,52.65699768066406
2015-04-27,34.28733444213867,24.900514602661133,29.429553985595703,115.33000183105469,83.6290054321289,101.41260528564453,68.45789337158203,174.4427490234375,52.58689498901367
2015-04-28,34.341861724853516,25.016090393066406,29.392778396606445,116.33000183105469,83.24349212646484,101.21025848388672,68.42562866210938,174.99725341796875,52.484928131103516
2015-04-29,33.913455963134766,24.939043045043945,28.980871200561523,115.51000213623047,82.93506622314453,100.57563018798828,68.43363952636719,174.27723693847656,51.42694091796875
2015-04-30,33.399391174316406,24.669357299804688,29.010286331176758,113.47000122070312,82.91193389892578,98.99361419677734,68.42562866210938,172.53085327148438,50.59203338623047
2015-05-01,33.60190200805664,24.682193756103516,29.355998992919922,113.08000183105469,82.45864868164062,100.29971313476562,68.39739227294922,174.40135192871094,50.97442626953125
2015-05-04,33.79661560058594,24.746408462524414,29.223600387573242,114.0999984741211,82.28873443603516,100.46524047851562,68.39739227294922,174.89793395996094,51.02540969848633
2015-05-05,33.430538177490234,24.348310470581055,28.671926498413086,114.41999816894531,82.14971160888672,98.82809448242188,68.38126373291016,172.89503479003906,49.91645812988281
2015-05-06,33.01771545410156,24.43820571899414,29.010286331176758,114.36000061035156,81.74822235107422,98.14746856689453,68.35704803466797,172.18325805664062,49.82084655761719
2015-05-07,32.97098159790039,24.37399673461914,28.899953842163086,113.41999816894531,82.0956802368164,98.736083984375,68.33282470703125,172.8701629638672,50.58565139770508
2015-05-08,33.391597747802734,25.23439598083496,29.53988265991211,113.97000122070312,82.41226196289062,99.96857452392578,68.42967224121094,175.1461944580078,51.293094635009766
2015-05-11,33.072242736816406,25.388505935668945,29.223600387573242,113.52999877929688,81.60148620605469,99.58226776123047,68.3651351928711,174.31033325195312,50.52190399169922
2015-05-12,32.963199615478516,25.183034896850586,29.12797737121582,114.5,81.66324615478516,99.13157653808594,68.37317657470703,173.78890991210938,50.674903869628906
2015-05-13,33.025508880615234,25.311450958251953,29.29715347290039,116.55000305175781,81.55516052246094,99.33394622802734,68.40544891357422,173.82200622558594,50.19049835205078
2015-05-14,33.3526496887207,25.555452346801758,29.91501808166504,117.18000030517578,81.83309936523438,100.78716278076172,68.469970703125,175.63453674316406,51.159244537353516
2015-05-15,33.609683990478516,25.478397369384766,29.93708610534668,117.52999877929688,82.4200439453125,100.78716278076172,68.469970703125,175.82489013671875,51.68186950683594
2015-05-18,33.266971588134766,25.337142944335938,29.716415405273438,117.5199966430664,81.864013671875,101.2286605834961,68.42967224121094,176.37115478515625,51.54802703857422
2015-05-19,33.32149887084961,25.144514083862305,29.73113250732422,115.88999938964844,81.50106048583984,101.11827850341797,68.38932037353516,176.313232421875,51.36956787109375
2015-05-20,33.29811477661133,25.298614501953125,29.8046817779541,116.08000183105469,81.67868041992188,101.18267059326172,68.41351318359375,176.18905639648438,51.324954986572266
2015-05-21,33.1812858581543,25.555452346801758,29.892948150634766,115.69000244140625,82.1651840209961,101.70693969726562,68.43769073486328,176.70217895507812,51.08275604248047
2015-05-22,33.29034423828125,25.298614501953125,29.569311141967773,115.5999984741211,81.97979736328125,101.60575103759766,68.38932037353516,176.2801055908203,51.019039154052734
2015-05-26,32.76067352294922,24.861988067626953,28.78961753845215,113.91000366210938,82.48950958251953,100.4376449584961,68.39739227294922,174.38475036621094,50.630271911621094
2015-05-27,32.76847457885742,25.054611206054688,29.253019332885742,113.88999938964844,82.44319915771484,102.05643463134766,68.40544891357422,176.0400390625,51.12738800048828
2015-05-28,32.34006881713867,25.0289363861084,29.253019332885742,114.0199966430664,82.5203857421875,101.82647705078125,68.43769073486328,175.84144592285156,51.02540969848633
2015-05-29,32.02851486206055,24.82345962524414,28.826396942138672,114.0999984741211,82.5667724609375,101.2194595336914,68.45382690429688,174.74896240234375,50.43906021118164
2015-06-01,31.903888702392578,24.56662368774414,28.75284767150879,114.0,82.20243072509766,101.55976867675781,68.4110336303711,175.1048583984375,51.05727005004883
2015-06-02,32.02851486206055,24.669357299804688,29.098552703857422,114.45999908447266,81.6301040649414,101.23784637451172,68.40299224853516,174.9310302734375,50.58565139770508
2015-06-03,31.864938735961914,24.682193756103516,29.481042861938477,113.63999938964844,80.93402862548828,101.5413589477539,68.3788070678711,175.39451599121094,49.85908889770508
2015-06-04,31.382020950317383,24.43820571899414,29.04707145690918,112.83999633789062,81.32839965820312,100.76875305175781,68.38687896728516,173.91305541992188,49.76346206665039
2015-06-05,31.241819381713867,24.219894409179688,28.53217315673828,112.23999786376953,80.7405776977539,100.52962493896484,68.32230377197266,173.6150665283203,49.20899963378906
2015-06-08,31.234020233154297,24.18136215209961,28.524818420410156,112.56999969482422,80.85665893554688,99.5086898803711,68.36263275146484,172.54737854003906,49.11976623535156
2015-06-09,31.04709243774414,24.052942276000977,28.429197311401367,112.81999969482422,80.5936508178711,99.34315490722656,68.33042907714844,172.5225830078125,48.76285934448242
2015-06-10,31.498857498168945,24.65651512145996,29.216243743896484,113.77999877929688,80.2842788696289,100.70438385009766,68.31426239013672,174.59169006347656,49.107017517089844
2015-06-11,31.343074798583984,24.707883834838867,29.29715347290039,113.26000213623047,80.91852569580078,100.85154724121094,68.33042907714844,175.15447998046875,49.406558990478516
2015-06-12,31.343074798583984,24.56662368774414,28.91465950012207,113.2300033569336,80.87210083007812,100.0237808227539,68.31426239013672,173.81369018554688,49.36196517944336
2015-06-15,30.992572784423828,24.425365447998047,28.539533615112305,113.7300033569336,81.06539154052734,99.52710723876953,68.34650421142578,173.06881713867188,49.09427261352539
2015-06-16,31.000350952148438,24.43820571899414,28.524818420410156,113.31999969482422,81.37484741210938,100.06976318359375,68.37076568603516,174.01235961914062,49.489418029785156
2015-06-17,31.18730354309082,24.592300415039062,28.392419815063477,113.8499984741211,81.42119598388672,100.34567260742188,68.41915130615234,174.29376220703125,49.910064697265625
2015-06-18,31.475488662719727,24.836301803588867,28.841106414794922,115.31999969482422,81.3593978881836,101.80809020996094,68.435302734375,176.10630798339844,50.598384857177734
2015-06-19,31.202871322631836,24.707883834838867,28.679290771484375,115.12000274658203,81.79251098632812,101.30476379394531,68.45144653320312,175.3245391845703,50.20962142944336
2015-06-22,31.65464210510254,24.990406036376953,29.672286987304688,113.63999938964844,81.10414123535156,102.05148315429688,68.40299224853516,176.22271728515625,49.6933708190918
2015-06-23,31.96619987487793,25.00324249267578,29.6060791015625,112.88999938964844,80.85665893554688,102.13445281982422,68.38687896728516,176.3474578857422,49.27909851074219
2015-06-24,31.740324020385742,24.88766860961914,29.333927154541016,112.58999633789062,81.0964126586914,101.60897827148438,68.41915130615234,175.06674194335938,49.011417388916016
2015-06-25,31.63125228881836,24.870676040649414,29.414770126342773,112.44000244140625,80.89529418945312,101.40616607666016,68.40299224853516,174.534423828125,48.51430130004883
2015-06-26,31.33306121826172,24.713754653930664,29.57193946838379,112.55999755859375,80.50859832763672,100.73319244384766,68.36263275146484,174.50119018554688,48.86320495605469
2015-06-29,30.634679794311523,23.994577407836914,28.30703353881836,113.06999969482422,81.44448852539062,98.35474395751953,68.4756088256836,170.8417510986328,48.103538513183594
2015-06-30,31.089811325073242,23.863815307617188,28.097463607788086,112.37000274658203,81.22018432617188,98.70507049560547,68.4756088256836,171.19944763183594,48.08424377441406
2015-07-01,31.066259384155273,23.916118621826172,28.321998596191406,111.9800033569336,80.79563903808594,99.48867797851562,68.41748809814453,172.57164001464844,48.87610626220703
2015-07-02,31.215354919433594,24.033802032470703,28.19476318359375,111.76000213623047,81.08226776123047,99.51631927490234,68.52246856689453,172.41363525390625,48.99842071533203
2015-07-06,30.344331741333008,23.667673110961914,27.304079055786133,112.05999755859375,81.65550994873047,99.28585815429688,68.53864288330078,171.92298889160156,49.30743408203125
2015-07-07,29.889211654663086,23.471534729003906,27.37144660949707,110.76000213623047,81.87242126464844,99.53478240966797,68.53054809570312,173.004150390625,50.0799674987793
2015-07-08,28.861249923706055,23.0531005859375,26.99721908569336,111.08999633789062,82.19779205322266,97.80164337158203,68.60315704345703,170.10159301757812,49.88684844970703
2015-07-09,29.41839027404785,23.3930721282959,27.57354164123535,111.36000061035156,81.62451171875,97.74634552001953,68.55477905273438,170.40931701660156,49.648643493652344
2015-07-10,30.163856506347656,24.086103439331055,28.995622634887695,111.48999786376953,81.05908203125,99.23977661132812,68.49018859863281,172.55503845214844,50.06064987182617
2015-07-13,30.367881774902344,24.229942321777344,28.913291931152344,110.98999786376953,80.84212493896484,100.98208618164062,68.4579086303711,174.4595947265625,50.131492614746094
2015-07-14,30.422815322875977,24.51761245727539,29.070470809936523,110.73999786376953,81.09776306152344,101.64582824707031,68.49018859863281,175.2163848876953,50.23448181152344
2015-07-15,30.077539443969727,24.465312957763672,28.958194732666016,110.16000366210938,81.40763854980469,101.7564697265625,68.514404296875,175.15821838378906,50.318172454833984
2015-07-16,30.45418930053711,24.609146118164062,29.23512840270996,109.76000213623047,81.37663269042969,103.19461059570312,68.48211669921875,176.5636749267578,50.7237548828125
2015-07-17,30.414958953857422,24.556846618652344,29.152795791625977,108.6500015258789,81.38440704345703,104.7156753540039,68.46599578857422,176.71340942382812,50.54349899291992
2015-07-20,30.218788146972656,24.56991958618164,29.28003692626953,105.69999694824219,81.22171020507812,105.0752182006836,68.42558288574219,176.8048858642578,50.601444244384766
2015-07-21,30.226634979248047,24.41301155090332,29.220155715942383,105.37000274658203,81.44636535644531,105.01068115234375,68.43362426757812,176.10630798339844,50.459800720214844
2015-07-22,29.795047760009766,24.21686363220215,29.070470809936523,104.80000305175781,81.54700469970703,103.82147979736328,68.42558288574219,175.79025268554688,50.67869567871094
2015-07-23,29.504709243774414,23.903039932250977,29.070470809936523,104.33000183105469,81.88011169433594,103.43427276611328,68.43362426757812,174.80055236816406,50.04780197143555
2015-07-24,29.080974578857422,23.576143264770508,28.778566360473633,105.3499984741211,81.95761108398438,102.42021942138672,68.4498062133789,172.9875030517578,50.26022720336914
2015-07-27,28.531679153442383,23.471534729003906,28.516603469848633,104.86000061035156,82.22879028320312,101.57209014892578,68.49822235107422,171.981201171875,50.35036087036133
2015-07-28,28.822023391723633,23.850744247436523,28.830957412719727,105.0199966430664,81.996337890625,102.44786834716797,68.48211669921875,174.09361267089844,50.382564544677734
2015-07-29,29.104507446289062,24.033802032470703,28.823476791381836,105.16999816894531,81.88011169433594,102.8350601196289,68.46599578857422,175.29129028320312,50.71088409423828
2015-07-30,28.814178466796875,24.177637100219727,28.703725814819336,104.2699966430664,81.97308349609375,103.32367706298828,68.43362426757812,175.3328399658203,50.459800720214844
2015-07-31,29.128053665161133,24.24302101135254,28.958194732666016,104.93000030517578,82.45340728759766,103.20384216308594,68.50630187988281,175.06674194335938,50.85898208618164
2015-08-03,28.641544342041016,24.099185943603516,29.06298828125,104.0999984741211,82.70474243164062,102.88116455078125,68.52887725830078,174.47621154785156,51.17441940307617
2015-08-04,28.74355125427246,24.20378875732422,28.958194732666016,104.30999755859375,82.27802276611328,102.68758392333984,68.42398071289062,174.13522338867188,50.8010139465332
2015-08-05,28.751399993896484,24.373779296875,29.197710037231445,103.93000030517578,81.95995330810547,103.48037719726562,68.43202209472656,174.7090606689453,50.46625900268555
2015-08-06,28.500293731689453,24.308399200439453,29.265071868896484,104.38999938964844,82.24700927734375,101.82100677490234,68.44815063476562,173.278564453125,50.53705978393555
2015-08-07,28.484603881835938,24.24302101135254,29.190221786499023,104.6500015258789,82.57292175292969,101.69194030761719,68.41586303710938,172.94595336914062,50.7237548828125
2015-08-10,28.963260650634766,24.426090240478516,29.55698013305664,105.72000122070312,82.23151397705078,102.85352325439453,68.41586303710938,175.12493896484375,50.56281661987305
2015-08-11,28.32766342163086,24.13840675354004,29.13034439086914,106.26000213623047,82.77459716796875,101.53521728515625,68.50473022460938,173.54473876953125,50.89756774902344
2015-08-12,27.888227462768555,24.0468807220459,28.84593391418457,107.75,82.7435531616211,101.88553619384766,68.50473022460938,173.752685546875,51.058528900146484
2015-08-13,27.841150283813477,23.929197311401367,28.6812686920166,106.86000061035156,82.5263442993164,101.71961212158203,68.44815063476562,173.53643798828125,51.116458892822266
2015-08-14,27.880382537841797,24.033802032470703,28.62887191772461,106.8499984741211,82.44100189208984,101.87635040283203,68.41586303710938,174.1685028076172,51.393287658691406
2015-08-17,27.574338912963867,23.88995933532715,28.53157615661621,107.12999725341797,82.58840942382812,102.72447204589844,68.45620727539062,175.14158630371094,51.831085205078125
2015-08-18,27.276166915893555,23.824581146240234,28.29206085205078,107.11000061035156,82.45647430419922,102.198974609375,68.44815063476562,174.63427734375,51.97270965576172
2015-08-19,26.93874168395996,23.445383071899414,28.082494735717773,108.55000305175781,82.96080017089844,101.5260009765625,68.51280212402344,173.253662109375,51.663673400878906
2015-08-20,26.515005111694336,23.105398178100586,27.34899139404297,110.44000244140625,83.18577575683594,98.71430206298828,68.48858642578125,169.6359100341797,51.283851623535156
2015-08-21,25.698915481567383,22.464672088623047,26.914875030517578,111.12999725341797,83.5194091796875,94.39991760253906,68.5612564086914,164.52944946289062,50.33104705810547
2015-08-24,24.57679557800293,21.627811431884766,26.278688430786133,110.52999877929688,83.65904235839844,90.76773071289062,68.59352111816406,157.60157775878906,47.974788665771484
2015-08-25,24.890670776367188,21.706260681152344,26.4208927154541,109.16000366210938,83.20133209228516,90.42662048339844,68.5612564086914,155.74696350097656,46.655025482177734
2015-08-26,25.71461296081543,21.967782974243164,27.034639358520508,107.66999816894531,82.68922424316406,94.980712890625,68.52085876464844,161.72666931152344,47.91685104370117
2015-08-27,26.85242462158203,22.320837020874023,27.236724853515625,107.7300033569336,82.6427230834961,97.38680267333984,68.52887725830078,165.72703552246094,48.84391784667969
2015-08-28,26.50715446472168,22.425445556640625,27.034639358520508,108.69999694824219,82.65823364257812,97.36836242675781,68.49663543701172,165.7353973388672,48.7730827331543
2015-08-31,26.554241180419922,22.307762145996094,26.959794998168945,108.81999969482422,82.51856994628906,96.1606674194336,68.47237396240234,164.3963623046875,47.65933609008789
2015-09-01,25.526281356811523,21.470895767211914,26.30113983154297,109.19999694824219,82.88919830322266,93.15540313720703,68.49666595458984,159.48953247070312,46.751625061035156
2015-09-02,25.895092010498047,21.876249313354492,26.630464553833008,108.62000274658203,82.66387176513672,95.78273010253906,68.51280975341797,162.516845703125,47.23444747924805
2015-09-03,25.997102737426758,21.889324188232422,26.61549949645996,107.83999633789062,82.86590576171875,95.31256866455078,68.51280975341797,162.6332550048828,47.36321258544922
2015-09-04,25.220245361328125,21.379362106323242,26.06911849975586,107.48999786376953,83.12235260009766,94.17867279052734,68.5208969116211,160.1714630126953,46.48122024536133
2015-09-08,26.02064323425293,22.137771606445312,26.83255386352539,107.5199966430664,82.75713348388672,96.83365631103516,68.49666595458984,164.19677734375,47.18294143676758
2015-09-09,25.887237548828125,22.033164978027344,26.608009338378906,106.12999725341797,82.78819274902344,95.7458724975586,68.48046875,162.00115966796875,46.64216995239258
2015-09-10,26.154043197631836,22.229305267333984,26.967275619506836,106.37999725341797,82.60176086425781,96.78755187988281,68.50474548339844,162.8827362060547,46.74517059326172
2015-09-11,26.256053924560547,22.163930892944336,26.899913787841797,106.16000366210938,82.81928253173828,97.32227325439453,68.52890014648438,163.62294006347656,47.64002990722656
2015-09-14,26.21682357788086,21.915483474731445,26.637948989868164,106.22000122070312,82.89701080322266,97.02725982666016,68.51280975341797,163.01577758789062,47.665775299072266
2015-09-15,26.46792221069336,22.085468292236328,26.84004020690918,105.9000015258789,82.2442398071289,98.17036437988281,68.41582489013672,165.05337524414062,48.135738372802734
2015-09-16,27.111373901367188,22.595436096191406,27.146909713745117,107.30999755859375,82.220947265625,98.72349548339844,68.40777587890625,166.4838409423828,48.65078353881836
2015-09-17,27.048595428466797,22.464672088623047,27.393901824951172,108.41000366210938,82.90478515625,98.76036071777344,68.5613021850586,166.10963439941406,49.204429626464844
2015-09-18,26.546396255493164,22.07239532470703,26.51819610595703,109.20999908447266,83.29327392578125,97.35572814941406,68.59355926513672,163.39508056640625,49.12074279785156
2015-09-21,26.499311447143555,22.085468292236328,26.413408279418945,108.52999877929688,82.81928253173828,97.66065979003906,68.55318450927734,164.2394256591797,49.53919982910156
2015-09-22,26.004945755004883,21.39243507385254,25.590099334716797,107.79000091552734,83.23114776611328,96.20059967041016,68.59355926513672,162.10769653320312,48.914730072021484
2015-09-23,25.589054107666016,21.39243507385254,25.515254974365234,108.22000122070312,83.13790130615234,96.27450561523438,68.56939697265625,161.84852600097656,49.22162628173828
2015-09-24,25.47920036315918,21.405515670776367,25.425434112548828,110.48999786376953,83.2622299194336,95.92334747314453,68.60977172851562,161.2633514404297,48.759971618652344
2015-09-25,25.424272537231445,21.5231990814209,25.642488479614258,109.80999755859375,83.04463958740234,95.11012268066406,68.57744598388672,161.2215118408203,48.95505905151367
2015-09-28,24.882823944091797,20.960926055908203,25.193405151367188,108.41999816894531,83.51866149902344,92.40245056152344,68.62588500976562,157.1753387451172,48.19428253173828
2015-09-29,25.000532150268555,20.94784927368164,25.32065200805664,107.9800033569336,83.80614471435547,91.92191314697266,68.65823364257812,157.2672576904297,48.70795822143555
2015-09-30,25.722454071044922,21.431665420532227,25.702367782592773,106.86000061035156,83.82171630859375,94.03813934326172,68.6744155883789,160.20164489746094,49.11759948730469
2015-10-01,25.86369514465332,21.510120391845703,25.649972915649414,106.7300033569336,83.88706970214844,94.46324920654297,68.6744155883789,160.61961364746094,49.35817337036133
2015-10-02,26.554241180419922,22.085468292236328,26.09157371520996,108.98999786376953,84.29177856445312,96.11743927001953,68.77135467529297,163.0189208984375,49.715789794921875
2015-10-05,27.1270694732666,22.43852424621582,26.637948989868164,108.7699966430664,83.82482147216797,97.49434661865234,68.72294616699219,165.91981506347656,50.554569244384766
2015-10-06,27.079986572265625,22.477750778198242,26.84004020690918,109.86000061035156,83.99600219726562,97.03228759765625,68.7148208618164,165.35133361816406,50.437522888183594
2015-10-07,27.80190658569336,22.85695457458496,27.10199546813965,109.69999694824219,83.78588104248047,97.61448669433594,68.69865417480469,166.7056427001953,51.016239166259766
2015-10-08,28.100095748901367,23.105398178100586,27.274147033691406,109.13999938964844,83.56797790527344,98.00263214111328,68.68246459960938,168.21043395996094,51.44537353515625
2015-10-09,28.202102661132812,22.987720489501953,27.401384353637695,110.87000274658203,83.61469268798828,98.44619750976562,68.68246459960938,168.3107452392578,51.360862731933594
2015-10-12,27.99024200439453,22.89618492126465,27.304079055786133,111.30999755859375,83.89486694335938,98.68647003173828,68.66632080078125,168.46961975097656,51.7249641418457
2015-10-13,27.535112380981445,22.490833282470703,27.064579010009766,111.86000061035156,83.97271728515625,98.04882049560547,68.69052124023438,167.40786743164062,51.321842193603516
2015-10-14,27.74698257446289,22.686969757080078,27.19930076599121,113.80999755859375,84.43184661865234,97.89171600341797,68.78761291503906,166.6053924560547,50.93819808959961
2015-10-15,28.421823501586914,23.11848258972168,27.513654708862305,113.29000091552734,84.14389038085938,99.49970245361328,68.74718475341797,169.1634979248047,51.63395690917969
2015-10-16,28.445362091064453,23.066177368164062,27.468746185302734,112.48999786376953,84.07384490966797,99.91552734375,68.7148208618164,169.93255615234375,52.024078369140625
2015-10-19,28.155033111572266,22.987720489501953,27.431331634521484,112.0199966430664,84.0349349975586,100.48849487304688,68.73905944824219,170.01611328125,52.7523193359375
2015-10-20,28.147171020507812,22.935413360595703,27.326539993286133,112.7300033569336,83.74700927734375,99.97098541259766,68.69865417480469,169.79888916015625,52.732818603515625
2015-10-21,27.7391357421875,22.79157829284668,27.296606063842773,111.7300033569336,84.0349349975586,99.36106872558594,68.72294616699219,168.74549865722656,52.537742614746094
2015-10-22,28.311967849731445,23.013870239257812,27.603477478027344,111.69000244140625,84.12052917480469,101.38483428955078,68.74718475341797,171.59622192382812,52.99940872192383
2015-10-23,28.47675132751465,23.14462661743164,27.91782569885254,111.5,83.64582061767578,104.22193145751953,68.69052124023438,173.4772186279297,52.485721588134766
2015-10-26,28.217805862426758,23.040019989013672,27.805551528930664,111.43000030517578,83.86372375488281,104.28660583496094,68.69052124023438,173.05084228515625,52.47271728515625
2015-10-27,27.896074295043945,22.804651260375977,27.498689651489258,111.68000030517578,84.07384490966797,104.49917602539062,68.7148208618164,172.71652221679688,52.45322036743164
2015-10-28,27.574338912963867,23.040019989013672,27.648378372192383,110.77999877929688,83.63802337646484,105.3678207397461,68.6258544921875,174.68099975585938,52.49875259399414
2015-10-29,27.315393447875977,22.89618492126465,27.581012725830078,109.72000122070312,83.12439727783203,105.20146942138672,68.57740783691406,174.5807342529297,52.427215576171875
2015-10-30,27.36248016357422,22.8438777923584,27.581012725830078,109.30000305175781,83.28782653808594,104.73016357421875,68.57740783691406,173.82833862304688,51.946075439453125
2015-11-02,27.903919219970703,23.066177368164062,27.95525360107422,108.58999633789062,83.04852294921875,105.91304016113281,68.53776550292969,175.88491821289062,53.051422119140625
2015-11-03,28.27273178100586,23.066177368164062,27.835494995117188,106.9800033569336,82.8303451538086,106.28268432617188,68.52970886230469,176.3948211669922,52.51823425292969
2015-11-04,28.0451717376709,23.079252243041992,27.558570861816406,105.97000122070312,82.7445297241211,106.29193878173828,68.45689392089844,175.85980224609375,52.284175872802734
2015-11-05,28.092248916625977,22.70003890991211,27.603477478027344,105.63999938964844,82.68999481201172,106.00544738769531,68.45689392089844,175.6842498779297,52.49223709106445
2015-11-06,27.69989585876465,22.45159912109375,27.56604766845703,104.0999984741211,82.1288070678711,106.07940673828125,68.39217376708984,175.59225463867188,50.86017990112305
2015-11-09,27.009366989135742,22.28160858154297,27.15439224243164,104.4000015258789,81.98851013183594,104.95195770263672,68.3759994506836,173.9537353515625,49.9888801574707
2015-11-10,26.89165496826172,22.242382049560547,27.064579010009766,104.18000030517578,82.1443862915039,104.68399047851562,68.40835571289062,174.35501098632812,50.56106948852539
2015-11-11,26.946582794189453,22.36006736755371,27.176847457885742,103.83000183105469,82.10541534423828,104.55459594726562,68.39217376708984,173.6695098876953,50.619606018066406
2015-11-12,26.68763542175293,21.90240478515625,26.84004020690918,103.8499984741211,82.15220642089844,103.5380630493164,68.41641235351562,171.24508666992188,50.27497863769531
2015-11-13,26.318828582763672,21.732418060302734,26.585552215576172,103.55999755859375,82.46398162841797,101.5050048828125,68.47305297851562,169.32232666015625,49.70279312133789
2015-11-16,26.82887840270996,22.163930892944336,26.83255386352539,103.70999908447266,82.57312774658203,102.96510314941406,68.47305297851562,171.897216796875,50.27497863769531
2015-11-17,26.75041389465332,22.255456924438477,26.89242935180664,102.33999633789062,82.54966735839844,103.02981567382812,68.44876098632812,171.7718048095703,50.27497863769531
2015-11-18,27.040752410888672,22.50390625,27.19930076599121,102.43000030517578,82.5107192993164,105.00740814208984,68.4245834350586,174.4971160888672,50.71713638305664
2015-11-19,27.284011840820312,22.686969757080078,27.33402442932129,103.55999755859375,82.68999481201172,105.08134460449219,68.40835571289062,174.34666442871094,50.87318801879883
2015-11-20,27.558652877807617,22.464672088623047,27.15439224243164,103.08999633789062,82.58085632324219,105.79292297363281,68.40835571289062,174.98199462890625,51.51041030883789
2015-11-23,27.299701690673828,22.28160858154297,26.98973846435547,102.26000213623047,82.68999481201172,105.48794555664062,68.40026092529297,174.7813262939453,51.62092971801758
2015-11-24,27.440950393676758,22.29468536376953,26.899913787841797,102.94000244140625,82.76793670654297,105.39556121826172,68.40026092529297,175.0154266357422,51.347862243652344
2015-11-25,27.229076385498047,22.45159912109375,27.094514846801758,102.45999908447266,82.81471252441406,105.48794555664062,68.40835571289062,174.99038696289062,51.555912017822266
2015-11-27,26.632705688476562,22.464672088623047,27.326539993286133,101.25,82.90043640136719,105.63583374023438,68.4245834350586,175.1909942626953,52.00457763671875
2015-11-30,26.671945571899414,22.464672088623047,27.36396026611328,101.91999816894531,82.93164825439453,105.3678207397461,68.40026092529297,174.4636993408203,51.62092971801758
2015-12-01,26.875965118408203,22.686969757080078,27.446290969848633,102.27999877929688,83.3726806640625,106.42131805419922,68.44153594970703,176.1273193359375,52.336185455322266
2015-12-02,26.554241180419922,22.36006736755371,27.05709457397461,100.69000244140625,83.13851165771484,105.76521301269531,68.3849105834961,174.32994079589844,51.26983642578125
2015-12-03,26.405149459838867,22.085468292236328,26.959794998168945,101.76000213623047,82.26415252685547,103.97241973876953,68.3849105834961,171.8888397216797,50.46355438232422
2015-12-04,26.585622787475586,22.242382049560547,27.274147033691406,104.0199966430664,82.5686264038086,106.40283966064453,68.40104675292969,175.24114990234375,51.425865173339844
2015-12-07,26.146190643310547,21.993934631347656,27.19930076599121,102.66999816894531,82.83401489257812,105.92231750488281,68.39299011230469,174.179443359375,51.282814025878906
2015-12-08,25.85585594177246,21.588579177856445,26.780160903930664,102.83999633789062,82.88086700439453,105.93154907226562,68.3849105834961,173.009033203125,51.237300872802734
2015-12-09,25.64398956298828,21.614734649658203,26.67537498474121,102.63999938964844,83.0058364868164,104.32356262207031,68.40918731689453,171.66314697265625,50.95121383666992
2015-12-10,25.471351623535156,21.549348831176758,26.60053062438965,102.55000305175781,82.82623291015625,104.79487609863281,68.36869049072266,172.10617065429688,50.587093353271484
2015-12-11,24.757274627685547,21.157068252563477,26.106536865234375,103.11000061035156,83.4897689819336,102.38292694091797,68.44959259033203,168.7706298828125,50.49605941772461
2015-12-14,25.157474517822266,21.09168815612793,26.099056243896484,101.79000091552734,82.873046875,103.15916442871094,68.36869049072266,169.62332153320312,50.73012161254883
2015-12-15,25.541973114013672,21.19629669189453,26.36101531982422,101.5199966430664,82.66228485107422,103.78759002685547,68.36062622070312,171.40396118164062,51.282814025878906
2015-12-16,26.044187545776367,21.549348831176758,26.825071334838867,102.75,82.4437255859375,105.33084106445312,68.3039779663086,173.9119415283203,52.284175872802734
2015-12-17,25.706758499145508,21.261674880981445,26.555622100830078,100.5,82.7872085571289,103.79683685302734,68.3039779663086,171.26182556152344,52.024078369140625
2015-12-18,25.620445251464844,20.97400665283203,26.203838348388672,102.04000091552734,83.08385467529297,101.8057632446289,68.39299011230469,168.21080017089844,51.41937255859375
2015-12-21,25.82047462463379,21.115394592285156,26.29910659790039,103.1500015258789,83.12287902832031,102.93659973144531,68.3849105834961,169.59837341308594,51.62092971801758
2015-12-22,26.027677536010742,21.262123107910156,26.464130401611328,102.61000061035156,82.88868713378906,103.61329650878906,68.36869049072266,171.1373748779297,51.829010009765625
2015-12-23,26.394264221191406,21.822351455688477,26.884197235107422,102.30999755859375,82.70137023925781,104.38263702392578,68.34445190429688,173.25665283203125,52.36171340942383
2015-12-24,26.298635482788086,21.86237335205078,26.85419273376465,103.05000305175781,82.85304260253906,104.36410522460938,68.37113952636719,172.9706573486328,52.36171340942383
2015-12-28,26.11533546447754,21.755659103393555,26.749170303344727,102.2699966430664,82.86865234375,104.30850982666016,68.33070373535156,172.5753936767578,52.651832580566406
2015-12-29,26.139245986938477,21.889049530029297,27.004213333129883,102.19999694824219,82.43086242675781,105.94917297363281,68.31446838378906,174.41717529296875,53.21223449707031
2015-12-30,25.732812881469727,21.7423152923584,26.73417091369629,101.41999816894531,82.46212005615234,104.99443054199219,68.33070373535156,173.18092346191406,53.0275993347168
2015-12-31,25.65311622619629,21.528900146484375,26.28410530090332,101.45999908447266,82.55591583251953,103.6874771118164,68.29828643798828,171.44851684570312,52.56611633300781
2016-01-04,24.95182228088379,21.18208885192871,25.856531143188477,102.88999938964844,82.9077377319336,101.4998779296875,68.38729858398438,169.05174255371094,51.933170318603516
2016-01-05,25.007606506347656,21.128734588623047,25.631494522094727,103.18000030517578,82.88431549072266,101.32376861572266,68.34683990478516,169.33766174316406,52.935333251953125
2016-01-06,24.529449462890625,20.74190330505371,25.211435317993164,104.66999816894531,83.38468933105469,100.3504409790039,68.38729858398438,167.20167541503906,52.7902717590332
2016-01-07,23.772371292114258,20.168336868286133,24.85887908935547,106.1500015258789,83.56449890136719,97.20813751220703,68.41161346435547,163.190185546875,51.761756896972656
2016-01-08,23.517353057861328,20.034948348999023,24.633840560913086,105.68000030517578,83.77560424804688,96.41097259521484,68.4601821899414,161.39895629882812,51.069480895996094
2016-01-11,23.509384155273438,20.088308334350586,24.768861770629883,104.73999786376953,83.50972747802734,96.70759582519531,68.4844970703125,161.55870056152344,51.359588623046875
2016-01-12,23.55719757080078,20.101642608642578,25.106416702270508,104.20999908447266,83.88505554199219,97.8292007446289,68.49263000488281,162.8622589111328,51.016746520996094
2016-01-13,23.31014633178711,19.768171310424805,24.611343383789062,104.72000122070312,84.21342468261719,94.45513916015625,68.53307342529297,158.8003387451172,50.284915924072266
2016-01-14,23.61298370361328,20.141660690307617,24.8438777923584,103.0199966430664,84.04142761230469,96.46656799316406,68.54928588867188,161.4073028564453,50.16624069213867
2016-01-15,22.68057632446289,19.341331481933594,23.981237411499023,104.08000183105469,84.43238830566406,93.47257232666016,68.60591888427734,157.94256591796875,49.823402404785156
2016-01-19,23.01528549194336,19.42136001586914,24.183773040771484,103.9800033569336,84.32286834716797,93.67649841308594,68.59782409667969,158.1527862548828,50.087135314941406
2016-01-20,22.513219833374023,19.00786018371582,23.696197509765625,105.37000274658203,84.73725128173828,93.38916015625,68.64640045166016,156.12603759765625,48.742164611816406
2016-01-21,22.60088539123535,19.27463722229004,23.988740921020508,105.48999786376953,84.5262222290039,93.48182678222656,68.63829040527344,157.0006561279297,49.01247787475586
2016-01-22,23.3739070892334,19.848201751708984,24.581336975097656,105.0,84.3385238647461,96.18849182128906,68.61399841308594,160.22157287597656,50.377227783203125
2016-01-25,22.975440979003906,19.488054275512695,24.25128746032715,106.08000183105469,84.61997985839844,94.76103973388672,68.61399841308594,157.79954528808594,50.06075668334961
2016-01-26,23.31014633178711,19.954917907714844,24.78386688232422,107.29000091552734,84.68252563476562,95.61378479003906,68.64640045166016,159.95245361328125,51.10904312133789
2016-01-27,23.23045539855957,19.79485321044922,24.5588321685791,107.69000244140625,84.74510192871094,93.23157501220703,68.66262817382812,158.21168518066406,50.12010192871094
2016-01-28,23.5970458984375,20.048290252685547,24.581336975097656,106.54000091552734,84.85457611083984,94.54779052734375,68.66262817382812,159.0358123779297,49.73770523071289
2016-01-29,24.362092971801758,20.488473892211914,24.903892517089844,106.94999694824219,85.30802917480469,96.52220153808594,68.74356079101562,162.91268920898438,50.759620666503906
2016-02-01,24.130985260009766,20.51515007019043,24.8438777923584,108.05000305175781,85.11149597167969,96.7817153930664,68.7071304321289,162.8538818359375,50.845340728759766
2016-02-02,23.34999656677246,19.901561737060547,24.131267547607422,108.08999633789062,85.71444702148438,94.68688201904297,68.79621124267578,159.91888427734375,50.383819580078125
2016-02-03,24.01144790649414,20.18168067932129,24.491321563720703,109.25,85.62043762207031,94.23267364501953,68.81241607666016,160.8774871826172,50.72006607055664
2016-02-04,24.194738388061523,20.235034942626953,24.573835372924805,110.56999969482422,85.82402801513672,94.22337341308594,68.82859802246094,161.12986755371094,50.746437072753906
2016-02-05,23.915817260742188,19.914897918701172,24.183773040771484,112.31999969482422,85.93363189697266,90.95130920410156,68.81241607666016,158.0603485107422,49.78384017944336
2016-02-08,23.58907699584961,19.394685745239258,23.50116729736328,113.83000183105469,86.57571411132812,89.56088256835938,68.89342498779297,155.93260192871094,48.35976791381836
2016-02-09,23.2623291015625,19.20794105529785,23.31363868713379,113.58000183105469,86.59141540527344,89.28279113769531,68.86914825439453,155.9410858154297,47.46971130371094
2016-02-10,23.357967376708984,19.194602966308594,23.441160202026367,114.45999908447266,86.8497543334961,89.62577056884766,68.86914825439453,155.8065185546875,47.79936218261719
2016-02-11,22.967470169067383,18.941164016723633,23.06610107421875,119.05999755859375,87.24910736083984,89.49600982666016,68.93392181396484,153.77975463867188,47.12027359008789
2016-02-12,23.365938186645508,19.528072357177734,23.34364128112793,118.36000061035156,86.58348846435547,90.85859680175781,68.8529281616211,156.95018005371094,47.66091537475586
2016-02-16,23.883939743041992,19.808189392089844,24.108762741088867,114.7699966430664,86.32511138916016,92.90715026855469,68.81241607666016,159.5992431640625,48.537776947021484
2016-02-17,24.354127883911133,20.26171112060547,24.348800659179688,115.4800033569336,86.11373901367188,95.01128387451172,68.82859802246094,162.20626831054688,48.95313262939453
2016-02-18,24.21068000793457,20.155000686645508,24.138769149780273,118.29000091552734,86.51304626464844,93.92677307128906,68.88528442382812,161.54190063476562,49.44761657714844
2016-02-19,24.099109649658203,20.12832260131836,24.10126304626465,117.58000183105469,86.51304626464844,94.20484924316406,68.82052612304688,161.4662322998047,49.73111343383789
2016-02-22,24.696802139282227,20.141660690307617,24.348800659179688,115.48999786376953,86.42691040039062,95.73429870605469,68.82859802246094,163.8040771484375,50.2058219909668
2016-02-23,24.17083168029785,19.661460876464844,23.981237411499023,117.22000122070312,86.59920501708984,94.15850067138672,68.83672332763672,161.7353515625,50.073944091796875
2016-02-24,24.11504554748535,19.55474853515625,23.75620460510254,117.61000061035156,86.59920501708984,95.05764770507812,68.8529281616211,162.47532653808594,50.014610290527344
2016-02-25,24.194738388061523,19.901561737060547,24.06376075744629,117.91999816894531,86.8575668334961,95.99385070800781,68.86914825439453,164.44326782226562,51.03653335571289
2016-02-26,23.955659866333008,19.888219833374023,23.996244430541992,117.11000061035156,86.43476867675781,95.87335968017578,68.77998352050781,164.0648193359375,50.77280807495117
2016-02-29,24.16286277770996,19.848201751708984,23.853723526000977,118.63999938964844,86.57571411132812,95.01128387451172,68.82052612304688,162.7781524658203,50.57499694824219
2016-03-01,25.02354621887207,20.355079650878906,24.61884117126465,117.7699966430664,85.8990478515625,98.06092071533203,68.7289047241211,166.60450744628906,51.99910354614258
2016-03-02,25.358259201049805,20.4617919921875,24.65635108947754,118.68000030517578,85.75003051757812,98.09800720214844,68.72080993652344,167.35302734375,52.374935150146484
2016-03-03,25.6451473236084,20.63520050048828,24.903892517089844,120.7300033569336,85.85199737548828,97.9126205444336,68.74513244628906,168.0089111328125,52.651832580566406
2016-03-04,26.155183792114258,20.768587112426758,24.986404418945312,120.54000091552734,85.5618667602539,97.94969940185547,68.69651794433594,168.5555877685547,52.65842056274414
2016-03-07,26.11533546447754,20.83527946472168,24.956392288208008,121.13999938964844,85.38937377929688,97.34720611572266,68.64789581298828,168.6901092529297,52.79684829711914
2016-03-08,25.669057846069336,20.55516242980957,24.723857879638672,120.58000183105469,85.88336181640625,96.54074096679688,68.69651794433594,166.84841918945312,52.25624084472656
2016-03-09,25.828445434570312,20.661876678466797,24.851377487182617,119.58000183105469,85.5461654663086,97.16178131103516,68.67218780517578,167.67257690429688,52.546329498291016
2016-03-10,25.8682861328125,20.501806259155273,24.971399307250977,121.5,85.24042510986328,97.01348114013672,68.6640853881836,167.80712890625,52.35512924194336
2016-03-11,26.410200119018555,20.92864990234375,25.789024353027344,119.41000366210938,84.99730682373047,98.70977783203125,68.59928131103516,170.5150604248047,53.5286865234375
2016-03-14,26.250812530517578,20.84861946105957,25.744020462036133,117.87000274658203,85.06005096435547,98.87664031982422,68.59928131103516,170.29641723632812,53.53529357910156
2016-03-15,25.876258850097656,20.595178604125977,25.61650276184082,117.95999908447266,85.04432678222656,98.83956146240234,68.62357330322266,170.01889038085938,53.56165313720703
2016-03-16,26.394264221191406,20.84861946105957,25.88652992248535,120.58999633789062,85.49125671386719,99.72016906738281,68.76136779785156,171.00283813476562,54.207767486572266
2016-03-17,26.976016998291016,21.275463104248047,25.91654396057129,120.12999725341797,85.58536529541016,99.6645278930664,68.75323486328125,172.08766174316406,54.97255325317383
2016-03-18,27.11946678161621,21.195430755615234,25.99905776977539,119.80000305175781,85.73432922363281,99.82071685791016,68.76945495605469,172.7638397216797,54.73522186279297
2016-03-21,27.175251007080078,21.075380325317383,25.92404556274414,118.95999908447266,85.49125671386719,100.21118927001953,68.76136779785156,173.009033203125,54.24119567871094
2016-03-22,27.11149787902832,20.821945190429688,25.834030151367188,119.30999755859375,85.3108901977539,100.51799011230469,68.72080993652344,172.91604614257812,54.24119567871094
2016-03-23,26.64927864074707,20.595178604125977,25.631494522094727,116.61000061035156,85.70301818847656,99.69054412841797,68.76136779785156,171.77488708496094,53.9478759765625
2016-03-24,26.585527420043945,20.528484344482422,25.383960723876953,116.33000183105469,85.61674499511719,99.71846771240234,68.7289047241211,171.69882202148438,53.96786880493164
2016-03-28,26.673185348510742,20.675214767456055,25.473974227905273,116.5999984741211,85.74220275878906,99.5789794921875,68.74513244628906,171.8002471923828,54.454532623291016
2016-03-29,27.039775848388672,20.915313720703125,25.819026947021484,118.76000213623047,86.32242584228516,101.17806243896484,68.8748550415039,173.389404296875,55.63456726074219
2016-03-30,27.318696975708008,21.08871841430664,26.149084091186523,117.0999984741211,86.20484161376953,101.67079162597656,68.88288116455078,174.1502227783203,55.527896881103516
2016-03-31,27.294788360595703,20.915313720703125,25.796525955200195,117.63999938964844,86.51846313476562,101.52203369140625,68.91532897949219,173.7275848388672,55.86790466308594
2016-04-01,27.21510124206543,20.715232849121094,25.586498260498047,116.93000030517578,86.49333953857422,102.60050201416016,68.87560272216797,174.91102600097656,55.7945556640625
2016-04-04,26.888357162475586,20.781923294067383,25.563989639282227,116.1500015258789,86.59541320800781,102.21001434326172,68.92424774169922,174.34463500976562,55.71456527709961
2016-04-05,26.36238670349121,20.368419647216797,25.02390480041504,117.66000366210938,86.94087982177734,101.22453308105469,68.94855499267578,172.6033477783203,55.347900390625
2016-04-06,26.681154251098633,20.661876678466797,25.30895233154297,116.94000244140625,86.75250244140625,102.88870239257812,68.92424774169922,174.48838806152344,55.4812126159668
2016-04-07,26.147212982177734,20.355079650878906,24.768861770629883,118.61000061035156,87.20011901855469,101.41047668457031,68.96479797363281,172.4004669189453,55.13456344604492
2016-04-08,26.601463317871094,20.715232849121094,25.263940811157227,118.43000030517578,87.06658172607422,101.33609008789062,68.96479797363281,172.86532592773438,55.441219329833984
2016-04-11,26.94414520263672,20.821945190429688,25.30895233154297,120.02999877929688,87.0508804321289,100.96421813964844,68.95669555664062,172.45960998535156,55.32791519165039
2016-04-12,27.358543395996094,21.155412673950195,25.563989639282227,120.05000305175781,86.70537567138672,101.81024932861328,68.94050598144531,174.065673828125,55.72789001464844
2016-04-13,27.844667434692383,21.422189712524414,25.991558074951172,118.7699966430664,86.76817321777344,103.11180877685547,68.90806579589844,175.8239288330078,55.4812126159668
2016-04-14,27.709192276000977,21.395511627197266,26.021562576293945,117.11000061035156,86.56398010253906,103.12113189697266,68.90806579589844,175.8323516845703,55.1745491027832
2016-04-15,27.5498104095459,21.328819274902344,25.991558074951172,117.91999816894531,86.82315826416016,102.86078643798828,68.95669555664062,175.6378936767578,55.587890625
2016-04-18,27.677309036254883,21.51555824279785,26.269102096557617,117.73999786376953,86.73677825927734,103.40931701660156,68.94855499267578,176.8721466064453,55.85456848144531
2016-04-19,28.099687576293945,21.90239143371582,26.824188232421875,119.58000183105469,86.59541320800781,102.77710723876953,68.92424774169922,177.42996215820312,55.88123321533203
2016-04-20,27.97217559814453,21.835695266723633,26.809185028076172,118.97000122070312,86.15562438964844,102.86078643798828,68.87560272216797,177.5990447998047,54.934547424316406
2016-04-21,27.693254470825195,21.675626754760742,26.666658401489258,119.41999816894531,86.01431274414062,102.87010955810547,68.85939025878906,176.6438446044922,53.95451736450195
2016-04-22,27.525901794433594,21.702308654785156,26.546640396118164,117.88999938964844,85.92008972167969,101.31753540039062,68.85939025878906,176.6438446044922,54.54117965698242
2016-04-25,27.350574493408203,21.62227439880371,26.449127197265625,118.2300033569336,85.82582092285156,101.31753540039062,68.84314727783203,176.33956909179688,54.994537353515625
2016-04-26,27.645437240600586,21.809017181396484,26.591651916503906,118.69999694824219,85.64522552490234,100.82479095458984,68.82694244384766,176.6016082763672,55.2078742980957
2016-04-27,27.812795639038086,21.86237335205078,26.756675720214844,119.04000091552734,86.11640167236328,100.0159683227539,68.87560272216797,176.96511840820312,55.1745491027832
2016-04-28,27.525901794433594,21.782339096069336,26.554147720336914,121.29000091552734,86.41480255126953,98.80735778808594,68.91612243652344,175.3589324951172,55.061214447021484
2016-04-29,27.406356811523438,21.755659103393555,26.456626892089844,123.6500015258789,86.38340759277344,98.2867202758789,68.94050598144531,174.4122314453125,54.554542541503906
2016-05-02,27.334640502929688,21.87571144104004,26.67416000366211,123.23999786376953,86.1325454711914,99.2164306640625,68.91531372070312,175.79856872558594,55.40121841430664
2016-05-03,26.56161880493164,21.408849716186523,26.134075164794922,122.95999908447266,86.6436996459961,98.2960205078125,68.98835754394531,174.2685546875,55.487892150878906
2016-05-04,26.131277084350586,21.075380325317383,25.84153175354004,122.20999908447266,86.80101776123047,97.66385650634766,68.98023986816406,173.29649353027344,56.28123474121094
2016-05-05,26.123308181762695,21.062040328979492,25.699005126953125,122.06999969482422,87.03691864013672,97.635986328125,69.00458526611328,173.26263427734375,56.44125747680664
2016-05-06,26.163150787353516,21.115394592285156,25.84903335571289,123.18000030517578,86.83250427246094,98.15656280517578,68.98835754394531,173.89659118652344,57.061248779296875
2016-05-09,25.828445434570312,20.968669891357422,25.804027557373047,120.6500015258789,86.99763488769531,98.43547821044922,69.02078247070312,174.040283203125,57.68794250488281
2016-05-10,26.322534561157227,21.155412673950195,26.059062957763672,120.9800033569336,86.98184204101562,99.78350830078125,69.03703308105469,176.2042999267578,57.681278228759766
2016-05-11,26.2587833404541,21.10205841064453,25.86403465270996,122.12000274658203,87.11560821533203,98.8817367553711,69.0126953125,174.55599975585938,56.447906494140625
2016-05-12,26.187057495117188,21.062040328979492,25.76651954650879,121.16000366210938,86.87963104248047,98.44477081298828,68.97212219238281,174.60665893554688,56.774600982666016
2016-05-13,25.716873168945312,20.861961364746094,25.466476440429688,121.70999908447266,87.2099380493164,98.0821533203125,68.98023986816406,173.08509826660156,56.26790237426758
2016-05-16,26.027677536010742,21.142072677612305,25.714012145996094,121.80000305175781,86.8953857421875,99.30938720703125,68.9477767944336,174.79266357421875,56.80124282836914
2016-05-17,25.908130645751953,21.115394592285156,25.428970336914062,122.22000122070312,86.7774429321289,98.0635986328125,68.92341613769531,173.16123962402344,55.747886657714844
2016-05-18,25.65311622619629,21.34215545654297,25.43646812438965,120.0999984741211,86.07744598388672,98.41688537597656,68.80170440673828,173.21194458007812,54.874534606933594
2016-05-19,25.414039611816406,21.18208885192871,25.263940811157227,119.87000274658203,86.16397094726562,97.90557098388672,68.8179702758789,172.61180114746094,54.261207580566406
2016-05-20,25.669057846069336,21.275463104248047,25.52648162841797,119.70999908447266,86.21900939941406,98.98399353027344,68.84233093261719,173.70220947265625,54.694541931152344
2016-05-23,25.62124252319336,21.20876693725586,25.413965225219727,119.37000274658203,86.27408599853516,98.85382843017578,68.83418273925781,173.46551513671875,54.70119857788086
2016-05-24,25.884231567382812,21.768999099731445,25.88652992248535,117.30000305175781,86.1325454711914,100.8340835571289,68.78551483154297,175.7140655517578,55.3812141418457
2016-05-25,26.195026397705078,22.035778045654297,26.1790828704834,116.9800033569336,86.09319305419922,101.55921936035156,68.8260498046875,176.90591430664062,55.3812141418457
2016-05-26,26.370351791381836,21.969079971313477,26.38161849975586,116.58000183105469,86.36058807373047,101.85672760009766,68.86665344238281,176.9566192626953,55.487892150878906
2016-05-27,26.36238670349121,21.889049530029297,26.29910659790039,115.62000274658203,86.19542694091797,102.38665008544922,68.8260498046875,177.7174530029297,55.78791046142578
2016-05-31,26.394264221191406,21.502227783203125,25.496479034423828,116.05999755859375,86.29767608642578,102.58189392089844,68.8585433959961,177.37930297851562,55.781253814697266
2016-06-01,26.378318786621094,21.382173538208008,26.239093780517578,115.94000244140625,86.26853942871094,102.5912094116211,68.81061553955078,177.74276733398438,55.82789993286133
2016-06-02,26.59349250793457,21.475553512573242,26.269102096557617,115.66999816894531,86.53633117675781,102.80503845214844,68.86743927001953,178.28375244140625,56.11457824707031
2016-06-03,26.99993133544922,21.702308654785156,26.359113693237305,118.87999725341797,87.33969116210938,102.32157135009766,68.98114013671875,177.75119018554688,56.34123229980469
2016-06-06,27.286827087402344,21.68896484375,26.419124603271484,118.91999816894531,87.11129760742188,102.6934814453125,68.96485900878906,178.65570068359375,55.907894134521484
2016-06-07,27.533870697021484,21.809017181396484,26.666658401489258,118.81999969482422,87.2373046875,102.43313598632812,68.98114013671875,178.93463134765625,56.247920989990234
2016-06-08,27.73309898376465,21.86237335205078,26.719167709350586,120.58000183105469,87.33969116210938,102.60977172851562,68.99736022949219,179.51791381835938,56.607913970947266
2016-06-09,27.414335250854492,21.635610580444336,26.276599884033203,121.25,87.47359466552734,102.44242095947266,69.01359558105469,179.27276611328125,56.734580993652344
2016-06-10,26.721006393432617,20.84861946105957,25.35395622253418,121.73999786376953,87.78077697753906,101.28031158447266,69.05420684814453,177.5736846923828,56.46791458129883
2016-06-13,26.346446990966797,20.581844329833984,24.926389694213867,122.63999938964844,87.95404815673828,100.43431091308594,69.07044219970703,176.2042999267578,56.48124694824219
2016-06-14,26.2587833404541,20.101642608642578,24.521329879760742,122.7699966430664,87.930419921875,100.43431091308594,69.07854461669922,175.85768127441406,56.33457946777344
2016-06-15,26.537710189819336,20.221691131591797,24.65635108947754,123.68000030517578,88.19820404052734,100.1460952758789,69.15975952148438,175.61260986328125,56.86792755126953
2016-06-16,26.44207763671875,20.368419647216797,24.821374893188477,122.37999725341797,88.29268646240234,100.443603515625,69.119140625,176.13668823242188,57.187923431396484
2016-06-17,26.5137996673584,20.80860137939453,25.13642120361328,123.94999694824219,87.99340057373047,99.26626586914062,69.12725830078125,175.48068237304688,57.0945930480957
2016-06-20,26.983985900878906,21.648944854736328,25.691509246826172,123.20999908447266,87.61534881591797,99.89082336425781,69.08670043945312,176.61080932617188,57.174598693847656
2016-06-21,27.191190719604492,21.86237335205078,25.976560592651367,120.83999633789062,87.41844177246094,100.20777130126953,69.03791809082031,177.11212158203125,57.39253616333008
2016-06-22,27.26026725769043,22.023691177368164,25.938886642456055,120.9000015258789,87.59172058105469,99.96541595458984,69.06228637695312,176.82325744628906,57.305091857910156
2016-06-23,27.91887855529785,22.625205993652344,26.84604835510254,120.11000061035156,87.17427825927734,101.3916015625,69.03791809082031,179.12591552734375,57.594337463378906
2016-06-24,26.224149703979492,19.918376922607422,23.755531311035156,126.0,88.37933349609375,97.21548461914062,69.20034790039062,172.6936492919922,57.083099365234375
2016-06-27,25.886810302734375,19.125473022460938,23.248125076293945,126.68000030517578,89.14335632324219,95.28595733642578,69.24095916748047,169.60076904296875,57.12347412109375
2016-06-28,26.649839401245117,19.945722579956055,23.8631591796875,125.31999969482422,89.12762451171875,97.37396240234375,69.2652816772461,172.65969848632812,58.32755661010742
2016-06-29,27.32452392578125,20.4652156829834,24.316741943359375,125.83999633789062,88.7652816772461,99.09849548339844,69.24095916748047,175.5996551513672,59.03387451171875
2016-06-30,27.59760093688965,21.01204490661621,24.80876922607422,126.47000122070312,88.962158203125,100.24505615234375,69.27339172363281,177.99578857421875,59.64598846435547
2016-07-01,27.862655639648438,21.01204490661621,24.824140548706055,128.41000366210938,89.19725036621094,100.74844360351562,69.29779052734375,178.3697052001953,59.666175842285156
2016-07-05,27.268299102783203,20.519901275634766,24.032291412353516,129.47000122070312,89.68628692626953,100.13318634033203,69.33026123046875,177.0866241455078,60.32539367675781
2016-07-06,27.19600486755371,20.342172622680664,23.955408096313477,130.22999572753906,89.70208740234375,100.95350646972656,69.29779052734375,178.14878845214844,60.06305694580078
2016-07-07,27.123720169067383,20.232805252075195,23.80164909362793,129.74000549316406,89.58372497558594,101.25179290771484,69.26526641845703,178.03829956054688,59.44419479370117
2016-07-08,27.710050582885742,20.4652156829834,24.316741943359375,130.52000427246094,89.75725555419922,102.81783294677734,69.26526641845703,180.6894073486328,60.406131744384766
2016-07-11,27.9751033782959,20.75230598449707,24.639633178710938,129.2899932861328,89.28399658203125,103.40509796142578,69.19219207763672,181.32669067382812,60.80971908569336
2016-07-12,28.368667602539062,21.148759841918945,25.08553123474121,127.1500015258789,88.75556182861328,103.9271011352539,69.16778564453125,182.64373779296875,60.80295944213867
2016-07-13,28.32047462463379,21.107742309570312,25.139347076416016,128.32000732421875,88.98429870605469,103.6754150390625,69.18406677246094,182.6182098388672,61.139347076416016
2016-07-14,28.73009490966797,21.285463333129883,25.431486129760742,127.33000183105469,88.61356353759766,104.38385009765625,69.14344787597656,183.6378173828125,60.5944709777832
2016-07-15,28.66584587097168,21.148759841918945,25.285415649414062,126.83999633789062,88.27440643310547,104.21607971191406,69.11096954345703,183.39144897460938,60.614646911621094
2016-07-18,28.92286491394043,21.27179527282715,25.270038604736328,127.04000091552734,88.25079345703125,104.9058609008789,69.1515121459961,183.88429260253906,60.776092529296875
2016-07-19,28.625680923461914,21.039390563964844,25.08553123474121,127.20999908447266,88.48735046386719,104.5237045288086,69.15969848632812,183.69732666015625,61.07208251953125
2016-07-20,28.77025604248047,21.217111587524414,25.300792694091797,125.38999938964844,88.30595397949219,105.74481964111328,69.12718200683594,184.4620819091797,61.07878875732422
2016-07-21,28.68191146850586,21.16242790222168,25.239288330078125,127.30000305175781,88.50312805175781,105.50248718261719,69.17594909667969,183.76531982421875,61.19986343383789
2016-07-22,28.890737533569336,21.121414184570312,25.300792694091797,126.3499984741211,88.43218994140625,105.94059753417969,69.1515121459961,184.5895233154297,61.738014221191406
2016-07-25,28.601587295532227,21.148759841918945,25.323856353759766,125.47000122070312,88.36119842529297,105.94989776611328,69.1028060913086,184.08819580078125,61.62366485595703
2016-07-26,28.82649040222168,21.176095962524414,25.439172744750977,126.0,88.4163818359375,106.07110595703125,69.11096954345703,184.1731719970703,61.32096862792969
2016-07-27,28.92286491394043,21.312803268432617,25.67749786376953,128.02999877929688,88.79500579833984,106.8074951171875,69.15969848632812,183.977783203125,60.843360900878906
2016-07-28,28.9309024810791,21.24445152282715,25.715940475463867,127.66000366210938,88.84231567382812,107.18036651611328,69.1515121459961,184.19017028808594,61.40839767456055
2016-07-29,29.083507537841797,21.326475143432617,26.008079528808594,128.97999572753906,89.18143463134766,107.41341400146484,69.24092864990234,184.487548828125,62.18870544433594
2016-08-01,29.027284622192383,21.094078063964844,25.723621368408203,129.22000122070312,88.87186431884766,107.98201751708984,69.21736145019531,184.3346405029297,62.323238372802734
2016-08-02,28.818452835083008,21.27179527282715,25.485301971435547,130.27000427246094,88.65859985351562,107.16173553466797,69.19291687011719,183.153564453125,61.327674865722656
2016-08-03,28.91483497619629,21.203441619873047,25.400732040405273,129.64999389648438,88.70598602294922,107.51593780517578,69.20108795166016,183.68881225585938,60.971168518066406
2016-08-04,29.075469970703125,21.285463333129883,25.477609634399414,129.8699951171875,88.91927337646484,107.82354736328125,69.24986267089844,183.88429260253906,60.72227096557617
2016-08-05,29.412805557250977,21.299135208129883,25.692873001098633,127.55000305175781,88.36639404296875,108.8582534790039,69.1523666381836,185.38824462890625,60.76263427734375
2016-08-08,29.621644973754883,21.326475143432617,25.769750595092773,127.44000244140625,88.31897735595703,108.73709106445312,69.12791442871094,185.27781677246094,60.87026596069336
2016-08-09,29.82244110107422,21.353816986083984,26.146451950073242,127.95999908447266,88.63490295410156,108.98876190185547,69.1685562133789,185.38824462890625,61.19986343383789
2016-08-10,29.830472946166992,21.381160736083984,26.300214767456055,128.55999755859375,88.87186431884766,108.7091064453125,69.20108795166016,184.92938232421875,61.13260269165039
2016-08-11,30.215999603271484,21.572551727294922,26.484722137451172,127.66999816894531,88.44535064697266,109.17523193359375,69.13600158691406,185.7875518798828,60.43975067138672
2016-08-12,30.10355567932129,21.531538009643555,26.500097274780273,127.4000015258789,88.76123809814453,109.24974822998047,69.1848373413086,185.6261749267578,60.69538497924805
2016-08-15,30.41680335998535,21.558881759643555,26.58466911315918,127.83999633789062,88.50064086914062,109.71585845947266,69.1685562133789,186.16146850585938,60.63483428955078
2016-08-16,30.280258178710938,21.668245315551758,26.553911209106445,128.47000122070312,88.35059356689453,109.10994720458984,69.1441879272461,185.20127868652344,59.908348083496094
2016-08-17,30.087488174438477,21.668245315551758,26.49241065979004,128.5,88.49275970458984,109.30570220947266,69.1441879272461,185.54969787597656,60.150516510009766
2016-08-18,30.368610382080078,21.87331199645996,26.63848304748535,129.11000061035156,88.65071105957031,109.33370208740234,69.19291687011719,185.96609497070312,59.92850875854492
2016-08-19,30.199939727783203,21.69559097290039,26.40784454345703,127.97000122070312,88.35059356689453,109.30570220947266,69.12791442871094,185.6941375732422,59.54508972167969
2016-08-22,29.798337936401367,21.70925521850586,26.37709617614746,127.77999877929688,88.54802703857422,109.38960266113281,69.13600158691406,185.68565368652344,59.86799240112305
2016-08-23,29.677865982055664,21.859638214111328,26.515474319458008,127.76000213623047,88.54011535644531,109.58534240722656,69.1441879272461,186.05955505371094,59.9016227722168
2016-08-24,29.758190155029297,21.79128074645996,26.45397186279297,126.33999633789062,88.50856018066406,108.87690734863281,69.12791442871094,185.10784912109375,59.639278411865234
2016-08-25,29.782285690307617,21.722930908203125,26.338647842407227,126.2300033569336,88.36639404296875,108.69979858398438,69.103515625,184.9804229736328,59.908348083496094
2016-08-26,29.52525520324707,21.58622169494629,26.23871421813965,126.05000305175781,88.02672576904297,108.8582534790039,69.03852081298828,184.6320343017578,59.31638717651367
2016-08-29,29.750150680541992,21.668245315551758,26.315584182739258,126.30000305175781,88.39005279541016,109.00740814208984,69.07911682128906,185.541259765625,59.9016227722168
2016-08-30,29.669836044311523,21.599891662597656,26.354026794433594,125.02999877929688,88.38215637207031,108.6531753540039,69.08731079101562,185.2353057861328,59.787269592285156
2016-08-31,29.34052276611328,21.558881759643555,26.300214767456055,124.77999877929688,88.27949523925781,108.54135131835938,69.07911682128906,184.70848083496094,59.847801208496094
2016-09-01,29.565414428710938,21.69559097290039,26.50778579711914,125.29000091552734,88.41788482666016,108.82095336914062,69.11167907714844,184.71701049804688,59.69981384277344
2016-09-02,30.04733657836914,22.146732330322266,26.838369369506836,126.56999969482422,88.18856048583984,109.17523193359375,69.11167907714844,185.54969787597656,60.217769622802734
2016-09-06,30.68988800048828,22.187734603881836,26.984432220458984,128.7100067138672,88.59980010986328,109.85567474365234,69.16051483154297,186.11050415039062,60.681922912597656
2016-09-07,30.593505859375,22.051027297973633,27.053625106811523,128.27000427246094,88.64724731445312,109.92090606689453,69.16051483154297,186.093505859375,61.04518127441406
2016-09-08,30.513181686401367,22.023691177368164,27.038251876831055,127.58999633789062,88.2123031616211,109.27772521972656,69.11167907714844,185.66860961914062,60.29848861694336
2016-09-09,29.485095977783203,21.613563537597656,26.4462833404541,126.75,87.79307556152344,106.52783966064453,69.08731079101562,181.22471618652344,57.91048812866211
2016-09-12,29.685895919799805,21.750272750854492,26.623111724853516,126.58999633789062,87.87216186523438,108.43878936767578,69.11167907714844,183.82476806640625,58.596614837646484
2016-09-13,28.938928604125977,21.25811767578125,26.123394012451172,125.75,87.54781341552734,107.46932983398438,69.08731079101562,181.1822052001953,57.125492095947266
2016-09-14,29.027284622192383,21.285463333129883,26.0465145111084,126.18000030517578,87.74561309814453,107.98201751708984,69.12796020507812,181.11419677734375,57.30835723876953
2016-09-15,29.52525520324707,21.517868041992188,26.231021881103516,125.37000274658203,87.76933288574219,109.65994262695312,69.18490600585938,182.92410278320312,57.52509689331055
2016-09-16,29.324460983276367,21.18976593017578,25.73130989074707,125.05999755859375,87.86427307128906,109.60757446289062,69.15240478515625,182.21697998046875,57.55219268798828
2016-09-19,29.557384490966797,21.353816986083984,25.931196212768555,125.31999969482422,87.71397399902344,109.13098907470703,69.13601684570312,182.25119018554688,58.0737419128418
2016-09-20,29.57345199584961,21.36748695373535,25.977327346801758,125.44000244140625,87.84842681884766,109.33657836914062,69.11983489990234,182.2596893310547,57.98569869995117
2016-09-21,30.400732040405273,21.599891662597656,26.361717224121094,127.2699966430664,87.99077606201172,110.4112777709961,69.13601684570312,184.30935668945312,58.730751037597656
2016-09-22,30.617597579956055,21.79128074645996,26.76149559020996,127.56999969482422,88.2518310546875,111.2896957397461,69.11983489990234,185.47073364257812,59.78059387207031
2016-09-23,30.22403335571289,21.599891662597656,26.607728958129883,127.6500015258789,88.29134368896484,110.57947540283203,69.16051483154297,184.45443725585938,59.963478088378906
2016-09-26,29.782285690307617,21.381160736083984,26.28483772277832,127.55000305175781,88.54444885253906,109.6543197631836,69.2011489868164,182.95993041992188,60.10569763183594
2016-09-27,30.207975387573242,21.435842514038086,26.246397018432617,126.62000274658203,88.6947021484375,110.73832702636719,69.20927429199219,184.09579467773438,59.46904373168945
2016-09-28,30.48105812072754,21.681917190551758,26.538545608520508,126.22000122070312,88.65518188476562,110.92523193359375,69.2011489868164,185.00953674316406,59.95667266845703
2016-09-29,29.950956344604492,21.517868041992188,26.054203033447266,126.06999969482422,88.71053314208984,110.12157440185547,69.22557830810547,183.33570861816406,59.15744400024414
2016-09-30,30.07945442199707,21.65457534790039,26.515474319458008,125.63999938964844,88.48905944824219,110.94393920898438,69.16860961914062,184.7191925048828,58.75106430053711
2016-10-03,30.28829002380371,21.640901565551758,26.40784454345703,125.31999969482422,88.28314208984375,110.78507995605469,69.15966796875,184.2751007080078,57.65380859375
2016-10-04,29.950956344604492,21.70925521850586,26.4462833404541,120.97000122070312,87.87923431396484,110.6168441772461,69.10275268554688,183.33570861816406,56.86809158325195
2016-10-05,30.384675979614258,21.722930908203125,26.576974868774414,120.77999877929688,87.68123626708984,111.00935363769531,69.06201171875,184.14703369140625,55.716644287109375
2016-10-06,30.40877342224121,21.50419807434082,26.477031707763672,119.66000366210938,87.49909973144531,110.9532470703125,69.06201171875,184.2751007080078,55.7369499206543
2016-10-07,30.27222442626953,21.25811767578125,26.28483772277832,119.73999786376953,87.62577819824219,110.71031951904297,69.08647918701172,183.6431121826172,55.64215850830078
2016-10-10,30.60153579711914,21.23078155517578,26.392471313476562,120.16000366210938,87.3961410522461,111.41117858886719,69.05390167236328,184.599609375,55.98756408691406
2016-10-11,29.894733428955078,20.779645919799805,26.092634201049805,119.55000305175781,87.37236785888672,109.82252502441406,69.04576873779297,182.26820373535156,55.44571304321289
2016-10-12,29.838504791259766,20.779645919799805,25.96194839477539,119.73999786376953,87.37236785888672,109.72906494140625,69.04576873779297,182.50733947753906,56.0824089050293
2016-10-13,29.57345199584961,20.711286544799805,25.84662628173828,120.02999877929688,87.5545425415039,109.33657836914062,69.07017517089844,181.90956115722656,56.52264404296875
2016-10-14,29.621644973754883,20.642934799194336,25.946569442749023,119.36000061035156,87.28524780273438,109.46742248535156,69.05390167236328,182.0035400390625,56.272056579589844
2016-10-17,29.589513778686523,20.492555618286133,25.931196212768555,119.68000030517578,87.47533416748047,109.16838073730469,69.1108169555664,181.37156677246094,56.393978118896484
2016-10-18,30.111589431762695,20.779645919799805,26.19257926940918,120.41999816894531,87.6495590209961,110.1402359008789,69.13526916503906,182.50733947753906,56.75296401977539
2016-10-19,30.296323776245117,20.84799575805664,26.25408935546875,121.11000061035156,87.68914794921875,110.13092041015625,69.13526916503906,182.99415588378906,56.8748893737793
2016-10-20,30.207975387573242,20.82065200805664,26.30790138244629,120.73999786376953,87.60993194580078,110.00006866455078,69.10275268554688,182.6525421142578,56.7462043762207
2016-10-21,30.199939727783203,20.79331398010254,26.207956314086914,120.83000183105469,87.70500183105469,110.4112777709961,69.1189956665039,182.7379608154297,56.53621292114258
2016-10-24,30.328454971313477,20.683948516845703,26.32328224182129,120.55999755859375,87.58621978759766,111.73827362060547,69.09457397460938,183.5150909423828,56.664913177490234
2016-10-25,30.360572814941406,20.656606674194336,26.27715301513672,121.47000122070312,87.57035827636719,111.38312530517578,69.09457397460938,182.9002227783203,56.56330108642578
2016-10-26,30.039304733276367,20.5472412109375,26.177207946777344,120.79000091552734,87.3802719116211,110.62618255615234,69.07017517089844,182.532958984375,55.82503128051758
2016-10-27,29.782285690307617,20.533567428588867,26.200271606445312,121.01000213623047,87.07936096191406,110.12157440185547,69.08647918701172,182.0461883544922,54.362022399902344
2016-10-28,29.661802291870117,20.519901275634766,26.30790138244629,121.58000183105469,87.09515380859375,109.43002319335938,69.08647918701172,181.5081787109375,54.49070358276367
2016-10-31,29.830472946166992,20.506229400634766,26.246397018432617,121.94000244140625,87.16642761230469,109.32721710205078,69.13526916503906,181.51670837402344,55.37800216674805
2016-11-01,29.589513778686523,20.4378719329834,26.108015060424805,122.7300033569336,87.16964721679688,108.5048828125,69.13604736328125,180.20159912109375,54.17237091064453
2016-11-02,29.236114501953125,20.32850456237793,25.900442123413086,123.63999938964844,87.431396484375,107.63580322265625,69.17679595947266,179.1170196533203,53.379878997802734
2016-11-03,29.155786514282227,20.342172622680664,25.854320526123047,124.30000305175781,87.37581634521484,106.57979583740234,69.18492126464844,178.2971649169922,52.96671676635742
2016-11-04,28.858613967895508,20.137117385864258,25.60831069946289,124.38999938964844,87.64545440673828,106.20601654052734,69.2093276977539,178.1007537841797,53.386653900146484
2016-11-07,29.902767181396484,20.4378719329834,26.008079528808594,122.1500015258789,87.28065490722656,108.72915649414062,69.18492126464844,182.0291290283203,54.32138442993164
2016-11-08,30.095531463623047,20.5130615234375,26.13108253479004,121.63999938964844,86.97134399414062,109.43936920166016,69.11165618896484,182.84901428222656,54.6058349609375
2016-11-09,29.11563491821289,20.772808074951172,26.0695743560791,121.55999755859375,85.64690399169922,109.94401550292969,69.02206420898438,184.78750610351562,53.77949523925781
2016-11-10,28.28835105895996,20.772808074951172,25.900442123413086,119.75,85.13140106201172,108.16844940185547,68.99766540527344,185.24871826171875,52.87868118286133
2016-11-11,27.75020980834961,20.574581146240234,25.60831069946289,117.0999984741211,84.95687103271484,108.2151870727539,68.99766540527344,184.82171630859375,53.1970100402832
2016-11-14,27.549413681030273,20.4788818359375,25.369983673095703,116.11000061035156,84.46519470214844,107.12181091308594,68.89181518554688,184.96688842773438,54.45684051513672
2016-11-15,28.103618621826172,20.588253021240234,25.554492950439453,117.12000274658203,84.46519470214844,108.607666015625,68.9162368774414,186.41017150878906,54.003013610839844
2016-11-16,27.870689392089844,20.37635040283203,25.19316291809082,116.7699966430664,84.54444885253906,109.25251007080078,68.90804290771484,186.05999755859375,53.847232818603516
2016-11-17,27.910850524902344,20.506229400634766,25.270038604736328,116.16999816894531,84.17169189453125,110.04679107666016,68.89995574951172,187.0164031982422,53.2985954284668
2016-11-18,27.782337188720703,20.287494659423828,24.977901458740234,115.1500015258789,83.79894256591797,109.6356201171875,68.85923767089844,186.5980224609375,53.45438766479492
2016-11-21,28.055418014526367,20.560911178588867,25.21622085571289,115.58000183105469,83.87032318115234,110.77571105957031,68.85103607177734,188.00711059570312,53.291831970214844
2016-11-22,28.481115341186523,20.6224308013916,25.30847930908203,115.54000091552734,83.94966125488281,111.11216735839844,68.83477020263672,188.37432861328125,54.22654342651367
2016-11-23,28.175901412963867,20.6155948638916,25.03940200805664,113.25,83.64824676513672,110.66355895996094,68.79403686523438,188.476806640625,53.99623107910156
2016-11-25,28.31244659423828,20.704452514648438,25.19316291809082,112.61000061035156,83.57688903808594,111.0186996459961,68.78591918945312,189.17706298828125,54.307796478271484
2016-11-28,28.42488670349121,20.4447078704834,24.91639518737793,113.80000305175781,83.95755767822266,110.76638793945312,68.82662200927734,188.2888946533203,54.558433532714844
2016-11-29,28.46504783630371,20.540401458740234,25.208534240722656,113.2699966430664,84.0447998046875,111.14952087402344,68.83477020263672,188.65614318847656,55.07997131347656
2016-11-30,28.51324462890625,20.5472412109375,25.200847625732422,111.75,83.481689453125,109.80384826660156,68.8103256225586,188.2034912109375,54.4500617980957
2016-12-01,28.175901412963867,20.574581146240234,25.093219757080078,111.54000091552734,83.1632308959961,107.90677642822266,68.77775573730469,187.51174926757812,53.65080642700195
2016-12-02,28.208030700683594,20.74546241760254,25.13165855407715,112.13999938964844,83.53651428222656,108.12176513671875,68.85108184814453,187.60572814941406,54.18589401245117
2016-12-05,28.440956115722656,20.895843505859375,25.685184478759766,111.54000091552734,83.5047378540039,108.96278381347656,68.85108184814453,188.7329559326172,54.58552551269531
2016-12-06,28.59356117248535,20.964197158813477,26.008079528808594,111.43000030517578,83.53651428222656,109.22444152832031,68.83477783203125,189.330810546875,54.93773651123047
2016-12-07,29.075469970703125,21.251285552978516,26.477031707763672,111.83000183105469,83.81446838378906,110.60751342773438,68.8592529296875,191.80738830566406,56.03499984741211
2016-12-08,29.2039852142334,21.210275650024414,26.315584182739258,111.56999969482422,83.49675750732422,110.80374145507812,68.85108184814453,192.2770233154297,56.42107391357422
2016-12-09,29.051374435424805,21.312803268432617,26.330965042114258,110.4000015258789,83.06790161132812,111.67284393310547,68.84296417236328,193.4384307861328,56.36009979248047
2016-12-12,28.858613967895508,21.22394561767578,26.384780883789062,110.81999969482422,83.0838394165039,111.16820526123047,68.81851959228516,193.21641540527344,56.73261260986328
2016-12-13,29.179887771606445,21.422168731689453,26.646167755126953,110.44999694824219,83.13140106201172,112.56998443603516,68.81031036376953,194.50599670410156,56.705535888671875
2016-12-14,28.31244659423828,21.176095962524414,26.223339080810547,108.83000183105469,82.44049072265625,112.3363265991211,68.67998504638672,192.9005584716797,55.46604537963867
2016-12-15,28.360637664794922,21.14192008972168,26.25408935546875,107.33999633789062,82.21014404296875,112.51390838623047,68.64739227294922,193.6946563720703,55.14093780517578
2016-12-16,28.23212432861328,21.217111587524414,26.354026794433594,108.05000305175781,82.31342315673828,112.0968017578125,68.67998504638672,193.3158721923828,55.96725082397461
2016-12-19,28.039363861083984,21.087236404418945,26.26945686340332,108.58999633789062,82.69464874267578,112.55606079101562,68.71256256103516,193.73680114746094,56.57009506225586
2016-12-20,28.1357421875,21.121414184570312,26.40784454345703,107.79000091552734,82.5198745727539,112.98722839355469,68.72071838378906,194.48414611816406,56.698760986328125
2016-12-21,28.01875877380371,21.115869522094727,26.541717529296875,107.8499984741211,82.6549301147461,112.9028549194336,68.75328826904297,193.94293212890625,55.83857727050781
2016-12-22,27.685691833496094,21.039642333984375,26.479808807373047,107.58999633789062,82.6191177368164,112.58419799804688,68.77043151855469,193.60797119140625,55.74519729614258
2016-12-23,27.848161697387695,21.074291229248047,26.58040428161621,107.93000030517578,82.69869995117188,112.6591796875,68.77043151855469,193.8914031982422,55.89043045043945
2016-12-27,27.970016479492188,21.095081329345703,26.611358642578125,108.55999755859375,82.57939147949219,113.24028015136719,68.73783111572266,194.37249755859375,56.00799560546875
2016-12-28,28.18123435974121,21.011920928955078,26.402427673339844,108.86000061035156,82.881591796875,112.3592529296875,68.76227569580078,192.76605224609375,55.66914367675781
2016-12-29,28.644287109375,21.129732131958008,26.611358642578125,110.29000091552734,83.13619995117188,112.19990539550781,68.83565521240234,192.72315979003906,56.360694885253906
2016-12-30,28.44119644165039,21.268333435058594,26.77385902404785,109.61000061035156,83.38279724121094,111.04705810546875,68.86009979248047,192.01876831054688,57.072967529296875
2017-01-03,28.782390594482422,21.35149383544922,26.835758209228516,110.47000122070312,83.34297180175781,112.04056549072266,68.80304718017578,193.4876708984375,57.25969696044922
2017-01-04,29.00173568725586,21.559396743774414,27.005996704101562,110.86000061035156,83.43849182128906,112.64978790283203,68.81934356689453,194.6387481689453,58.09645462036133
2017-01-05,29.318557739257812,21.70492172241211,27.230403900146484,112.58000183105469,83.9793701171875,113.28712463378906,68.86831665039062,194.48414611816406,58.28316879272461
2017-01-06,29.196701049804688,21.56632423400879,27.183982849121094,111.75,83.59756469726562,114.28063201904297,68.81121826171875,195.179931640625,58.29008483886719
2017-01-09,29.172330856323242,21.39307403564453,27.106595993041992,112.66999816894531,83.91577911376953,114.6555404663086,68.86831665039062,194.53573608398438,57.76450729370117
2017-01-10,29.342927932739258,21.462377548217773,27.060169219970703,113.1500015258789,83.87599182128906,114.90860748291016,68.84380340576172,194.53573608398438,57.27351379394531
2017-01-11,29.69224739074707,21.621761322021484,27.214927673339844,113.5,83.97146606445312,115.2178955078125,68.87646484375,195.08543395996094,56.920833587646484
2017-01-12,29.822223663330078,21.663345336914062,27.238143920898438,113.91000366210938,84.01919555664062,115.03980255126953,68.90087890625,194.59584045410156,57.21128845214844
2017-01-13,29.797861099243164,21.71185302734375,27.361955642700195,114.20999908447266,83.83623504638672,115.43346405029297,68.86831665039062,195.04254150390625,57.12831497192383
2017-01-17,29.78160285949707,21.739574432373047,27.361955642700195,115.8499984741211,84.25784301757812,115.08665466308594,68.91720581054688,194.3553466796875,57.57088088989258
2017-01-18,29.6191349029541,21.642555236816406,27.25362205505371,114.87000274658203,83.66119384765625,115.32097625732422,68.85199737548828,194.7847900390625,57.66767120361328
2017-01-19,29.529773712158203,21.580177307128906,27.230403900146484,114.7699966430664,83.34297180175781,115.26475524902344,68.82749938964844,194.06321716308594,57.07990264892578
2017-01-20,29.586647033691406,21.60097312927246,27.40838050842285,115.05000305175781,83.38279724121094,115.51782989501953,68.86831665039062,194.77621459960938,57.49480438232422
2017-01-23,30.02532196044922,21.795011520385742,27.454809188842773,115.79000091552734,83.82027435302734,115.611572265625,68.93353271484375,194.26934814453125,57.97888946533203
2017-01-24,30.212169647216797,21.795011520385742,27.516712188720703,115.2699966430664,83.50211334228516,116.3895034790039,68.89277648925781,195.5150146484375,57.992713928222656
2017-01-25,30.545242309570312,22.016780853271484,27.833982467651367,114.31999969482422,83.08842468261719,117.56105041503906,68.87646484375,197.20726013183594,57.61236572265625
2017-01-26,30.415260314941406,21.919755935668945,27.555402755737305,113.26000213623047,83.19983673095703,117.68290710449219,68.88457489013672,197.00115966796875,57.50172424316406
2017-01-27,30.439640045166016,21.885107040405273,27.578624725341797,113.48999786376953,83.30327606201172,117.9078598022461,68.91720581054688,196.69180297851562,56.94157409667969
2017-01-30,30.277158737182617,21.663345336914062,27.30778694152832,113.97000122070312,83.27936553955078,116.98931884765625,68.91720581054688,195.4720458984375,56.55431365966797
2017-01-31,30.33402442932129,21.795011520385742,27.346477508544922,115.55000305175781,83.56575012207031,116.7550048828125,68.93353271484375,195.454833984375,56.96232223510742
2017-02-01,30.35027503967285,21.89896583557129,27.39291000366211,115.19999694824219,83.40559387207031,117.56105041503906,68.90983581542969,195.53221130371094,56.2776985168457
2017-02-02,30.480253219604492,21.808874130249023,27.46255111694336,115.83999633789062,83.4375,117.45796966552734,68.93436431884766,195.6610107421875,56.94850158691406
2017-02-03,30.667097091674805,21.82966423034668,27.609567642211914,116.12999725341797,83.5012435913086,117.79535675048828,68.90983581542969,197.00967407226562,57.25969696044922
2017-02-06,30.593984603881836,21.739574432373047,27.222665786743164,117.69999694824219,83.89958953857422,117.93596649169922,68.98329162597656,196.657470703125,57.16286087036133
2017-02-07,30.439640045166016,21.82966423034668,27.129812240600586,117.45999908447266,84.05095672607422,118.36711120605469,68.9669418334961,196.66607666015625,56.96232223510742
2017-02-08,30.626480102539062,21.89203643798828,27.13754653930664,118.19000244140625,84.39353942871094,118.5639419555664,69.03227996826172,196.92376708984375,57.41180419921875
2017-02-09,30.764585494995117,21.995983123779297,27.315523147583008,117.29000091552734,83.89161682128906,118.99507141113281,68.97511291503906,198.09210205078125,57.55013656616211
2017-02-10,31.048921585083008,22.05835723876953,27.26136016845703,117.5999984741211,83.83586120605469,119.38868713378906,68.9669418334961,198.87376403808594,57.95814895629883
2017-02-13,31.14638900756836,22.176166534423828,27.400644302368164,116.80000305175781,83.70833587646484,120.06356811523438,68.95064544677734,199.9561767578125,57.97888946533203
2017-02-14,31.178892135620117,22.120729446411133,27.46255111694336,116.93000030517578,83.40559387207031,120.46656799316406,68.9017105102539,200.75509643554688,57.674625396728516
2017-02-15,31.43072509765625,22.176166534423828,27.54766845703125,117.44999694824219,83.24628448486328,121.17890930175781,68.87720489501953,201.80311584472656,57.4809684753418
2017-02-16,31.316991806030273,22.203887939453125,27.733383178710938,118.08000183105469,83.5809097290039,121.14140319824219,68.90983581542969,201.63128662109375,57.819847106933594
2017-02-17,31.187007904052734,22.14151382446289,27.539932250976562,117.68000030517578,83.80397033691406,121.66626739501953,68.95880889892578,201.9491424560547,57.93046188354492
2017-02-21,31.528209686279297,22.196958541870117,27.539932250976562,117.75,83.76410675048828,122.26612091064453,68.9669418334961,203.1517791748047,58.6704216003418
2017-02-22,31.625688552856445,22.210817337036133,27.570886611938477,117.91000366210938,83.89958953857422,122.31297302246094,68.98329162597656,202.97134399414062,58.47678756713867
2017-02-23,31.633819580078125,22.34942054748535,27.532196044921875,118.94000244140625,84.12262725830078,121.85372161865234,69.01593780517578,203.1088104248047,58.781089782714844
2017-02-24,31.2601261138916,22.16230583190918,27.292308807373047,119.69999694824219,84.51301574707031,122.08805847167969,69.04856872558594,203.3665313720703,59.05771255493164
2017-02-27,31.16265296936035,22.16230583190918,27.40838050842285,119.12000274658203,84.2103042602539,122.2380142211914,68.99143981933594,203.6843719482422,59.368892669677734
2017-02-28,30.8620662689209,22.113798141479492,27.400644302368164,119.2300033569336,84.17042541503906,121.86310577392578,68.95880889892578,203.13461303710938,58.96086883544922
2017-03-01,31.341367721557617,22.217748641967773,27.818506240844727,119.05999755859375,83.58403778076172,123.19402313232422,68.90489959716797,205.97792053222656,58.781089782714844
2017-03-02,30.788955688476562,22.169239044189453,27.656002044677734,117.58000183105469,83.3447494506836,122.575439453125,68.8314437866211,204.6807861328125,58.46296691894531
2017-03-03,31.024539947509766,22.196958541870117,28.042909622192383,117.51000213623047,83.42453002929688,122.80036926269531,68.84776306152344,204.80966186523438,58.234771728515625
2017-03-06,31.04079246520996,22.05142593383789,27.942312240600586,116.72000122070312,83.40856170654297,122.52857208251953,68.86412811279297,204.19976806640625,57.97197341918945
2017-03-07,31.07328224182129,21.89896583557129,27.779815673828125,115.77999877929688,83.28890991210938,122.32238006591797,68.839599609375,203.58982849121094,57.695350646972656
2017-03-08,30.780826568603516,21.795011520385742,27.702434539794922,115.05999755859375,83.00963592529297,122.5379409790039,68.78245544433594,203.2118682861328,56.63039779663086
2017-03-09,30.537105560302734,21.82966423034668,28.042909622192383,114.47000122070312,82.77830505371094,122.6316909790039,68.77430725097656,203.46957397460938,55.77977752685547
2017-03-10,30.878313064575195,21.94054412841797,28.360179901123047,114.72000122070312,82.95381164550781,123.14715576171875,68.81513214111328,204.18260192871094,55.60689926147461
2017-03-13,31.308870315551758,22.169239044189453,28.398860931396484,114.73999786376953,82.74641418457031,123.35334777832031,68.78245544433594,204.28564453125,55.74519729614258
2017-03-14,31.130155563354492,21.975194931030273,28.120290756225586,114.12000274658203,82.8341293334961,123.05339813232422,68.77430725097656,203.50393676757812,55.731380462646484
2017-03-15,31.942520141601562,22.321701049804688,28.491714477539062,116.25,83.56010437011719,123.81260681152344,68.90489959716797,205.2649383544922,56.858612060546875
2017-03-16,32.13749694824219,22.536531448364258,28.85541343688965,116.7300033569336,83.32879638671875,123.72826385498047,68.85591888427734,204.8612060546875,56.747962951660156
2017-03-17,32.08062744140625,22.633548736572266,28.8244571685791,116.98999786376953,83.5521240234375,123.68504333496094,68.88860321044922,204.50143432617188,57.010738372802734
2017-03-20,32.45431900024414,22.564252853393555,28.762540817260742,117.51000213623047,83.75163269042969,123.79779052734375,68.92940521240234,204.27716064453125,56.96232223510742
2017-03-21,32.09687423706055,22.536531448364258,28.716123580932617,118.54000091552734,84.03083038330078,121.91931915283203,68.96206665039062,201.65432739257812,56.71335220336914
2017-03-22,32.2512321472168,22.52267074584961,28.75481605529785,118.83000183105469,84.1904067993164,122.7458267211914,68.97843933105469,202.12884521484375,56.6820182800293
2017-03-23,32.25934982299805,22.557315826416016,28.870882034301758,118.66999816894531,84.10260009765625,122.4359130859375,68.97843933105469,201.9131317138672,57.09999465942383
2017-03-24,32.3405876159668,22.501880645751953,28.971481323242188,118.86000061035156,84.1505126953125,122.68946075439453,68.97843933105469,201.76649475097656,57.037261962890625
2017-03-27,32.2512321472168,22.543458938598633,29.118501663208008,119.52999877929688,84.35790252685547,122.88674926757812,69.00289154052734,201.55941772460938,56.52180480957031
2017-03-28,32.3405876159668,22.52267074584961,29.242319107055664,119.04000091552734,84.07069396972656,123.63811492919922,68.97023010253906,203.02613830566406,56.76560592651367
2017-03-29,32.39745330810547,22.550390243530273,29.149457931518555,119.33000183105469,84.31005859375,124.21102142333984,69.01105499267578,203.2159423828125,57.08603286743164
2017-03-30,32.22684860229492,22.550390243530273,29.01790428161621,118.47000122070312,84.07069396972656,124.41765594482422,68.99474334716797,203.86302185058594,57.19053268432617
2017-03-31,31.99938201904297,22.557315826416016,29.095298767089844,118.72000122070312,84.23822784423828,124.33312225341797,69.00289154052734,203.38844299316406,57.531864166259766
2017-04-03,32.1781120300293,22.418720245361328,29.01790428161621,119.3499984741211,84.65292358398438,124.25798797607422,69.06661224365234,203.03477478027344,57.69905471801758
2017-04-04,32.194366455078125,22.453371047973633,29.07207489013672,119.62000274658203,84.53308868408203,124.45519256591797,69.04212188720703,203.16416931152344,57.69905471801758
2017-04-05,32.09687423706055,22.384071350097656,28.863140106201172,119.62000274658203,84.69287872314453,123.94807434082031,69.04212188720703,202.5602264404297,57.78262710571289
2017-04-06,32.04000473022461,22.391000747680664,28.986955642700195,119.18000030517578,84.63692474365234,124.01375579833984,69.05842590332031,203.129638671875,58.08912658691406
2017-04-07,31.983144760131836,22.384071350097656,28.932790756225586,119.45999908447266,84.38127136230469,123.94807434082031,68.96855926513672,202.92257690429688,58.17273712158203
2017-04-10,31.853160858154297,22.4256534576416,28.785770416259766,119.45999908447266,84.53308868408203,123.99500274658203,69.00122833251953,203.0433349609375,58.534976959228516
2017-04-11,31.780048370361328,22.688989639282227,28.847665786743164,121.19000244140625,84.92456817626953,123.4596176147461,69.06661224365234,202.80181884765625,58.938987731933594
2017-04-12,31.934406280517578,22.619688034057617,28.8244571685791,122.0199966430664,85.18826293945312,122.96183013916016,69.11564636230469,201.9131317138672,58.83449172973633
2017-04-13,31.796295166015625,22.467227935791016,28.6077938079834,122.5999984741211,85.44393920898438,122.47344207763672,69.14830780029297,200.6017303466797,58.702144622802734
2017-04-17,32.12936782836914,22.640480041503906,28.785770416259766,122.23999786376953,85.30810546875,123.48783874511719,69.14015197753906,202.37904357910156,59.41269302368164
2017-04-18,31.72318458557129,22.550390243530273,28.63100242614746,122.81999969482422,85.7955322265625,123.29996490478516,69.19733428955078,201.77516174316406,59.57290267944336
2017-04-19,31.528209686279297,22.37714195251465,28.63873863220215,121.7300033569336,85.57177734375,123.49722290039062,69.1646957397461,201.40414428710938,59.489315032958984
2017-04-20,31.91815757751465,22.453371047973633,28.9250545501709,121.95999908447266,85.3799819946289,124.53033447265625,69.15648651123047,203.0433349609375,59.49626541137695
2017-04-21,31.91815757751465,22.43257713317871,28.932790756225586,122.30999755859375,85.4199447631836,124.5021743774414,69.18917083740234,202.39627075195312,59.28032684326172
2017-04-24,32.37308883666992,22.86917495727539,30.426240921020508,121.4800033569336,85.24420166015625,126.00486755371094,69.11564636230469,204.6221923828125,58.625518798828125
2017-04-25,32.65741729736328,22.973125457763672,30.642898559570312,120.25,84.80472564697266,126.91598510742188,69.05030059814453,205.81283569335938,58.86931610107422
2017-04-26,32.53555679321289,22.938474655151367,30.44171905517578,120.83999633789062,85.02845001220703,126.73751831054688,69.07481384277344,205.6834716796875,58.43046951293945
2017-04-27,32.494937896728516,23.01470184326172,30.39529037475586,120.38999938964844,85.08436584472656,127.4982681274414,69.09931945800781,205.8560333251953,58.27723693847656
2017-04-28,32.543678283691406,22.938474655151367,30.364341735839844,120.7699966430664,85.17224884033203,127.72364807128906,69.13194274902344,205.4073944091797,57.67118835449219
2017-05-01,32.73052215576172,22.959266662597656,30.557802200317383,119.66999816894531,84.98828887939453,128.86013793945312,69.08455657958984,205.92503356933594,58.012489318847656
2017-05-02,32.96611404418945,23.12558364868164,30.78219223022461,119.6500015258789,85.16426086425781,129.07614135742188,69.10906219482422,206.00265502929688,57.91498947143555
2017-05-03,32.74677658081055,22.966196060180664,30.689334869384766,117.9800033569336,84.98828887939453,128.6629180908203,69.05999755859375,205.75242614746094,57.141761779785156
2017-05-04,32.38120651245117,23.06321144104004,31.378032684326172,116.79000091552734,84.79621124267578,128.70989990234375,69.05181121826172,205.99398803710938,56.8631477355957
2017-05-05,32.649295806884766,23.361207962036133,31.881000518798828,117.01000213623047,84.81217956542969,129.17945861816406,69.07637786865234,206.80502319335938,57.39951705932617
2017-05-08,32.64117431640625,23.264183044433594,31.37029266357422,116.75,84.6041488647461,129.46124267578125,69.04369354248047,206.7705078125,56.9954948425293
2017-05-09,33.05547332763672,23.388931274414062,31.24648094177246,116.05000305175781,84.50811004638672,129.912109375,69.01095581054688,206.58070373535156,56.688987731933594
2017-05-10,33.274818420410156,23.534460067749023,31.26970100402832,116.04000091552734,84.47608947753906,129.98715209960938,69.02731323242188,206.95167541503906,57.13479995727539
2017-05-11,33.347923278808594,23.499807357788086,31.145883560180664,116.5,84.54010009765625,129.88385009765625,69.03549194335938,206.52894592285156,56.84922409057617
2017-05-12,33.48603439331055,23.610687255859375,31.4399356842041,116.83000183105469,84.97225189208984,130.1751251220703,69.11727905273438,206.18385314941406,56.619319915771484
2017-05-15,33.82722854614258,23.742361068725586,31.664337158203125,117.13999938964844,84.91622924804688,130.5882568359375,69.10906219482422,207.32266235351562,56.78651428222656
2017-05-16,33.85972595214844,23.971054077148438,31.966123580932617,117.6500015258789,85.02821350097656,131.133056640625,69.10906219482422,207.13287353515625,56.403377532958984
2017-05-17,33.28293991088867,23.818592071533203,31.46314811706543,119.79000091552734,85.7083969116211,127.79875183105469,69.18263244628906,203.45751953125,56.633262634277344
2017-05-18,32.73052215576172,23.894821166992188,31.455419540405273,118.80999755859375,85.68441009521484,128.91648864746094,69.14998626708984,204.27716064453125,56.946739196777344
2017-05-19,33.429168701171875,24.137371063232422,31.896482467651367,119.4000015258789,85.66043090820312,129.46124267578125,69.16634368896484,205.6057586669922,57.253238677978516
2017-05-22,33.461669921875,24.144304275512695,31.950645446777344,119.9000015258789,85.56439971923828,130.55072021484375,69.14178466796875,206.64971923828125,57.47612762451172
2017-05-23,33.4941520690918,24.068071365356445,31.942909240722656,119.13999938964844,85.34033966064453,130.6822509765625,69.11727905273438,207.10699462890625,57.5248908996582
2017-05-24,33.62413024902344,24.095794677734375,32.03577423095703,119.61000061035156,85.51636505126953,131.28329467773438,69.15811157226562,207.5901336669922,57.99161148071289
2017-05-25,33.78660583496094,24.07500648498535,32.00482177734375,119.4800033569336,85.56439971923828,132.4010009765625,69.15811157226562,208.5823211669922,57.998592376708984
2017-05-26,33.90847396850586,23.894821166992188,31.88874053955078,120.54000091552734,85.6203842163086,132.6357421875,69.14998626708984,208.5391845703125,57.58062744140625
2017-05-30,33.7297477722168,23.9364070892334,31.772682189941406,120.13999938964844,85.83643341064453,132.74847412109375,69.17448425292969,208.3580322265625,57.21839141845703
2017-05-31,33.46978759765625,23.984907150268555,31.865524291992188,120.62000274658203,85.87647247314453,132.7014923095703,69.18263244628906,208.30625915527344,57.253238677978516
2017-06-01,33.75411605834961,24.151229858398438,32.1131591796875,120.72000122070312,85.83157348632812,133.21807861328125,69.16959381103516,209.96273803710938,57.55274963378906
2017-06-02,33.92470932006836,24.11658477783203,32.46137237548828,121.61000061035156,86.2082290649414,134.73965454101562,69.21867370605469,210.66160583496094,58.144874572753906
2017-06-05,33.884098052978516,24.07500648498535,32.22148513793945,121.7300033569336,86.0639877319336,134.71139526367188,69.1613540649414,210.50633239746094,57.89408493041992
2017-06-06,33.90034484863281,24.012632369995117,32.051239013671875,123.0999984741211,86.3364486694336,134.17605590820312,69.1859130859375,209.8333740234375,57.61545944213867
2017-06-07,33.85972595214844,24.0264892578125,32.12088394165039,122.44999694824219,86.17617797851562,134.70201110839844,69.1613540649414,210.2216339111328,58.01950454711914
2017-06-08,34.06281661987305,23.9364070892334,32.06672286987305,121.6500015258789,86.03993225097656,134.84298706054688,69.14503479003906,210.32510375976562,57.88017272949219
2017-06-09,33.8028564453125,23.693843841552734,32.051239013671875,120.54000091552734,85.95979309082031,131.4711456298828,69.12046813964844,210.005859375,58.28420639038086
2017-06-12,33.62413024902344,23.582965850830078,31.80362892150879,120.36000061035156,85.94375610351562,130.76675415039062,69.1122817993164,209.96273803710938,58.806636810302734
2017-06-13,33.78660583496094,23.72157096862793,32.06672286987305,120.4800033569336,85.97583770751953,131.82803344726562,69.1122817993164,210.9894256591797,58.938987731933594
2017-06-14,33.77849197387695,23.659198760986328,32.04351806640625,119.81999969482422,86.42462921142578,131.2550506591797,69.14503479003906,210.72203063964844,59.022579193115234
2017-06-15,33.429168701171875,23.465160369873047,31.586963653564453,119.31999969482422,86.27236938476562,130.67279052734375,69.12046813964844,210.31654357910156,59.3221321105957
2017-06-16,33.48603439331055,23.72157096862793,31.919702529907227,119.33999633789062,86.3204116821289,130.10581970214844,69.1532211303711,210.3624267578125,59.16884994506836
2017-06-19,33.8191032409668,23.76314926147461,32.12088394165039,118.43000030517578,86.08000946044922,132.2813720703125,69.1122817993164,212.11370849609375,59.175838470458984
2017-06-20,33.4453125,23.373592376708984,31.749950408935547,118.18000030517578,86.29640197753906,131.24542236328125,69.12046813964844,210.6831817626953,59.03651428222656
2017-06-21,33.51875686645508,23.352338790893555,31.789236068725586,118.5199966430664,86.28831481933594,132.54505920410156,69.12865447998047,210.6312255859375,58.9180908203125
2017-06-22,33.69015121459961,23.331090927124023,31.70279312133789,118.91999816894531,86.36852264404297,132.5073699951172,69.13687133789062,210.53582763671875,58.97382736206055
2017-06-23,33.869712829589844,23.40192222595215,31.74208641052246,119.43000030517578,86.39261627197266,133.01593017578125,69.17771911621094,210.78724670410156,59.1784782409668
2017-06-26,34.1961669921875,23.479835510253906,31.852113723754883,118.36000061035156,86.46471405029297,132.3943634033203,69.17771911621094,210.9259490966797,59.600406646728516
2017-06-27,33.7962532043457,23.49399757385254,31.914981842041016,118.80999755859375,86.03993225097656,129.99282836914062,69.13687133789062,209.22671508789062,59.06595230102539
2017-06-28,34.05742263793945,23.706485748291016,32.245052337646484,118.9000015258789,85.95979309082031,131.8670196533203,69.16959381103516,211.09934997558594,59.20659255981445
2017-06-29,33.62486267089844,23.59316062927246,31.74208641052246,118.31999969482422,85.63919830322266,129.5784454345703,69.12865447998047,209.24404907226562,58.531490325927734
2017-06-30,33.77992630004883,23.607328414916992,31.694948196411133,118.0199966430664,85.43887329101562,129.6255340576172,69.12865447998047,209.6341552734375,58.531490325927734
2017-07-03,33.975807189941406,23.607328414916992,31.72637367248535,116.08999633789062,85.12503814697266,128.25999450683594,69.07707214355469,209.98963928222656,59.27692413330078
2017-07-05,33.91051483154297,23.614410400390625,31.757810592651367,116.5199966430664,85.18929290771484,129.5219268798828,69.10163116455078,210.4751434326172,58.4400634765625
2017-07-06,33.50244140625,23.50816535949707,31.679227828979492,116.47000122070312,85.0287094116211,128.35414123535156,69.11799621582031,208.55044555664062,57.34297561645508
2017-07-07,33.567745208740234,23.50816535949707,31.773527145385742,115.27999877929688,84.89229583740234,129.738525390625,69.10983276367188,209.90292358398438,57.66648864746094
2017-07-10,33.88603591918945,23.49399757385254,31.87569236755371,115.47000122070312,85.00468444824219,130.586181640625,69.1425552368164,210.1283416748047,57.13904571533203
2017-07-11,34.163516998291016,23.40192222595215,32.048583984375,115.62000274658203,85.11700439453125,130.9534149169922,69.16714477539062,209.97227478027344,57.075740814208984
2017-07-12,34.824581146240234,23.663990020751953,32.2529182434082,116.02999877929688,85.36582946777344,132.5073699951172,69.19989776611328,211.55018615722656,57.77900314331055
2017-07-13,34.995975494384766,23.798561096191406,32.378658294677734,115.81999969482422,85.27754974365234,132.79934692382812,69.16714477539062,211.9056396484375,57.87042236328125
2017-07-14,35.43669128417969,24.011051177978516,32.590858459472656,116.7699966430664,85.39790344238281,133.84474182128906,69.19989776611328,212.89398193359375,58.42599105834961
2017-07-17,35.27346420288086,23.933141708374023,32.50440216064453,117.29000091552734,85.50228118896484,133.91067504882812,69.20809936523438,212.8679962158203,58.897178649902344
2017-07-18,35.379554748535156,23.933141708374023,32.457252502441406,118.11000061035156,85.81531524658203,134.80532836914062,69.2244873046875,212.98069763183594,58.770565032958984
2017-07-19,35.673370361328125,24.00396728515625,32.551551818847656,118.08000183105469,85.81531524658203,135.59642028808594,69.2244873046875,214.1337432861328,59.21363067626953
2017-07-20,35.63256072998047,24.110210418701172,32.740177154541016,118.23999786376953,85.8393783569336,135.7753143310547,69.2244873046875,214.2291717529297,58.939369201660156
2017-07-21,35.60808181762695,24.032302856445312,32.488685607910156,119.26000213623047,85.99185180664062,135.7187957763672,69.25725555419922,214.0383758544922,58.897178649902344
2017-07-24,35.71417999267578,23.897727966308594,32.40224075317383,119.30999755859375,85.93571472167969,136.3404083251953,69.23262023925781,213.9863739013672,58.784664154052734
2017-07-25,35.6244010925293,24.04646873474121,32.488685607910156,118.91999816894531,85.45411682128906,135.99195861816406,69.19171142578125,214.506591796875,58.86200714111328
2017-07-26,35.918216705322266,24.18812370300293,32.76375198364258,119.87999725341797,85.72698211669922,136.4345703125,69.24082946777344,214.5152587890625,59.26988983154297
2017-07-27,35.72233963012695,24.081878662109375,32.685150146484375,119.79000091552734,85.59056091308594,135.5775604248047,69.2244873046875,214.31582641601562,59.34021759033203
2017-07-28,35.706016540527344,24.053550720214844,32.71659851074219,120.69000244140625,85.73505401611328,135.46453857421875,69.26541137695312,214.06442260742188,59.1784782409668
2017-07-31,35.746822357177734,24.166873931884766,32.71659851074219,120.75,85.7591323852539,134.8900604248047,69.25725555419922,213.9430694580078,59.25583267211914
2017-08-01,35.85293197631836,24.329784393310547,32.94450759887695,120.6500015258789,85.97218322753906,135.20082092285156,69.28265380859375,214.4198760986328,59.523048400878906
2017-08-02,35.88556671142578,24.35103416442871,32.97593688964844,120.4000015258789,85.89173889160156,135.5681610107422,69.24984741210938,214.52389526367188,58.9815673828125
2017-08-03,35.7386589050293,24.358112335205078,33.054534912109375,120.58999633789062,86.1891860961914,135.040771484375,69.27438354492188,214.10777282714844,58.86200714111328
2017-08-04,35.86924743652344,24.35103416442871,33.2038459777832,119.6500015258789,85.95606231689453,135.28561401367188,69.24984741210938,214.49794006347656,59.05893325805664
2017-08-07,36.11408615112305,24.38644027709961,33.21170425415039,119.51000213623047,86.00425720214844,136.14266967773438,69.27438354492188,214.89671325683594,58.995628356933594
2017-08-08,36.12224197387695,24.237703323364258,33.030948638916016,119.86000061035156,85.93195343017578,135.90719604492188,69.27438354492188,214.36785888671875,58.71433639526367
2017-08-09,35.79579544067383,24.258949279785156,32.89735412597656,121.30999755859375,86.03643798828125,135.7281951904297,69.26622772216797,214.3591766357422,58.517417907714844
2017-08-10,34.94700622558594,23.812728881835938,32.40224075317383,122.20999908447266,86.35799407958984,132.8181610107422,69.29078674316406,211.3334503173828,58.09547424316406
2017-08-11,35.02861785888672,23.699403762817383,32.378658294677734,122.79000091552734,86.4544677734375,133.82583618164062,69.38095092773438,211.6455841064453,57.73680114746094
2017-08-14,35.38772201538086,23.805646896362305,32.73230743408203,121.91999816894531,86.24546813964844,135.54931640625,69.3235855102539,213.74362182617188,58.70025634765625
2017-08-15,35.42853546142578,23.727733612060547,32.73230743408203,120.9800033569336,85.98814392089844,135.64352416992188,69.29078674316406,213.7176055908203,58.524444580078125
2017-08-16,35.79579544067383,23.85523223876953,32.92093276977539,121.87000274658203,86.14897155761719,135.87892150878906,69.33180236816406,214.0904541015625,58.756526947021484
2017-08-17,35.3387565612793,23.57190704345703,32.496543884277344,122.48999786376953,86.4544677734375,133.1007080078125,69.34813690185547,210.7525634765625,58.39082717895508
2017-08-18,35.64073181152344,23.50816535949707,32.6065673828125,122.30000305175781,86.47052764892578,133.0065460205078,69.3399887084961,210.4231719970703,57.80010986328125
2017-08-21,35.771305084228516,23.564830780029297,32.57513427734375,122.76000213623047,86.52679443359375,132.83697509765625,69.35639190673828,210.5878448486328,58.418949127197266
2017-08-22,36.17121887207031,23.635656356811523,32.79518508911133,122.20999908447266,86.35799407958984,134.86178588867188,69.34813690185547,212.7899932861328,58.250179290771484
2017-08-23,36.34260940551758,23.656902313232422,32.803043365478516,122.66999816894531,86.6553955078125,134.38145446777344,69.41373443603516,212.02699279785156,58.84790802001953
2017-08-24,36.45685958862305,23.663990020751953,32.70872497558594,122.29000091552734,86.51876831054688,133.98594665527344,69.34813690185547,211.53286743164062,58.66508865356445
2017-08-25,36.66905975341797,23.784399032592773,32.9995231628418,122.73999786376953,86.6634521484375,133.7034149169922,69.37277221679688,212.02699279785156,58.94638442993164
2017-08-28,36.53847885131836,23.819814682006836,32.9995231628418,124.69000244140625,86.74382781982422,134.11782836914062,69.34813690185547,212.0357208251953,58.49631118774414
2017-08-29,36.47317886352539,23.763151168823242,32.7716064453125,124.41999816894531,86.94479370117188,134.64517211914062,69.38095092773438,212.2784881591797,58.43301773071289
2017-08-30,36.53031921386719,23.784399032592773,32.685150146484375,124.36000061035156,86.87242889404297,136.2273406982422,69.39735412597656,213.2841339111328,58.7635498046875
2017-08-31,36.58744812011719,23.968555450439453,32.87377166748047,125.81999969482422,87.00914764404297,137.6870880126953,69.39735412597656,214.56727600097656,59.10112380981445
2017-09-01,36.856773376464844,24.074796676635742,32.95235824584961,126.05999755859375,86.75311279296875,137.49880981445312,69.3825912475586,214.87069702148438,59.3050537109375
2017-09-05,36.375247955322266,23.883562088012695,32.71659851074219,127.45999908447266,87.35689544677734,136.2650604248047,69.44820404052734,213.32749938964844,59.14330291748047
2017-09-06,36.61193084716797,23.975635528564453,33.078102111816406,126.80999755859375,87.14759826660156,136.67942810058594,69.44001770019531,214.0557098388672,59.298030853271484
2017-09-07,36.88125991821289,24.18812370300293,33.345306396484375,128.1300048828125,87.52594757080078,136.9996337890625,69.48102569580078,214.0297393798828,59.677772521972656
2017-09-08,36.63641357421875,24.251869201660156,33.337440490722656,127.97000122070312,87.46154022216797,135.81297302246094,69.46464538574219,213.77830505371094,59.72700119018555
2017-09-11,37.126102447509766,24.40769386291504,33.675376892089844,126.19000244140625,86.96241760253906,137.3762969970703,69.39900207519531,216.05850219726562,60.275535583496094
2017-09-12,37.085296630859375,24.528104782104492,33.81684112548828,126.55999755859375,86.75311279296875,137.70599365234375,69.36615753173828,216.7867431640625,59.565242767333984
2017-09-13,36.8894157409668,24.33686637878418,33.61250686645508,125.61000061035156,86.57599639892578,137.89430236816406,69.34977722167969,216.89076232910156,59.410545349121094
2017-09-14,36.98735046386719,24.44310760498047,33.675376892089844,126.16000366210938,86.59207916259766,137.08438110351562,69.35797882080078,216.82138061523438,59.9028205871582
2017-09-15,37.20771789550781,24.457273483276367,33.77754211425781,125.52999877929688,86.69676971435547,137.55528259277344,69.34977722167969,217.11328125,60.01533889770508
2017-09-18,37.338294982910156,24.46436309814453,33.856136322021484,124.36000061035156,86.35865020751953,137.375,69.30876922607422,217.5750732421875,59.691837310791016
2017-09-19,37.41989517211914,24.591846466064453,34.021175384521484,124.62000274658203,86.26201629638672,137.6109619140625,69.3169937133789,217.7929229736328,59.298030853271484
2017-09-20,37.24851989746094,24.556432723999023,33.856136322021484,123.62000274658203,86.09294891357422,137.1862030029297,69.25952911376953,217.8712615966797,59.136260986328125
2017-09-21,37.24851989746094,24.58476448059082,33.87970733642578,122.68000030517578,85.98027801513672,136.34625244140625,69.24311828613281,217.28756713867188,59.023738861083984
2017-09-22,37.03632354736328,24.676847457885742,33.95044708251953,123.23999786376953,86.1331787109375,136.21408081054688,69.25952911376953,217.33111572265625,58.607418060302734
2017-09-25,36.407901763916016,24.528104782104492,33.58107376098633,124.52999877929688,86.39078521728516,134.7794647216797,69.30058288574219,216.8867950439453,58.948448181152344
2017-09-26,36.30996322631836,24.457273483276367,33.45533752441406,123.13999938964844,86.31837463378906,135.12869262695312,69.28416442871094,217.0174102783203,59.04790115356445
2017-09-27,36.179378509521484,24.478527069091797,33.58107376098633,121.9800033569336,85.8755874633789,136.34625244140625,69.27593994140625,217.86260986328125,58.51506423950195
2017-09-28,36.15489196777344,24.556432723999023,33.71467971801758,122.20999908447266,85.85950469970703,136.29908752441406,69.28416442871094,218.12396240234375,58.91292953491211
2017-09-29,36.57112121582031,24.68392562866211,34.04475021362305,121.58000183105469,85.75480651855469,137.28057861328125,69.26774597167969,218.89065551757812,59.03369903564453
2017-10-02,36.57928466796875,24.620180130004883,33.942596435546875,120.7699966430664,85.65727996826172,137.4033203125,69.31950378417969,219.84034729003906,58.948448181152344
2017-10-03,37.15874481201172,24.68392562866211,34.04475021362305,120.83000183105469,85.77819061279297,137.69589233398438,69.27842712402344,220.3108367919922,58.86317825317383
2017-10-04,37.15058135986328,24.705181121826172,33.871849060058594,121.16999816894531,85.75399017333984,137.82801818847656,69.40975189208984,220.57225036621094,59.16159439086914
2017-10-05,37.42807388305664,24.58476448059082,33.934722900390625,120.5199966430664,85.66535186767578,139.17770385742188,69.26201629638672,221.87916564941406,59.37472915649414
2017-10-06,37.24036407470703,24.549352645874023,33.934722900390625,121.08999633789062,85.56055450439453,139.36648559570312,69.23738861083984,221.62644958496094,59.18290328979492
2017-10-09,37.215877532958984,24.59893226623535,33.91901779174805,122.08000183105469,85.65727996826172,139.20603942871094,69.23738861083984,221.2605438232422,59.324989318847656
2017-10-10,37.583133697509766,24.903501510620117,34.22549819946289,122.4000015258789,85.68949890136719,139.30982971191406,69.25379180908203,221.8443145751953,59.50261688232422
2017-10-11,37.754520416259766,24.903501510620117,34.37482452392578,122.79000091552734,85.7862548828125,139.7251739501953,69.2455825805664,222.19281005859375,59.701560974121094
2017-10-12,37.738197326660156,24.960159301757812,34.272666931152344,122.88999938964844,85.86686706542969,139.47032165527344,69.23738861083984,221.8617401123047,60.085205078125
2017-10-13,38.080970764160156,25.038070678710938,34.26479721069336,123.81999969482422,86.15714263916016,140.00830078125,69.27842712402344,222.13180541992188,60.24151611328125
2017-10-16,38.05649185180664,24.95307159423828,34.201927185058594,122.97000122070312,86.01201629638672,140.48965454101562,69.2127685546875,222.42803955078125,59.943119049072266
2017-10-17,37.86062240600586,24.832672119140625,34.15476989746094,122.12999725341797,85.9797592163086,140.66897583007812,69.22093963623047,222.5848846435547,60.014156341552734
2017-10-18,37.95039749145508,24.86808204650879,34.3198127746582,121.66999816894531,85.76207733154297,140.49908447265625,69.19633483886719,222.80271911621094,59.950218200683594
2017-10-19,37.61578369140625,24.7547550201416,34.28837585449219,122.38999938964844,85.85072326660156,139.97996520996094,69.23738861083984,222.8636932373047,59.772605895996094
2017-10-20,37.754520416259766,24.776004791259766,34.099761962890625,121.61000061035156,85.49603271484375,140.35751342773438,69.19633483886719,224.0137939453125,59.43157196044922
2017-10-23,37.452552795410156,24.71225929260254,33.997589111328125,121.80000305175781,85.57662963867188,139.44198608398438,69.19633483886719,223.14248657226562,59.20423889160156
2017-10-24,37.452552795410156,24.648515701293945,34.18621063232422,121.33000183105469,85.31863403320312,139.677978515625,69.17992401123047,223.5345458984375,58.848976135253906
2017-10-25,37.370941162109375,24.66267967224121,34.15476989746094,121.3499984741211,85.18156433105469,139.14939880371094,69.1634750366211,222.42803955078125,58.678466796875
2017-10-26,37.1179313659668,24.54227066040039,34.131195068359375,120.33000183105469,85.06871795654297,138.70578002929688,69.1634750366211,222.71554565429688,58.1953125
2017-10-27,37.65658187866211,24.563518524169922,34.06046676635742,120.9000015258789,85.34281921386719,142.74545288085938,69.2127685546875,224.53648376464844,58.45820617675781
2017-10-30,37.41989517211914,24.64143180847168,34.26479721069336,121.12999725341797,85.64918518066406,143.0663299560547,69.2455825805664,223.7001190185547,58.40848159790039
2017-10-31,37.77084732055664,24.832672119140625,34.445556640625,120.66999816894531,85.59276580810547,143.6042938232422,69.20455932617188,224.0486297607422,58.40135955810547
2017-11-01,37.96672058105469,24.69809341430664,34.53199768066406,121.11000061035156,85.64443969726562,143.55709838867188,69.1946792602539,224.34490966796875,58.68556213378906
2017-11-02,38.015689849853516,24.676847457885742,34.66560363769531,121.19000244140625,85.75747680664062,143.28338623046875,69.21114349365234,224.43197631835938,59.18290328979492
2017-11-03,37.81980895996094,24.68392562866211,34.45341873168945,120.62000274658203,85.89476013183594,144.66139221191406,69.17005157470703,225.18133544921875,59.03369903564453
2017-11-06,38.24420166015625,24.839752197265625,34.42197799682617,121.6500015258789,85.99971771240234,145.1522216796875,69.21114349365234,225.5298309326172,59.43157196044922
2017-11-07,37.999366760253906,24.655593872070312,34.131195068359375,121.20999908447266,86.03205871582031,145.23716735839844,69.17825317382812,225.37303161621094,59.91469955444336
2017-11-08,38.17892074584961,24.64143180847168,34.19406509399414,121.62999725341797,85.92713165283203,145.8223114013672,69.17005157470703,225.7563018798828,60.213077545166016
2017-11-09,37.94223403930664,24.58476448059082,33.934722900390625,122.12999725341797,85.89476013183594,145.05780029296875,69.16181182861328,224.93734741210938,60.277042388916016
2017-11-10,37.77901077270508,24.53518295288086,33.8482780456543,121.12999725341797,85.45875549316406,145.04835510253906,69.1371841430664,224.8676300048828,60.340972900390625
2017-11-13,37.697391510009766,24.35103416442871,33.722537994384766,121.30999755859375,85.41829681396484,145.22767639160156,69.12892150878906,225.0767059326172,60.64647674560547
2017-11-14,37.444393157958984,24.372278213500977,33.871849060058594,121.55999755859375,85.53946685791016,144.6991424560547,69.14537048339844,224.553955078125,60.51860427856445
2017-11-15,37.24851989746094,24.251869201660156,33.71467971801758,121.41000366210938,85.84628295898438,144.0195770263672,69.12071990966797,223.4300079345703,59.9075927734375
2017-11-16,38.02384567260742,24.372278213500977,33.966163635253906,121.4000015258789,85.62832641601562,145.86004638671875,69.12892150878906,225.32937622070312,60.40492248535156
2017-11-17,38.21156311035156,24.393529891967773,33.79326629638672,122.86000061035156,85.74134826660156,145.30325317382812,69.08786010742188,224.667236328125,60.142059326171875
2017-11-20,38.40743637084961,24.43602752685547,33.76969528198242,121.30999755859375,85.60408782958984,145.18994140625,69.06320190429688,225.05059814453125,59.964439392089844
2017-11-21,38.921592712402344,24.528104782104492,33.966163635253906,121.51000213623047,85.62017059326172,146.76614379882812,69.0467529296875,226.52301025390625,60.41202926635742
2017-11-22,39.01953125,24.71225929260254,33.95829391479492,122.62999725341797,85.89476013183594,146.94554138183594,69.10430145263672,226.32273864746094,60.277042388916016
2017-11-24,38.93791198730469,24.761842727661133,34.445556640625,122.31999969482422,85.82209014892578,147.4834747314453,69.10430145263672,226.8453826904297,60.35518264770508
2017-11-27,38.36662673950195,24.620180130004883,34.249088287353516,122.83000183105469,85.87860870361328,147.4174041748047,69.10430145263672,226.7321319580078,60.07098388671875
2017-11-28,38.65227508544922,24.86808204650879,34.37482452392578,122.80999755859375,85.89476013183594,147.79498291015625,69.11251068115234,229.0323028564453,59.843650817871094
2017-11-29,38.04017639160156,24.811418533325195,34.29623031616211,122.04000091552734,85.62017059326172,145.21826171875,69.09609985351562,228.89292907714844,59.864959716796875
2017-11-30,37.62394332885742,24.804332733154297,34.35910415649414,121.0999984741211,85.3537368774414,146.43585205078125,69.05502319335938,230.8969268798828,59.957332611083984
2017-12-01,37.4117431640625,24.740589141845703,34.12333679199219,121.58999633789062,85.6691665649414,145.8129119873047,69.07064819335938,230.4176483154297,60.09943389892578
2017-12-04,37.485198974609375,24.66267967224121,34.17835235595703,121.18000030517578,85.62873840332031,144.1328887939453,69.02947998046875,230.13880920410156,59.80101776123047
2017-12-05,37.46071243286133,24.620180130004883,34.099761962890625,120.31999969482422,85.69342803955078,144.2272186279297,69.02127838134766,229.31117248535156,59.30367660522461
2017-12-06,36.954708099365234,24.58476448059082,34.03688430786133,120.06999969482422,85.871337890625,144.87847900390625,69.05416870117188,229.35467529296875,59.246829986572266
2017-12-07,37.06080627441406,24.648515701293945,34.17048645019531,118.48999786376953,85.7176742553711,145.36927795410156,69.0624008178711,230.07785034179688,59.39604949951172
2017-12-08,37.49335479736328,24.825584411621094,34.35124969482422,118.4800033569336,85.65293884277344,146.0110626220703,69.0624008178711,231.33253479003906,59.701560974121094
2017-12-11,37.68106460571289,24.910579681396484,34.32767105102539,118.01000213623047,85.5964126586914,147.14366149902344,69.02947998046875,232.029541015625,59.694454193115234
2017-12-12,37.42807388305664,24.981409072875977,34.280517578125,118.1500015258789,85.52359008789062,146.94554138183594,69.02947998046875,232.43893432617188,59.98573684692383
2017-12-13,37.87694549560547,25.123065948486328,34.22549819946289,119.16999816894531,85.871337890625,147.22865295410156,69.1034927368164,232.4129180908203,60.085205078125
2017-12-14,37.59946060180664,25.059324264526367,33.934722900390625,118.93000030517578,85.8390121459961,147.1248321533203,69.07882690429688,231.46319580078125,60.07098388671875
2017-12-15,37.68106460571289,25.016820907592773,33.97401809692383,119.18000030517578,85.82279968261719,148.79541015625,69.04597473144531,233.39065551757812,60.44755554199219
2017-12-18,38.10546112060547,25.293058395385742,34.437686920166016,119.7300033569336,85.62873840332031,150.04293823242188,69.04597473144531,234.87066650390625,60.845420837402344
2017-12-19,37.90413284301758,25.25048065185547,34.45427703857422,119.81999969482422,85.24052429199219,149.15382385253906,69.01303100585938,233.9686279296875,59.55233383178711
2017-12-20,37.9538459777832,25.243263244628906,34.272727966308594,120.13999938964844,84.98982238769531,148.99307250976562,69.02127838134766,233.84600830078125,58.86317825317383
2017-12-21,38.202392578125,25.409242630004883,34.34375762939453,120.30999755859375,85.04974365234375,149.0120086669922,69.01630401611328,234.32772827148438,58.63518524169922
2017-12-22,38.5255126953125,25.4958438873291,34.327972412109375,120.94000244140625,85.0821304321289,148.84170532226562,68.99166870117188,234.2664031982422,59.03922653198242
2017-12-26,38.49237060546875,25.488624572753906,34.3200798034668,121.7699966430664,85.11457061767578,148.0377960205078,68.9833984375,233.9861297607422,59.335025787353516
2017-12-27,38.591793060302734,25.589658737182617,34.327972412109375,122.2300033569336,85.4791030883789,148.0567169189453,69.01630401611328,234.1000213623047,59.52983474731445
2017-12-28,38.85690689086914,25.697904586791992,34.3200798034668,122.8499984741211,85.37373352050781,148.23643493652344,69.02457427978516,234.5817108154297,59.84727478027344
2017-12-29,39.0391845703125,25.849451065063477,34.24115753173828,123.6500015258789,85.51145935058594,147.31895446777344,69.04105377197266,233.69720458984375,59.86894989013672
2018-01-02,39.776554107666016,26.08759117126465,34.41481018066406,125.1500015258789,85.22795867919922,149.90109252929688,69.01630401611328,235.3698272705078,59.645267486572266
2018-01-03,40.157657623291016,26.04429054260254,34.59635543823242,124.81999969482422,85.31707000732422,151.3575439453125,69.01630401611328,236.8585205078125,59.472110748291016
2018-01-04,40.35650634765625,26.145328521728516,35.17255783081055,125.45999908447266,85.27655792236328,151.62240600585938,68.9833984375,237.85699462890625,58.44760513305664
2018-01-05,40.70448303222656,26.260791778564453,35.519866943359375,125.33000183105469,85.17127227783203,153.14517211914062,68.9833984375,239.44195556640625,58.47647476196289
2018-01-08,40.70448303222656,26.231922149658203,35.369895935058594,125.30999755859375,85.1307373046875,153.74098205566406,68.9833984375,239.8798370361328,58.77948760986328
2018-01-09,40.63820266723633,26.253564834594727,35.47250747680664,124.7300033569336,84.7257308959961,153.75050354003906,68.95872497558594,240.42269897460938,58.02193832397461
2018-01-10,40.381370544433594,26.224700927734375,35.322532653808594,125.02999877929688,84.70145416259766,153.39108276367188,68.9833984375,240.0548858642578,57.372589111328125
2018-01-11,40.62991714477539,26.39068603515625,35.56722640991211,125.44000244140625,84.75818634033203,154.44091796875,68.95872497558594,241.80642700195312,57.17778778076172
2018-01-12,41.01930618286133,26.780370712280273,36.08028793334961,126.95999908447266,84.70145416259766,155.57591247558594,68.95045471191406,243.3827667236328,56.716026306152344
2018-01-16,40.861907958984375,26.744298934936523,36.15922164916992,127.16999816894531,84.74195098876953,155.13137817382812,68.9422378540039,242.5508575439453,56.82426452636719
2018-01-17,41.400428771972656,26.874197006225586,36.30130386352539,126.13999938964844,84.5556411743164,156.805419921875,68.9175033569336,244.86276245117188,57.22107696533203
2018-01-18,41.450138092041016,26.874197006225586,36.36445617675781,125.86000061035156,84.28834533691406,156.83383178710938,68.90106201171875,244.451171875,56.48517608642578
2018-01-19,41.78981399536133,26.910274505615234,36.61703109741211,126.41999816894531,84.06966400146484,157.3256378173828,68.9257583618164,245.56338500976562,56.78818130493164
2018-01-22,42.030094146728516,27.141202926635742,36.87751388549805,126.6500015258789,84.03724670410156,159.00914001464844,68.8927993774414,247.55990600585938,57.30764389038086
2018-01-23,42.22893524169922,27.170066833496094,36.956443786621094,127.27999877929688,84.28023529052734,160.32382202148438,68.93399810791016,248.08535766601562,58.10130310058594
2018-01-24,42.5851936340332,27.29274559020996,36.96433639526367,128.8300018310547,84.11827850341797,159.283447265625,68.9175033569336,247.98912048339844,57.79827880859375
2018-01-25,42.560333251953125,27.112337112426758,36.87751388549805,127.97000122070312,84.30458068847656,159.22669982910156,68.90106201171875,248.09414672851562,57.697269439697266
2018-01-26,43.14856719970703,27.336044311523438,37.18534851074219,128.07000732421875,84.05345153808594,161.6668701171875,68.85990905761719,250.96652221679688,57.49525833129883
2018-01-29,42.49405288696289,27.04738426208496,36.83015060424805,127.3499984741211,83.84284973144531,160.88185119628906,68.83515930175781,249.30267333984375,56.72325897216797
2018-01-30,41.914100646972656,26.9174861907959,36.569679260253906,126.80000305175781,83.6484375,159.55767822265625,68.84347534179688,246.74557495117188,56.3120231628418
2018-01-31,42.27864074707031,26.816455841064453,36.64070510864258,127.6500015258789,83.67271423339844,160.2197723388672,68.84347534179688,246.8680877685547,57.32209396362305
2018-02-01,41.706966400146484,26.816455841064453,36.73543930053711,128.07000732421875,83.24113464355469,158.85791015625,68.81542205810547,246.587890625,56.088356018066406
2018-02-02,40.63820266723633,26.174192428588867,35.811920166015625,126.38999938964844,82.93286895751953,155.68942260742188,68.8235855102539,241.21975708007812,55.61217498779297
2018-02-05,39.21316909790039,24.92574119567871,34.33586883544922,126.70999908447266,83.61433410644531,149.5511016845703,68.9472427368164,231.13131713867188,53.95996856689453
2018-02-06,40.48907470703125,25.474191665649414,35.29885482788086,125.37999725341797,83.2492446899414,153.51402282714844,68.8978500366211,235.68511962890625,53.967166900634766
2018-02-07,39.21316909790039,25.21439552307129,34.651607513427734,124.79000091552734,83.00589752197266,151.52784729003906,68.84837341308594,234.40650939941406,53.736305236816406
2018-02-08,37.85441589355469,24.745325088500977,33.6728401184082,124.9800033569336,83.0788345336914,145.13417053222656,68.85662841796875,225.61415100097656,52.192317962646484
2018-02-09,38.4592399597168,24.738107681274414,33.814918518066406,124.7699966430664,82.93286895751953,147.64056396484375,68.91435241699219,229.00326538085938,53.49821090698242
2018-02-12,39.06403350830078,25.019550323486328,34.34375762939453,125.37000274658203,82.90850830078125,150.26046752929688,68.88133239746094,232.36610412597656,53.51985168457031
2018-02-13,39.362300872802734,25.06285285949707,34.24904251098633,126.08000183105469,83.04641723632812,151.03598022460938,68.88133239746094,232.94407653808594,53.89502716064453
2018-02-14,40.34822463989258,25.488624572753906,34.912086486816406,128.22999572753906,82.54341125488281,153.86395263671875,68.78239440917969,236.0879364013672,53.505435943603516
2018-02-15,41.17673110961914,25.726768493652344,35.10151672363281,128.3800048828125,82.56771850585938,156.72032165527344,68.75768280029297,239.10044860839844,54.02488708496094
2018-02-16,41.0441780090332,25.705121994018555,35.17255783081055,127.95999908447266,82.7624740600586,156.02047729492188,68.7741928100586,239.17047119140625,54.32070541381836
2018-02-20,40.48078536987305,25.43089485168457,34.80157470703125,126.23999786376953,82.67322540283203,156.33251953125,68.76593780517578,237.67300415039062,53.678592681884766
2018-02-21,40.44764709472656,25.35872459411621,34.659488677978516,125.66000366210938,82.42982482910156,155.8880157470703,68.7741928100586,236.49070739746094,52.618011474609375
2018-02-22,40.47249984741211,25.409242630004883,34.83314895629883,126.30000305175781,82.54341125488281,155.86911010742188,68.78239440917969,236.79718017578125,53.21684265136719
2018-02-23,41.19330596923828,25.625732421875,35.06205749511719,126.13999938964844,82.85980224609375,159.0564422607422,68.7989501953125,240.57168579101562,54.068180084228516
2018-02-26,41.57441711425781,25.784496307373047,35.28306198120117,126.44999694824219,82.95719909667969,161.16561889648438,68.80715942382812,243.36524963378906,54.21969223022461
2018-02-27,40.364784240722656,25.394807815551758,34.66738510131836,125.12999725341797,82.69755554199219,159.16995239257812,68.75768280029297,240.3264923095703,52.95709228515625
2018-02-28,39.78483963012695,25.019550323486328,34.446380615234375,125.0,82.89226531982422,158.14846801757812,68.7741928100586,237.8919677734375,52.9210205078125
2018-03-01,39.71027755737305,24.745325088500977,34.05170822143555,124.72000122070312,83.24897766113281,155.56642150878906,68.8698959350586,234.43280029296875,52.97151565551758
2018-03-02,39.875972747802734,24.803058624267578,34.10696029663086,125.38999938964844,82.9402084350586,156.99461364746094,68.83688354492188,235.64126586914062,52.94987487792969
2018-03-05,39.9339714050293,24.96903419494629,34.312191009521484,125.18000030517578,82.83455657958984,158.73489379882812,68.83688354492188,238.3648223876953,53.54872512817383
2018-03-06,40.30680847167969,25.091718673706055,34.54899215698242,126.52999877929688,82.82644653320312,159.40638732910156,68.82039642333984,238.96910095214844,53.80123519897461
2018-03-07,40.34822463989258,25.08449935913086,34.730533599853516,125.72000122070312,82.82644653320312,159.77528381347656,68.82039642333984,238.88150024414062,54.13310623168945
2018-03-08,40.35650634765625,25.127798080444336,34.7463264465332,125.41999816894531,82.9970932006836,160.65487670898438,68.83688354492188,240.03750610351562,54.234127044677734
2018-03-09,41.218162536621094,25.30821418762207,34.88050842285156,125.54000091552734,82.81829833984375,163.77609252929688,68.80384826660156,244.21470642089844,54.52993392944336
2018-03-12,41.31758499145508,25.272127151489258,34.96733474731445,125.54000091552734,83.01335906982422,164.64613342285156,68.83688354492188,243.90821838378906,54.76803207397461
2018-03-13,40.94475555419922,25.06285285949707,34.63581466674805,125.77999877929688,83.1514892578125,162.40463256835938,68.85335540771484,242.3319091796875,54.818538665771484
2018-03-14,41.01103591918945,25.120576858520508,34.73843002319336,125.69999694824219,83.31402587890625,162.37623596191406,68.84516143798828,241.08836364746094,54.86903381347656
2018-03-15,40.861907958984375,25.098934173583984,34.730533599853516,124.9000015258789,83.28147888183594,162.23439025878906,68.85335540771484,240.82559204101562,54.85462188720703
2018-03-16,40.77076721191406,25.15666389465332,34.76211166381836,124.5999984741211,83.18399047851562,161.7520294189453,68.82039642333984,241.08677673339844,55.236995697021484
2018-03-19,40.33165740966797,24.990690231323242,34.59635543823242,124.87000274658203,83.10271453857422,158.3008575439453,68.82039642333984,237.82479858398438,54.76081085205078
2018-03-20,40.7790412902832,24.954608917236328,34.54899215698242,124.30999755859375,82.9402084350586,158.82188415527344,68.79564666748047,238.229248046875,54.573219299316406
2018-03-21,41.01930618286133,25.02676773071289,34.54109191894531,126.4800033569336,82.9970932006836,158.13034057617188,68.84516143798828,237.77198791503906,54.169189453125
2018-03-22,39.652278900146484,24.572132110595703,33.79912567138672,125.9800033569336,83.33840942382812,154.22732543945312,68.878173828125,231.828369140625,53.85175323486328
2018-03-23,38.84862518310547,24.478317260742188,33.467613220214844,127.61000061035156,83.4521713256836,150.16319274902344,68.89461517333984,226.88706970214844,52.89215850830078
2018-03-26,40.10795593261719,24.983470916748047,34.14642333984375,128.27999877929688,83.22461700439453,155.7429656982422,68.86164093017578,233.0944366455078,53.49391174316406
2018-03-27,39.37887191772461,24.788623809814453,33.74386978149414,127.48999786376953,83.69591522216797,150.703125,68.91116333007812,229.129150390625,53.697872161865234
2018-03-28,39.180030822753906,24.96903419494629,33.89385223388672,125.7300033569336,83.67964935302734,148.9695281982422,68.91942596435547,228.4521942138672,55.045616149902344
2018-03-29,40.000247955322266,25.077287673950195,34.21747970581055,125.79000091552734,83.85028839111328,151.69784545898438,68.94413757324219,231.37120056152344,54.98005294799805
2018-04-02,39.27944564819336,24.810277938842773,33.74386978149414,127.26000213623047,83.9357681274414,147.3211212158203,68.96397399902344,226.3771514892578,54.23696517944336
2018-04-03,39.668846130371094,25.0123348236084,34.02802276611328,126.30000305175781,83.66716003417969,148.97901916503906,68.93090057373047,229.27859497070312,54.695926666259766
2018-04-04,39.6854248046875,25.279346466064453,34.12274932861328,126.44999694824219,83.61831665039062,151.3284149169922,68.88961791992188,231.73171997070312,55.27145004272461
2018-04-05,39.78483963012695,25.524707794189453,34.446380615234375,125.80000305175781,83.40672302246094,152.19049072265625,68.90613555908203,233.56051635742188,55.249610900878906
2018-04-06,39.006046295166016,25.45254135131836,34.33586883544922,126.38999938964844,83.77301788330078,148.38217163085938,68.96397399902344,228.35545349121094,54.8343391418457
2018-04-09,39.0474739074707,25.63295555114746,34.61213684082031,126.81999969482422,83.78923797607422,149.4242706298828,68.95573425292969,229.48086547851562,54.65949630737305
2018-04-10,39.8096923828125,26.022647857666016,35.022586822509766,127.12000274658203,83.64273834228516,152.7209930419922,68.92269134521484,233.12962341308594,54.60122299194336
2018-04-11,39.826263427734375,25.979347229003906,34.81736373901367,128.11000061035156,83.72411346435547,151.8399658203125,68.92269134521484,231.90750122070312,54.717777252197266
2018-04-12,39.8096923828125,26.159765243530273,35.006797790527344,126.62000274658203,83.4229736328125,153.6683349609375,68.88133239746094,233.8154754638672,54.10585021972656
2018-04-13,39.412017822265625,26.1814022064209,35.0936279296875,127.44999694824219,83.49624633789062,152.87257385253906,68.8648452758789,233.12962341308594,54.38996505737305
2018-04-16,39.461727142333984,26.1164608001709,35.18834686279297,127.62999725341797,83.45555114746094,154.03781127929688,68.85661315917969,235.04637145996094,54.72507858276367
2018-04-17,39.54457092285156,26.166973114013672,35.49618148803711,127.75,83.50437927246094,157.35350036621094,68.85661315917969,237.56097412109375,55.36615753173828
2018-04-18,39.88426971435547,26.34738540649414,35.64616394042969,127.8499984741211,83.17880249023438,157.67559814453125,68.79877471923828,237.7368927001953,55.249610900878906
2018-04-19,39.652278900146484,26.246355056762695,35.51197814941406,127.5999984741211,82.95086669921875,156.22616577148438,68.79877471923828,236.41799926757812,54.44823455810547
2018-04-20,39.155174255371094,26.174192428588867,35.35410690307617,126.62999725341797,82.67417907714844,153.75360107421875,68.77400970458984,234.41331481933594,53.945587158203125
2018-04-23,38.8403434753418,26.159765243530273,35.26728439331055,125.62000274658203,82.59271240234375,153.36517333984375,68.76570129394531,234.378173828125,53.90187072753906
2018-04-24,38.658077239990234,26.10923957824707,35.0936279296875,126.2300033569336,82.49502563476562,150.11582946777344,68.78224182128906,231.22174072265625,54.10585021972656
2018-04-25,38.35981369018555,26.04429054260254,34.96733474731445,125.41000366210938,82.31600952148438,150.29580688476562,68.77400970458984,231.793212890625,54.00385284423828
2018-04-26,38.914913177490234,26.246355056762695,35.07783889770508,124.97000122070312,82.55204772949219,153.45993041992188,68.79049682617188,234.14959716796875,54.71049499511719
2018-04-27,39.155174255371094,26.224700927734375,35.18834686279297,125.5,82.69041442871094,153.55462646484375,68.80702209472656,234.369384765625,55.6502685546875
2018-04-30,38.87348937988281,26.159765243530273,34.99101638793945,124.58999633789062,82.77996826171875,152.4652099609375,68.78224182128906,232.5669403076172,55.43171691894531
2018-05-01,38.682926177978516,26.029857635498047,34.888404846191406,123.70999908447266,82.65027618408203,154.20835876464844,68.75166320800781,232.980224609375,55.93439483642578
2018-05-02,38.37638473510742,25.892745971679688,34.975223541259766,123.6500015258789,82.6666030883789,153.29888916015625,68.77648162841797,231.41522216796875,55.73040008544922
2018-05-03,38.29352951049805,25.96491241455078,35.06205749511719,124.27999877929688,82.87864685058594,153.27992248535156,68.82611083984375,230.9051513671875,55.69397735595703
2018-05-04,38.46751403808594,26.029857635498047,35.15676498413086,124.54000091552734,82.88677215576172,156.18829345703125,68.80126953125,233.89459228515625,56.30591583251953
2018-05-07,38.243812561035156,26.051504135131836,35.1409912109375,124.56999969482422,82.84596252441406,157.48609924316406,68.80126953125,234.68589782714844,56.684730529785156
2018-05-08,38.4592399597168,26.03707504272461,35.06205749511719,124.58999633789062,82.70738220214844,157.3251190185547,68.8095474243164,234.68589782714844,56.4006233215332
2018-05-09,38.53379440307617,26.44841957092285,35.0936279296875,124.33000183105469,82.51978302001953,159.0397491455078,68.77648162841797,236.95433044433594,56.77945327758789
2018-05-10,39.33745574951172,26.498931884765625,35.369895935058594,125.18000030517578,82.69103240966797,160.6881103515625,68.77648162841797,239.1700439453125,57.22383499145508
2018-05-11,39.27116775512695,26.535017013549805,35.3935661315918,125.0,82.69922637939453,160.53656005859375,68.77648162841797,239.89979553222656,57.02714157104492
2018-05-14,39.32087707519531,26.585527420043945,35.40147018432617,124.48999786376953,82.51978302001953,160.8113250732422,68.77648162841797,240.01412963867188,56.53904342651367
2018-05-15,38.50893783569336,26.513364791870117,35.1409912109375,122.4800033569336,82.0631103515625,159.0302734375,68.73513793945312,238.361083984375,55.62112808227539
2018-05-16,39.08890151977539,26.614395141601562,35.038368225097656,122.29000091552734,81.89185333251953,160.08181762695312,68.73513793945312,239.3634490966797,55.45356750488281
2018-05-17,38.49237060546875,26.758731842041016,35.125205993652344,122.36000061035156,81.84293365478516,159.4661102294922,68.75166320800781,239.1612548828125,55.176761627197266
2018-05-18,38.169246673583984,26.65769386291504,34.96733474731445,122.41000366210938,82.16097259521484,158.641845703125,68.7846908569336,238.5634002685547,55.249610900878906
2018-05-21,38.4012336730957,26.866973876953125,35.20413589477539,122.4800033569336,82.2180404663086,159.53236389160156,68.7846908569336,240.35691833496094,55.905235290527344
2018-05-22,38.53379440307617,26.888622283935547,35.22782516479492,122.41000366210938,82.18544006347656,159.323974609375,68.7846908569336,239.6887664794922,55.98537826538086
2018-05-23,38.51722717285156,26.527793884277344,34.69895935058594,122.54000091552734,82.56056213378906,160.66921997070312,68.84261322021484,240.34812927246094,56.546321868896484
2018-05-24,38.310096740722656,26.36903190612793,34.59635543823242,123.58999633789062,82.77261352539062,160.62181091308594,68.88395690917969,239.85581970214844,56.42977523803711
2018-05-25,38.46751403808594,26.130897521972656,34.28062438964844,123.20999908447266,83.09882354736328,160.7829132080078,68.94188690185547,239.28431701660156,56.62646484375
2018-05-29,37.57273483276367,25.690690994262695,33.11241149902344,123.19000244140625,83.99581909179688,160.07232666015625,69.14034271240234,236.53233337402344,56.8959846496582
2018-05-30,37.8709831237793,26.094810485839844,33.814918518066406,123.37000274658203,83.63703918457031,161.2187042236328,69.05762481689453,239.6887664794922,57.66823959350586
2018-05-31,37.85441589355469,26.000993728637695,33.73598098754883,123.0999984741211,83.59622955322266,161.114501953125,69.02458190917969,238.220458984375,57.47153091430664
2018-06-01,38.384666442871094,26.174192428588867,33.95699691772461,122.48999786376953,83.28736114501953,163.6438751220703,68.97154998779297,240.55926513671875,57.72650909423828
2018-06-04,38.774070739746094,26.159765243530273,34.13064956665039,122.37000274658203,82.99321746826172,165.12173461914062,68.91360473632812,241.70225524902344,58.229156494140625
2018-06-05,38.475799560546875,26.145328521728516,34.09907531738281,122.8499984741211,83.20565795898438,165.6332550048828,68.95500183105469,241.87811279296875,58.076171875
2018-06-06,39.05575180053711,26.39068603515625,34.50162887573242,122.91999816894531,82.87066650390625,166.59957885742188,68.93017578125,243.9003143310547,58.21459197998047
2018-06-07,38.4592399597168,26.253564834594727,34.19379425048828,122.86000061035156,83.22200012207031,165.24481201171875,68.99640655517578,243.87388610839844,58.21459197998047
2018-06-08,38.384666442871094,26.289655685424805,34.24904251098633,123.01000213623047,83.107666015625,165.2543487548828,68.97982788085938,244.594970703125,58.42588424682617
2018-06-11,38.384666442871094,26.43398666381836,34.61213684082031,123.2300033569336,83.02589416503906,165.6995849609375,68.95500183105469,244.92019653320312,58.33845138549805
2018-06-12,38.28523635864258,26.246355056762695,34.38322067260742,122.81999969482422,82.97688293457031,166.5711669921875,68.92186737060547,245.23675537109375,58.6881217956543
2018-06-13,38.028404235839844,26.217491149902344,34.517417907714844,123.19000244140625,82.87883758544922,166.56167602539062,68.88871765136719,244.45425415039062,57.54437255859375
2018-06-14,37.771568298339844,26.29686737060547,34.47005081176758,123.37999725341797,83.14031982421875,168.2479248046875,68.91360473632812,245.06968688964844,58.09075164794922
2018-06-15,37.47331237792969,25.950485229492188,34.3674430847168,121.33999633789062,83.20565795898438,167.6605682373047,68.94670104980469,244.75698852539062,58.054344177246094
2018-06-18,37.017635345458984,25.82058334350586,33.98857498168945,121.11000061035156,83.24652862548828,167.563720703125,68.96330261230469,244.2536163330078,58.07050323486328
2018-06-19,36.6090087890625,25.64772605895996,33.6942253112793,120.80000305175781,83.4671401977539,167.0890350341797,68.98810577392578,243.31747436523438,58.011688232421875
2018-06-20,36.76746368408203,25.662504196166992,33.597198486328125,120.26000213623047,83.1974868774414,168.27577209472656,68.95500183105469,243.73252868652344,58.6587028503418
2018-06-21,36.250431060791016,25.49260139465332,33.2495002746582,120.05000305175781,83.41812133789062,166.81375122070312,68.99640655517578,242.20462036132812,58.93810272216797
2018-06-22,36.62569046020508,25.91366195678711,33.60529327392578,120.33999633789062,83.43447875976562,166.4435272216797,69.00469970703125,242.6462860107422,59.401309967041016
2018-06-25,36.13368606567383,25.381793975830078,33.192909240722656,119.88999938964844,83.54887390136719,162.69346618652344,69.02955627441406,239.3431396484375,59.24691390991211
2018-06-26,35.991905212402344,25.470439910888672,33.09587478637695,119.26000213623047,83.58971405029297,163.35801696777344,69.02955627441406,239.87307739257812,59.43807601928711
2018-06-27,35.299766540527344,25.307924270629883,32.77243423461914,118.58000183105469,83.90838623046875,161.136474609375,69.07091522216797,237.8859100341797,59.21015548706055
2018-06-28,35.59996795654297,25.485214233398438,32.78860855102539,118.22000122070312,83.8266830444336,162.52255249023438,69.07091522216797,239.24603271484375,59.73952865600586
2018-06-29,36.13368606567383,25.69205093383789,33.160552978515625,118.6500015258789,83.76126098632812,162.9592742919922,69.0544204711914,239.59042358398438,59.8865852355957
2018-07-02,35.775089263916016,25.389183044433594,32.990760803222656,117.45999908447266,83.70401763916016,164.05105590820312,69.04608154296875,240.1026611328125,59.555721282958984
2018-07-03,35.80010986328125,25.470439910888672,33.11204147338867,118.6500015258789,83.91683959960938,162.15235900878906,69.07099914550781,239.2548828125,60.004234313964844
2018-07-05,35.7083740234375,25.743755340576172,33.70232391357422,119.05000305175781,83.92504119873047,164.16497802734375,69.06266784667969,241.2066192626953,60.71743392944336
2018-07-06,36.20038986206055,25.817626953125,33.90446472167969,118.86000061035156,83.99869537353516,166.7188262939453,69.0792465209961,243.24688720703125,61.04094696044922
2018-07-09,36.85084915161133,26.03923797607422,34.098533630371094,119.1500015258789,83.78582000732422,168.21881103515625,69.03783416748047,245.43711853027344,60.55568313598633
2018-07-10,36.76746368408203,26.076169967651367,34.19556427001953,118.93000030517578,83.72038269042969,168.34219360351562,69.0295181274414,246.3203582763672,60.68065643310547
2018-07-11,36.05028533935547,25.5738582611084,33.58911895751953,117.63999938964844,83.8922348022461,167.48779296875,69.05438995361328,244.5186309814453,60.482139587402344
2018-07-12,36.542301177978516,25.861948013305664,33.84786605834961,118.12999725341797,83.85952758789062,170.3738555908203,69.04608154296875,246.7353515625,60.66594696044922
2018-07-13,36.56731414794922,25.891496658325195,33.928733825683594,117.61000061035156,83.99869537353516,170.5162811279297,69.06266784667969,246.92970275878906,60.482139587402344
2018-07-16,36.3671760559082,25.72898292541504,33.99341583251953,117.55000305175781,83.85952758789062,170.10806274414062,69.04608154296875,246.70889282226562,60.158626556396484
2018-07-17,36.634037017822266,25.603404998779297,34.074275970458984,116.27999877929688,83.81041717529297,171.1428985595703,69.03783416748047,247.70689392089844,59.76157760620117
2018-07-18,36.59233856201172,25.5886287689209,34.090450286865234,116.30999755859375,83.74492645263672,170.82008361816406,69.0295181274414,248.22801208496094,59.49689865112305
2018-07-19,36.14201736450195,25.477827072143555,33.94489288330078,115.80999755859375,83.9741439819336,169.96568298339844,69.06266784667969,247.29180908203125,60.19538497924805
2018-07-20,36.65904998779297,25.699438095092773,34.02576446533203,116.55999755859375,83.679443359375,169.92770385742188,69.06266784667969,247.00912475585938,59.61452865600586
2018-07-23,36.417213439941406,25.59601593017578,33.97724914550781,116.0,83.2701644897461,170.4687957763672,69.0212173461914,247.4684295654297,59.48956298828125
2018-07-24,36.95092010498047,25.847179412841797,34.1308708190918,116.04000091552734,83.32746124267578,171.1713104248047,69.0295181274414,248.71371459960938,59.18810272216797
2018-07-25,37.551334381103516,25.884111404418945,34.438140869140625,116.68000030517578,83.2701644897461,173.5637969970703,69.00455474853516,250.83334350585938,59.65864181518555
2018-07-26,37.134376525878906,25.640338897705078,34.17939376831055,115.7699966430664,83.18006896972656,170.93402099609375,69.00455474853516,250.24168395996094,59.857173919677734
2018-07-27,37.26780319213867,25.69205093383789,34.29258728027344,115.83000183105469,83.31102752685547,168.6270294189453,69.01290130615234,248.54588317871094,59.21750259399414
2018-07-30,37.209434509277344,25.751142501831055,34.35728454589844,115.6500015258789,83.20464324951172,166.24411010742188,69.01290130615234,247.2476348876953,59.2542724609375
2018-07-31,37.409576416015625,25.935821533203125,34.42197036743164,115.98999786376953,83.31925201416016,167.51625061035156,69.01290130615234,248.46636962890625,60.246856689453125
2018-08-01,37.07600402832031,25.610790252685547,34.21982192993164,115.13999938964844,83.1224136352539,168.15231323242188,69.01957702636719,248.05128479003906,60.67330551147461
2018-08-02,36.58399200439453,25.330081939697266,33.90446472167969,114.5199966430664,83.22084045410156,170.44029235839844,69.06112670898438,249.40264892578125,60.430667877197266
2018-08-03,36.867530822753906,25.477827072143555,33.94489288330078,114.91999816894531,83.43413543701172,170.96246337890625,69.06941986083984,250.47122192382812,61.08504867553711
2018-08-06,36.58399200439453,25.293149948120117,33.79126739501953,114.33000183105469,83.4750747680664,171.96881103515625,69.08601379394531,251.38978576660156,61.00416946411133
2018-08-07,36.959251403808594,25.49260139465332,34.074275970458984,114.58999633789062,83.30284881591797,172.59536743164062,69.06112670898438,252.21995544433594,60.893890380859375
2018-08-08,36.90922546386719,25.544313430786133,33.985321044921875,114.91000366210938,83.37667846679688,172.8042755126953,69.06941986083984,252.11395263671875,60.540958404541016
2018-08-09,36.800811767578125,25.49260139465332,33.823612213134766,114.73999786376953,83.60633850097656,172.69984436035156,69.1109390258789,251.76956176757812,60.57037353515625
2018-08-10,36.016929626464844,25.093698501586914,32.853302001953125,114.69000244140625,83.96721649169922,171.3802490234375,69.1774673461914,250.08258056640625,60.10716247558594
2018-08-13,35.42484664916992,25.012441635131836,32.7481689453125,112.95999908447266,83.94261932373047,171.1903076171875,69.16081237792969,249.1465606689453,59.98950958251953
2018-08-14,35.64167022705078,24.901639938354492,32.74009704589844,113.06999969482422,83.86060333251953,172.2630615234375,69.16081237792969,250.73622131347656,60.28363037109375
2018-08-15,34.615943908691406,24.451030731201172,32.09321594238281,111.19000244140625,84.06564331054688,170.15554809570312,69.19403839111328,248.8638916015625,60.746829986572266
2018-08-16,34.832759857177734,24.643089294433594,32.343875885009766,111.0999984741211,84.04106140136719,170.7156524658203,69.1774673461914,250.87753295898438,61.239479064941406
2018-08-17,35.19968795776367,24.75389862060547,32.554115295410156,112.12999725341797,84.0738754272461,170.75364685058594,69.20237731933594,251.76058959960938,61.80560302734375
2018-08-20,35.35813903808594,24.931188583374023,32.796695709228516,112.69000244140625,84.3363265991211,170.60171508789062,69.24392700195312,252.29949951171875,61.849727630615234
2018-08-21,35.80845642089844,25.012441635131836,33.2818489074707,113.0199966430664,84.22149658203125,171.22828674316406,69.22731018066406,252.8911590576172,61.47474670410156
2018-08-22,36.091983795166016,25.130634307861328,33.42740249633789,113.2699966430664,84.37735748291016,171.89288330078125,69.24392700195312,252.74105834960938,61.12916564941406
2018-08-23,35.50824737548828,24.8277645111084,33.22524642944336,112.19999694824219,84.36913299560547,171.64602661132812,69.23560333251953,252.405517578125,60.974761962890625
2018-08-24,36.167030334472656,24.990283966064453,33.58102798461914,114.16000366210938,84.3937759399414,173.24099731445312,69.24392700195312,253.92454528808594,61.33503341674805
2018-08-27,36.684059143066406,25.307924270629883,34.05000686645508,114.58999633789062,84.20513153076172,175.0067901611328,69.21900939941406,255.92933654785156,61.11445999145508
2018-08-28,36.550636291503906,25.182348251342773,34.058101654052734,113.68000030517578,84.01643371582031,175.26316833496094,69.19403839111328,256.0530090332031,61.93794631958008
2018-08-29,36.77579116821289,25.344858169555664,34.17131423950195,114.19999694824219,83.99183654785156,177.2853240966797,69.18575286865234,257.4307556152344,61.9526481628418
2018-08-30,35.81678771972656,25.08631706237793,33.77510070800781,113.63999938964844,84.147705078125,176.97203063964844,69.23560333251953,256.38861083984375,61.555606842041016
2018-08-31,36.0002555847168,24.7982177734375,33.33036422729492,113.51000213623047,84.16409301757812,177.19985961914062,69.25225067138672,256.3974304199219,61.798240661621094
2018-09-04,35.299766540527344,24.62831687927246,33.03118896484375,112.93000030517578,83.97181701660156,176.44036865234375,69.23639678955078,255.95587158203125,61.062992095947266
2018-09-05,34.791072845458984,24.554447174072266,32.70774841308594,113.31999969482422,83.96356201171875,174.16188049316406,69.23639678955078,255.26698303222656,61.41591262817383
2018-09-06,34.824424743652344,24.391935348510742,32.5460319519043,113.54000091552734,84.13616180419922,172.60491943359375,69.26140594482422,254.4985809326172,61.59237289428711
2018-09-07,34.6493034362793,24.222030639648438,32.246849060058594,113.2300033569336,83.75809478759766,171.94032287597656,69.18649291992188,254.00401306152344,60.92330551147461
2018-09-10,34.30739974975586,24.391935348510742,32.610713958740234,113.1500015258789,83.8073959350586,172.51942443847656,69.19475555419922,254.445556640625,61.19535827636719
2018-09-11,34.38245391845703,24.38454818725586,32.65114212036133,113.22000122070312,83.5032958984375,173.84854125976562,69.15318298339844,255.28457641601562,61.187992095947266
2018-09-12,34.55756759643555,24.502737045288086,32.70774841308594,114.16999816894531,83.60195922851562,173.3358917236328,69.15318298339844,255.346435546875,61.217411041259766
2018-09-13,35.024559020996094,24.583995819091797,33.04735565185547,113.76000213623047,83.59370422363281,175.18719482421875,69.16153717041016,256.856689453125,61.51886749267578
2018-09-14,34.9912109375,24.583995819091797,32.9503288269043,113.0199966430664,83.4375228881836,174.6745147705078,69.13655853271484,256.9008483886719,61.12916564941406
2018-09-17,34.67432403564453,24.613540649414062,33.00693130493164,113.61000061035156,83.45397186279297,172.15869140625,69.1198959350586,255.54078674316406,61.32769012451172
2018-09-18,35.00788116455078,24.724353790283203,33.22524642944336,113.44000244140625,83.10879516601562,173.5827178955078,69.11161804199219,256.9273986816406,61.03359603881836
2018-09-19,35.4915657043457,24.849924087524414,33.33036422729492,113.87999725341797,82.96908569335938,173.4498291015625,69.09492492675781,257.2011413574219,60.320396423339844
2018-09-20,35.883506774902344,25.248825073242188,33.94489288330078,114.2699966430664,82.9773178100586,175.36756896972656,69.1198959350586,259.2854919433594,60.88653564453125
2018-09-21,36.05028533935547,25.22666358947754,33.94489288330078,113.48999786376953,83.0101547241211,174.40869140625,69.10322570800781,259.04852294921875,60.864479064941406
2018-09-24,35.64167022705078,25.189729690551758,33.79126739501953,113.47000122070312,82.91976165771484,174.8937530517578,69.10322570800781,258.18804931640625,59.77149963378906
2018-09-25,35.783424377441406,25.426115036010742,33.888301849365234,113.6500015258789,82.83760070800781,175.13148498535156,69.11161804199219,257.9484558105469,59.77894973754883
2018-09-26,35.85848617553711,25.426115036010742,33.864044189453125,113.05000305175781,83.10879516601562,175.2551727294922,69.1198959350586,257.1766357421875,59.06321334838867
2018-09-27,36.033607482910156,25.44827651977539,33.6861457824707,112.05000305175781,83.10879516601562,176.73890686035156,69.1198959350586,257.8951721191406,59.34650421142578
2018-09-28,35.791770935058594,25.20450782775879,33.160552978515625,112.76000213623047,83.14991760253906,176.70077514648438,69.15318298339844,257.921875,60.151737213134766
2018-10-01,35.80010986328125,25.182348251342773,33.160552978515625,112.56999969482422,82.93909454345703,177.06216430664062,69.13400268554688,258.8179016113281,59.59254455566406
2018-10-02,35.349796295166016,25.04937744140625,32.94224166870117,113.87000274658203,83.15320587158203,176.66278076171875,69.15904998779297,258.6671142578125,59.45835494995117
2018-10-03,35.05792999267578,25.152795791625977,33.04735565185547,113.41999816894531,82.53555297851562,176.8529815673828,69.12570190429688,258.8090515136719,58.82462692260742
2018-10-04,34.182315826416016,24.931188583374023,32.62689208984375,113.4800033569336,82.32142639160156,173.4575958251953,69.10901641845703,256.7862548828125,58.332557678222656
2018-10-05,34.057220458984375,24.7686710357666,32.35196304321289,113.80000305175781,82.12373352050781,171.3367156982422,69.10066986083984,255.34906005859375,58.302734375
2018-10-08,34.10725402832031,24.554447174072266,32.06087112426758,112.54000091552734,82.15670013427734,170.29052734375,69.0840072631836,255.34906005859375,59.14521789550781
2018-10-09,33.9821662902832,24.554447174072266,31.99618911743164,112.5999984741211,82.31319427490234,170.84213256835938,69.10901641845703,254.97654724121094,59.227230072021484
2018-10-10,32.97312545776367,24.199871063232422,31.26035499572754,112.87999725341797,82.35433197021484,163.32862854003906,69.12570190429688,246.90298461914062,58.34748077392578
2018-10-11,32.639556884765625,23.823135375976562,30.985441207885742,115.77999877929688,82.69200897216797,161.3028564453125,69.15068054199219,241.464599609375,56.677406311035156
2018-10-12,33.59856414794922,23.874847412109375,31.02585792541504,115.2300033569336,82.5931625366211,165.79193115234375,69.15068054199219,244.81809997558594,56.52830123901367
2018-10-15,33.239990234375,23.874847412109375,31.074382781982422,116.0,82.6425552368164,163.78517150878906,69.17569732666016,243.4429931640625,56.908531188964844
2018-10-16,34.07390213012695,24.126001358032227,31.68890953063965,115.80000305175781,82.63436889648438,168.55003356933594,69.15068054199219,248.76608276367188,58.079071044921875
2018-10-17,33.65694046020508,23.96348762512207,31.333127975463867,115.79000091552734,82.3955307006836,168.6166229248047,69.15068054199219,248.81044006347656,57.85540771484375
2018-10-18,32.77298355102539,23.59413719177246,30.71051597595215,115.91999816894531,82.54375457763672,164.7076873779297,69.19241333007812,245.2173614501953,57.74356460571289
2018-10-19,33.0815315246582,23.800973892211914,30.904577255249023,116.01000213623047,82.44493103027344,164.55557250976562,69.15068054199219,245.08432006835938,58.243106842041016
2018-10-22,33.44011688232422,23.66061782836914,30.64582633972168,115.70999908447266,82.46138000488281,165.40200805664062,69.13400268554688,243.9842071533203,57.4304313659668
2018-10-23,33.07319259643555,23.557199478149414,30.41132926940918,116.38999938964844,82.67550659179688,164.7932891845703,69.17569732666016,242.74215698242188,57.683937072753906
2018-10-24,32.00578308105469,23.003171920776367,29.46527671813965,116.66000366210938,83.1202621459961,157.25125122070312,69.28410339355469,235.38742065429688,58.22817611694336
2018-10-25,32.62287902832031,23.19523811340332,29.950435638427734,116.4000015258789,82.922607421875,162.69143676757812,69.25904846191406,239.6103515625,58.973751068115234
2018-10-26,32.24760818481445,23.047496795654297,29.829143524169922,116.7699966430664,83.29319763183594,158.50668334960938,69.30076599121094,235.39622497558594,57.55717849731445
2018-10-29,31.688892364501953,23.062271118164062,29.84531021118164,116.30999755859375,83.28495788574219,155.24449157714844,69.32575225830078,234.09210205078125,58.28782272338867
2018-10-30,32.30599594116211,23.246944427490234,30.047466278076172,115.80000305175781,83.1037826538086,157.80288696289062,69.29242706298828,237.56100463867188,59.08556365966797
2018-10-31,32.6562385559082,23.498104095458984,30.21726417541504,115.1500015258789,82.89791107177734,161.5120849609375,69.25904846191406,240.09837341308594,58.392208099365234
2018-11-01,33.823726654052734,23.96348762512207,30.694334030151367,116.62999725341797,82.96886444091797,163.64248657226562,69.2974853515625,242.65342712402344,58.668052673339844
2018-11-02,34.04054641723633,23.830516815185547,30.823715209960938,116.6500015258789,82.50666809082031,161.0936279296875,69.21395111083984,241.21615600585938,58.183441162109375
2018-11-05,34.13227844238281,23.96348762512207,30.74285316467285,116.37000274658203,82.55620574951172,160.69415283203125,69.23898315429688,242.54696655273438,59.048282623291016
2018-11-06,34.07390213012695,23.94870948791504,30.856061935424805,116.04000091552734,82.46539306640625,161.91152954101562,69.22234344482422,244.08177185058594,59.34650421142578
2018-11-07,34.71601486206055,24.303293228149414,31.252273559570312,116.02999877929688,82.46539306640625,166.9902801513672,69.19725799560547,249.3072967529297,60.05479049682617
2018-11-08,33.81538009643555,24.111225128173828,30.77519989013672,115.77999877929688,82.34988403320312,165.92506408691406,69.1889419555664,248.85482788085938,60.09953689575195
2018-11-09,33.18994903564453,23.919166564941406,30.694334030151367,114.4800033569336,82.6717300415039,163.12890625,69.22234344482422,246.4240264892578,60.09205627441406
2018-11-12,32.722957611083984,23.48332977294922,30.00702667236328,113.66000366210938,82.91932678222656,158.19281005859375,69.27239990234375,241.81951904296875,60.21135711669922
2018-11-13,33.09821701049805,23.63106918334961,30.265785217285156,113.69999694824219,82.98536682128906,158.32603454589844,69.28082275390625,241.3670654296875,60.151737213134766
2018-11-14,33.29835510253906,23.682781219482422,30.451765060424805,114.63999938964844,83.15863037109375,157.1180877685547,69.33088684082031,239.71682739257812,60.00261688232422
2018-11-15,34.04054641723633,23.54242515563965,30.516456604003906,114.7699966430664,83.21646118164062,159.86671447753906,69.3642807006836,242.21873474121094,59.59254455566406
2018-11-16,34.10725402832031,23.424232482910156,30.5245361328125,115.62000274658203,83.4723129272461,159.3055877685547,69.41439819335938,242.8486328125,60.23373031616211
2018-11-19,33.64860534667969,23.342975616455078,30.201091766357422,115.66999816894531,83.59608459472656,154.13169860839844,69.47286987304688,238.74095153808594,60.315738677978516
2018-11-20,32.923091888427734,23.010560989379883,29.570384979248047,115.66999816894531,83.5796127319336,151.37359619140625,69.45612335205078,234.32275390625,59.696929931640625
2018-11-21,33.5318489074707,23.394685745239258,29.950435638427734,115.86000061035156,83.5631103515625,152.52439880371094,69.45612335205078,235.12118530273438,59.74911880493164
2018-11-23,33.13990783691406,23.10659408569336,29.70785140991211,115.7699966430664,83.61257934570312,151.4211883544922,69.4394760131836,233.55093383789062,59.62983322143555
2018-11-26,33.54853057861328,23.48332977294922,30.176841735839844,115.63999938964844,83.54656982421875,154.92105102539062,69.44783782958984,237.3214569091797,59.741668701171875
2018-11-27,33.78202819824219,23.298654556274414,30.03129005432129,114.94999694824219,83.62911224365234,155.4441375732422,69.45612335205078,238.11993408203125,59.995155334472656
2018-11-28,34.59092712402344,23.601520538330078,30.451765060424805,115.37999725341797,83.6208267211914,160.44688415527344,69.48114776611328,243.6027069091797,60.531951904296875
2018-11-29,34.29072189331055,23.402070999145508,30.330469131469727,115.73999786376953,83.83547973632812,159.9237518310547,69.49791717529297,243.07041931152344,60.54685592651367
2018-11-30,34.25736618041992,23.217391967773438,30.112152099609375,115.54000091552734,84.00048828125,161.0840606689453,69.5229721069336,244.55201721191406,61.12095260620117
2018-12-03,34.94951629638672,23.439008712768555,30.492189407348633,116.41000366210938,84.18414306640625,163.89932250976562,69.46607971191406,247.7902069091797,61.44898986816406
2018-12-04,34.20732116699219,22.93669319152832,29.691675186157227,117.12000274658203,84.57281494140625,157.61265563964844,69.51627349853516,239.76119995117188,60.53940963745117
2018-12-06,33.89044189453125,22.567338943481445,29.343984603881836,117.13999938964844,84.78783416748047,158.72540283203125,69.58319854736328,239.39747619628906,62.03798294067383
2018-12-07,33.25667190551758,22.38266372680664,28.988203048706055,118.08999633789062,85.03595733642578,153.48495483398438,69.65845489501953,233.83477783203125,61.22533416748047
2018-12-10,32.906410217285156,22.11673355102539,28.794137954711914,117.68000030517578,85.08560180664062,155.09230041503906,69.65845489501953,234.27842712402344,60.83018112182617
2018-12-11,33.156585693359375,22.183218002319336,28.89117431640625,117.54000091552734,84.87052917480469,155.60592651367188,69.5915756225586,234.33164978027344,60.85999298095703
2018-12-12,33.69864273071289,22.567338943481445,29.432926177978516,117.79000091552734,84.63898468017578,156.97540283203125,69.58319854736328,235.51158142089844,59.92060089111328
2018-12-13,33.690303802490234,22.559955596923828,29.38441276550293,117.52999877929688,84.68860626220703,157.02297973632812,69.65009307861328,235.43174743652344,60.266902923583984
2018-12-14,33.2149543762207,22.257081985473633,28.947769165039062,117.05999755859375,84.82093048095703,153.1996612548828,69.6919174194336,231.08456420898438,60.093379974365234
2018-12-17,32.906410217285156,22.050249099731445,28.72136116027832,117.87000274658203,85.06904602050781,149.72821044921875,69.75886535644531,226.55104064941406,57.8299446105957
2018-12-18,33.12987518310547,22.00269317626953,28.78803062438965,118.1500015258789,85.27876281738281,150.6697998046875,69.79991912841797,226.3026580810547,58.42599868774414
2018-12-19,32.57969665527344,21.919668197631836,28.56039810180664,117.43000030517578,85.57703399658203,146.9700927734375,69.81670379638672,222.91358947753906,57.784706115722656
2018-12-20,32.83361053466797,21.934762954711914,28.40592384338379,119.23999786376953,85.46932220458984,144.8396759033203,69.80828094482422,219.2850341796875,56.91706085205078
2018-12-21,32.60507583618164,21.753610610961914,28.00755500793457,118.72000122070312,85.54393005371094,140.3506317138672,69.8585433959961,214.7919921875,56.12485885620117
2018-12-24,32.30035400390625,21.55735969543457,27.519760131835938,120.0199966430664,85.75940704345703,136.87014770507812,69.91717529296875,209.11654663085938,54.12553024291992
2018-12-26,32.943660736083984,22.09327507019043,28.275842666625977,119.66000366210938,85.35330963134766,145.41622924804688,69.85017395019531,219.68214416503906,55.93626022338867
2018-12-27,32.90133285522461,21.889476776123047,28.267717361450195,120.56999969482422,85.56879425048828,145.9789581298828,69.92554473876953,221.3686981201172,55.92870330810547
2018-12-28,33.214515686035156,22.176301956176758,28.373401641845703,121.05999755859375,86.03289794921875,145.90269470214844,70.026123046875,221.08319091796875,56.10977554321289
2018-12-31,33.062156677246094,22.153661727905273,28.503480911254883,121.25,86.3561019897461,147.133056640625,70.0512466430664,223.01954650878906,56.26066207885742
2019-01-02,33.14680099487305,22.13856315612793,28.36526870727539,121.33000183105469,86.53840637207031,147.72438049316406,70.05960083007812,223.25157165527344,55.03843688964844
2019-01-03,32.54582595825195,22.00269317626953,28.04007911682129,122.43000030517578,87.22625732421875,142.89817810058594,70.2020034790039,217.9241485595703,55.4232063293457
2019-01-04,33.595420837402344,22.614086151123047,28.90997886657715,121.44000244140625,86.52186584472656,149.0120849609375,70.0512466430664,225.22369384765625,56.07205581665039
2019-01-07,33.671600341796875,22.614086151123047,29.048189163208008,121.86000061035156,86.28148651123047,150.78610229492188,70.00096893310547,226.99949645996094,56.622825622558594
2019-01-08,33.79857635498047,22.749958038330078,29.251432418823242,121.52999877929688,86.06600952148438,152.15003967285156,69.95906066894531,229.1322479248047,57.792232513427734
2019-01-09,34.399539947509766,22.96885108947754,29.666065216064453,122.30999755859375,86.11573028564453,153.38998413085938,69.99259185791016,230.20310974121094,57.709251403808594
2019-01-10,34.64501190185547,23.06697654724121,29.64980697631836,121.58999633789062,86.07429504394531,153.8287353515625,70.00096893310547,231.01516723632812,58.4939079284668
2019-01-11,34.4757194519043,23.074525833129883,29.414033889770508,121.80000305175781,86.33125305175781,153.26602172851562,70.04287719726562,231.10440063476562,58.65988540649414
2019-01-14,34.18793487548828,22.923561096191406,29.316478729248047,122.08999633789062,86.28148651123047,151.9115753173828,70.04287719726562,229.6944122314453,58.46370315551758
2019-01-15,34.42494201660156,23.036785125732422,29.316478729248047,121.87999725341797,86.1986083984375,154.8778839111328,70.06795501708984,232.32693481445312,59.02202606201172
2019-01-16,34.8481559753418,22.96885108947754,29.373382568359375,122.2699966430664,86.14891052246094,154.84927368164062,70.0512466430664,232.88909912109375,59.43697738647461
2019-01-17,35.00052261352539,23.15755844116211,29.43842315673828,122.11000061035156,85.99142456054688,156.0701904296875,70.04287719726562,234.65597534179688,59.72368621826172
2019-01-18,35.1698112487793,23.368900299072266,29.853044509887695,121.0199966430664,85.71792602539062,157.61526489257812,69.98422241210938,237.779296875,59.92738342285156
2019-01-22,34.56037139892578,23.097166061401367,29.454683303833008,121.44999694824219,86.01630401611328,154.45822143554688,70.04287719726562,234.56675720214844,59.74631881713867
2019-01-23,34.91587448120117,23.263225555419922,29.682323455810547,121.27999877929688,85.97491455078125,154.65855407714844,70.026123046875,235.0575714111328,59.753841400146484
2019-01-24,35.25446319580078,23.165103912353516,29.739234924316406,121.08999633789062,86.24838256835938,155.66000366210938,70.0847396850586,235.18251037597656,59.95756530761719
2019-01-25,35.720008850097656,23.323610305786133,30.202634811401367,122.86000061035156,86.04944610595703,157.5199737548828,70.03445434570312,237.17245483398438,60.704490661621094
2019-01-28,35.347564697265625,23.15755844116211,30.121339797973633,123.29000091552734,86.07429504394531,155.5741729736328,70.04287719726562,235.36990356445312,61.3005256652832
2019-01-29,35.406822204589844,23.316064834594727,30.202634811401367,123.9800033569336,86.32295227050781,154.10531616210938,70.07637023925781,235.0575714111328,61.78339767456055
2019-01-30,36.17708206176758,23.625537872314453,30.503435134887695,124.69000244140625,86.52186584472656,158.02540588378906,70.16851806640625,238.77871704101562,62.28132247924805
2019-01-31,36.481807708740234,23.768953323364258,30.365230560302734,124.75,86.91967010498047,160.39085388183594,70.22716522216797,240.87576293945312,62.930179595947266
2019-02-01,36.194000244140625,23.851978302001953,30.389617919921875,124.5,86.45453643798828,159.71359252929688,70.1448974609375,240.99168395996094,62.530303955078125
2019-02-04,36.25326156616211,23.919910430908203,30.47092056274414,123.95999908447266,86.26353454589844,161.6976318359375,70.1448974609375,242.68728637695312,62.99806213378906
2019-02-05,36.752662658691406,24.131256103515625,30.763595581054688,124.27999877929688,86.41300964355469,163.1282501220703,70.1448974609375,243.70455932617188,63.3602180480957
2019-02-06,36.25326156616211,24.04068374633789,30.674165725708008,123.44000244140625,86.4794921875,162.64181518554688,70.17849731445312,243.38327026367188,62.94527053833008
2019-02-07,35.88928985595703,23.935007095336914,30.056304931640625,123.73999786376953,86.76184844970703,160.45762634277344,70.22883605957031,241.06320190429688,63.46585464477539
2019-02-08,35.68614196777344,23.919910430908203,29.869304656982422,124.20999908447266,86.87812805175781,160.77236938476562,70.25405883789062,241.3576202392578,63.46585464477539
2019-02-11,35.56764221191406,23.776498794555664,29.869304656982422,123.5999984741211,86.7452621459961,160.61978149414062,70.22883605957031,241.4915313720703,63.63935470581055
2019-02-12,35.863887786865234,23.950103759765625,30.275806427001953,123.86000061035156,86.62898254394531,162.99473571777344,70.2204360961914,244.59693908691406,63.239498138427734
2019-02-13,35.609962463378906,24.00293731689453,30.235151290893555,123.37000274658203,86.41300964355469,163.10919189453125,70.17008209228516,245.39109802246094,63.563934326171875
2019-02-14,35.677677154541016,24.00293731689453,30.145732879638672,124.05999755859375,86.81999969482422,163.3094940185547,70.26240539550781,244.8467559814453,63.76762390136719
2019-02-15,35.626888275146484,24.319961547851562,30.722949981689453,124.80000305175781,86.73693084716797,163.9962158203125,70.22883605957031,247.51495361328125,64.19766998291016
2019-02-19,35.906219482421875,24.44827651977539,30.836767196655273,126.69999694824219,86.88643646240234,164.3205108642578,70.27920532226562,247.9432373046875,64.18257141113281
2019-02-20,36.109371185302734,24.58414077758789,30.99123764038086,126.4800033569336,86.86980438232422,164.2918701171875,70.27079772949219,248.4430694580078,63.7827262878418
2019-02-21,36.03319549560547,24.42563819885254,30.901805877685547,125.05000305175781,86.61236572265625,163.69102478027344,70.24560546875,247.55953979492188,63.84306335449219
2019-02-22,36.43101119995117,24.50111198425293,30.99123764038086,125.5,86.86980438232422,164.90232849121094,70.2959976196289,249.09446716308594,64.2203140258789
2019-02-25,36.837310791015625,24.51620864868164,31.064403533935547,125.37000274658203,86.73693084716797,165.5032196044922,70.28758239746094,249.43356323242188,63.71479797363281
2019-02-26,36.71033477783203,24.727556228637695,31.259525299072266,125.58000183105469,86.99439239501953,165.6748809814453,70.32113647460938,249.25506591796875,63.518646240234375
2019-02-27,36.397159576416016,24.697368621826172,31.137575149536133,124.69000244140625,86.68708038330078,165.5699920654297,70.3043441772461,249.14804077148438,63.20177459716797
2019-02-28,35.92313766479492,24.58414077758789,31.316442489624023,123.98999786376953,86.46284484863281,165.18849182128906,70.28758239746094,248.6839141845703,63.36776351928711
2019-03-01,35.9654655456543,24.629432678222656,31.592849731445312,121.87999725341797,86.17913055419922,166.3330078125,70.2404556274414,250.2366943359375,63.171607971191406
2019-03-04,36.01624298095703,24.569046020507812,31.43837547302246,121.55999755859375,86.4454116821289,166.36166381835938,70.25732421875,249.3264617919922,63.45830154418945
2019-03-05,36.37175750732422,24.704914093017578,31.41398811340332,121.72000122070312,86.49532318115234,166.48565673828125,70.26570892333984,248.98727416992188,63.6318244934082
2019-03-06,36.16861343383789,24.735107421875,31.348957061767578,121.61000061035156,86.73662567138672,165.54135131835938,70.316162109375,247.47918701171875,63.33757781982422
2019-03-07,35.49992370605469,24.470922470092773,30.796127319335938,121.51000213623047,87.02784729003906,163.50978088378906,70.3750228881836,245.40899658203125,63.20177459716797
2019-03-08,35.2459831237793,24.3727970123291,30.87741470336914,122.83999633789062,87.15267181396484,163.26182556152344,70.40023040771484,244.9180908203125,63.26967239379883
2019-03-11,35.906219482421875,24.58414077758789,31.121315002441406,122.23999786376953,87.08610534667969,166.65733337402344,70.38345336914062,248.46983337402344,64.19766998291016
2019-03-12,36.092430114746094,24.538850784301758,31.145706176757812,122.9800033569336,87.327392578125,167.572998046875,70.40867614746094,249.40682983398438,64.4919204711914
2019-03-13,36.1347541809082,24.878520965576172,31.4221248626709,123.83999633789062,87.29415130615234,168.8319854736328,70.41706085205078,251.05767822265625,64.80879974365234
2019-03-14,35.9400749206543,24.961551666259766,31.5440673828125,122.41000366210938,87.16929626464844,168.54586791992188,70.43385314941406,250.89695739746094,64.90687561035156
2019-03-15,36.46487808227539,25.225730895996094,31.926172256469727,122.97000122070312,87.44389343261719,170.11007690429688,70.45909881591797,252.13650512695312,64.70317077636719
2019-03-18,36.87117004394531,25.361595153808594,32.05625534057617,123.04000091552734,87.327392578125,170.5152130126953,70.44231414794922,253.05079650878906,64.37873840332031
2019-03-19,36.888092041015625,25.4144344329834,32.235111236572266,123.37999725341797,87.26918029785156,171.08853149414062,70.43385314941406,253.113525390625,64.18257141113281
2019-03-20,36.94734191894531,25.31631088256836,32.21885299682617,124.18000030517578,87.87655639648438,171.76690673828125,70.5347900390625,252.35166931152344,64.37873840332031
2019-03-21,36.99811935424805,25.271018981933594,32.096900939941406,123.68000030517578,87.8349609375,174.45201110839844,70.5347900390625,255.2018585205078,65.52554321289062
2019-03-22,35.91468048095703,24.878520965576172,31.161970138549805,123.97000122070312,88.4839859008789,170.62033081054688,70.6524887084961,250.29017639160156,65.05023193359375
2019-03-25,35.999324798583984,24.840782165527344,31.18635368347168,124.91999816894531,88.70864868164062,170.2954559326172,70.7281723022461,250.10206604003906,65.13320922851562
2019-03-26,36.109371185302734,24.954002380371094,31.267656326293945,124.30000305175781,88.63377380371094,171.08853149414062,70.71975708007812,251.96632385253906,65.65379333496094
2019-03-27,35.720008850097656,25.021934509277344,31.3408260345459,123.6500015258789,88.89173889160156,169.9896697998047,70.7785873413086,250.64874267578125,65.46516418457031
2019-03-28,35.957008361816406,24.863420486450195,31.18635368347168,121.9000015258789,88.9000473022461,170.38145446777344,70.77021789550781,251.5988006591797,66.10041809082031
2019-03-29,36.32944107055664,24.916257858276367,31.381467819213867,122.01000213623047,88.75859069824219,171.67140197753906,70.7281723022461,253.185302734375,66.03963470458984
2019-04-01,36.93041229248047,25.24837875366211,31.796106338500977,121.52999877929688,88.1482925415039,173.9456329345703,70.65573120117188,256.1878662109375,66.00164031982422
2019-04-02,36.811912536621094,25.391788482666016,31.901792526245117,121.9800033569336,88.29834747314453,174.60491943359375,70.6894302368164,256.3133239746094,66.46515655517578
2019-04-03,37.06584930419922,25.54275131225586,32.235111236572266,121.80000305175781,88.0232162475586,175.6082305908203,70.65573120117188,256.7166748046875,66.3891830444336
2019-04-04,37.294395446777344,25.452178955078125,32.226985931396484,122.11000061035156,88.11488342285156,175.5413055419922,70.67256927490234,257.3978271484375,66.28279876708984
2019-04-05,37.58218002319336,25.51255989074707,32.32454299926758,121.9800033569336,88.15657806396484,176.44911193847656,70.66414642333984,258.6437072753906,66.7463150024414
2019-04-08,37.58218002319336,25.557849884033203,32.32454299926758,122.51000213623047,88.01482391357422,176.89820861816406,70.64730072021484,258.8408203125,66.37397003173828
2019-04-09,37.506004333496094,25.4144344329834,32.1131706237793,123.1500015258789,88.17328643798828,176.27708435058594,70.65573120117188,257.514404296875,66.0244369506836
2019-04-10,37.683753967285156,25.497461318969727,32.25137710571289,123.52999877929688,88.3817138671875,177.22308349609375,70.71469116210938,258.3927307128906,66.63233947753906
2019-04-11,37.27745819091797,25.46727180480957,32.3164176940918,121.94999694824219,88.18164825439453,176.8026123046875,70.67256927490234,258.32110595703125,66.58673095703125
2019-04-12,37.54832458496094,25.61823081970215,32.657867431640625,121.83000183105469,87.7730484008789,177.56712341308594,70.63043975830078,260.06878662109375,66.9058837890625
2019-04-15,37.35363006591797,25.60313606262207,32.674129486083984,121.5999984741211,87.8897705078125,177.5957489013672,70.63883209228516,259.8985900878906,66.5639419555664
2019-04-16,37.632965087890625,25.56539535522461,32.73103332519531,120.51000213623047,87.58964538574219,178.20724487304688,70.63043975830078,260.06878662109375,65.0594253540039
2019-04-17,37.743003845214844,25.610681533813477,32.958675384521484,120.27999877929688,87.60630798339844,178.8283233642578,70.65573120117188,259.4324645996094,64.46672058105469
2019-04-18,37.71760940551758,25.52010726928711,32.86924743652344,120.37000274658203,87.81475830078125,179.05767822265625,70.67256927490234,259.9432373046875,64.96062469482422
2019-04-22,37.47214126586914,25.550296783447266,32.93428421020508,120.37000274658203,87.68963623046875,179.5641632080078,70.68095397949219,260.16741943359375,64.24636840820312
2019-04-23,37.556793212890625,25.557849884033203,32.852989196777344,120.12000274658203,87.84809112548828,181.84786987304688,70.71469116210938,262.5066833496094,65.09738159179688
2019-04-24,37.048912048339844,25.354049682617188,32.592830657958984,120.47000122070312,88.18164825439453,181.27450561523438,70.75682830810547,261.924072265625,65.57612609863281
2019-04-25,36.99811935424805,25.26347541809082,32.50339889526367,120.56999969482422,88.07323455810547,182.0102996826172,70.75682830810547,261.76275634765625,65.43933868408203
2019-04-26,37.14202880859375,25.301218032836914,32.56843948364258,121.37000274658203,88.30669403076172,182.1727294921875,70.83261108398438,262.98175048828125,65.95604705810547
2019-04-29,37.21821212768555,25.354049682617188,32.77168655395508,120.83000183105469,88.12324523925781,182.52626037597656,70.80736541748047,263.3940734863281,65.31016540527344
2019-04-30,37.18435287475586,25.482364654541016,32.95054626464844,121.19999694824219,88.29834747314453,181.11207580566406,70.85791778564453,263.5285339355469,65.93324279785156
2019-05-01,36.9050178527832,25.195537567138672,32.73917007446289,120.4000015258789,88.25823211669922,180.5292510986328,70.7953872680664,261.5476379394531,65.98645782470703
2019-05-02,36.98966979980469,25.16534423828125,32.58469772338867,119.94000244140625,88.00758361816406,179.7456817626953,70.76171112060547,260.9830017089844,66.05484008789062
2019-05-03,37.42981719970703,25.56539535522461,32.86924743652344,120.6500015258789,88.12454986572266,182.61228942871094,70.78703308105469,263.5374755859375,66.61715698242188
2019-05-06,36.659549713134766,25.354049682617188,32.50339889526367,120.80999755859375,88.35012817382812,181.49432373046875,70.82921600341797,262.452880859375,66.4043960571289
2019-05-07,35.9400749206543,24.855876922607422,31.853010177612305,121.20999908447266,88.65089416503906,177.95884704589844,70.86297607421875,258.07000732421875,65.20378112792969
2019-05-08,35.88928985595703,24.8709716796875,32.040000915527344,120.91000366210938,88.48381805419922,177.50975036621094,70.85452270507812,257.7115478515625,65.13538360595703
2019-05-09,35.32217025756836,24.81813621520996,31.82862663269043,121.19999694824219,88.71773529052734,176.55419921875,70.8967514038086,256.9317932128906,65.30256652832031
2019-05-10,35.53377914428711,24.90871238708496,32.05625534057617,121.43000030517578,88.65926361083984,176.77395629882812,70.9135971069336,258.22235107421875,66.00164031982422
2019-05-13,34.348758697509766,24.42563819885254,31.251399993896484,122.66999816894531,89.10205078125,170.63946533203125,70.99799346923828,251.73321533203125,65.93324279785156
2019-05-14,34.83123016357422,24.644533157348633,31.592849731445312,122.45999908447266,89.01851654052734,172.51226806640625,70.99799346923828,254.00979614257812,66.1764144897461
2019-05-15,34.898956298828125,24.697368621826172,31.77984046936035,122.38999938964844,89.3025894165039,174.94888305664062,71.04865264892578,255.49766540527344,66.62472534179688
2019-05-16,34.72966384887695,24.833234786987305,32.08064270019531,121.51000213623047,89.12712860107422,176.7070770263672,71.00640106201172,257.864013671875,66.89067840576172
2019-05-17,34.10329055786133,24.66717529296875,31.877397537231445,120.6500015258789,89.16889953613281,174.901123046875,71.02332305908203,256.1967468261719,66.76148986816406
2019-05-20,33.959388732910156,24.5539493560791,31.57659912109375,120.63999938964844,89.01851654052734,171.94851684570312,70.98954010009766,254.5028839111328,65.7964859008789
2019-05-21,34.39107894897461,24.689817428588867,31.787973403930664,120.36000061035156,88.91828155517578,173.74493408203125,70.955810546875,256.7973327636719,66.35877990722656
2019-05-22,34.22178649902344,24.493568420410156,31.682281494140625,120.23999786376953,89.18556213378906,172.97093200683594,70.98954010009766,256.008544921875,66.55633544921875
2019-05-23,33.78163528442383,24.18409538269043,31.27578353881836,121.16999816894531,89.7286376953125,170.32412719726562,71.11618041992188,252.8805694580078,66.70829772949219
2019-05-24,33.81549835205078,24.455827713012695,31.592849731445312,121.30000305175781,89.70355987548828,170.2381134033203,71.09088134765625,253.4541473388672,66.9134750366211
2019-05-28,33.933990478515625,24.21428871154785,31.30017852783203,120.83000183105469,90.0962905883789,169.597900390625,71.14991760253906,251.09686279296875,66.25239562988281
2019-05-29,34.15407943725586,24.018035888671875,30.983104705810547,120.87000274658203,90.06282043457031,168.20281982421875,71.15836334228516,249.41188049316406,65.3709487915039
2019-05-30,34.34029006958008,24.1010684967041,31.153837203979492,121.69000244140625,90.388671875,168.90994262695312,71.21741485595703,250.09310913085938,65.64449310302734
2019-05-31,34.45879364013672,23.919910430908203,30.828636169433594,123.33000183105469,90.990234375,166.2152862548828,71.36937713623047,246.72296142578125,66.0244369506836
2019-06-03,34.77198028564453,23.972745895385742,31.0562744140625,125.11000061035156,91.42796325683594,162.55560302734375,71.50386047363281,246.09555053710938,66.18400573730469
2019-06-04,34.8481559753418,24.252029418945312,31.57659912109375,125.1500015258789,91.09318542480469,167.1326446533203,71.45306396484375,251.4374542236328,65.88768005371094
2019-06-05,34.5688362121582,24.229381561279297,31.51968002319336,125.47000122070312,91.09318542480469,168.37481689453125,71.48692321777344,253.61544799804688,67.26300811767578
2019-06-06,34.58576202392578,24.42563819885254,31.62537384033203,125.87999725341797,91.0764389038086,169.71258544921875,71.44461059570312,255.26463317871094,67.3921890258789
2019-06-07,34.85662841796875,24.720008850097656,32.08064270019531,126.58999633789062,91.43640899658203,172.9900665283203,71.5207748413086,257.8190612792969,67.64293670654297
2019-06-10,35.22059631347656,24.757749557495117,32.145687103271484,125.33000183105469,90.98434448242188,175.00619506835938,71.45306396484375,259.0022277832031,67.42257690429688
2019-06-11,35.618431091308594,24.886066436767578,32.37332534790039,125.18000030517578,90.98434448242188,175.2451171875,71.42772674560547,258.9394226074219,67.60494995117188
2019-06-12,35.23752975463867,24.697368621826172,32.10503005981445,125.83000183105469,91.21869659423828,174.2322540283203,71.48692321777344,258.4824523925781,67.8329086303711
2019-06-13,35.178279876708984,24.727556228637695,32.121299743652344,126.5999984741211,91.44469451904297,175.26425170898438,71.56304168701172,259.5488586425781,68.1216812133789
2019-06-14,34.788902282714844,24.51620864868164,31.853010177612305,126.55999755859375,91.51170349121094,174.51890563964844,71.53768920898438,259.2621765136719,68.15963745117188
2019-06-17,34.92622375488281,24.44654083251953,31.837148666381836,126.4800033569336,91.49495697021484,175.5699920654297,71.50386047363281,259.3607482910156,68.88912963867188
2019-06-18,35.77059555053711,24.740703582763672,32.41312026977539,127.12000274658203,91.67074584960938,178.12127685546875,71.51232147216797,262.0765380859375,68.82073974609375
2019-06-19,36.06911087036133,24.818117141723633,32.555023193359375,127.88999938964844,91.92191314697266,178.7901611328125,71.66451263427734,262.6680603027344,69.19306182861328
2019-06-20,36.59790802001953,24.99616241455078,32.872230529785156,131.11000061035156,92.07255554199219,180.4527587890625,71.69832611083984,265.1777038574219,69.5425796508789
2019-06-21,36.47850799560547,24.887788772583008,32.8638801574707,131.97999572753906,91.69586944580078,180.1852569580078,71.66451263427734,264.7921447753906,68.56239318847656
2019-06-24,36.42732620239258,24.96520233154297,32.91396713256836,133.94000244140625,92.01396179199219,180.19097900390625,71.70680236816406,264.4679870605469,68.3268051147461
2019-06-25,36.05204772949219,24.864561080932617,32.663543701171875,134.1999969482422,92.15626525878906,177.09776306152344,71.72369384765625,261.8741149902344,67.31622314453125
2019-06-26,36.393218994140625,24.887788772583008,32.73032760620117,132.97000122070312,91.77957153320312,177.92132568359375,71.63916015625,261.6128845214844,65.97125244140625
2019-06-27,36.649078369140625,24.84134292602539,32.763710021972656,132.83999633789062,92.05580139160156,178.60125732421875,71.69832611083984,262.5405578613281,66.82051086425781
2019-06-28,36.59790802001953,25.019384384155273,33.022483825683594,133.1999969482422,92.09767150878906,178.83116149902344,71.69832611083984,263.8916320800781,67.05064392089844
2019-07-01,37.03288650512695,25.14324188232422,33.09760665893555,130.6199951171875,91.98197937011719,181.24440002441406,71.65261840820312,266.2873229980469,67.01995849609375
2019-07-02,36.93906021118164,25.236133575439453,33.11430358886719,133.41000366210938,92.30901336669922,181.96261596679688,71.69495391845703,266.980712890625,68.18607330322266
2019-07-03,36.8708381652832,25.375476837158203,33.464900970458984,133.6300048828125,92.48509979248047,183.33209228515625,71.7118911743164,269.1153564453125,68.999267578125
2019-07-05,36.614967346191406,25.0967960357666,33.18943786621094,132.13999938964844,91.89810180664062,182.9586181640625,71.56787872314453,268.80908203125,68.75379180908203
2019-07-08,36.393218994140625,25.02712631225586,32.98074722290039,131.2899932861328,91.80590057373047,181.67529296875,71.53396606445312,267.3321228027344,68.999267578125
2019-07-09,36.28234100341797,24.895524978637695,32.88058090209961,131.75,91.7471694946289,182.5851287841797,71.50852966308594,267.6654052734375,69.22941589355469
2019-07-10,36.589385986328125,24.972938537597656,32.9724006652832,133.8300018310547,91.79749298095703,184.4046173095703,71.63567352294922,268.9442138671875,69.62834167480469
2019-07-11,36.52114486694336,24.980680465698242,32.92231750488281,132.6999969482422,91.34463500976562,184.27056884765625,71.60173034667969,269.57464599609375,68.72309112548828
2019-07-12,36.54673385620117,24.972938537597656,32.99744415283203,133.52999877929688,91.44529724121094,185.33352661132812,71.61022186279297,270.78155517578125,68.63102722167969
2019-07-15,36.68319320678711,24.95745849609375,33.05587387084961,133.52999877929688,91.6381607055664,185.9272918701172,71.62718963623047,270.8715515136719,68.57732391357422
2019-07-16,36.63202667236328,24.818117141723633,33.005794525146484,132.39999389648438,91.4369125366211,184.9696502685547,71.60173034667969,269.9980163574219,68.41622924804688
2019-07-17,36.52114486694336,24.771669387817383,32.84718704223633,134.5800018310547,91.86458587646484,184.0598602294922,71.66954040527344,268.1606140136719,68.18607330322266
2019-07-18,36.74290466308594,24.895524978637695,32.9306640625,136.47999572753906,92.09099578857422,184.27056884765625,71.7542724609375,269.1423034667969,68.18607330322266
2019-07-19,36.555259704589844,24.856822967529297,32.663543701171875,134.47000122070312,91.92327117919922,182.92025756835938,71.67803192138672,267.6473083496094,67.07368469238281
2019-07-22,36.56379699707031,24.849079132080078,32.805450439453125,134.4499969482422,91.96517181396484,184.3759002685547,71.68651580810547,268.3047180175781,67.01226043701172
2019-07-23,36.6064338684082,24.94197654724121,33.08926010131836,133.69000244140625,91.81425476074219,185.58251953125,71.66954040527344,270.22320556640625,67.77179718017578
2019-07-24,36.66614532470703,24.849079132080078,33.164390563964844,134.3699951171875,91.94841003417969,186.8849334716797,71.68651580810547,271.4930725097656,67.82550811767578
2019-07-25,36.34203338623047,24.632328033447266,32.838836669921875,133.4199981689453,91.78910827636719,185.11329650878906,71.64413452148438,270.1960754394531,67.42658233642578
2019-07-26,36.41880798339844,24.802635192871094,32.90562057495117,133.63999938964844,91.77234649658203,187.01901245117188,71.65261840820312,272.0064392089844,67.73344421386719
2019-07-29,36.35056686401367,24.880043029785156,32.947357177734375,134.52999877929688,91.85617065429688,186.37742614746094,71.65261840820312,271.51104736328125,67.91757202148438
2019-07-30,36.06911087036133,24.60136604309082,32.32129669189453,134.97999572753906,91.89810180664062,185.5729522705078,71.66106414794922,270.8446044921875,68.46224212646484
2019-07-31,35.62560272216797,24.415578842163086,32.12930679321289,133.2100067138672,92.1329116821289,183.0065155029297,71.65261840820312,267.88140869140625,68.19373321533203
2019-08-01,34.92622375488281,24.129152297973633,32.03748321533203,136.41000366210938,93.17792510986328,182.0966796875,71.8563232421875,265.5487976074219,68.19373321533203
2019-08-02,34.585060119628906,23.773059844970703,31.69524383544922,135.88999938964844,93.37110900878906,179.41529846191406,71.873291015625,263.5492858886719,68.52363586425781
2019-08-05,33.305721282958984,23.13054656982422,31.077529907226562,137.7899932861328,94.1776123046875,173.07566833496094,72.01753997802734,255.62356567382812,67.17340087890625
2019-08-06,33.7833366394043,23.192472457885742,31.261173248291016,138.91000366210938,94.32878875732422,175.4984893798828,72.05152130126953,259.2081298828125,67.91757202148438
2019-08-07,33.936866760253906,23.269887924194336,31.44481658935547,141.02000427246094,94.32878875732422,176.4465789794922,72.05999755859375,259.36126708984375,68.57732391357422
2019-08-08,34.354774475097656,23.494380950927734,31.686885833740234,141.72999572753906,94.33715057373047,180.2867431640625,72.03459167480469,264.4499206542969,69.78177642822266
2019-08-09,34.00510025024414,23.293109893798828,31.503252029418945,141.25999450683594,94.19437408447266,178.5917205810547,71.99210357666016,262.64862060546875,69.69737243652344
2019-08-12,33.595699310302734,23.13054656982422,31.24448585510254,142.6300048828125,94.79077911376953,176.5423583984375,72.06848907470703,259.4512939453125,69.51327514648438
2019-08-13,34.022151947021484,23.300851821899414,31.536632537841797,141.77999877929688,94.454833984375,180.41122436523438,71.98356628417969,263.4862060546875,69.61298370361328
2019-08-14,33.04132080078125,22.758970260620117,30.543296813964844,142.75,95.08483123779297,175.01968383789062,72.07694244384766,255.6955108642578,68.55430603027344
2019-08-15,33.2630729675293,22.84412384033203,30.501564025878906,143.6999969482422,95.68963623046875,174.81857299804688,72.22976684570312,256.37109375,69.23710632324219
2019-08-16,33.723636627197266,23.06861686706543,30.91058349609375,142.77999877929688,95.43763732910156,177.62449645996094,72.22124481201172,260.1538391113281,69.95055389404297
2019-08-19,33.860103607177734,23.23118019104004,31.177703857421875,141.11000061035156,94.98402404785156,180.4495391845703,72.14484405517578,263.2880554199219,70.4569091796875
2019-08-20,33.92833709716797,23.076358795166016,31.027446746826172,142.2100067138672,95.40403747558594,179.0513916015625,72.19581604003906,261.27056884765625,69.95821380615234
2019-08-21,34.25244140625,23.262144088745117,31.43647003173828,141.75999450683594,95.1520004272461,180.64108276367188,72.1279296875,263.39617919921875,70.249755859375
2019-08-22,33.808929443359375,23.324071884155273,31.336299896240234,141.39999389648438,94.94200897216797,180.056884765625,72.09397888183594,263.3150634765625,70.57196807861328
2019-08-23,33.305721282958984,23.060876846313477,30.893892288208008,144.1699981689453,95.58047485351562,174.35891723632812,72.21280670166016,256.55120849609375,69.58232116699219
2019-08-26,33.484825134277344,23.091842651367188,31.169361114501953,144.19000244140625,95.48806762695312,176.99241638183594,72.17881774902344,259.3883361816406,70.11932373046875
2019-08-27,33.544532775878906,23.161510467529297,31.194393157958984,145.57000732421875,95.8996810913086,176.61891174316406,72.20429229736328,258.3705139160156,69.91986846923828
2019-08-28,33.63834762573242,23.192472457885742,31.169361114501953,145.16000366210938,95.93329620361328,177.25100708007812,72.22124481201172,260.1898193359375,70.15003204345703
2019-08-29,34.01362228393555,23.355037689208984,31.55333709716797,144.1199951171875,95.74847412109375,179.96116638183594,72.18733978271484,263.51324462890625,70.6947250366211
2019-08-30,34.27802658081055,23.48664093017578,31.64514923095703,143.75,95.773681640625,179.5302276611328,72.21280670166016,263.39617919921875,70.74842071533203
2019-09-03,34.06479263305664,23.47115707397461,31.536632537841797,145.75,95.9840316772461,177.78724670410156,72.26886749267578,261.85601806640625,71.45423889160156
2019-09-04,34.63624954223633,23.865955352783203,32.045833587646484,146.66000366210938,96.13548278808594,180.35377502441406,72.32842254638672,264.8282165527344,72.05259704589844
2019-09-05,35.028568267822266,23.92788314819336,32.271209716796875,143.13999938964844,95.36138153076172,183.65765380859375,72.16687774658203,268.2326965332031,71.53092193603516
2019-09-06,35.18209457397461,23.982070922851562,32.32965087890625,141.9199981689453,95.4202651977539,183.47569274902344,72.17536926269531,268.4398498535156,71.69203186035156
2019-09-09,35.29297637939453,23.920143127441406,32.44650650024414,141.38999938964844,94.83128356933594,183.09266662597656,72.09886169433594,268.5750427246094,71.34680938720703
2019-09-10,35.31855773925781,24.067224502563477,32.51329040527344,140.17999267578125,94.14128875732422,182.56593322753906,71.97982788085938,268.51190185546875,70.6103286743164
2019-09-11,35.56589889526367,24.245269775390625,32.60511779785156,141.02999877929688,94.04869079589844,184.28009033203125,71.97982788085938,270.4212951660156,70.68705749511719
2019-09-12,35.821773529052734,24.26075553894043,32.90562057495117,141.32000732421875,93.83836364746094,185.0462646484375,71.96280670166016,271.35797119140625,71.06297302246094
2019-09-13,36.026466369628906,24.485244750976562,32.98910140991211,140.14999389648438,92.98005676269531,184.38551330566406,71.84378051757812,271.177734375,70.30345916748047
2019-09-16,35.7450065612793,24.330421447753906,32.59676742553711,141.32000732421875,93.38394165039062,183.5618438720703,71.9032974243164,270.3402404785156,70.91719055175781
2019-09-17,35.7450065612793,24.462020874023438,32.738677978515625,141.60000610351562,93.6279525756836,184.44297790527344,71.93730926513672,271.0246887207031,71.68434143066406
2019-09-18,35.60002136230469,24.400094985961914,32.71363067626953,140.7100067138672,93.66163635253906,184.36630249023438,71.89482879638672,271.1867980957031,71.43888854980469
2019-09-19,35.45501708984375,24.531692504882812,32.8221435546875,141.27999877929688,93.70372772216797,184.67279052734375,71.9032974243164,271.16876220703125,71.69203186035156
2019-09-20,35.48914337158203,24.431058883666992,32.71363067626953,142.9499969482422,94.24227905273438,182.71914672851562,71.97982788085938,269.8875732421875,71.69203186035156
2019-09-23,35.52326202392578,24.39235496520996,32.54667663574219,143.75,94.37689208984375,182.7997589111328,72.0223159790039,269.82421875,71.80712127685547
2019-09-24,35.147979736328125,24.20656394958496,32.37138366699219,144.50999450683594,94.84809112548828,180.37200927734375,72.09886169433594,267.7070007324219,71.64781951904297
2019-09-25,35.122398376464844,24.11366844177246,32.2127799987793,141.8300018310547,94.22539520263672,182.39674377441406,72.00531768798828,269.2903747558594,71.78699493408203
2019-09-26,35.11386489868164,24.307199478149414,32.30461120605469,141.7899932861328,94.4273681640625,181.72508239746094,72.03934478759766,268.72943115234375,72.39019775390625
2019-09-27,34.66182327270508,24.29945945739746,32.27955627441406,141.05999755859375,94.5619888305664,179.4700469970703,72.08184051513672,267.28179931640625,71.98807525634766
2019-09-30,34.857994079589844,24.330421447753906,32.46320724487305,138.8699951171875,94.6377182006836,181.1781005859375,72.1158447265625,268.5213317871094,72.11180877685547
2019-10-01,34.61065673828125,24.059480667114258,32.16269302368164,139.6300048828125,94.89978790283203,179.70030212402344,72.19676208496094,265.3272399902344,71.43128204345703
2019-10-02,34.346256256103516,23.370519638061523,31.36134147644043,141.25999450683594,95.22846221923828,176.61048889160156,72.27339935302734,260.64044189453125,71.12968444824219
2019-10-03,34.789764404296875,23.50212287902832,31.603424072265625,141.89999389648438,95.72567749023438,178.54884338378906,72.42667388916016,262.77587890625,71.81793212890625
2019-10-04,34.94327926635742,23.6801700592041,31.87053871154785,141.89999389648438,95.91107940673828,181.1781005859375,72.41817474365234,266.33172607421875,72.25101470947266
2019-10-07,34.653297424316406,23.65694236755371,31.87888526916504,140.69000244140625,95.59085083007812,180.63116455078125,72.341552734375,265.1825256347656,72.0963363647461
2019-10-08,34.40595245361328,23.355037689208984,31.503252029418945,141.9199981689453,95.79312133789062,177.92514038085938,72.38406372070312,261.0657043457031,71.7174072265625
2019-10-09,34.670352935791016,23.44793128967285,31.828805923461914,142.0500030517578,95.54869842529297,179.66195678710938,72.341552734375,263.5449523925781,71.85662078857422
2019-10-10,35.028568267822266,23.788541793823242,32.11260986328125,140.80999755859375,94.95035552978516,181.05332946777344,72.25640106201172,265.3272399902344,71.97260284423828
2019-10-11,35.591487884521484,24.492984771728516,32.788753509521484,140.02999877929688,94.30148315429688,183.38510131835938,72.188232421875,268.0779724121094,71.9416732788086
2019-10-14,35.43796920776367,24.291719436645508,32.747013092041016,140.58999633789062,94.56271362304688,183.36587524414062,72.19676208496094,267.7794494628906,71.97260284423828
2019-10-15,35.75353240966797,24.64006996154785,33.164390563964844,139.61000061035156,94.10765075683594,185.6976776123047,72.17973327636719,270.4305725097656,72.06539154052734
2019-10-16,35.85588455200195,24.609106063842773,33.26456069946289,140.41000366210938,94.29302978515625,185.23709106445312,72.21380615234375,269.99615478515625,72.0731430053711
2019-10-17,35.99235534667969,24.779409408569336,33.38976287841797,140.61000061035156,94.25933837890625,185.7264862060547,72.21380615234375,270.7924499511719,72.54486846923828
2019-10-18,35.80470657348633,24.771669387817383,33.439857482910156,140.4600067138672,94.34362030029297,183.941650390625,72.23929595947266,269.6071472167969,73.10164642333984
2019-10-21,36.128807067871094,24.880043029785156,33.58176803588867,139.7899932861328,93.99808502197266,185.57290649414062,72.20527648925781,271.434814453125,73.65843963623047
2019-10-22,36.15439987182617,24.849079132080078,33.39811325073242,140.1999969482422,94.2171859741211,184.09524536132812,72.23081970214844,270.5481262207031,73.44189453125
2019-10-23,36.16292953491211,25.081315994262695,33.54837417602539,140.52999877929688,94.25092315673828,184.45022583007812,72.22228240966797,271.3352966308594,73.60427856445312
2019-10-24,36.16292953491211,25.174209594726562,33.58176803588867,141.52999877929688,94.23403930664062,186.24461364746094,72.22228240966797,271.7787170410156,73.418701171875
2019-10-25,36.41880798339844,25.127758026123047,33.55671691894531,141.86000061035156,94.03180694580078,187.73199462890625,72.17973327636719,272.8916015625,72.79230499267578
2019-10-28,36.63202667236328,25.236133575439453,33.7153205871582,140.63999938964844,93.67784881591797,189.58401489257812,72.15419006347656,274.4297180175781,72.35153198242188
2019-10-29,36.44438552856445,25.150983810424805,33.70698165893555,140.25,93.76211547851562,188.1158447265625,72.1712417602539,274.3482666015625,72.79230499267578
2019-10-30,36.6064338684082,25.32903480529785,33.832183837890625,141.02000427246094,94.2171859741211,189.02745056152344,72.21380615234375,275.18988037109375,73.05525207519531
2019-10-31,36.31645202636719,25.181949615478516,33.740360260009766,142.42999267578125,94.81555938720703,189.11378479003906,72.341552734375,274.4569091796875,72.92378234863281
2019-11-01,36.862300872802734,25.29806900024414,33.990787506103516,142.55999755859375,94.63660430908203,190.83145141601562,72.29886627197266,276.99951171875,72.90831756591797
2019-11-04,37.22904968261719,25.40644073486328,34.22450637817383,142.14999389648438,94.15553283691406,192.0117645263672,72.24768829345703,278.1123962402344,72.3979263305664
2019-11-05,37.442283630371094,25.452892303466797,34.15774154663086,139.85000610351562,93.64911651611328,192.1172637939453,72.19650268554688,277.8047180175781,71.16834259033203
2019-11-06,37.3228759765625,25.429664611816406,34.149391174316406,140.4499969482422,93.9192123413086,191.68548583984375,72.23915100097656,277.8680725097656,71.32301330566406
2019-11-07,37.59579849243164,25.383224487304688,34.18278121948242,138.27000427246094,93.16805267333984,192.328369140625,72.15385437011719,278.84527587890625,70.61155700683594
2019-11-08,37.254634857177734,25.236133575439453,34.16608428955078,137.38999938964844,93.04147338867188,193.0960693359375,72.16242980957031,279.5329284667969,70.4414291381836
2019-11-11,36.990234375,25.236133575439453,34.149391174316406,137.05999755859375,93.14273071289062,192.83697509765625,72.17945861816406,278.9991455078125,70.59608459472656
2019-11-12,36.75143814086914,25.282583236694336,34.149391174316406,137.42999267578125,93.18495178222656,193.3935089111328,72.18799591064453,279.58721923828125,70.06251525878906
2019-11-13,36.469970703125,25.251619338989258,34.03252410888672,137.97999572753906,93.43814849853516,193.44146728515625,72.22212982177734,279.67779541015625,70.70436096191406
2019-11-14,36.49555587768555,25.205177307128906,34.015830993652344,138.55999755859375,93.9107666015625,193.2879638671875,72.2903823852539,280.0848083496094,71.25342559814453
2019-11-15,36.785552978515625,25.267101287841797,34.257904052734375,138.2100067138672,93.83478546142578,194.7081298828125,72.26476287841797,282.11163330078125,71.64006805419922
2019-11-18,36.7258415222168,25.344514846801758,34.27459716796875,138.6199951171875,93.99517059326172,194.8616485595703,72.29886627197266,282.31964111328125,71.98807525634766
2019-11-19,36.80260467529297,25.36773681640625,34.191131591796875,138.69000244140625,94.17244720458984,195.1495819091797,72.2903823852539,282.2383117675781,72.11180877685547
2019-11-20,36.64055633544922,25.112279891967773,34.015830993652344,138.75999450683594,94.51846313476562,193.9788055419922,72.32445526123047,281.1886901855469,72.0731430053711
2019-11-21,36.56379699707031,25.08905601501465,33.990787506103516,138.0,94.28216552734375,193.5470733642578,72.2903823852539,280.73638916015625,71.06007385253906
2019-11-22,36.56379699707031,25.236133575439453,34.02417755126953,137.74000549316406,94.26526641845703,193.67176818847656,72.28179168701172,281.360595703125,70.79715728759766
2019-11-25,36.930545806884766,25.58448600769043,34.14104461669922,137.0800018310547,94.30744934082031,195.96522521972656,72.2903823852539,283.5412292480469,71.02143859863281
2019-11-26,36.81965637207031,25.522558212280273,34.22450637817383,137.74000549316406,94.48469543457031,196.33946228027344,72.32445526123047,284.1836853027344,71.96485137939453
2019-11-27,36.862300872802734,25.692861557006836,34.19947814941406,137.00999450683594,94.23993682861328,197.7116241455078,72.28179168701172,285.45037841796875,72.30512237548828
2019-11-29,36.28234100341797,25.49159812927246,34.049217224121094,137.86000061035156,94.16397094726562,196.8096160888672,72.30740356445312,284.39178466796875,71.97260284423828
2019-12-02,36.27381134033203,25.31355094909668,33.72367858886719,137.7899932861328,93.82588195800781,194.7945098876953,72.28518676757812,281.97589111328125,70.8822250366211
2019-12-03,36.08617401123047,25.011646270751953,33.673583984375,139.11000061035156,94.66265106201172,193.26873779296875,72.38773345947266,280.0848083496094,71.33847045898438
2019-12-04,36.35910415649414,25.267101287841797,33.94904708862305,138.9199981689453,94.2991943359375,194.24757385253906,72.35353088378906,281.8129577636719,71.63235473632812
2019-12-05,36.52114486694336,25.174209594726562,33.93235778808594,139.0,94.0794677734375,194.6314239501953,72.31937408447266,282.31964111328125,71.67100524902344
2019-12-06,36.734371185302734,25.4683780670166,34.14104461669922,137.6199951171875,93.79206848144531,196.7136688232422,72.29370880126953,284.89849853515625,71.81793212890625
2019-12-09,36.589385986328125,25.48385238647461,33.9156608581543,137.5800018310547,93.86817169189453,195.82125854492188,72.29370880126953,284.0027770996094,71.9571304321289
2019-12-10,36.717323303222656,25.49159812927246,34.02417755126953,137.97000122070312,93.75828552246094,195.65811157226562,72.25956726074219,283.6860046386719,71.53953552246094
2019-12-11,37.254634857177734,25.538043975830078,34.249568939208984,138.9199981689453,94.14707946777344,196.69447326660156,72.31937408447266,284.4912414550781,70.8126220703125
2019-12-12,37.90285110473633,25.700607299804688,34.541725158691406,138.42999267578125,93.40328216552734,198.1626739501953,72.25101470947266,286.94329833984375,69.85370635986328
2019-12-13,37.88578414916992,26.397308349609375,34.6585807800293,139.0500030517578,93.95267486572266,198.8151397705078,72.33647918701172,287.11529541015625,69.86917877197266
2019-12-16,38.20722961425781,26.948089599609375,35.01061248779297,139.0399932861328,93.51314544677734,200.8110809326172,72.29370880126953,289.0877990722656,70.37183380126953
2019-12-17,38.5556755065918,26.47531509399414,34.884891510009766,139.00999450683594,93.52162170410156,200.9262237548828,72.310791015625,289.1510009765625,69.70677185058594
2019-12-18,38.764747619628906,26.506832122802734,34.77593231201172,139.02000427246094,93.2680892944336,201.07977294921875,72.31937408447266,289.16925048828125,70.5564193725586
2019-12-19,38.782169342041016,26.42803955078125,34.80945587158203,139.3800048828125,93.34085083007812,202.33676147460938,72.33393859863281,290.35443115234375,71.18168640136719
2019-12-20,38.860572814941406,26.41227912902832,34.884891510009766,139.52000427246094,93.34085083007812,203.15248107910156,72.33393859863281,291.6274108886719,71.572509765625
2019-12-23,38.91283416748047,26.47531509399414,34.9603271484375,139.9499969482422,93.25619506835938,203.68902587890625,72.31681060791016,292.072998046875,71.21296691894531
2019-12-24,38.82572555541992,26.538352966308594,34.910037994384766,141.27000427246094,93.41705322265625,203.79478454589844,72.32539367675781,292.08209228515625,71.40055847167969
2019-12-26,39.10447692871094,26.680185317993164,35.09443283081055,142.3800048828125,93.55248260498047,205.59312438964844,72.35102844238281,293.6368713378906,71.71319580078125
2019-12-27,39.26128387451172,26.774738311767578,35.22016143798828,142.3300018310547,93.6878662109375,205.4200439453125,72.4023666381836,293.5641784667969,71.93985748291016
2019-12-30,38.99995422363281,26.640785217285156,34.9603271484375,142.6300048828125,93.62865447998047,204.07369995117188,72.42807006835938,291.9456787109375,72.01020050048828
2019-12-31,39.087059020996094,26.869293212890625,35.13634490966797,142.89999389648438,93.29006958007812,204.45838928222656,72.41949462890625,292.6548767089844,72.52604675292969
2020-01-02,39.87977981567383,26.90869140625,35.57219314575195,143.9499969482422,93.72172546386719,207.87222290039062,72.4537353515625,295.39178466796875,71.6740951538086
2020-01-03,39.13932800292969,26.6644229888916,35.06929016113281,145.86000061035156,94.3480453491211,205.96817016601562,72.51363372802734,293.155029296875,72.1196060180664
2020-01-06,39.04350280761719,26.829896926879883,35.1614875793457,147.38999938964844,94.24646759033203,207.2952880859375,72.48794555664062,294.2734069824219,72.20559692382812
2020-01-07,39.01736831665039,26.65654945373535,34.968711853027344,147.97000122070312,94.11106872558594,207.26641845703125,72.48794555664062,293.4460144042969,71.40055847167969
2020-01-08,39.24385452270508,26.680185317993164,35.11958312988281,146.86000061035156,93.89102172851562,208.82432556152344,72.4537353515625,295.00994873046875,71.61940002441406
2020-01-09,39.50519561767578,26.695945739746094,35.25368881225586,146.02999877929688,93.9587173461914,210.59378051757812,72.4622802734375,297.0101318359375,71.58031463623047
2020-01-10,39.71426010131836,26.49895477294922,35.11958312988281,146.91000366210938,94.16183471679688,210.05523681640625,72.47937774658203,296.1555480957031,72.12744903564453
2020-01-13,40.332759857177734,26.569873809814453,35.26206970214844,145.82000732421875,94.05181121826172,212.47862243652344,72.47086334228516,298.19232177734375,72.99503326416016
2020-01-14,40.106266021728516,26.6644229888916,35.25368881225586,145.69000244140625,94.2380142211914,211.6419677734375,72.47937774658203,297.7377014160156,72.72146606445312
2020-01-15,39.792667388916016,26.6644229888916,35.1614875793457,146.5399932861328,94.47500610351562,211.72850036621094,72.51363372802734,298.4105224609375,73.37803649902344
2020-01-16,40.04529571533203,26.75897789001465,35.345890045166016,146.30999755859375,94.28035736083984,213.7576141357422,72.51363372802734,300.89288330078125,73.96424865722656
2020-01-17,40.27177429199219,26.86141014099121,35.45484924316406,146.5800018310547,94.20419311523438,214.8153839111328,72.539306640625,301.829345703125,74.03459167480469
2020-01-21,39.25257110595703,26.57775115966797,35.1614875793457,146.74000549316406,94.57661437988281,214.7192840576172,72.55640411376953,301.2383117675781,74.73804473876953
2020-01-22,39.574886322021484,26.68806266784668,35.06929016113281,146.7899932861328,94.593505859375,215.28665161132812,72.5735092163086,301.274658203125,74.23778533935547
2020-01-23,39.16545867919922,26.57775115966797,34.97709274291992,147.1199951171875,94.83047485351562,215.97903442382812,72.59919738769531,301.62017822265625,74.86309051513672
2020-01-24,38.85186004638672,26.522594451904297,34.87651443481445,147.97999572753906,95.16907501220703,214.1614990234375,72.6248550415039,298.9378967285156,74.60514831542969
2020-01-27,37.510337829589844,25.96314811706543,34.105384826660156,148.99000549316406,95.81232452392578,209.73789978027344,72.70188903808594,294.14605712890625,74.24561309814453
2020-01-28,37.823936462402344,26.14437484741211,34.49094772338867,147.66000366210938,95.4906997680664,212.95945739746094,72.66764068603516,297.22857666015625,74.54264068603516
2020-01-29,38.006874084472656,26.128616333007812,34.54962158203125,148.4600067138672,95.94776916503906,213.3056182861328,72.73612213134766,296.98297119140625,74.2690658569336
2020-01-30,37.440650939941406,26.11285400390625,34.524471282958984,148.47000122070312,96.04084777832031,214.0653839111328,72.74467468261719,297.9468078613281,74.32379150390625
2020-01-31,36.68277359008789,25.7188777923584,33.92937088012695,149.3300018310547,96.5233154296875,210.67071533203125,72.83878326416016,292.5367126464844,73.41710662841797
2020-02-03,37.092201232910156,25.521888732910156,34.0634765625,148.36000061035156,96.44115447998047,213.853759765625,72.8173828125,294.7098693847656,73.65941619873047
2020-02-04,38.0504264831543,25.923748016357422,34.63344192504883,146.42999267578125,95.8817138671875,218.7486572265625,72.74024200439453,299.2015686035156,74.4175796508789
2020-02-05,38.26820373535156,26.081335067749023,35.01899719238281,146.61000061035156,95.4664077758789,219.46990966796875,72.68878936767578,302.6567077636719,74.46446990966797
2020-02-06,38.30305480957031,26.01042366027832,35.19502258300781,147.39999389648438,95.53423309326172,221.3643341064453,72.70592498779297,303.6751708984375,74.714599609375
2020-02-07,37.77167510986328,25.711000442504883,34.893272399902344,147.7899932861328,95.99187469482422,220.41229248046875,72.748779296875,302.0566101074219,74.698974609375
2020-02-10,37.980743408203125,25.805553436279297,34.9603271484375,148.1699981689453,96.17833709716797,223.07606506347656,72.7830810546875,304.31158447265625,75.5352783203125
2020-02-11,38.47727584838867,26.018301010131836,35.1866340637207,147.66000366210938,95.94953155517578,223.11453247070312,72.748779296875,304.839111328125,76.10586547851562
2020-02-12,38.99995422363281,26.215293884277344,35.371036529541016,147.5399932861328,95.70372772216797,225.28790283203125,72.71450805664062,306.8030090332031,76.55918884277344
2020-02-13,38.485984802246094,26.057695388793945,35.13634490966797,148.3800048828125,95.7884750366211,224.9994354248047,72.73167419433594,306.4756774902344,77.02037048339844
2020-02-14,38.503414154052734,25.939502716064453,35.153106689453125,149.0,96.02582550048828,225.6437225341797,72.76593017578125,306.9666442871094,77.8176040649414
2020-02-18,38.25078582763672,25.81343650817871,34.99385070800781,150.91000366210938,96.17833709716797,225.73025512695312,72.79165649414062,306.1756591796875,77.73161315917969
2020-02-19,38.529544830322266,25.900108337402344,35.22854232788086,151.7899932861328,96.161376953125,227.89401245117188,72.80021667480469,307.6395263671875,76.68427276611328
2020-02-20,37.92847442626953,25.797677993774414,35.00223159790039,152.41000366210938,96.44115447998047,225.7783660888672,72.8173828125,306.37554931640625,77.59873962402344
2020-02-21,37.710697174072266,25.766157150268555,34.792686462402344,154.6999969482422,96.83096313476562,221.4412841796875,72.8773422241211,303.2205505371094,77.8254165649414
2020-02-24,36.29947280883789,24.72605323791504,33.28397750854492,156.08999633789062,97.58527374267578,212.9017333984375,72.99735260009766,293.16412353515625,76.7624282836914
2020-02-25,36.01200866699219,24.198123931884766,32.49609375,153.3000030517578,97.8564682006836,207.11256408691406,73.07447814941406,284.2804870605469,74.6833267211914
2020-02-26,36.29947280883789,24.13508415222168,32.52961349487305,153.97000122070312,97.80563354492188,208.1799774169922,73.12588500976562,283.2349548339844,73.87825775146484
2020-02-27,35.42835998535156,23.22105598449707,31.607627868652344,154.0,98.28023529052734,197.755615234375,73.21162414550781,270.514404296875,69.94673919677734
2020-02-28,35.297698974609375,23.08710479736328,31.4232234954834,148.3800048828125,99.38207244873047,197.9094696044922,73.47734069824219,269.3778076171875,68.25845336914062
2020-03-02,36.064273834228516,23.26833724975586,32.035091400146484,149.1999969482422,99.31417083740234,208.1222686767578,73.44728088378906,281.04364013671875,71.17388153076172
2020-03-03,35.82037353515625,22.97679328918457,31.5992488861084,153.88999938964844,100.46820831298828,201.44833374023438,73.73908233642578,272.9967041015625,71.00975036621094
2020-03-04,36.456275939941406,23.89870262145996,32.71400833129883,154.16000366210938,100.2475814819336,209.853271484375,73.7476577758789,284.4715270996094,73.690673828125
2020-03-05,35.689701080322266,23.205299377441406,31.557334899902344,157.49000549316406,101.13853454589844,203.4774932861328,73.90220642089844,275.0152282714844,72.11181640625
2020-03-06,34.95796203613281,22.803442001342773,31.020902633666992,157.5500030517578,102.16527557373047,200.0443572998047,73.9880142211914,270.4688720703125,70.8690414428711
2020-03-09,32.57109451293945,20.65232276916504,28.196243286132812,157.80999755859375,103.08170318603516,186.14840698242188,74.39144897460938,249.3468017578125,65.40555572509766
2020-03-10,34.226219177246094,21.440279006958008,29.06794548034668,154.47999572753906,101.18944549560547,196.2842559814453,74.06526184082031,262.2492370605469,68.16886901855469
2020-03-11,32.63207244873047,20.171669006347656,27.433507919311523,153.92999267578125,100.17970275878906,187.73513793945312,73.97943878173828,249.4650115966797,64.07274627685547
2020-03-12,29.365381240844727,18.154504776000977,23.955074310302734,147.7899932861328,100.2305908203125,170.52142333984375,73.96224212646484,225.59683227539062,57.58197021484375
2020-03-13,31.482196807861328,18.926700592041016,25.50570297241211,143.27999877929688,99.57720947265625,184.9655303955078,74.05670166015625,244.8822784423828,62.60759353637695
2020-03-16,27.553455352783203,16.657386779785156,22.454736709594727,141.63999938964844,102.20769500732422,162.8089599609375,74.17684173583984,218.08636474609375,51.50869369506836
2020-03-17,29.452497482299805,17.374425888061523,23.410261154174805,143.55999755859375,99.64508056640625,175.15663146972656,74.00517272949219,229.86129760742188,54.486244201660156
2020-03-18,26.908830642700195,15.948224067687988,21.80095672607422,140.6999969482422,98.261962890625,169.82904052734375,73.91075897216797,218.2227325439453,49.30307388305664
2020-03-19,27.117897033691406,16.239770889282227,22.11946678161621,138.0399932861328,98.58441925048828,170.848388671875,74.03952026367188,218.68649291992188,49.47637939453125
2020-03-20,27.318256378173828,15.806395530700684,22.20328712463379,140.11000061035156,101.09611511230469,164.15516662597656,74.23693084716797,209.26235961914062,47.010833740234375
2020-03-23,26.664915084838867,15.491212844848633,22.454736709594727,146.3000030517578,102.2925796508789,164.27377319335938,74.32275390625,203.91189575195312,44.82886505126953
2020-03-24,28.668487548828125,17.279870986938477,24.40768814086914,153.39999389648438,101.5967788696289,176.99472045898438,74.21977233886719,222.3870086669922,48.86196517944336
2020-03-25,29.67898178100586,17.996912002563477,25.354825973510742,151.3000030517578,101.65618133544922,175.68409729003906,74.30560302734375,225.71615600585938,51.4929313659668
2020-03-26,30.80272674560547,19.11581039428711,26.486364364624023,153.24000549316406,101.90225219726562,184.93568420410156,74.39144897460938,238.8957061767578,55.12428665161133
2020-03-27,29.051774978637695,18.398771286010742,25.405118942260742,152.25,102.65746307373047,178.57516479492188,74.374267578125,231.780029296875,55.179443359375
2020-03-30,29.53089714050293,18.729711532592773,25.715240478515625,152.9199981689453,102.89502716064453,185.07058715820312,74.40863037109375,239.3072052001953,56.384639739990234
2020-03-31,29.73125648498535,18.81638526916504,25.572755813598633,148.0500030517578,103.08170318603516,183.4901123046875,74.39144897460938,235.74026489257812,55.02188491821289
2020-04-01,28.45941925048828,17.910236358642578,24.34063720703125,149.4499969482422,103.50141143798828,175.6936798095703,74.43955993652344,225.1307830810547,51.406288146972656
2020-04-02,29.417646408081055,18.319971084594727,24.709430694580078,151.89999389648438,103.51835632324219,179.2594451904297,74.45674896240234,230.32577514648438,51.579593658447266
2020-04-03,28.860136032104492,17.768402099609375,24.214906692504883,152.64999389648438,103.5948486328125,176.71522521972656,74.43955993652344,226.9966278076172,50.83125305175781
2020-04-06,30.43685531616211,18.564239501953125,25.648191452026367,156.8800048828125,103.1275863647461,189.34945678710938,74.38799285888672,242.24317932128906,54.59652328491211
2020-04-07,30.59365463256836,18.690311431884766,25.807445526123047,156.0399932861328,102.6688461303711,189.2723846435547,74.37079620361328,242.49009704589844,55.100669860839844
2020-04-08,30.90726089477539,19.0054988861084,26.159473419189453,154.64999389648438,102.54138946533203,193.29103088378906,74.41378784179688,250.63003540039062,58.85808181762695
2020-04-09,30.79401969909668,19.69101333618164,26.86354637145996,158.69000244140625,102.76228332519531,193.57054138183594,74.43955993652344,254.4440155029297,62.15859603881836
2020-04-13,30.837570190429688,19.470382690429688,26.469602584838867,161.41000366210938,102.54138946533203,195.66172790527344,74.44815826416016,252.12088012695312,59.543392181396484
2020-04-14,31.543174743652344,19.643739700317383,26.95574188232422,162.67999267578125,102.67733001708984,204.17127990722656,74.44815826416016,259.5566101074219,61.21332550048828
2020-04-15,30.73303985595703,18.81638526916504,25.799062728881836,161.85000610351562,103.5948486328125,201.8294677734375,74.47396087646484,254.0415496826172,58.78715896606445
2020-04-16,30.89854621887207,18.934579849243164,25.69009780883789,161.7100067138672,103.70528411865234,205.51084899902344,74.49109649658203,255.2671356201172,58.11760330200195
2020-04-17,31.58673095703125,19.58070182800293,26.578563690185547,158.57000732421875,103.4334487915039,207.4768524169922,74.4653091430664,262.1632995605469,59.952999114990234
2020-04-20,31.18602180480957,19.178844451904297,26.193004608154297,159.6999969482422,103.70528411865234,205.01934814453125,74.4653091430664,257.5444641113281,57.72376251220703
2020-04-21,30.3236141204834,18.650917053222656,25.648191452026367,158.61000061035156,103.99413299560547,197.45425415039062,74.48253631591797,249.72463989257812,56.67608642578125
2020-04-22,31.151174545288086,19.10004997253418,25.991840362548828,161.72999572753906,103.67131042480469,203.3135986328125,74.45674896240234,255.2671356201172,57.54258346557617
2020-04-23,31.03792953491211,19.163084030151367,25.765533447265625,163.33999633789062,103.73931121826172,202.87997436523438,74.44815826416016,255.24880981445312,57.06208038330078
2020-04-24,30.994375228881836,19.28915786743164,26.109188079833984,162.63999938964844,103.76477813720703,206.07945251464844,74.44815826416016,258.8066711425781,57.306278228759766
2020-04-27,31.6215763092041,19.60434341430664,26.553421020507812,161.55999755859375,103.2125015258789,207.73704528808594,74.44815826416016,262.5382080078125,59.2676887512207
2020-04-28,31.68255615234375,19.8092098236084,26.687528610229492,160.83999633789062,103.66282653808594,203.82437133789062,74.47396087646484,261.3309631347656,59.75604248046875
2020-04-29,32.60594177246094,20.486852645874023,27.659814834594727,161.72999572753906,103.61184692382812,211.0521697998047,74.4653091430664,268.1722717285156,60.654052734375
2020-04-30,31.91775894165039,19.895885467529297,27.14852523803711,158.8000030517578,103.36548614501953,210.96543884277344,74.59428405761719,265.6754150390625,59.952999114990234
2020-05-01,30.76787567138672,19.375835418701172,26.612092971801758,159.77999877929688,103.50836944580078,205.01934814453125,74.48416900634766,258.6420593261719,57.92856979370117
2020-05-04,31.098909378051758,19.470382690429688,26.436073303222656,160.33999633789062,103.52534484863281,207.40939331054688,74.48416900634766,259.35546875,57.644989013671875
2020-05-05,31.273136138916016,19.49402618408203,26.377405166625977,161.02000427246094,103.4488296508789,209.7608184814453,74.47557067871094,261.751708984375,57.92856979370117
2020-05-06,31.17730712890625,19.352195739746094,26.109188079833984,158.9499969482422,103.06613159179688,211.0521697998047,74.5013656616211,259.9773864746094,56.88877868652344
2020-05-07,31.429929733276367,19.62798309326172,26.62047576904297,161.38999938964844,103.6954345703125,213.76986694335938,74.55296325683594,263.1145324707031,57.70012664794922
2020-05-08,32.091983795166016,19.974681854248047,27.073091506958008,160.4199981689453,103.3552474975586,216.69952392578125,74.53579711914062,267.4680480957031,59.07075500488281
2020-05-11,31.882909774780273,19.801328659057617,26.897069931030273,159.4199981689453,103.06613159179688,218.63656616210938,74.50995635986328,267.5229797363281,58.21212387084961
2020-05-12,31.760955810546875,19.588581085205078,26.486364364624023,160.0399932861328,103.40629577636719,214.0589599609375,74.52713775634766,262.1906433105469,55.5654182434082
2020-05-13,31.69997215270996,19.29703712463379,26.084043502807617,161.5800018310547,103.61891174316406,211.37982177734375,74.52713775634766,257.5536193847656,54.218441009521484
2020-05-14,31.82193946838379,19.068531036376953,25.899642944335938,163.00999450683594,103.78048706054688,213.77947998046875,74.50995635986328,260.6359558105469,54.40747833251953
2020-05-15,31.38637351989746,19.04489517211914,25.924789428710938,163.92999267578125,103.71246337890625,215.16720581054688,74.55296325683594,261.833984375,54.194786071777344
2020-05-18,32.61465072631836,19.919525146484375,27.341304779052734,162.69000244140625,103.07461547851562,219.17626953125,74.49273681640625,269.8094787597656,57.400794982910156
2020-05-19,32.35331726074219,19.572826385498047,26.821636199951172,164.25999450683594,103.3637466430664,218.6269073486328,74.53579711914062,267.03814697265625,56.62882614135742
2020-05-20,32.78016662597656,19.974681854248047,27.508939743041992,164.64999389648438,103.38927459716797,222.99252319335938,74.53579711914062,271.5745849609375,57.132965087890625
2020-05-21,32.405582427978516,19.832849502563477,27.249107360839844,162.25,103.45732879638672,220.56399536132812,74.5185546875,269.69964599609375,57.18022537231445
2020-05-22,31.734821319580078,19.706777572631836,27.30777931213379,163.2100067138672,103.65294647216797,221.3253173828125,74.5185546875,270.2117919921875,57.95218276977539
2020-05-26,32.43172073364258,20.100749969482422,28.213008880615234,160.88999938964844,103.38076782226562,220.72779846191406,74.5185546875,273.5410461425781,60.118408203125
2020-05-27,32.53624725341797,20.35289764404297,28.90869903564453,161.17999267578125,103.46583557128906,221.9324188232422,74.5013656616211,277.61102294921875,61.315738677978516
2020-05-28,32.309757232666016,20.51049041748047,29.101472854614258,161.72000122070312,103.37227630615234,221.64337158203125,74.53579711914062,277.0989074707031,61.607181549072266
2020-05-29,32.867279052734375,20.27410125732422,29.15176773071289,162.91000366210938,103.70394897460938,224.89105224609375,74.53579711914062,278.33355712890625,60.99275588989258
2020-06-01,33.62514877319336,20.83355140686035,29.822309494018555,163.66000366210938,103.66309356689453,225.56561279296875,74.52715301513672,279.45855712890625,62.40278625488281
2020-06-02,34.426578521728516,21.077817916870117,30.30845069885254,162.60000610351562,103.49280548095703,227.0786590576172,74.52715301513672,281.7724609375,62.90692138671875
2020-06-03,35.22800827026367,21.6293888092041,31.389698028564453,159.60000610351562,102.8799057006836,228.10018920898438,74.46691131591797,285.5223388671875,64.92347717285156
2020-06-04,34.731468200683594,21.487560272216797,31.45674705505371,161.27999877929688,102.47127532958984,226.5004119873047,74.48412322998047,284.7723693847656,64.27754974365234
2020-06-05,35.646141052246094,21.96820640563965,32.0937614440918,158.00999450683594,101.96044158935547,230.99130249023438,74.45830535888672,292.0708923339844,66.71158599853516
2020-06-08,35.863922119140625,22.307025909423828,32.50446701049805,159.72000122070312,102.0711898803711,232.78379821777344,74.44110107421875,295.6013488769531,68.36579895019531
2020-06-09,35.62001419067383,21.676668167114258,31.86745262145996,161.25999450683594,102.43721008300781,234.4702606201172,74.46691131591797,293.3971862792969,67.23146057128906
2020-06-10,35.88134002685547,21.66090202331543,31.64115333557129,163.57000732421875,103.20337677001953,237.2843475341797,74.50992584228516,291.760009765625,65.52212524414062
2020-06-11,34.00844192504883,20.242582321166992,29.688196182250977,162.38999938964844,103.56945037841797,225.5270538330078,74.47550964355469,274.9403076171875,61.315738677978516
2020-06-12,34.731468200683594,20.675960540771484,30.258159637451172,162.6199951171875,103.33958435058594,227.319580078125,74.50133514404297,278.2330017089844,63.513458251953125
2020-06-15,34.416046142578125,20.83196258544922,30.569345474243164,162.3300018310547,103.2544937133789,230.0853729248047,74.48412322998047,280.8304443359375,64.41144561767578
2020-06-16,34.635093688964844,21.103958129882812,30.932971954345703,162.25,103.0416030883789,234.03663635253906,74.47550964355469,286.2357482910156,65.67967987060547
2020-06-17,34.96803665161133,21.015958786010742,30.975252151489258,162.55999755859375,103.20337677001953,234.7786865234375,74.50133514404297,285.0467529296875,64.7265396118164
2020-06-18,34.98556900024414,20.775959014892578,30.78075408935547,162.24000549316406,103.4332275390625,235.41473388671875,74.49270629882812,285.15655517578125,64.01759338378906
2020-06-19,34.97679901123047,20.711957931518555,30.569345474243164,164.02999877929688,103.46728515625,235.376220703125,74.50992584228516,283.5268859863281,63.088104248046875
2020-06-22,35.406131744384766,20.983959197998047,31.05135726928711,165.08999633789062,103.3736572265625,238.1989288330078,74.49270629882812,285.34576416015625,63.02507019042969
2020-06-23,35.74782943725586,21.13595962524414,31.35577964782715,166.47999572753906,103.33958435058594,240.22630310058594,74.50992584228516,286.6593933105469,62.7651252746582
2020-06-24,35.27469253540039,20.39996337890625,30.49323844909668,165.89999389648438,103.535400390625,235.27386474609375,74.51854705810547,279.34710693359375,60.97704315185547
2020-06-25,35.42364501953125,20.767959594726562,30.98371124267578,165.8000030517578,103.55242156982422,237.5135498046875,74.51854705810547,282.34185791015625,61.75583267211914
2020-06-26,34.994319915771484,20.383962631225586,30.425596237182617,166.5399932861328,103.83334350585938,231.90467834472656,74.54438781738281,275.63580322265625,60.57050704956055
2020-06-29,35.15202331542969,20.607961654663086,30.873769760131836,166.6300048828125,103.93547821044922,234.4339599609375,74.56159210205078,279.68707275390625,61.739933013916016
2020-06-30,35.03813171386719,20.607961654663086,30.848403930664062,167.3699951171875,103.7481918334961,239.02920532226562,74.552978515625,283.2696228027344,62.471778869628906
2020-07-01,35.432411193847656,20.75196075439453,30.941429138183594,166.6199951171875,103.5863037109375,241.8191680908203,74.52799224853516,285.25390625,63.911678314208984
2020-07-02,36.238487243652344,20.911958694458008,31.406513214111328,166.97999572753906,103.71412658691406,243.46034240722656,74.56246185302734,286.8248291015625,63.72871780395508
2020-07-06,37.79806900024414,21.127960205078125,32.049190521240234,167.97999572753906,103.56075286865234,249.44564819335938,74.53659057617188,291.25262451171875,63.6968879699707
2020-07-07,37.16722869873047,20.743959426879883,31.5249080657959,169.0399932861328,103.89308166503906,247.72732543945312,74.55382537841797,288.2486572265625,62.432003021240234
2020-07-08,38.13101577758789,21.007963180541992,31.88852882385254,170.08999633789062,103.73117065429688,250.99029541015625,74.55382537841797,290.45343017578125,62.344512939453125
2020-07-09,38.13101577758789,20.599958419799805,31.414976119995117,169.6300048828125,104.0634994506836,253.10452270507812,74.57103729248047,288.79986572265625,61.954708099365234
2020-07-10,37.88569259643555,20.8399600982666,31.787046432495117,169.19000244140625,103.85901641845703,254.8325653076172,74.54524230957031,291.7486877441406,62.1456413269043
2020-07-13,37.63159942626953,20.599958419799805,31.67711639404297,169.39999389648438,103.96976470947266,249.5904998779297,74.54524230957031,289.222412109375,61.40581512451172
2020-07-14,37.684173583984375,20.943960189819336,32.18449401855469,170.19000244140625,103.96121978759766,251.35714721679688,74.55382537841797,292.9704284667969,61.92288589477539
2020-07-15,37.79806900024414,21.31995964050293,32.54811096191406,170.33999633789062,103.92715454101562,251.86874389648438,74.56246185302734,295.6619567871094,62.52748107910156
2020-07-16,37.26360321044922,21.151962280273438,32.50583267211914,168.72999572753906,104.00383758544922,250.1504364013672,74.56246185302734,294.68829345703125,61.77970504760742
2020-07-17,37.47389221191406,21.279956817626953,32.64958190917969,170.1199951171875,103.97828674316406,250.44007873535156,74.57972717285156,295.5425720214844,62.583152770996094
2020-07-20,37.95578384399414,21.295961380004883,32.91172790527344,170.94000244140625,104.04646301269531,257.54522705078125,74.56246185302734,297.9309997558594,61.835384368896484
2020-07-21,38.30624771118164,21.351959228515625,33.03012466430664,173.0,104.1572265625,254.86151123046875,74.57972717285156,298.5650329589844,61.98653030395508
2020-07-22,38.1397819519043,21.263959884643555,33.20769500732422,175.6300048828125,104.19127655029297,255.75927734375,74.57103729248047,300.26434326171875,62.933189392089844
2020-07-23,37.8331184387207,21.09596061706543,32.90327453613281,177.17999267578125,104.2935562133789,249.07884216308594,74.57103729248047,296.6817321777344,62.6706657409668
2020-07-24,37.79806900024414,21.015958786010742,32.666500091552734,178.6999969482422,104.24241638183594,246.71365356445312,74.57972717285156,294.77099609375,62.20927429199219
2020-07-27,38.38510513305664,21.19995880126953,32.99629211425781,182.22999572753906,104.08052062988281,251.11575317382812,74.55382537841797,296.9205627441406,62.7979621887207
2020-07-28,38.06969451904297,21.19196128845215,32.7341423034668,183.75,104.32764434814453,247.92037963867188,74.57103729248047,295.03741455078125,64.04691314697266
2020-07-29,38.68301010131836,21.479961395263672,33.140045166015625,185.1300048828125,104.46395874023438,250.7778778076172,74.58829498291016,298.6659240722656,65.28791809082031
2020-07-30,38.192344665527344,21.175960540771484,32.54811096191406,183.75999450683594,104.60881042480469,252.0908660888672,74.61412811279297,297.600341796875,64.86629486083984
2020-07-31,37.92949676513672,20.743959426879883,31.854703903198242,185.42999267578125,104.63434600830078,256.5895690917969,74.62276458740234,299.9519958496094,64.74697875976562
2020-08-03,38.192344665527344,21.119958877563477,32.497371673583984,185.63999938964844,104.5832290649414,260.05523681640625,74.62276458740234,302.037353515625,63.887794494628906
2020-08-04,38.70052719116211,21.207956314086914,32.65804672241211,189.58999633789062,104.94133758544922,261.02056884765625,74.63138580322266,303.2040100097656,64.84243774414062
2020-08-05,39.12109375,21.36795997619629,32.81871032714844,191.35000610351562,104.59172058105469,261.6674499511719,74.61412048339844,305.087158203125,64.51627349853516
2020-08-06,39.24375915527344,21.351959228515625,32.8863639831543,193.88999938964844,104.71112823486328,265.1332092285156,74.61412048339844,307.1264953613281,64.61970520019531
2020-08-07,38.43767547607422,21.207956314086914,32.7003173828125,190.80999755859375,104.48941802978516,262.07293701171875,74.60552215576172,307.3470764160156,65.54248809814453
2020-08-10,38.534053802490234,21.327959060668945,32.74260330200195,190.14999389648438,104.37855529785156,260.9530944824219,74.5882797241211,308.2656555175781,65.6458969116211
2020-08-11,38.428916931152344,21.46396255493164,32.945552825927734,179.94000244140625,104.02039337158203,256.0102844238281,74.57099151611328,305.7210388183594,64.69925689697266
2020-08-12,38.94586181640625,21.927955627441406,33.748905181884766,179.10000610351562,103.7134017944336,262.4494323730469,74.55380249023438,309.98345947265625,65.35155487060547
2020-08-13,38.83195495605469,21.70395851135254,33.54594039916992,183.3300018310547,103.50017547607422,263.0478820800781,74.5451889038086,309.42315673828125,64.54808807373047
2020-08-14,38.76185989379883,21.44795799255371,33.233070373535156,182.5399932861328,103.55136108398438,262.7389831542969,74.55380249023438,309.43231201171875,64.55606079101562
2020-08-17,39.25252151489258,21.607959747314453,33.45293426513672,186.5,103.7219009399414,265.7897033691406,74.56242370605469,310.4152526855469,65.0810775756836
2020-08-18,39.20871353149414,21.6159610748291,33.419105529785156,188.17999267578125,103.90099334716797,268.3479309082031,74.57099151611328,311.08587646484375,64.77083587646484
2020-08-19,38.72681427001953,21.46396255493164,33.30917739868164,182.24000549316406,103.76456451416016,266.5426025390625,74.57099151611328,309.79058837890625,63.633243560791016
2020-08-20,38.604156494140625,21.423961639404297,33.11468505859375,183.5,104.06302642822266,270.2401123046875,74.57099151611328,310.7551574707031,64.23784637451172
2020-08-21,38.796913146972656,21.207956314086914,32.8525390625,182.02999877929688,104.1397705078125,272.11297607421875,74.56242370605469,311.8575439453125,64.34126281738281
2020-08-24,39.22623062133789,21.54395866394043,33.45293426513672,181.0,103.99479675292969,273.8120422363281,74.55380249023438,315.0176696777344,64.75492095947266
2020-08-25,39.620513916015625,21.43195915222168,33.6220588684082,181.22000122070312,103.74749755859375,275.9647521972656,74.56242370605469,316.1199645996094,64.92198944091797
2020-08-26,39.725650787353516,21.551958084106445,33.89265823364258,183.36000061035156,103.70484924316406,281.8536376953125,74.56242370605469,319.2892150878906,64.32534790039062
2020-08-27,39.3927116394043,21.36795997619629,33.419105529785156,181.24000549316406,103.33818054199219,280.9751281738281,74.55380249023438,319.98736572265625,65.27200317382812
2020-08-28,39.909645080566406,21.535959243774414,33.723533630371094,184.38999938964844,103.5086898803711,282.4039611816406,74.57967376708984,322.0543518066406,65.70157623291016
2020-08-31,39.02471923828125,21.31195831298828,33.30917739868164,184.8300018310547,103.61958312988281,284.6725769042969,74.60552215576172,320.8876953125,65.03335571289062
2020-09-01,39.690608978271484,21.143959045410156,33.33454132080078,185.0500030517578,103.95921325683594,289.53814697265625,74.58740234375,323.9099426269531,65.0810775756836
2020-09-02,39.58546447753906,21.46396255493164,33.901119232177734,182.6199951171875,104.10431671142578,292.2798767089844,74.59603881835938,328.59503173828125,66.29027557373047
2020-09-03,38.83195495605469,20.855960845947266,33.14850997924805,181.13999938964844,104.24083709716797,277.4611511230469,74.58740234375,317.28668212890625,65.49475860595703
2020-09-04,38.84947967529297,20.927961349487305,33.18233108520508,181.63999938964844,103.66051483154297,273.76373291015625,74.56151580810547,314.69610595703125,65.15269470214844
2020-09-08,38.17483139038086,20.679962158203125,32.64112854003906,181.2899932861328,103.88240051269531,260.6056213378906,74.57017517089844,306.09765625,64.3571548461914
2020-09-09,38.74434280395508,21.09596061706543,33.44447326660156,183.0500030517578,103.83122253417969,268.26104736328125,74.57881927490234,312.14227294921875,64.99357604980469
2020-09-10,38.122257232666016,20.583961486816406,33.11468505859375,182.4600067138672,103.95921325683594,262.9128112792969,74.57017517089844,306.7223815917969,64.19806671142578
2020-09-11,38.49024963378906,20.791961669921875,33.351463317871094,182.4499969482422,104.12136840820312,261.08819580078125,74.58740234375,306.8785705566406,63.840084075927734
2020-09-14,39.112327575683594,20.879961013793945,33.46139144897461,183.88999938964844,104.02749633789062,265.63519287109375,74.57881927490234,310.9205322265625,65.3992919921875
2020-09-15,39.52412796020508,21.119958877563477,33.6220588684082,183.4499969482422,103.97628021240234,269.4001159667969,74.58740234375,312.4914245605469,66.1868667602539
2020-09-16,39.471561431884766,21.223960876464844,33.47829818725586,183.97000122070312,103.91656494140625,265.1042785644531,74.59603881835938,311.2512512207031,66.5368881225586
2020-09-17,39.3138542175293,21.143959045410156,33.596683502197266,182.9600067138672,103.95068359375,260.9627380371094,74.57881927490234,308.513671875,65.24017333984375
2020-09-18,39.00719451904297,20.88796043395996,33.258445739746094,183.1999969482422,103.8568115234375,257.63214111328125,74.58740234375,304.9618835449219,63.76848220825195
2020-09-21,38.64795684814453,20.167959213256836,32.116844177246094,179.52000427246094,104.04454040527344,258.25006103515625,74.57881927490234,301.5678405761719,61.8513069152832
2020-09-22,38.358821868896484,20.231964111328125,31.981536865234375,178.64999389648438,104.04454040527344,263.0478820800781,74.59603881835938,304.6391296386719,62.59114074707031
2020-09-23,37.76302719116211,20.0799617767334,31.50798797607422,174.7899932861328,104.04454040527344,255.01600646972656,74.59603881835938,297.57421875,60.70575714111328
2020-09-24,37.58778762817383,20.05596160888672,31.643295288085938,175.44000244140625,104.09574890136719,256.20343017578125,74.58740234375,298.36749267578125,61.03191375732422
2020-09-25,37.62282943725586,20.175960540771484,31.567184448242188,174.94000244140625,104.18112182617188,262.1597900390625,74.59603881835938,303.1910705566406,62.29055404663086
2020-09-28,38.04339599609375,20.55996322631836,32.22677230834961,176.6999969482422,104.16400909423828,267.6046447753906,74.6046371459961,308.2268371582031,63.56521987915039
2020-09-29,38.01710891723633,20.43195915222168,32.277503967285156,178.19000244140625,104.24083709716797,266.3978576660156,74.59603881835938,306.5482482910156,63.1082649230957
2020-09-30,38.63043975830078,20.391963958740234,32.066104888916016,177.1199951171875,103.95921325683594,268.2223815917969,74.6046371459961,308.8725280761719,63.3006591796875
2020-10-01,38.98966979980469,20.43195915222168,32.33671188354492,178.6999969482422,104.01814270019531,272.479736328125,74.58738708496094,310.85540771484375,64.56732940673828
2020-10-02,38.542823791503906,20.59195899963379,32.26060485839844,178.5399932861328,103.91569519042969,264.8145751953125,74.59603118896484,307.904052734375,65.68165588378906
2020-10-05,39.05976104736328,20.855960845947266,32.91172790527344,179.41000366210938,103.2581558227539,270.4620666503906,74.57015991210938,313.36419677734375,66.05845642089844
2020-10-06,39.12985610961914,20.543964385986328,32.53965759277344,177.3000030517578,103.49720764160156,265.63519287109375,74.57015991210938,308.90936279296875,65.62553405761719
2020-10-07,39.55917739868164,20.679962158203125,32.87791061401367,177.22000122070312,103.19831848144531,270.2304992675781,74.56148529052734,314.28643798828125,65.72176361083984
2020-10-08,39.883358001708984,20.903959274291992,33.17386245727539,177.85000610351562,103.38623809814453,271.66876220703125,74.56148529052734,317.0718688964844,66.82003784179688
2020-10-09,40.15498352050781,21.09596061706543,33.44447326660156,181.0800018310547,103.33499145507812,275.82000732421875,74.56148529052734,319.90325927734375,66.55549621582031
2020-10-12,40.50544738769531,21.167959213256836,33.68971252441406,180.55999755859375,103.4460220336914,284.33465576171875,74.57876586914062,325.0497741699219,66.8681411743164
2020-10-13,40.33897018432617,20.791961669921875,33.1907844543457,177.72000122070312,103.67659759521484,284.32501220703125,74.57015991210938,322.92852783203125,65.72176361083984
2020-10-14,40.067359924316406,20.695960998535156,33.15696716308594,178.27000427246094,103.71070098876953,281.9501953125,74.57015991210938,320.8994140625,64.92007446289062
2020-10-15,39.77822494506836,20.335962295532227,32.793338775634766,178.9199981689453,103.59972381591797,280.0580139160156,74.58738708496094,320.5028076171875,65.25677490234375
2020-10-16,39.91840744018555,20.53596305847168,33.07239532470703,178.3000030517578,103.53995513916016,278.5230407714844,74.57876586914062,320.3091125488281,64.79177856445312
2020-10-19,39.80450439453125,20.335962295532227,32.91172790527344,178.38999938964844,103.36913299560547,273.9761047363281,74.57876586914062,315.4393310546875,63.78168487548828
2020-10-20,40.242591857910156,20.45595932006836,33.20769500732422,179.25,103.14713287353516,274.56500244140625,74.57015991210938,316.7029113769531,64.2386245727539
2020-10-21,40.35649871826172,20.359962463378906,32.759521484375,180.60000610351562,103.0105209350586,274.35260009765625,74.57015991210938,316.1033630371094,64.04623413085938
2020-10-22,40.34772872924805,20.407957077026367,32.77642822265625,178.8300018310547,102.65184783935547,274.3429260253906,74.54426574707031,317.8373107910156,64.03822326660156
2020-10-23,40.58430862426758,20.615964889526367,33.131591796875,178.63999938964844,102.7969970703125,274.8835144042969,74.55292510986328,318.9164123535156,64.42301940917969
2020-10-26,40.058597564697266,20.303958892822266,32.18449401855469,178.5500030517578,103.07026672363281,270.7613525390625,74.56148529052734,313.0229187011719,63.50107192993164
2020-10-27,40.23382568359375,20.103961944580078,31.63483428955078,179.02000427246094,103.30083465576172,272.8755187988281,74.56148529052734,311.94378662109375,62.48295211791992
2020-10-28,39.22623062133789,19.327964782714844,30.366397857666016,176.1300048828125,103.29232788085938,262.23699951171875,74.56148529052734,301.2818603515625,60.9918327331543
2020-10-29,39.620513916015625,19.51996421813965,30.425596237182617,175.39999389648438,102.8568115234375,266.8227233886719,74.57876586914062,304.3439636230469,61.809547424316406
2020-10-30,39.17366409301758,19.47195816040039,30.341026306152344,176.1999969482422,102.52373504638672,260.05523681640625,74.57015991210938,301.17120361328125,61.40068817138672
2020-11-02,39.673091888427734,19.69596290588379,30.83148765563965,177.91000366210938,102.69977569580078,260.6344909667969,74.56925201416016,304.54681396484375,62.86775588989258
2020-11-03,39.84831619262695,20.247961044311523,31.77013397216797,178.9199981689453,102.46902465820312,265.14288330078125,74.55200958251953,309.9239501953125,64.07828521728516
2020-11-04,41.10123825073242,20.43195915222168,32.252140045166016,178.82000732421875,103.33206176757812,276.9783630371094,74.56925201416016,316.8504638671875,64.1905288696289
2020-11-05,41.802188873291016,20.82396125793457,33.131591796875,182.92999267578125,103.31498718261719,284.19952392578125,74.55200958251953,323.0299377441406,64.49518585205078
2020-11-06,41.99493408203125,20.879961013793945,33.224613189697266,183.19000244140625,102.96466064453125,284.41192626953125,74.56060791015625,322.9562072753906,64.05426788330078
2020-11-09,42.28407287597656,21.86396026611328,34.59452819824219,175.0800018310547,102.20417785644531,278.60028076171875,74.53475189208984,327.01434326171875,66.3230209350586
2020-11-10,41.802188873291016,22.50395393371582,35.19491958618164,175.66000366210938,101.91364288330078,273.6092834472656,74.526123046875,326.53472900390625,67.29302215576172
2020-11-11,42.07379150390625,22.767955780029297,35.42323303222656,174.89999389648438,102.07600402832031,279.72979736328125,74.50882720947266,328.9604187011719,67.5495834350586
2020-11-12,41.75837326049805,22.303956985473633,34.86512756347656,175.9600067138672,102.65702819824219,278.4168701171875,74.51749420166016,325.7691650390625,66.667724609375
2020-11-13,42.34540557861328,22.6479549407959,35.49934005737305,177.16000366210938,102.52033996582031,280.8592834472656,74.51749420166016,330.27935791015625,68.44744873046875
2020-11-16,42.87111282348633,22.967952728271484,35.83760452270508,177.14999389648438,102.44338989257812,283.0507507324219,74.53475189208984,334.4020080566406,69.21704864501953
2020-11-17,42.82729721069336,22.823959350585938,35.888328552246094,176.5,102.70829010009766,282.1528625488281,74.526123046875,332.6035461425781,69.28119659423828
2020-11-18,42.678348541259766,22.687957763671875,35.69383239746094,175.49000549316406,102.67414093017578,280.0677795410156,74.526123046875,328.60064697265625,67.93438720703125
2020-11-19,42.74844741821289,22.87995719909668,35.9475212097168,175.16000366210938,102.78524780273438,282.2591857910156,74.5433349609375,329.98419189453125,68.19893646240234
2020-11-20,42.98501968383789,22.86395263671875,35.896785736083984,175.69000244140625,102.96466064453125,280.3283386230469,74.55200958251953,327.7244873046875,67.83016204833984
2020-11-23,43.09891891479492,22.903955459594727,35.9390754699707,172.22999572753906,102.75961303710938,280.3379821777344,74.55200958251953,329.6889953613281,67.95843505859375
2020-11-24,43.67718505859375,23.343957901000977,36.505638122558594,169.58999633789062,102.59719848632812,284.2768249511719,74.56060791015625,335.0015563964844,68.3191909790039
2020-11-25,43.43186950683594,23.17595672607422,36.598655700683594,169.50999450683594,102.63139343261719,286.02410888671875,74.56925201416016,334.48504638671875,68.35926818847656
2020-11-27,43.843666076660156,23.15195655822754,36.86925506591797,167.7899932861328,102.93903350830078,288.65960693359375,74.56925201416016,335.41656494140625,68.05463409423828
2020-11-30,42.69587707519531,22.607959747314453,36.31113815307617,166.6699981689453,102.87068939208984,289.2485046386719,74.5865707397461,333.93170166015625,67.34111785888672
2020-12-01,43.5369987487793,23.271957397460938,37.16522216796875,170.17999267578125,102.32341766357422,292.95556640625,74.54595947265625,337.583984375,68.20695495605469
2020-12-02,43.59832763671875,23.343957901000977,37.190589904785156,171.4600067138672,102.15243530273438,293.3321228027344,74.56322479248047,338.2942199707031,67.66983032226562
2020-12-03,44.097755432128906,23.6319580078125,37.190589904785156,172.80999755859375,102.4260482788086,293.74725341796875,74.58050537109375,338.20196533203125,68.23902893066406
2020-12-04,44.553367614746094,23.879953384399414,37.53729248046875,172.32000732421875,102.02418518066406,294.94427490234375,74.57182312011719,341.1164855957031,69.28119659423828
2020-12-07,44.553367614746094,23.647953033447266,37.30897903442383,174.88999938964844,102.34049987792969,296.6143798828125,74.589111328125,340.41552734375,68.67996215820312
2020-12-08,44.57088851928711,23.751955032348633,37.410457611083984,175.5,102.44313049316406,297.61834716796875,74.57182312011719,341.41162109375,68.43943786621094
2020-12-09,44.185367584228516,23.839954376220703,37.241329193115234,172.5,102.29780578613281,290.8799743652344,74.56322479248047,338.3495178222656,68.0145492553711
2020-12-10,44.7548713684082,23.75995445251465,37.342811584472656,172.1699981689453,102.52864837646484,292.0480651855469,74.58050537109375,338.2388916015625,67.71792602539062
2020-12-11,44.43946075439453,23.49595832824707,37.06375503540039,172.49000549316406,102.73391723632812,291.40130615234375,74.62362670898438,337.8421936035156,67.6537857055664
2020-12-14,44.208412170410156,23.440933227539062,37.143531799316406,171.5399932861328,102.67399597167969,293.5155029296875,74.61505889892578,336.3297119140625,67.35718536376953
2020-12-15,44.686439514160156,23.78077507019043,37.632476806640625,173.94000244140625,102.57140350341797,296.65301513671875,74.61505889892578,340.8766174316406,68.73605346679688
2020-12-16,44.898895263671875,23.983060836791992,37.80404281616211,174.89999389648438,102.48589324951172,298.2845153808594,74.61505889892578,341.41162109375,68.81621551513672
2020-12-17,45.19101333618164,24.04779052734375,38.12144470214844,176.74000549316406,102.41145324707031,300.234619140625,74.6167221069336,343.3207702636719,69.48162078857422
2020-12-18,45.13790512084961,23.772680282592773,37.958457946777344,176.44000244140625,102.32592010498047,299.32708740234375,74.60810852050781,341.94989013671875,68.0866928100586
2020-12-21,44.47397994995117,23.36811065673828,37.35799026489258,175.8800048828125,102.39435577392578,298.7672119140625,74.60810852050781,340.727294921875,67.70189666748047
2020-12-22,44.11989212036133,23.319561004638672,37.28078079223633,174.49000549316406,102.5654296875,299.5795593261719,74.60810852050781,340.1530456542969,68.17488861083984
2020-12-23,44.57135772705078,23.764589309692383,37.795467376708984,175.64999389648438,102.3515853881836,298.0708312988281,74.62539672851562,340.4587097167969,67.73395538330078
2020-12-24,44.37661361694336,23.813140869140625,37.855525970458984,176.35000610351562,102.49699401855469,299.3860778808594,74.60810852050781,341.783203125,68.32696533203125
2020-12-28,44.50054168701172,23.78077507019043,38.18149185180664,175.7100067138672,102.50557708740234,302.4035339355469,74.6167221069336,344.71942138671875,68.7342529296875
2020-12-29,45.164459228515625,24.015426635742188,38.293006896972656,176.35000610351562,102.48846435546875,302.6742858886719,74.6167221069336,344.0617370605469,68.14777374267578
2020-12-30,45.766422271728516,23.96687889099121,38.30158233642578,177.6999969482422,102.55691528320312,302.6841125488281,74.62539672851562,344.55267333984375,68.52247619628906
2020-12-31,45.7398681640625,23.699861526489258,37.812625885009766,178.36000061035156,102.62533569335938,303.4286804199219,74.6167221069336,346.30316162109375,69.18228149414062
2021-01-04,46.0319938659668,24.015426635742188,38.25869369506836,182.3300018310547,102.6510238647461,299.1442565917969,74.62539672851562,341.5887145996094,66.93404388427734
2021-01-05,47.138526916503906,24.387632369995117,38.481727600097656,182.8699951171875,102.41145324707031,301.61053466796875,74.62539672851562,343.9413757324219,67.03179168701172
2021-01-06,46.74017333984375,25.123952865600586,38.927791595458984,179.89999389648438,101.81256103515625,297.4324645996094,74.58219909667969,345.99761962890625,67.14582824707031
2021-01-07,47.18278503417969,25.123952865600586,39.09077453613281,179.47999572753906,101.45321655273438,304.62799072265625,74.59944152832031,351.13824462890625,67.01549530029297
2021-01-08,48.43096160888672,25.293874740600586,39.2880744934082,173.33999633789062,101.16233825683594,308.54486083984375,74.59085083007812,353.138916015625,67.66715240478516
2021-01-11,47.775901794433594,24.840755462646484,38.653289794921875,173.0,100.96558380126953,304.08642578125,74.58219909667969,350.7585144042969,66.77111053466797
2021-01-12,48.24506759643555,24.978309631347656,38.739070892333984,174.1199951171875,100.94843292236328,303.60284423828125,74.58219909667969,350.8326110839844,66.92589569091797
2021-01-13,48.35129165649414,24.856935501098633,38.670448303222656,173.3699951171875,101.29920959472656,305.6532287597656,74.57357788085938,351.7773742675781,67.74048614501953
2021-01-14,48.80276107788086,25.164413452148438,38.842002868652344,173.27999877929688,101.0682144165039,304.0187683105469,74.58219909667969,350.54547119140625,68.13961791992188
2021-01-15,48.11227798461914,24.719383239746094,38.08713150024414,171.1300048828125,101.34201049804688,301.61053466796875,74.59085083007812,347.9889831542969,68.92162322998047
2021-01-19,48.90898513793945,24.840755462646484,38.43025588989258,172.5800018310547,101.40187072753906,306.0109558105469,74.6167221069336,350.72149658203125,68.72611236572266
2021-01-20,49.767662048339844,25.002582550048828,38.63613510131836,175.38999938964844,101.44467163085938,313.12908935546875,74.60810852050781,355.57501220703125,70.03759765625
2021-01-21,49.85618591308594,25.018766403198242,38.76479721069336,175.27999877929688,101.29920959472656,315.6339416503906,74.6167221069336,355.8991394042969,69.70360565185547
2021-01-22,49.42242431640625,24.77602195739746,38.490299224853516,173.89999389648438,101.45321655273438,314.72479248046875,74.6167221069336,354.63946533203125,69.86653137207031
2021-01-25,49.794212341308594,24.703197479248047,38.10429000854492,174.0500030517578,101.86387634277344,317.3264465332031,74.62539672851562,356.03802490234375,70.39600372314453
2021-01-26,49.4312744140625,24.759836196899414,38.361629486083984,173.6199951171875,101.82966613769531,317.79071044921875,74.6167221069336,355.4822998046875,70.89288330078125
2021-01-27,48.05916976928711,24.177255630493164,37.34940719604492,172.52000427246094,101.9494857788086,308.9317321777344,74.6167221069336,346.79412841796875,69.6384506225586
2021-01-28,48.39555358886719,24.258169174194336,37.838356018066406,172.67999267578125,101.6842041015625,310.7596130371094,74.60810852050781,349.7767028808594,70.01314544677734
2021-01-29,47.191646575927734,23.643218994140625,37.1521110534668,172.61000061035156,101.50456237792969,304.2217102050781,74.6340103149414,342.7742919921875,69.20674133300781
2021-02-01,48.46636962890625,23.942604064941406,37.61532974243164,174.22999572753906,101.63127136230469,311.823486328125,74.6427001953125,348.4798583984375,70.78701782226562
2021-02-02,49.09488296508789,24.088254928588867,38.14717483520508,172.11000061035156,101.37442016601562,316.91064453125,74.6167221069336,353.4075012207031,71.21057891845703
2021-02-03,49.34275817871094,24.04779052734375,38.215797424316406,171.85000610351562,101.12612915039062,315.6532897949219,74.6253890991211,353.6853942871094,71.0313949584961
2021-02-04,49.36045837402344,23.999244689941406,38.32731628417969,168.14999389648438,101.09190368652344,319.38641357421875,74.6253890991211,357.7052917480469,71.5201416015625
2021-02-05,49.78536605834961,24.112524032592773,38.661865234375,169.80999755859375,100.87785339355469,320.4696044921875,74.6427001953125,359.1131896972656,71.77265930175781
2021-02-08,49.87388610839844,24.233896255493164,38.850589752197266,171.52000427246094,100.92070007324219,322.61669921875,74.6340103149414,361.7066955566406,72.16365814208984
2021-02-09,50.4050178527832,24.411909103393555,38.95352554321289,172.0800018310547,100.99775695800781,322.5489807128906,74.6167221069336,361.4659118652344,72.41615295410156
2021-02-10,50.58207321166992,24.33099365234375,38.75623321533203,172.7100067138672,101.25454711914062,321.8139953613281,74.6253890991211,361.3083801269531,72.80716705322266
2021-02-11,51.12206268310547,24.363357543945312,39.08220291137695,171.2100067138672,101.17754364013672,323.58380126953125,74.6253890991211,361.8919372558594,72.9619369506836
2021-02-12,51.166324615478516,24.711294174194336,39.253761291503906,170.69000244140625,100.8436279296875,325.39227294921875,74.6340103149414,363.6795349121094,72.97821807861328
2021-02-16,51.29025650024414,25.32624053955078,39.451053619384766,168.24000549316406,100.11593627929688,324.51226806640625,74.60809326171875,363.3645935058594,72.41615295410156
2021-02-17,51.307960510253906,25.229145050048828,39.08220291137695,166.3300018310547,100.18437957763672,322.955078125,74.6253890991211,363.4480285644531,72.32654571533203
2021-02-18,50.59978103637695,25.083498001098633,38.98783493041992,166.32000732421875,100.17583465576172,321.5431823730469,74.6253890991211,361.90118408203125,72.01702880859375
2021-02-19,50.92730712890625,25.05922508239746,39.17655944824219,167.00999450683594,99.77344512939453,320.1407165527344,74.6340103149414,361.2621154785156,72.43244934082031
2021-02-22,49.4312744140625,25.09967803955078,39.06504440307617,169.50999450683594,99.61079406738281,311.8428039550781,74.6167221069336,358.4833679199219,73.03524780273438
2021-02-23,49.652587890625,25.37479019165039,39.056461334228516,169.1199951171875,99.68782806396484,310.9143371582031,74.6253890991211,358.918701171875,73.49140167236328
2021-02-24,49.33389663696289,25.593257904052734,39.433895111083984,169.0,99.55085754394531,313.4772644042969,74.60809326171875,362.8736877441406,74.05345916748047
2021-02-25,48.209659576416016,25.083498001098633,38.781959533691406,165.82000732421875,98.223876953125,302.548583984375,74.4957275390625,354.1300048828125,72.6361083984375
2021-02-26,47.56343460083008,24.5737361907959,38.4130973815918,161.80999755859375,99.10572052001953,303.8155517578125,74.59082794189453,352.3052978515625,71.5771484375
2021-03-01,48.838165283203125,24.978309631347656,39.07361602783203,161.52999877929688,98.99432373046875,312.9549560546875,74.58391571044922,360.84521484375,71.89482879638672
2021-03-02,48.360145568847656,25.13204574584961,39.125083923339844,162.41000366210938,99.17420196533203,307.93560791015625,74.6011962890625,358.0295715332031,71.20246124267578
2021-03-03,48.26277542114258,25.164413452148438,38.82484436035156,160.6199951171875,98.6430892944336,298.9992370605469,74.55797576904297,353.28717041015625,70.79517364501953
2021-03-04,47.138526916503906,24.98639678955078,38.44741439819336,159.0399932861328,98.15482330322266,294.1055603027344,74.55797576904297,348.9153137207031,69.98872375488281
2021-03-05,47.65195846557617,25.31005859375,38.57608413696289,159.13999938964844,98.01774597167969,298.53497314453125,74.55797576904297,355.3341064453125,70.75443267822266
2021-03-08,46.368377685546875,25.245328903198242,38.661865234375,157.49000549316406,97.63224029541016,290.0822448730469,74.53204345703125,353.5650634765625,71.36536407470703
2021-03-09,47.386390686035156,25.43952178955078,39.1937141418457,160.83999633789062,98.09483337402344,301.5234069824219,74.53204345703125,358.613037109375,71.83781433105469
2021-03-10,47.17393493652344,25.56089210510254,39.56257629394531,161.66000366210938,98.30043029785156,300.6627197265625,74.55797576904297,360.84521484375,72.55464935302734
2021-03-11,48.6611213684082,25.60944366455078,39.96574783325195,161.52000427246094,98.26616668701172,307.5873718261719,74.55797576904297,364.50384521484375,73.40180206298828
2021-03-12,47.793601989746094,25.78745460510254,39.93143081665039,161.49000549316406,97.5551528930664,305.0921325683594,74.5493392944336,364.9947814941406,74.6318130493164
2021-03-15,47.9086799621582,25.657987594604492,39.8285026550293,162.1999969482422,97.67506408691406,308.3514404296875,74.55797576904297,367.17144775390625,75.73963928222656
2021-03-16,48.11227798461914,25.722721099853516,39.75986862182617,162.35000610351562,97.65794372558594,310.0439147949219,74.55797576904297,366.7084045410156,75.43013000488281
2021-03-17,48.174251556396484,25.77936553955078,40.14588928222656,163.50999450683594,97.49517059326172,311.320556640625,74.57527160644531,367.9588928222656,75.49526977539062
2021-03-18,47.28900909423828,25.51234245300293,39.65694046020508,162.55999755859375,96.88694763183594,301.7845764160156,74.56660461425781,362.60516357421875,74.72957611083984
2021-03-19,47.873268127441406,25.39906120300293,39.63120651245117,163.24000549316406,96.82697296142578,302.8484802246094,74.56660461425781,361.9342346191406,73.71134948730469
2021-03-22,47.731632232666016,25.358606338500977,39.7341423034668,163.0,97.14395141601562,308.5278015136719,74.55797576904297,364.82421875,74.23267364501953
2021-03-23,46.81984329223633,24.978309631347656,39.21086883544922,161.80999755859375,97.62368774414062,307.18182373046875,74.56660461425781,361.9527587890625,74.12677764892578
2021-03-24,45.748714447021484,24.954036712646484,39.125083923339844,162.3699951171875,97.75218963623047,302.0010681152344,74.58391571044922,360.1128845214844,73.71134948730469
2021-03-25,45.96116256713867,25.14822769165039,39.330963134765625,161.77999877929688,97.62368774414062,301.4782409667969,74.59258270263672,362.138671875,74.46186065673828
2021-03-26,47.15623092651367,25.536617279052734,39.87138748168945,162.24000549316406,97.29815673828125,306.0003967285156,74.59258270263672,367.9745788574219,76.0677719116211
2021-03-29,46.828697204589844,25.479976654052734,39.72555923461914,160.30999755859375,96.96405792236328,305.9132995605469,74.57527160644531,367.78863525390625,75.6253433227539
2021-03-30,46.979183197021484,25.431428909301758,39.837074279785156,157.57000732421875,96.8783950805664,304.3735656738281,74.57527160644531,366.81292724609375,75.72364807128906
2021-03-31,47.218196868896484,25.334331512451172,39.8285026550293,159.9600067138672,96.7413330078125,309.0313415527344,74.5493392944336,368.2997131347656,75.26481628417969
2021-04-01,47.67851257324219,25.625625610351562,40.49760055541992,161.97999572753906,97.16991424560547,314.2992858886719,74.5484619140625,372.2770690917969,76.63313293457031
2021-04-05,47.864410400390625,25.973556518554688,41.18385696411133,161.9199981689453,96.8956298828125,320.57415771484375,74.53115844726562,377.62030029296875,76.92810821533203
2021-04-06,48.12998580932617,25.78745460510254,40.76352310180664,163.22000122070312,97.36708068847656,320.3514709472656,74.5484619140625,377.3973388671875,77.12472534179688
2021-04-07,47.42180252075195,25.900732040405273,40.866458892822266,162.75999450683594,97.30708312988281,321.1261291503906,74.55712127685547,377.8341064453125,77.18207550048828
2021-04-08,47.811302185058594,26.06256103515625,41.03801727294922,164.50999450683594,97.64136505126953,324.4766540527344,74.58303833007812,379.6275634765625,76.89531707763672
2021-04-09,47.40409851074219,25.981647491455078,41.1152229309082,163.27000427246094,97.38420867919922,326.4425048828125,74.55712127685547,382.38751220703125,76.80519104003906
2021-04-12,47.12082290649414,25.908824920654297,40.94365692138672,162.27999877929688,97.3242416381836,326.01641845703125,74.53981018066406,382.52691650390625,77.25582122802734
2021-04-13,47.31557846069336,25.908824920654297,41.24390411376953,163.42999267578125,97.7270736694336,329.82208251953125,74.56576538085938,383.6606140136719,77.64091491699219
2021-04-14,47.55458450317383,26.103017807006836,41.23531723022461,162.72000122070312,97.60706329345703,325.8613586425781,74.56576538085938,382.35040283203125,77.23125457763672
2021-04-15,47.988346099853516,26.378129959106445,41.518402099609375,165.35000610351562,98.23283386230469,330.7999572753906,74.58303833007812,386.457763671875,78.5831527709961
2021-04-16,48.11227798461914,26.548051834106445,41.99877166748047,166.35000610351562,97.96711730957031,331.1873779296875,74.57440948486328,387.7494812011719,78.75524139404297
2021-04-19,47.93523406982422,26.72606086730957,41.990203857421875,165.88999938964844,97.8642349243164,328.1564025878906,74.56576538085938,385.84442138671875,78.91089630126953
2021-04-20,47.54573440551758,26.2163028717041,41.226749420166016,166.47999572753906,98.15567016601562,325.76458740234375,74.58303833007812,383.0193786621094,79.55818939208984
2021-04-21,47.837852478027344,26.418588638305664,41.67280578613281,168.1300048828125,98.20709228515625,328.5533142089844,74.60034942626953,386.6435852050781,80.08257293701172
2021-04-22,47.66967010498047,26.103017807006836,41.612754821777344,167.0399932861328,98.28426361083984,324.59295654296875,74.59170532226562,383.1123962402344,79.6482925415039
2021-04-23,48.360145568847656,26.264848709106445,42.075984954833984,166.39999389648438,98.15567016601562,328.6793518066406,74.57440948486328,387.2662353515625,80.1153335571289
2021-04-26,48.42211151123047,26.410491943359375,42.1875,166.83999633789062,98.05279541015625,330.8194580078125,74.55712127685547,388.0746765136719,80.35295104980469
2021-04-27,48.39555358886719,26.402408599853516,42.20465850830078,166.4199981689453,97.6670913696289,329.3861389160156,74.5484619140625,387.9910583496094,80.34475708007812
2021-04-28,48.75850296020508,26.539958953857422,42.37622833251953,166.91000366210938,97.795654296875,328.2726135253906,74.56576538085938,387.8795166015625,80.17268371582031
2021-04-29,48.64342498779297,26.5885066986084,42.32474899291992,166.22000122070312,97.62423706054688,329.45404052734375,74.58303833007812,390.3514404296875,80.86092376708984
2021-04-30,47.78474426269531,26.321487426757812,41.68138885498047,165.66000366210938,97.70993041992188,327.2945251464844,74.59170532226562,387.78662109375,81.18048858642578
2021-05-03,47.78474426269531,26.701786041259766,42.15318298339844,167.80999755859375,97.8763427734375,325.55157470703125,74.58479309082031,388.6229553222656,81.02481079101562
2021-05-04,47.2447509765625,26.426679611206055,41.38115692138672,166.5800018310547,98.0050048828125,319.6929931640625,74.58479309082031,386.22540283203125,80.50040435791016
2021-05-05,47.466060638427734,26.839340209960938,41.9644660949707,167.27000427246094,98.1250991821289,318.6181335449219,74.60208129882812,386.3462829589844,79.16490173339844
2021-05-06,47.91753005981445,27.049720764160156,42.34190368652344,170.05999755859375,98.16792297363281,321.0196228027344,74.60208129882812,389.4314270019531,79.60733795166016
2021-05-07,48.41325378417969,27.42192268371582,42.968116760253906,171.58999633789062,98.2022705078125,323.6244812011719,74.62800598144531,392.26568603515625,80.65608215332031
2021-05-10,47.54573440551758,27.446195602416992,42.5048942565918,172.11000061035156,98.0050048828125,315.45159912109375,74.60208129882812,388.38140869140625,80.63153076171875
2021-05-11,47.41294860839844,27.033533096313477,42.01593780517578,172.13999938964844,97.84200286865234,315.0157775878906,74.59343719482422,384.9151306152344,79.61554718017578
2021-05-12,46.10280990600586,26.95262336730957,41.54413604736328,170.42999267578125,97.37028503417969,306.8622131347656,74.58479309082031,376.7375793457031,77.59994506835938
2021-05-13,46.040836334228516,26.9849853515625,41.990203857421875,171.1300048828125,97.69622802734375,309.2347106933594,74.60208129882812,381.2631530761719,78.60774993896484
2021-05-14,46.87295150756836,27.3814697265625,42.9080696105957,172.69000244140625,97.91065216064453,316.0616760253906,74.60208129882812,387.1174621582031,79.54179382324219
2021-05-17,46.828697204589844,27.486661911010742,42.8222770690918,174.6999969482422,97.81629180908203,314.144287109375,74.60208129882812,386.13250732421875,79.62373352050781
2021-05-18,47.45721435546875,27.36528968811035,42.79655075073242,175.0399932861328,97.81629180908203,312.0235900878906,74.61071014404297,382.8057861328125,79.64009857177734
2021-05-19,47.31557846069336,27.114452362060547,42.273284912109375,175.16000366210938,97.524658203125,312.38189697265625,74.58479309082031,381.8021545410156,79.3861312866211
2021-05-20,47.58999252319336,27.454294204711914,42.968116760253906,175.9600067138672,97.92780303955078,318.4245300292969,74.61939239501953,385.90948486328125,80.2791976928711
2021-05-21,47.0411491394043,27.349105834960938,43.05389404296875,176.0399932861328,97.96212768554688,316.6620788574219,74.60208129882812,385.59356689453125,80.197265625
2021-05-24,47.43065643310547,27.462383270263672,43.39702224731445,176.35000610351562,98.05645751953125,321.98797607421875,74.61939239501953,389.52435302734375,81.19686889648438
2021-05-25,47.89982604980469,27.276281356811523,43.49137878417969,177.9499969482422,98.41669464111328,322.43341064453125,74.61939239501953,388.6601867675781,81.17228698730469
2021-05-26,48.25391387939453,27.26009750366211,43.25119400024414,177.63999938964844,98.30520629882812,323.5567932128906,74.63667297363281,389.4314270019531,81.53279876708984
2021-05-27,48.26277542114258,27.413837432861328,43.336971282958984,177.7100067138672,98.1336669921875,322.3463439941406,74.63667297363281,389.63592529296875,81.3443374633789
2021-05-28,48.57260513305664,27.341012954711914,43.508541107177734,178.3800048828125,98.1250991821289,323.36297607421875,74.63667297363281,390.33282470703125,81.8359375
2021-06-01,49.572906494140625,27.543296813964844,43.808780670166016,177.89999389648438,98.10704803466797,322.2882080078125,74.62110900878906,389.98907470703125,83.3107681274414
2021-06-02,49.652587890625,27.672761917114258,43.85166549682617,178.77000427246094,98.21863555908203,322.91766357421875,74.62976837158203,390.60235595703125,84.2857894897461
2021-06-03,49.1214485168457,27.438108444213867,43.55143356323242,175.27000427246094,97.96969604492188,319.55743408203125,74.60377502441406,389.1526184082031,83.97443389892578
2021-06-04,49.564056396484375,27.599943161010742,43.85166549682617,177.16000366210938,98.51045989990234,324.98016357421875,74.62976837158203,392.7118225097656,84.01538848876953
2021-06-07,49.31618881225586,27.608028411865234,44.126163482666016,177.8699951171875,98.43321990966797,325.9486083984375,74.62110900878906,392.3307189941406,85.0068130493164
2021-06-08,49.07718276977539,27.65657615661621,44.06612014770508,177.32000732421875,98.71646881103516,326.1035461425781,74.63835144042969,392.4144287109375,85.7114486694336
2021-06-09,48.935543060302734,27.470476150512695,43.988914489746094,176.97999572753906,99.02548217773438,326.1809387207031,74.62110900878906,391.8290100097656,85.82614135742188
2021-06-10,49.32764434814453,27.582386016845703,43.96640396118164,177.74000549316406,99.37736511230469,329.5798645019531,74.64705657958984,393.65032958984375,86.44066619873047
2021-06-11,49.15871047973633,27.763418197631836,44.16558074951172,175.74000549316406,99.23149871826172,330.4417724609375,74.62976837158203,394.3008117675781,86.0965347290039
2021-06-14,49.29207992553711,27.788103103637695,44.26083755493164,174.7100067138672,98.92243957519531,333.6083068847656,74.60377502441406,395.18359375,86.43244934082031
2021-06-15,48.9542121887207,27.837474822998047,44.304134368896484,174.0500030517578,98.93960571289062,331.42950439453125,74.59514617919922,394.4587707519531,85.5066146850586
2021-06-16,48.28738784790039,27.656442642211914,43.84516525268555,171.11000061035156,98.26152801513672,330.218994140625,74.52598571777344,392.25640869140625,84.949462890625
2021-06-17,48.55411911010742,27.417814254760742,43.50743103027344,165.85000610351562,98.61347961425781,334.4119873046875,74.52598571777344,392.12640380859375,84.84294128417969
2021-06-18,48.216251373291016,26.65254783630371,42.615447998046875,164.92999267578125,99.17140197753906,331.7877502441406,74.4654312133789,386.8363952636719,83.40088653564453
2021-06-21,48.420753479003906,27.146270751953125,43.21298599243164,166.9499969482422,98.85379028320312,333.8498229980469,74.48271942138672,392.37432861328125,85.12153625488281
2021-06-22,48.19847106933594,27.162723541259766,43.23031234741211,166.25,99.03404998779297,336.96185302734375,74.52598571777344,394.4720153808594,84.67906951904297
2021-06-23,48.491886138916016,27.162723541259766,42.84927749633789,166.13999938964844,98.83662414550781,337.126708984375,74.47406768798828,393.99658203125,84.53157806396484
2021-06-24,48.936439514160156,27.28615379333496,43.39484786987305,166.0399932861328,98.81946563720703,339.21112060546875,74.48271942138672,396.3273620605469,84.3492431640625
2021-06-25,49.34541702270508,27.35198211669922,43.47278594970703,166.58999633789062,98.61347961425781,338.7940979003906,74.47406768798828,397.73516845703125,84.91859436035156
2021-06-28,49.38987731933594,27.03106689453125,43.12639236450195,166.5800018310547,98.92243957519531,342.9144592285156,74.50001525878906,398.5369567871094,84.6710433959961
2021-06-29,49.35431671142578,26.98992347717285,43.16103744506836,164.8300018310547,98.9739761352539,344.1553649902344,74.49140167236328,398.7513732910156,84.43998718261719
2021-06-30,49.034236907958984,26.907636642456055,42.73668670654297,165.6300048828125,99.12845611572266,343.612548828125,74.5086898803711,399.0869140625,83.9944076538086
2021-07-01,48.75861740112305,27.080440521240234,42.9012336730957,166.1999969482422,99.05717468261719,343.74822998046875,74.49397277832031,401.296630859375,84.35747528076172
2021-07-02,48.705265045166016,27.18741226196289,42.94453430175781,167.2899932861328,99.41793823242188,347.6939392089844,74.52857208251953,404.36395263671875,84.61328125
2021-07-06,47.85171890258789,27.014606475830078,42.554832458496094,168.1199951171875,99.94184875488281,349.19671630859375,74.55450439453125,403.6274108886719,85.23217010498047
2021-07-07,47.798370361328125,27.195636749267578,42.779991149902344,168.75999450683594,100.23389434814453,349.9334716796875,74.56314849853516,405.0538330078125,85.52921295166016
2021-07-08,46.802574157714844,26.759523391723633,42.069881439208984,168.64999389648438,100.49156951904297,347.8200988769531,74.5977783203125,401.7533874511719,85.28990936279297
2021-07-09,47.611663818359375,27.294382095336914,42.8752555847168,169.2100067138672,99.98481750488281,349.9916687011719,74.57177734375,406.0421447753906,86.6927261352539
2021-07-12,47.65611267089844,27.31907081604004,43.065773010253906,169.0,99.93328857421875,351.358642578125,74.55450439453125,407.49652099609375,87.43536376953125
2021-07-13,47.70057678222656,27.212093353271484,42.71937942504883,169.22000122070312,99.6240234375,351.358642578125,74.49397277832031,406.1073303222656,86.21411895751953
2021-07-14,47.90507507324219,27.138036727905273,42.918556213378906,171.0399932861328,100.053466796875,351.98876953125,74.54585266113281,406.71331787109375,86.8165054321289
2021-07-15,48.020652770996094,26.82535171508789,42.43359375,171.07000732421875,100.474365234375,349.5166015625,74.55450439453125,405.32421875,86.95677947998047
2021-07-16,47.6472282409668,26.58672332763672,42.069881439208984,169.41000366210938,100.45720672607422,346.68572998046875,74.54585266113281,402.1450500488281,86.89900970458984
2021-07-19,46.84703063964844,25.870830535888672,41.169254302978516,169.61000061035156,101.31608581542969,343.84521484375,74.5804214477539,396.2062072753906,85.3146743774414
2021-07-20,46.99818420410156,26.010717391967773,41.576263427734375,169.38999938964844,101.18721771240234,347.83941650390625,74.61505126953125,401.8839416503906,87.32810974121094
2021-07-21,47.300472259521484,26.52912139892578,42.34700012207031,168.75999450683594,100.60319519042969,350.5248718261719,74.589111328125,405.1376953125,87.31985473632812
2021-07-22,47.38938522338867,26.46329116821289,42.468238830566406,169.08999633789062,100.83514404296875,352.8418884277344,74.5977783203125,405.9861145019531,86.62671661376953
2021-07-23,46.6870002746582,26.69369125366211,42.8752555847168,168.55999755859375,100.68048858642578,356.962158203125,74.60637664794922,410.1629333496094,87.34461212158203
2021-07-26,45.797882080078125,26.84180450439453,43.039794921875,168.16000366210938,100.61180114746094,357.24334716796875,74.589111328125,411.16986083984375,87.3858642578125
2021-07-27,44.87321090698242,26.874723434448242,42.82329177856445,168.44000244140625,101.04125213623047,353.3073425292969,74.60637664794922,409.2959289550781,87.88096618652344
2021-07-28,46.09129333496094,26.891178131103516,43.10041427612305,169.2899932861328,101.12714385986328,354.66455078125,74.61505126953125,409.1280517578125,87.57563781738281
2021-07-29,46.32246017456055,27.212093353271484,43.438140869140625,171.1699981689453,100.81792449951172,355.294677734375,74.61505126953125,410.8248596191406,87.59215545654297
2021-07-30,45.87791061401367,26.981693267822266,43.16969299316406,169.82000732421875,101.10134887695312,353.44305419921875,74.63236236572266,408.8297424316406,87.70768737792969
2021-08-02,46.206878662109375,27.072208404541016,43.32556915283203,169.61000061035156,101.54483032226562,353.4721374511719,74.66004180908203,407.9720153808594,87.51788330078125
2021-08-03,46.40248107910156,27.393129348754883,43.60268783569336,169.49000549316406,101.57064056396484,355.61468505859375,74.66004180908203,411.291015625,87.62516021728516
2021-08-04,46.64253616333008,27.31907081604004,43.611351013183594,169.52999877929688,101.54483032226562,356.12847900390625,74.63406372070312,409.2679138183594,87.35285949707031
2021-08-05,46.5714111328125,27.426042556762695,43.810523986816406,168.86000061035156,101.17530059814453,358.3873291015625,74.5994873046875,411.8597717285156,88.3760757446289
2021-08-06,46.180198669433594,27.35198211669922,43.749908447265625,164.63999938964844,100.58222961425781,356.8168029785156,74.5735092163086,412.5403137207031,88.21930694580078
2021-08-09,46.33135223388672,27.32729721069336,43.70661163330078,161.72000122070312,100.36740112304688,357.4760437011719,74.54759216308594,412.2047119140625,87.74893951416016
2021-08-10,46.39358901977539,27.467185974121094,43.749908447265625,161.77000427246094,100.17831420898438,355.6437683105469,74.52163696289062,412.71746826171875,86.91551971435547
2021-08-11,46.51805877685547,27.722272872924805,44.06166076660156,164.0,100.2900161743164,355.0329284667969,74.55624389648438,413.7430725097656,87.42713165283203
2021-08-12,46.109073638916016,27.598840713500977,44.13959503173828,164.0399932861328,100.18687438964844,356.3126525878906,74.55624389648438,414.9830627441406,87.61691284179688
2021-08-13,45.993492126464844,27.746957778930664,44.43403625488281,166.38999938964844,100.7627182006836,357.5632629394531,74.56488037109375,415.7382507324219,88.09552001953125
2021-08-16,45.57560729980469,27.516557693481445,44.174232482910156,167.22000122070312,100.9862060546875,357.71832275390625,74.58216857910156,416.7170715332031,87.98824310302734
2021-08-17,44.73984909057617,27.35198211669922,43.697940826416016,166.97000122070312,100.93463897705078,354.5675964355469,74.56488037109375,413.9854431152344,87.89746856689453
2021-08-18,44.810977935791016,27.203872680664062,43.57670593261719,167.10000610351562,100.88306427001953,351.1549987792969,74.56488037109375,409.45428466796875,87.0970687866211
2021-08-19,44.04634475708008,26.784208297729492,43.10041427612305,166.61000061035156,101.10652923583984,352.8516845703125,74.56488037109375,410.0882873535156,87.51788330078125
2021-08-20,44.010780334472656,26.907636642456055,43.29093551635742,166.6999969482422,101.01197814941406,356.5065002441406,74.56488037109375,413.3514404296875,87.95523071289062
2021-08-23,44.677616119384766,27.088665008544922,43.73258972167969,168.72999572753906,101.03776550292969,361.8387145996094,74.56488037109375,416.9875183105469,87.79019165039062
2021-08-24,45.69118881225586,27.121580123901367,43.810523986816406,168.64999389648438,100.7627182006836,362.9438781738281,74.55624389648438,417.64935302734375,87.4023666381836
2021-08-25,45.744537353515625,27.245010375976562,43.84516525268555,167.47999572753906,100.36740112304688,363.36077880859375,74.54759216308594,418.5257873535156,87.34461212158203
2021-08-26,45.308876037597656,27.080440521240234,43.60268783569336,167.6699981689453,100.36740112304688,361.05340576171875,74.54759216308594,416.0552062988281,87.37760162353516
2021-08-27,45.869014739990234,27.31907081604004,44.03568649291992,170.19000244140625,100.69398498535156,364.56298828125,74.5994873046875,419.775146484375,88.2935562133789
2021-08-30,45.96681594848633,27.302614212036133,44.06166076660156,169.35000610351562,100.89167785644531,368.65411376953125,74.61679077148438,421.6210632324219,89.1764907836914
2021-08-31,46.59808349609375,27.162723541259766,44.01835632324219,169.69000244140625,100.70259094238281,368.3536071777344,74.60813903808594,420.9964599609375,89.59732818603516
2021-09-01,47.193782806396484,27.32729721069336,44.45136260986328,169.6999969482422,100.7455825805664,368.96429443359375,74.60206604003906,421.2201843261719,91.03311920166016
2021-09-02,46.98039627075195,27.516557693481445,44.62455368041992,169.25,100.86599731445312,368.7898254394531,74.60206604003906,422.51611328125,91.51173400878906
2021-09-03,47.22934341430664,27.541244506835938,44.347434997558594,171.05999755859375,100.62518310546875,369.9241027832031,74.60206604003906,422.4136047363281,91.52823638916016
2021-09-07,47.50497055053711,27.277925491333008,44.382080078125,167.7100067138672,100.22955322265625,370.44769287109375,74.57612609863281,420.9031982421875,90.49678039550781
2021-09-08,46.81146240234375,27.121580123901367,43.94042205810547,167.2899932861328,100.50475311279297,369.15826416015625,74.59342193603516,420.3904113769531,90.95062255859375
2021-09-09,46.722557067871094,26.924097061157227,43.83650207519531,168.02999877929688,100.78858184814453,367.88824462890625,74.6107177734375,418.5911560058594,89.10222625732422
2021-09-10,46.669212341308594,26.940555572509766,43.628665924072266,167.17999267578125,100.47037506103516,365.0961608886719,74.58479309082031,415.2906494140625,87.7984619140625
2021-09-13,46.79368591308594,27.17095184326172,43.96640396118164,167.74000549316406,100.59078216552734,364.84393310546875,74.60206604003906,416.353515625,88.39258575439453
2021-09-14,46.40248107910156,26.940555572509766,43.84516525268555,168.82000732421875,100.96918487548828,363.8067321777344,74.6107177734375,414.1065979003906,88.23578643798828
2021-09-15,46.39358901977539,27.138036727905273,43.78453826904297,167.8300018310547,100.79718017578125,366.5115051269531,74.6107177734375,417.5655517578125,88.5163345336914
2021-09-16,45.869014739990234,27.072208404541016,43.7672233581543,164.02999877929688,100.47896575927734,366.7636413574219,74.58479309082031,416.9035949707031,88.59061431884766
2021-09-17,45.67340850830078,26.627864837646484,43.109073638916016,163.77000427246094,100.18653106689453,362.4203796386719,74.56745147705078,412.8424987792969,87.7984619140625
2021-09-20,44.44644546508789,26.208202362060547,42.165138244628906,164.94000244140625,100.69396209716797,354.9315185546875,74.58479309082031,405.95867919921875,87.2620849609375
2021-09-21,44.775413513183594,26.422147750854492,42.70205307006836,166.0399932861328,100.63377380371094,355.36834716796875,74.60206604003906,405.5752258300781,87.30333709716797
2021-09-22,45.335548400878906,26.72661018371582,43.143707275390625,165.4199981689453,100.72836303710938,358.6876220703125,74.55882263183594,409.5315246582031,88.15326690673828
2021-09-23,45.69118881225586,27.039295196533203,43.72392272949219,163.50999450683594,99.81670379638672,361.99725341796875,74.51554870605469,414.50726318359375,87.97998809814453
2021-09-24,45.148834228515625,26.80066680908203,43.264949798583984,163.3000030517578,99.5157241821289,362.3368835449219,74.48960876464844,415.1901550292969,87.03926849365234
2021-09-27,45.44224166870117,26.940555572509766,43.21298599243164,163.63999938964844,99.2491226196289,359.4447937011719,74.48096466064453,414.0023498535156,85.86856079101562
2021-09-28,44.855438232421875,26.44683265686035,42.18245315551758,162.0500030517578,98.8707046508789,349.27325439453125,74.48960876464844,405.6593933105469,85.28736114501953
2021-09-29,44.43754959106445,26.496204376220703,41.97462463378906,161.32000732421875,98.97390747070312,348.70068359375,74.51554870605469,406.3421936035156,85.92667388916016
2021-09-30,44.793190002441406,26.537351608276367,41.67152404785156,164.22000122070312,99.09428405761719,347.41949462890625,74.53290557861328,401.375732421875,84.50688934326172
2021-10-01,44.74874496459961,26.65254783630371,41.836063385009766,164.58999633789062,99.49880981445312,349.5741271972656,74.56834411621094,406.145751953125,85.70249938964844
2021-10-04,44.09080123901367,26.701921463012695,41.55028533935547,165.36000061035156,99.37831115722656,342.2367248535156,74.53373718261719,400.9079895019531,85.7191162109375
2021-10-05,44.40198516845703,26.882951736450195,41.862037658691406,164.58999633789062,99.06847381591797,346.8565368652344,74.52506256103516,405.0794372558594,85.12960052490234
2021-10-06,44.153045654296875,26.71014976501465,41.55028533935547,165.02999877929688,99.0942611694336,349.0790710449219,74.51641082763672,406.7630310058594,85.94328308105469
2021-10-07,45.015472412109375,26.85826301574707,41.93132400512695,164.16000366210938,98.69841003417969,352.28204345703125,74.49047088623047,410.27972412109375,86.17578125
2021-10-08,45.18440628051758,26.981693267822266,41.85337829589844,164.22999572753906,98.4832534790039,350.5252685546875,74.4645004272461,409.5315246582031,85.36209106445312
2021-10-11,45.09549331665039,26.973466873168945,41.55028533935547,163.9199981689453,98.2422866821289,347.8367919921875,74.4039535522461,406.566650390625,85.57795715332031
2021-10-12,44.864315032958984,27.04752540588379,41.62821960449219,164.66000366210938,98.6898193359375,346.6236267089844,74.43854522705078,405.5658874511719,86.6988525390625
2021-10-13,45.48670196533203,27.34375762939453,42.173797607421875,167.58999633789062,98.879150390625,349.3994140625,74.41260528564453,407.02484130859375,87.32988739013672
2021-10-14,45.62895584106445,27.541244506835938,42.779991149902344,168.0,99.11153411865234,355.8341979980469,74.41260528564453,413.8713073730469,88.39264678955078
2021-10-15,46.180198669433594,27.771642684936523,43.09175109863281,165.3300018310547,98.6209487915039,358.0761413574219,74.3693618774414,417.0233154296875,88.32621002197266
2021-10-18,46.06462478637695,27.598840713500977,42.779991149902344,164.9199981689453,98.4832534790039,361.677001953125,74.31742858886719,418.2579650878906,88.5503921508789
2021-10-19,46.6781005859375,27.821016311645508,43.01380920410156,165.4499969482422,98.13037109375,364.4139099121094,74.3433837890625,421.4847412109375,88.59188842773438
2021-10-20,46.669212341308594,27.862159729003906,43.1956672668457,166.89999389648438,98.08732604980469,363.9383239746094,74.3693618774414,423.1401672363281,89.98680877685547
2021-10-21,46.36690902709961,27.746957778930664,43.15237045288086,166.75,97.82915496826172,366.1608581542969,74.28280639648438,424.24383544921875,90.111328125
2021-10-22,46.26911544799805,27.763418197631836,43.42948532104492,167.77000427246094,98.07874298095703,363.0842590332031,74.26551818847656,423.8042907714844,90.5347900390625
2021-10-25,46.50918197631836,27.779870986938477,43.24762725830078,168.92999267578125,98.19923400878906,366.8015441894531,74.30011749267578,426.0769958496094,90.82538604736328
2021-10-26,46.26911544799805,27.952678680419922,43.412174224853516,167.67999267578125,98.3197250366211,367.9563903808594,74.28280639648438,426.46044921875,91.07447814941406
2021-10-27,45.89568328857422,27.8045597076416,43.28226852416992,168.1199951171875,98.87054443359375,368.81048583984375,74.26551818847656,424.5712585449219,90.30230712890625
2021-10-28,45.940147399902344,27.952678680419922,43.83650207519531,168.0800018310547,98.61234283447266,372.9062194824219,74.27413177490234,428.6677551269531,91.56434631347656
2021-10-29,45.273311614990234,27.71404457092285,43.57670593261719,166.64999389648438,98.65538024902344,374.74053955078125,74.28280639648438,429.53765869140625,90.5347900390625
2021-11-01,45.62895584106445,27.8868408203125,43.975059509277344,167.52000427246094,98.64761352539062,376.021728515625,74.24905395507812,430.2765197753906,90.98313903808594
2021-11-02,45.219970703125,27.672901153564453,44.044342041015625,167.16000366210938,98.88877868652344,377.593994140625,74.3269271850586,432.0161437988281,91.41488647460938
2021-11-03,45.433353424072266,27.8045597076416,44.485992431640625,165.77000427246094,98.57872009277344,381.6024475097656,74.30960845947266,434.6538391113281,91.72210693359375
2021-11-04,45.32666015625,27.47541046142578,44.39073944091797,167.64999389648438,99.11270141601562,386.4939880371094,74.37886047363281,436.7020568847656,90.85030364990234
2021-11-05,45.273311614990234,27.590614318847656,44.57259750366211,169.83999633789062,99.6552963256836,386.86285400390625,74.41344451904297,438.21728515625,91.31524658203125
2021-11-08,45.69118881225586,27.664669036865234,44.52063751220703,170.4499969482422,99.22467041015625,386.3387451171875,74.3269271850586,438.59136962890625,91.24053192138672
2021-11-09,45.51336669921875,27.590614318847656,44.47733688354492,171.2899932861328,99.68109893798828,383.6793518066406,74.3702392578125,437.1416015625,91.39830780029297
2021-11-10,45.32666015625,27.450729370117188,43.87980651855469,173.14999389648438,98.8284683227539,378.04046630859375,74.22308349609375,433.6248779296875,90.97483825683594
2021-11-11,46.109073638916016,27.598840713500977,43.99238967895508,174.1199951171875,98.50981903076172,379.0886535644531,74.1711654663086,433.76519775390625,91.1242904663086
2021-11-12,46.233551025390625,27.57415771484375,44.130943298339844,174.4499969482422,98.71653747558594,383.07763671875,74.23175811767578,437.0387268066406,91.05787658691406
2021-11-15,46.082393646240234,27.549468994140625,43.98371887207031,174.17999267578125,98.32894897460938,382.99029541015625,74.22308349609375,437.1884460449219,91.69718933105469
2021-11-16,46.14463806152344,27.483644485473633,43.9231071472168,172.9199981689453,98.24283599853516,385.71759033203125,74.22308349609375,438.91876220703125,91.09107208251953
2021-11-17,45.904579162597656,27.50009536743164,43.96640396118164,174.5,98.595947265625,385.9213562011719,74.24905395507812,437.8525695800781,91.3733901977539
2021-11-18,45.344444274902344,27.442495346069336,44.087642669677734,173.94000244140625,98.6562271118164,389.9200439453125,74.2403793334961,439.33966064453125,91.38999938964844
2021-11-19,45.273311614990234,27.154495239257812,43.38618469238281,172.61000061035156,98.9231948852539,392.0940856933594,74.22308349609375,438.5539855957031,90.85030364990234
2021-11-22,44.90877151489258,27.138036727905273,42.97917556762695,168.74000549316406,98.19976043701172,387.5422058105469,74.13655090332031,437.31939697265625,90.40193176269531
2021-11-23,44.864315032958984,27.34375762939453,42.82329177856445,167.27999877929688,97.79498291015625,385.7757873535156,74.13655090332031,437.8992614746094,91.13259887695312
2021-11-24,44.802085876464844,27.25324249267578,42.511539459228516,167.1199951171875,98.09642791748047,387.0180969238281,74.11927032470703,439.068359375,92.23686981201172
2021-11-26,43.299495697021484,26.397462844848633,41.247196197509766,166.85000610351562,99.36245727539062,379.6806945800781,74.26637268066406,429.2757263183594,89.67131042480469
2021-11-29,43.46842956542969,26.603181838989258,41.46368408203125,166.6199951171875,99.13851928710938,387.9206848144531,74.30096435546875,434.54150390625,90.33553314208984
2021-11-30,43.423973083496094,26.364547729492188,41.22121047973633,165.5,99.73279571533203,382.2235107421875,74.2403793334961,426.0863342285156,88.6251220703125
2021-12-01,43.584014892578125,26.175289154052734,41.03068923950195,166.16000366210938,99.92068481445312,375.7207946777344,74.24903869628906,421.3537902832031,87.16382598876953
2021-12-02,44.11747360229492,26.72661018371582,41.43770980834961,165.24000549316406,99.7052230834961,378.4286804199219,74.15379333496094,427.8073425292969,89.77922821044922
2021-12-03,43.495094299316406,26.537351608276367,41.09996795654297,166.6300048828125,100.29130554199219,371.8483581542969,74.19711303710938,424.08489990234375,89.48031616210938
2021-12-06,43.83296203613281,26.932321548461914,41.5589485168457,166.22000122070312,99.79141235351562,374.8279724121094,74.13648223876953,429.1075134277344,91.04956817626953
2021-12-07,44.526458740234375,27.277925491333008,42.57215118408203,166.80999755859375,99.41215515136719,386.115478515625,74.04126739501953,437.98345947265625,92.36141967773438
2021-12-08,44.704280853271484,27.310842514038086,42.606788635253906,166.89999389648438,99.09329223632812,387.8429870605469,74.06718444824219,439.1432189941406,93.02566528320312
2021-12-09,44.490901947021484,27.17095184326172,42.04389953613281,165.8800048828125,99.3432388305664,382.1361999511719,74.04126739501953,436.1783142089844,91.68059539794922
2021-12-10,44.526458740234375,27.203872680664062,42.20844268798828,166.5800018310547,99.41215515136719,386.2901916503906,74.07588195800781,440.2843322753906,91.9629135131836
2021-12-13,43.8203239440918,26.88774299621582,41.813880920410156,167.0,99.88619232177734,380.7095642089844,74.11915588378906,436.3841247558594,92.82638549804688
2021-12-14,43.72112274169922,26.862384796142578,41.568382263183594,165.44000244140625,99.71382141113281,376.7690734863281,74.07588195800781,433.3817443847656,91.6390609741211
2021-12-15,43.59485626220703,26.98072052001953,42.14706039428711,166.14999389648438,99.56729888916016,385.3584899902344,74.10185241699219,440.15325927734375,92.92601776123047
2021-12-16,43.64897155761719,27.183584213256836,41.998016357421875,168.16000366210938,99.85717010498047,375.4491271972656,74.16078186035156,436.2718200683594,92.892822265625
2021-12-17,43.432533264160156,26.921552658081055,41.32288360595703,167.8000030517578,100.08149719238281,373.57586669921875,74.12611389160156,431.6286315917969,92.77656555175781
2021-12-20,42.783206939697266,26.88774299621582,41.39302444458008,167.08999633789062,99.99519348144531,369.9521484375,74.1434097290039,427.0389709472656,92.05423736572266
2021-12-21,43.50468063354492,27.25120735168457,41.95417022705078,167.02000427246094,99.59835052490234,378.2317810058594,74.10009002685547,434.62274169921875,93.09208679199219
2021-12-22,43.712100982666016,27.640024185180664,42.4890022277832,168.58999633789062,99.69326782226562,382.8380432128906,74.09146118164062,438.9683532714844,94.0468978881836
2021-12-23,43.93756866455078,27.809078216552734,42.752044677734375,168.97000122070312,99.48625183105469,385.7242736816406,74.08279418945312,441.6996765136719,93.947265625
2021-12-27,44.135963439941406,28.164085388183594,43.15536880493164,169.3699951171875,99.52072143554688,392.0992431640625,74.05684661865234,447.9507141113281,95.54216003417969
2021-12-28,43.99167251586914,28.113365173339844,43.16413497924805,168.63999938964844,99.50345611572266,390.28192138671875,74.05684661865234,447.58465576171875,95.89415740966797
2021-12-29,43.793270111083984,28.138729095458984,43.19920349121094,168.58999633789062,98.9945068359375,390.2236022949219,74.0481948852539,448.1571350097656,96.53948974609375
2021-12-30,44.29495620727539,28.011934280395508,43.0682487487793,169.8000030517578,99.32232666015625,389.0576171875,74.09146118164062,446.9182434082031,96.95853424072266
2021-12-31,44.078399658203125,28.011934280395508,43.077030181884766,170.9600067138672,99.21015930175781,386.6280212402344,74.08279418945312,445.7919616699219,97.22672271728516
2022-01-03,44.39421081542969,28.341588973999023,43.51649856567383,168.3300018310547,98.2870864868164,390.35009765625,73.99622344970703,448.373046875,96.46405792236328
2022-01-04,44.240821838378906,28.527544021606445,43.64834213256836,169.57000732421875,98.23532104492188,385.2870178222656,74.03949737548828,448.222900390625,96.34672546386719
2022-01-05,43.51896667480469,28.409212112426758,43.34071350097656,169.05999755859375,97.82119750976562,373.4505310058594,73.94424438476562,439.61602783203125,93.58940124511719
2022-01-06,43.71747589111328,28.38385581970215,43.1825065612793,166.99000549316406,97.57967376708984,373.18817138671875,73.88361358642578,439.2030334472656,93.67322540283203
2022-01-07,44.114498138427734,28.721954345703125,43.39345169067383,167.75,97.26046752929688,369.1455078125,73.86630249023438,437.4665832519531,93.05303192138672
2022-01-10,44.114498138427734,28.637434005737305,42.87487030029297,168.25999450683594,97.23461151123047,369.3883972167969,73.8229751586914,436.9222106933594,92.51667022705078
2022-01-11,45.13412094116211,28.916364669799805,43.40224075317383,170.2899932861328,97.46749877929688,374.93743896484375,73.8489761352539,440.90185546875,92.65914154052734
2022-01-12,45.88304901123047,29.18684959411621,43.736236572265625,170.74000549316406,97.48477172851562,376.42425537109375,73.8229751586914,442.0938415527344,92.7680892944336
2022-01-13,45.23338317871094,29.153038024902344,43.38466262817383,170.16000366210938,97.79534149169922,367.00762939453125,73.85763549804688,436.0025329589844,92.5837173461914
2022-01-14,45.215328216552734,29.229110717773438,43.39345169067383,169.6699981689453,97.1224365234375,369.291259765625,73.76234436035156,436.1808166503906,91.74562072753906
2022-01-18,44.412261962890625,29.07697105407715,42.65513610839844,169.38999938964844,96.38915252685547,360.0981750488281,73.64978790283203,428.4562072753906,90.78182983398438
2022-01-19,44.60175323486328,29.229110717773438,42.68150329589844,172.0800018310547,96.62207794189453,356.1429138183594,73.6844253540039,424.0072937011719,89.55821228027344
2022-01-20,44.863426208496094,28.924821853637695,42.46177673339844,171.64999389648438,96.82911682128906,351.5171203613281,73.66706085205078,419.3144226074219,88.41002655029297
2022-01-21,44.2137451171875,28.485286712646484,41.82893753051758,171.08999633789062,97.389892578125,341.77008056640625,73.72774505615234,411.08294677734375,88.1921157836914
2022-01-24,43.59115219116211,28.24015998840332,41.24003982543945,172.02999877929688,97.30359649658203,343.33465576171875,73.77100372314453,412.8287658691406,88.3597412109375
2022-01-25,43.50994110107422,28.39230728149414,40.774192810058594,172.5800018310547,97.17420196533203,335.37567138671875,73.73636627197266,407.78851318359375,88.00775909423828
2022-01-26,42.95952606201172,28.299327850341797,40.967567443847656,169.7899932861328,96.48403930664062,334.85089111328125,73.60649108886719,406.76544189453125,86.63328552246094
2022-01-27,42.4632453918457,28.561359405517578,40.765411376953125,167.60000610351562,96.88949584960938,331.4788513183594,73.54583740234375,404.75689697265625,85.20014190673828
2022-01-28,42.67078399658203,28.51909828186035,40.958778381347656,167.10000610351562,97.11378479003906,341.876953125,73.57184600830078,414.80914306640625,87.95742797851562
2022-01-31,44.06938171386719,28.645883560180664,41.644351959228516,168.08999633789062,97.11378479003906,352.80963134765625,73.57184600830078,422.2803649902344,89.03858947753906
2022-02-01,44.3400764465332,28.975534439086914,42.066246032714844,168.22999572753906,96.98255157470703,355.2099914550781,73.56575012207031,425.1336669921875,88.72010803222656
2022-02-02,44.26789093017578,29.237567901611328,42.285980224609375,168.83999633789062,97.18118286132812,358.09613037109375,73.58311462402344,429.263427734375,89.85152435302734
2022-02-03,43.798683166503906,28.941722869873047,41.71466827392578,168.60000610351562,96.76666259765625,343.57757568359375,73.5224609375,419.173583984375,88.89611053466797
2022-02-04,43.906959533691406,28.865650177001953,41.74983596801758,168.86000061035156,96.0240249633789,347.9118347167969,73.37516784667969,421.1446533203125,88.01610565185547
2022-02-07,43.81673049926758,29.026254653930664,41.69709014892578,170.11000061035156,96.04993438720703,345.1131286621094,73.39253234863281,419.79315185546875,87.89041900634766
2022-02-08,44.240821838378906,29.153038024902344,41.93439865112305,170.6300048828125,95.73908233642578,348.99041748046875,73.31451416015625,423.2471008300781,87.47974395751953
2022-02-09,44.93560791015625,29.381258010864258,42.68150329589844,171.2100067138672,95.86859130859375,356.3858642578125,73.30585479736328,429.44171142578125,89.45763397216797
2022-02-10,44.63784408569336,29.262924194335938,42.15414047241211,170.55999755859375,94.98783111572266,348.32000732421875,72.93335723876953,421.72650146484375,87.34564971923828
2022-02-11,43.96110534667969,29.127683639526367,40.932411193847656,173.80999755859375,95.97223663330078,337.2707214355469,73.15861511230469,413.4106750488281,86.5494613647461
2022-02-14,43.65431213378906,28.823387145996094,40.56325149536133,174.74000549316406,95.30731201171875,337.6885986328125,73.00264739990234,412.05902099609375,85.76167297363281
2022-02-15,44.60175323486328,29.14458656311035,41.670719146728516,173.0800018310547,95.02234649658203,346.0848388671875,73.0286636352539,418.70428466796875,86.53269958496094
2022-02-16,44.92658615112305,29.296737670898438,41.81135177612305,174.86000061035156,95.220947265625,345.9974670410156,73.12395477294922,419.173583984375,86.93500518798828
2022-02-17,44.403236389160156,28.9924373626709,41.11698532104492,177.25,95.7304458618164,335.7060852050781,73.16726684570312,410.2194519042969,86.0130844116211
2022-02-18,43.96110534667969,28.967079162597656,40.84450912475586,177.1199951171875,96.0412826538086,331.87725830078125,73.17594146728516,407.5632629394531,85.49348449707031
2022-02-22,43.3385009765625,28.814931869506836,39.8864631652832,177.49000549316406,96.03267669677734,328.5439147949219,73.10665893554688,403.18939208984375,85.18338775634766
2022-02-23,42.833194732666016,28.823387145996094,39.49094009399414,178.2899932861328,95.53184509277344,320.1282653808594,73.06331634521484,396.0373840332031,83.77539825439453
2022-02-24,41.94892501831055,27.842885971069336,38.735042572021484,177.13999938964844,95.75633239746094,330.88592529296875,73.12395477294922,401.9974060058594,85.18338775634766
2022-02-25,42.724918365478516,28.924821853637695,39.8513069152832,176.5500030517578,95.7304458618164,336.01708984375,73.12395477294922,410.8670654296875,87.2367172241211
2022-02-28,42.16548538208008,28.30777931213379,38.568050384521484,178.3800048828125,96.8184814453125,337.0180358886719,73.2538833618164,409.8158264160156,85.93766784667969
2022-03-01,41.60604476928711,27.902053833007812,37.0474739074707,181.6199951171875,97.76141357421875,331.8578186035156,73.42291259765625,403.5743103027344,85.48509216308594
2022-03-02,41.678226470947266,28.510643005371094,37.58363342285156,179.72999572753906,96.2921142578125,337.4261779785156,73.18025207519531,410.9985046386719,87.08582305908203
2022-03-03,41.09172058105469,27.716096878051758,36.45858383178711,180.8000030517578,96.70697784423828,332.6060485839844,73.18025207519531,408.9523620605469,87.79822540283203
2022-03-04,40.26157760620117,26.549636840820312,34.551273345947266,183.67999267578125,97.66635131835938,327.7860107421875,73.25821685791016,405.62982177734375,88.20050811767578
2022-03-07,38.75470733642578,26.017122268676758,33.21528244018555,186.41000366210938,97.2514877319336,315.69683837890625,73.16291046142578,393.672119140625,86.45726776123047
2022-03-08,38.88103485107422,26.346776962280273,34.217281341552734,191.50999450683594,96.62054443359375,314.2294921875,73.06758117675781,390.6875,86.03824615478516
2022-03-09,39.98187255859375,27.166677474975586,36.66073989868164,185.82000732421875,96.02417755126953,325.5411682128906,73.02425384521484,401.16204833984375,87.36241149902344
2022-03-10,39.23293685913086,26.8032169342041,35.63237380981445,186.39999389648438,95.58336639404297,321.926025390625,72.9636001586914,399.35064697265625,87.58030700683594
2022-03-11,38.411827087402344,26.625709533691406,35.254432678222656,185.08999633789062,95.55743408203125,315.2499084472656,72.93761444091797,394.2727966308594,86.88469696044922
2022-03-14,37.482425689697266,26.786312103271484,36.01911544799805,182.3000030517578,94.34744262695312,309.1955871582031,72.74696350097656,391.391357421875,86.20584869384766
2022-03-15,37.53657150268555,26.989171981811523,36.353111267089844,178.88999938964844,94.30421447753906,318.8940124511719,72.77297973632812,399.99822998046875,86.78414154052734
2022-03-16,40.559349060058594,27.716096878051758,38.11100387573242,180.00999450683594,94.174560546875,330.7207946777344,72.70362854003906,408.8677978515625,87.81497955322266
2022-03-17,40.3518180847168,27.961225509643555,38.154945373535156,180.88999938964844,93.9930648803711,334.7244873046875,72.67762756347656,413.98321533203125,89.17269134521484
2022-03-18,40.92930221557617,28.180994033813477,38.29557800292969,179.3000030517578,94.26963806152344,341.57568359375,72.66030883789062,418.5174560546875,89.17269134521484
2022-03-21,40.29767990112305,28.189441680908203,37.77699661254883,180.6699981689453,93.04235076904297,340.6260681152344,72.41767120361328,418.39508056640625,88.62791442871094
2022-03-22,41.028560638427734,28.54445457458496,38.34831619262695,179.36000061035156,92.53240966796875,347.32025146484375,72.3656997680664,423.2908020019531,88.85421752929688
2022-03-23,40.75785827636719,28.282421112060547,37.442996978759766,181.80999755859375,93.15469360351562,342.32879638671875,72.42633819580078,417.839599609375,87.85733795166016
2022-03-24,40.974422454833984,28.476829528808594,37.71547317504883,183.1300048828125,92.63612365722656,349.9375915527344,72.40900421142578,424.13818359375,88.41349029541016
2022-03-25,40.64957809448242,28.620525360107422,37.785797119140625,182.3800048828125,91.68538665771484,349.6457824707031,72.2096939086914,426.2095642089844,89.51741027832031
2022-03-28,40.78493118286133,28.35004234313965,38.03188705444336,179.05999755859375,91.89281463623047,355.05560302734375,72.14037322998047,429.2411804199219,90.4696273803711
2022-03-29,41.47971725463867,28.578266143798828,39.35030746459961,179.13999938964844,92.35089111328125,361.166015625,72.1750259399414,434.55133056640625,93.1240463256836
2022-03-30,41.3624153137207,28.696598052978516,38.96357727050781,180.5800018310547,92.71390533447266,357.1767272949219,72.22706604003906,431.8680419921875,92.44990539550781
2022-03-31,40.73981475830078,28.434566497802734,38.03188705444336,180.64999389648438,92.88676452636719,352.7496643066406,72.22706604003906,425.2210388183594,91.32074737548828
2022-04-01,41.416561126708984,28.679698944091797,38.37468338012695,179.5,92.28193664550781,352.0782165527344,72.07618713378906,426.4261169433594,93.09877014160156
2022-04-04,42.14743423461914,28.65433692932129,38.38346481323242,180.3699951171875,92.22135925292969,359.3270568847656,72.11953735351562,430.0790710449219,92.64373016357422
2022-04-05,41.371437072753906,28.696598052978516,37.689109802246094,179.24000549316406,91.1224594116211,351.3485107421875,71.98951721191406,424.6466369628906,92.18870544433594
2022-04-06,40.83004379272461,28.730409622192383,36.950782775878906,179.66000366210938,90.80229949951172,343.7201843261719,72.0415267944336,420.40045166015625,93.2841567993164
2022-04-07,40.50520706176758,28.85719871520996,37.056270599365234,180.33999633789062,90.57730102539062,344.5375061035156,72.09353637695312,422.518798828125,92.35720825195312
2022-04-08,40.54130935668945,28.90791893005371,37.03868865966797,181.47000122070312,90.11873626708984,339.72119140625,72.00684356689453,421.3890075683594,92.50890350341797
2022-04-11,40.03600311279297,28.603618621826172,36.77500534057617,182.3699951171875,89.68608856201172,331.6842956542969,72.02416229248047,414.18658447265625,91.51454162597656
2022-04-12,39.9096794128418,28.45992660522461,36.49374771118164,183.77000427246094,90.11873626708984,330.2831726074219,72.20620727539062,412.65185546875,91.37971496582031
2022-04-13,40.43302536010742,28.806486129760742,36.95958709716797,184.64999389648438,90.31771850585938,336.9968566894531,72.24090576171875,417.3782043457031,92.02857971191406
2022-04-14,39.9096794128418,28.823387145996094,36.77500534057617,184.0399932861328,89.50438690185547,329.2906799316406,72.11085510253906,412.18109130859375,91.63251495361328
2022-04-18,39.77433395385742,28.68815040588379,36.722267150878906,184.61000061035156,89.24482727050781,329.54364013671875,72.11085510253906,412.3505554199219,91.2617416381836
2022-04-19,39.57582092285156,28.755765914916992,36.8980598449707,181.82000732421875,88.6563949584961,336.9092712402344,71.9461441040039,419.0071105957031,93.25045013427734
2022-04-20,39.341217041015625,28.882558822631836,37.4078483581543,182.7100067138672,89.34864807128906,331.9955749511719,71.98951721191406,418.6962890625,94.80097198486328
2022-04-21,38.5832633972168,28.510643005371094,37.223270416259766,182.05999755859375,88.85542297363281,325.1263732910156,71.86815643310547,412.43536376953125,94.14369201660156
2022-04-22,38.24038314819336,27.87669563293457,36.62557601928711,180.2899932861328,88.89871215820312,316.6125183105469,71.8508071899414,401.1184387207031,92.49205017089844
2022-04-25,37.96065902709961,27.538593292236328,36.38826370239258,177.0500030517578,89.46977996826172,320.6797180175781,71.9634780883789,403.4440002441406,92.25608825683594
2022-04-26,37.130531311035156,26.837026596069336,35.122589111328125,177.32000732421875,90.06682586669922,308.57568359375,72.09353637695312,391.7599182128906,90.7392807006836
2022-04-27,37.56364059448242,27.06524658203125,35.166534423828125,175.97999572753906,89.56497192382812,308.20587158203125,72.0588607788086,392.8614196777344,90.1409683227539
2022-04-28,38.10503387451172,27.437158584594727,35.755428314208984,176.92999267578125,89.43515014648438,319.152099609375,72.00684356689453,402.7848815917969,91.8010482788086
2022-04-29,38.24038314819336,27.301918029785156,35.254432678222656,176.91000366210938,88.95925903320312,304.7906494140625,71.86815643310547,387.8996887207031,87.58766174316406
2022-05-02,38.18624496459961,27.158226013183594,35.166534423828125,173.6300048828125,88.29651641845703,309.8794860839844,71.86293029785156,390.2347717285156,85.4725570678711
2022-05-03,38.465965270996094,27.547046661376953,35.43022537231445,174.08999633789062,88.40048217773438,310.2103271484375,71.82825469970703,392.0235900878906,86.53433990478516
2022-05-04,38.88103485107422,27.927412033081055,36.17732238769531,175.8000030517578,88.97224426269531,320.6991882324219,72.01907348632812,403.9617614746094,87.52869415283203
2022-05-05,37.44633865356445,27.082155227661133,35.025901794433594,175.1300048828125,88.07991790771484,304.5474548339844,71.89762878417969,389.6037902832031,85.19448852539062
2022-05-06,36.93201446533203,26.701784133911133,34.52490997314453,175.4199981689453,87.57746887207031,300.89874267578125,71.88896179199219,387.2783203125,84.18326568603516
2022-05-09,35.867279052734375,25.95795440673828,33.566864013671875,172.8800048828125,88.2271957397461,289.12548828125,72.07109832763672,374.8788146972656,80.47550201416016
2022-05-10,36.03871536254883,26.160816192626953,33.92722702026367,171.4199981689453,88.5217514038086,292.637939453125,72.02774047851562,375.7449645996094,79.00923919677734
2022-05-11,35.786067962646484,25.95795440673828,33.83933639526367,172.82000732421875,89.06755065917969,283.9588623046875,72.03641510009766,369.7757568359375,78.8406982421875
2022-05-12,35.55146789550781,25.83116912841797,33.663536071777344,170.1699981689453,89.36209106445312,283.2874755859375,72.14048767089844,369.3898010253906,79.45586395263672
2022-05-13,36.53499984741211,26.65106964111328,34.64796447753906,168.7899932861328,88.89429473876953,293.7860412597656,72.11446380615234,378.2210693359375,81.55413055419922
2022-05-16,36.390628814697266,26.96381187438965,34.71828079223633,170.39999389648438,89.26679992675781,290.3806457519531,72.15780639648438,376.6864318847656,81.04008483886719
2022-05-17,37.28392791748047,27.504783630371094,35.66754150390625,169.3300018310547,88.59104919433594,297.9018859863281,72.00171661376953,384.43505859375,82.14399719238281
2022-05-18,36.390628814697266,26.744047164916992,34.51612091064453,169.4199981689453,89.2234878540039,283.27777099609375,72.03641510009766,368.9378662109375,79.75922393798828
2022-05-19,36.968109130859375,26.845481872558594,34.89406967163086,171.91000366210938,89.54403686523438,281.7599182128906,72.14048767089844,366.67822265625,79.40528869628906
2022-05-20,37.12150192260742,27.1159610748291,35.025901794433594,172.02999877929688,89.95987701416016,280.8841857910156,72.19253540039062,366.8383483886719,79.91090393066406
2022-05-23,37.401222229003906,27.648473739624023,35.82573699951172,172.8300018310547,89.41409301757812,285.55462646484375,72.15780639648438,373.7018737792969,80.83784484863281
2022-05-24,36.751548767089844,27.69919204711914,35.72027587890625,174.1300048828125,90.18514251708984,279.48309326171875,72.32264709472656,370.84912109375,81.52040100097656
2022-05-25,36.93201446533203,27.842885971069336,35.808170318603516,173.0800018310547,90.36702728271484,283.3945007324219,72.37466430664062,374.1255187988281,82.2114028930664
2022-05-26,37.50950241088867,27.935861587524414,36.39706039428711,172.75999450683594,90.3237533569336,291.2466125488281,72.39205169677734,381.6010437011719,82.31253814697266
2022-05-27,37.9426155090332,28.071107864379883,36.9771614074707,172.85000610351562,90.45368194580078,300.7527770996094,72.40937805175781,390.96905517578125,84.52033996582031
2022-05-31,38.47498321533203,28.03729248046875,36.78379440307617,171.13999938964844,89.50935363769531,299.9549255371094,72.29664611816406,388.7753601074219,83.48384094238281
2022-06-01,38.204288482666016,27.648473739624023,36.22126770019531,172.22999572753906,89.00543212890625,297.73638916015625,72.16207885742188,385.6307678222656,82.7928466796875
2022-06-02,38.86299133300781,28.17254066467285,37.126583099365234,174.35000610351562,89.13550567626953,305.8901672363281,72.17945098876953,392.9744873046875,83.93046569824219
2022-06-03,38.231353759765625,27.792173385620117,36.66073989868164,172.5800018310547,88.9620361328125,297.9311218261719,72.15338897705078,386.5251770019531,82.80970001220703
2022-06-06,38.43889617919922,27.952768325805664,36.90684509277344,171.82000732421875,88.29413604736328,298.923583984375,72.05789947509766,387.7020263671875,82.54846954345703
2022-06-07,38.55619812011719,28.189441680908203,36.93321228027344,172.94000244140625,88.64977264404297,301.5019226074219,72.06659698486328,391.4209289550781,83.68608093261719
2022-06-08,38.763729095458984,27.792173385620117,36.41463088989258,172.77999877929688,88.32011413574219,299.3322448730469,72.01451110839844,387.16534423828125,81.75635528564453
2022-06-09,37.84646224975586,27.19846534729004,35.432838439941406,172.22999572753906,88.24209594726562,291.31463623046875,71.96240997314453,377.95745849609375,79.81822204589844
2022-06-10,37.42786407470703,26.570344924926758,34.335960388183594,174.5399932861328,87.37466430664062,281.03985595703125,71.6585922241211,366.99835205078125,78.04859924316406
2022-06-13,36.11748504638672,25.770139694213867,33.06825637817383,169.92999267578125,85.82199096679688,267.9725036621094,71.29400634765625,353.0640869140625,74.14701080322266
2022-06-14,36.61797332763672,25.37433624267578,32.708621978759766,168.57000732421875,85.13676452636719,268.4591064453125,71.1551284790039,352.00018310546875,73.58238983154297
2022-06-15,37.10027313232422,26.045480728149414,33.55375671386719,170.77000427246094,86.3250961303711,275.1629638671875,71.43291473388672,357.0184631347656,75.32674407958984
2022-06-16,35.96278381347656,25.49479866027832,32.573760986328125,172.69000244140625,86.88892364501953,264.0611572265625,71.52838897705078,345.2025146484375,73.34646606445312
2022-06-17,36.09927749633789,25.107601165771484,32.708621978759766,171.27000427246094,86.91492462158203,267.27197265625,71.51103973388672,345.9466247558594,73.90262603759766
2022-06-21,36.68167495727539,25.770139694213867,33.167152404785156,170.6300048828125,86.4638671875,274.01513671875,71.4849853515625,354.6553649902344,74.93069458007812
2022-06-22,36.02648162841797,25.486194610595703,32.91541290283203,171.30999755859375,87.55684661865234,273.61541748046875,71.69332885742188,354.012451171875,75.88291931152344
2022-06-23,36.13568115234375,25.331315994262695,32.71760940551758,170.25999450683594,88.05125427246094,277.6903076171875,71.75410461425781,357.4826965332031,77.32459259033203
2022-06-24,36.99107360839844,26.14012908935547,33.78752136230469,170.08999633789062,87.73899841308594,287.20501708984375,71.7366943359375,368.8483581542969,78.96980285644531
2022-06-27,37.03656768798828,26.105709075927734,33.61669158935547,169.89999389648438,87.24457550048828,285.0993957519531,71.6585922241211,367.4395446777344,78.85106658935547
2022-06-28,36.80907440185547,26.036874771118164,33.293025970458984,169.6199951171875,87.35731506347656,276.4132995605469,71.6412353515625,359.9317321777344,77.89276885986328
2022-06-29,36.66347122192383,25.976642608642578,32.92440414428711,169.49000549316406,88.05992126464844,276.66680908203125,71.72802734375,359.6385192871094,77.40939331054688
2022-06-30,36.490577697753906,25.77874183654785,32.681644439697266,168.4600067138672,88.73652648925781,273.2352294921875,71.86690521240234,356.716796875,77.26522064208984
2022-07-01,36.26307678222656,25.7185115814209,32.75357437133789,168.32000732421875,89.6877670288086,275.03875732421875,72.08328247070312,360.48956298828125,78.65599822998047
2022-07-05,35.98097610473633,24.96132469177246,31.593761444091797,164.75,90.01786804199219,279.7472839355469,72.0746078491211,361.1703796386719,78.43553161621094
2022-07-06,35.76258087158203,25.073183059692383,31.530824661254883,162.13999938964844,89.2533950805664,281.5411071777344,71.87474822998047,362.39019775390625,78.29136657714844
2022-07-07,36.48147201538086,25.468984603881836,32.05228805541992,162.22999572753906,88.70606231689453,287.5657958984375,71.82262420654297,367.8177185058594,78.50335693359375
2022-07-08,36.48147201538086,25.37433624267578,32.14219665527344,162.3000030517578,88.16749572753906,287.9264831542969,71.73572540283203,367.5152587890625,78.08782196044922
2022-07-11,35.50779724121094,25.081789016723633,31.48586654663086,161.42999267578125,88.86246490478516,281.7751159667969,71.76180267333984,363.31689453125,77.918212890625
2022-07-12,35.37129211425781,25.098997116088867,31.41394805908203,160.8300018310547,89.07097625732422,279.0453796386719,71.79655456542969,360.1019592285156,77.61289978027344
2022-07-13,35.289390563964844,25.04737091064453,31.494853973388672,161.60000610351562,89.45323181152344,278.47027587890625,71.71831512451172,358.21075439453125,77.23979187011719
2022-07-14,34.97089385986328,24.53110694885254,30.964399337768555,159.3300018310547,88.95805358886719,279.4646911621094,71.6922836303711,357.3408203125,76.54440307617188
2022-07-15,35.152889251708984,24.987140655517578,31.656694412231445,159.00999450683594,89.26209259033203,284.533935546875,71.74439239501953,364.16790771484375,77.8418960571289
2022-07-18,35.398582458496094,25.16783332824707,31.872478485107422,159.16000366210938,89.00147247314453,282.1259765625,71.70096588134766,361.1609802246094,77.2906723022461
2022-07-19,35.98097610473633,25.7185115814209,33.10422134399414,159.5399932861328,88.59318542480469,290.80230712890625,71.62277221679688,370.91925048828125,79.29206085205078
2022-07-20,35.8262825012207,25.46038055419922,32.67265319824219,158.0399932861328,88.50630950927734,295.4134521484375,71.61406707763672,373.28314208984375,79.10546875
2022-07-21,36.23577880859375,25.56363296508789,33.11321258544922,160.27000427246094,89.51403045654297,299.65411376953125,71.81392669677734,377.0843811035156,79.7330093383789
2022-07-22,35.87178421020508,25.503402709960938,32.91541290283203,160.6699981689453,90.53912353515625,294.39959716796875,71.99639129638672,373.58575439453125,80.14856719970703
2022-07-25,35.999183654785156,25.864784240722656,33.21210479736328,160.22999572753906,90.21770477294922,292.72283935546875,71.93555450439453,374.03961181640625,80.28425598144531
2022-07-26,35.71708297729492,25.70990753173828,32.50183868408203,160.0399932861328,90.25244140625,286.97100830078125,71.90081787109375,369.6143493652344,80.36906433105469
2022-07-27,36.38137435913086,26.329423904418945,33.41889190673828,161.6699981689453,90.43489074707031,299.0985107421875,72.01378631591797,379.2119140625,80.8524398803711
2022-07-28,36.53607940673828,26.243383407592773,33.652652740478516,163.63999938964844,91.32965850830078,302.0230407714844,72.17015838623047,383.9681091308594,83.472900390625
2022-07-29,36.36317443847656,26.596160888671875,34.308990478515625,164.10000610351562,91.36441802978516,307.531005859375,72.16149139404297,389.56585693359375,83.92237091064453
2022-08-01,36.053775787353516,26.587554931640625,34.219078063964844,165.02999877929688,91.89875793457031,307.3457946777344,72.15975952148438,388.4123229980469,83.24393463134766
2022-08-02,35.88088607788086,26.355236053466797,33.661643981933594,164.0500030517578,90.628173828125,306.429443359375,71.9074935913086,385.849853515625,82.17540740966797
2022-08-03,36.16297912597656,26.510116577148438,34.20109939575195,164.4499969482422,91.00240325927734,314.7742614746094,71.93358612060547,391.89202880859375,82.43827056884766
2022-08-04,36.41777801513672,26.510116577148438,34.4977912902832,167.1699981689453,91.46360778808594,316.246337890625,72.02926635742188,391.6272277832031,82.31107330322266
2022-08-05,36.45417785644531,26.363840103149414,34.20109939575195,165.2899932861328,90.140869140625,313.66290283203125,71.73353576660156,390.96539306640625,82.5400619506836
2022-08-08,36.499671936035156,26.441280364990234,34.282012939453125,166.69000244140625,90.67171478271484,312.6490478515625,71.8031234741211,390.5115051269531,83.2778549194336
2022-08-09,36.36317443847656,26.475698471069336,34.102203369140625,167.1999969482422,90.40190887451172,309.11029052734375,71.73353576660156,388.9607849121094,83.73579406738281
2022-08-10,36.81817626953125,26.90591812133789,34.8304557800293,166.77999877929688,90.4541244506836,317.7378845214844,71.8031234741211,397.1304931640625,85.00786590576172
2022-08-11,36.963768005371094,26.759645462036133,34.812469482421875,166.33999633789062,89.85367584228516,315.934326171875,71.77702331542969,397.1304931640625,84.8043212890625
2022-08-12,37.35506820678711,26.90591812133789,35.10018539428711,167.8699951171875,90.21047973632812,322.08575439453125,71.79442596435547,403.853515625,86.2629623413086
2022-08-15,37.18217086791992,26.68220329284668,34.740543365478516,165.7100067138672,90.49763488769531,324.6886291503906,71.85530853271484,405.51763916015625,86.61065673828125
2022-08-16,37.173065185546875,26.83708381652832,34.839447021484375,165.4199981689453,90.39323425292969,323.9282531738281,71.79442596435547,406.3119812011719,86.38168334960938
2022-08-17,37.01837158203125,26.664995193481445,34.43485641479492,164.35000610351562,89.78404235839844,320.2334899902344,71.73353576660156,403.427978515625,85.8643798828125
2022-08-18,36.80907440185547,26.604766845703125,34.20109939575195,163.9199981689453,89.95809173583984,321.0036926269531,71.83792114257812,404.6004638671875,85.29619598388672
2022-08-19,36.30857849121094,26.286399841308594,33.64366149902344,162.72000122070312,89.18357849121094,314.7450866699219,71.78569030761719,399.1634216308594,84.39727020263672
2022-08-22,35.990081787109375,26.071292877197266,32.62770080566406,161.63999938964844,88.79194641113281,306.4586181640625,71.69002532958984,390.85186767578125,82.55701446533203
2022-08-23,36.18117904663086,26.105709075927734,32.663665771484375,162.77000427246094,88.57440185546875,306.2051696777344,71.72481536865234,389.9063415527344,81.49695587158203
2022-08-24,36.172080993652344,25.96803855895996,32.77155303955078,163.25,88.27849578857422,307.0923767089844,71.64655303955078,391.15447998046875,81.9634017944336
2022-08-25,36.954673767089844,26.191757202148438,33.12220001220703,163.75,88.84417724609375,312.5223388671875,71.69002532958984,396.6766662597656,83.18455505371094
2022-08-26,36.40867614746094,25.60665512084961,31.99834442138672,161.75999450683594,88.73973083496094,299.712646484375,71.67261505126953,383.24945068359375,81.08990478515625
2022-08-29,36.18117904663086,25.580841064453125,32.106231689453125,161.86000061035156,88.23500061035156,296.7586975097656,71.62046813964844,380.71533203125,80.36058807373047
2022-08-30,35.753482818603516,25.202247619628906,32.0073356628418,160.50999450683594,88.20887756347656,293.4539489746094,71.58565521240234,376.535888671875,79.2496566772461
2022-08-31,35.88088607788086,24.87528419494629,31.764583587646484,159.27000427246094,87.84339904785156,291.7479553222656,71.57697296142578,373.67083740234375,78.87651824951172
2022-09-01,35.59878921508789,24.45366859436035,31.288068771362305,157.8699951171875,87.14505767822266,291.8746032714844,71.52471923828125,374.8433837890625,79.02066802978516
2022-09-02,35.27119445800781,24.4450626373291,30.982379913330078,159.25999450683594,87.63327026367188,287.75103759765625,71.68148040771484,370.890869140625,77.918212890625
2022-09-06,34.852596282958984,24.660171508789062,31.07229232788086,158.3300018310547,86.6568603515625,285.6842041015625,71.52471923828125,369.4914245605469,78.62210083007812
2022-09-07,35.1619873046875,24.63435935974121,31.737606048583984,159.94000244140625,87.22354888916016,291.4554748535156,71.62923431396484,376.1293029785156,80.15705108642578
2022-09-08,34.97089385986328,24.617151260375977,31.584768295288086,158.97999572753906,86.90094757080078,292.9665222167969,71.54210662841797,378.5877380371094,80.37754821777344
2022-09-09,35.489585876464844,25.22806167602539,32.456878662109375,159.82000732421875,86.90968322753906,299.3713684082031,71.48116302490234,384.4692687988281,81.25102996826172
2022-09-12,36.01738739013672,25.641069412231445,33.21210479736328,160.6300048828125,86.70043182373047,302.92962646484375,71.4724349975586,388.6014099121094,82.03971099853516
2022-09-13,34.907188415527344,24.840864181518555,31.93541145324707,158.5399932861328,86.21222686767578,286.3179931640625,71.22859191894531,371.7040710449219,78.90194702148438
2022-09-14,35.0800895690918,24.849470138549805,32.079261779785156,157.92999267578125,86.25580596923828,288.5893859863281,71.16767120361328,373.1224365234375,78.00301361083984
2022-09-15,34.70699691772461,24.582731246948242,31.75559425354004,154.97999572753906,85.95940399169922,283.7833251953125,71.08927917480469,368.8861999511719,76.56134796142578
2022-09-16,34.38850402832031,24.410646438598633,31.539810180664062,155.83999633789062,86.02918243408203,282.0480041503906,71.12411499023438,366.0720520019531,76.56982421875
2022-09-19,34.49769592285156,24.513898849487305,31.683664321899414,155.9600067138672,85.7850570678711,284.2444152832031,71.04576110839844,368.910888671875,76.4595718383789
2022-09-20,34.306602478027344,24.169723510742188,30.910457611083984,155.07000732421875,85.2532730102539,281.9786682128906,71.01089477539062,364.6763610839844,74.60237121582031
2022-09-21,33.733306884765625,23.928800582885742,30.442935943603516,155.7899932861328,85.59327697753906,276.9295959472656,70.94994354248047,358.3149719238281,73.42357635498047
2022-09-22,33.56951141357422,23.86857032775879,30.29907989501953,155.6999969482422,84.3030014038086,273.5212097167969,70.81930541992188,355.3052673339844,72.49073791503906
2022-09-23,32.741416931152344,22.586517333984375,29.130273818969727,153.00999450683594,84.40760803222656,269.0678405761719,70.73223114013672,349.3521728515625,71.52721405029297
2022-09-26,32.34102249145508,22.182109832763672,28.743663787841797,151.22999572753906,83.00401306152344,267.9544677734375,70.57548522949219,345.89617919921875,69.52129364013672
2022-09-27,32.304622650146484,22.061647415161133,28.509902954101562,151.5399932861328,82.43736267089844,268.0619812011719,70.57548522949219,345.0131530761719,68.59549713134766
2022-09-28,32.58672332763672,22.586517333984375,29.238161087036133,154.69000244140625,84.29426574707031,273.394287109375,70.88030242919922,351.8017578125,70.01848602294922
2022-09-29,31.858728408813477,22.52628517150879,28.77962875366211,154.66000366210938,83.90196228027344,265.512939453125,70.78446960449219,344.4529724121094,67.96115112304688
2022-09-30,31.74043083190918,22.55209732055664,28.75265884399414,154.6699981689453,83.68401336669922,261.0107421875,70.7234878540039,339.1264953613281,68.72409057617188
2022-10-03,32.259132385253906,23.1199893951416,29.426969528198242,158.42999267578125,84.67721557617188,267.1341552734375,70.87872314453125,348.079833984375,69.94992065429688
2022-10-04,33.31471633911133,23.99763298034668,31.018346786499023,160.6999969482422,84.8519058227539,275.53302001953125,70.90489959716797,358.86566162109375,71.36433410644531
2022-10-05,33.33291244506836,23.63625144958496,30.577795028686523,159.80999755859375,84.04828643798828,275.3865966796875,70.83514404296875,358.0301208496094,69.96705627441406
2022-10-06,33.132713317871094,23.05115509033203,29.90348243713379,159.6300048828125,83.5853500366211,273.21844482421875,70.74790954589844,354.3367919921875,68.02115631103516
2022-10-07,32.441123962402344,22.92208480834961,29.211191177368164,157.8800048828125,83.17475891113281,262.80767822265625,70.66072845458984,344.4529724121094,66.38384246826172
2022-10-10,31.986129760742188,22.7672061920166,29.10329818725586,155.47999572753906,82.68561553955078,260.18060302734375,70.63459014892578,341.8229675292969,65.75804901123047
2022-10-11,31.476531982421875,22.328386306762695,28.73467445373535,155.16000366210938,82.89527130126953,256.6061706542969,70.66947174072266,339.658203125,66.42670440673828
2022-10-12,31.512935638427734,22.37140655517578,28.64476776123047,155.99000549316406,83.1660385131836,256.5183410644531,70.73919677734375,338.53778076171875,65.73234558105469
2022-10-13,31.603933334350586,23.11138343811035,29.48990821838379,154.91000366210938,82.81663513183594,262.5342102050781,70.52991485595703,347.47222900390625,66.93247985839844
2022-10-14,31.130735397338867,22.603727340698242,29.085317611694336,152.97999572753906,82.35367584228516,254.6431884765625,70.49503326416016,339.5538024902344,65.26943969726562
2022-10-17,31.986129760742188,23.223241806030273,30.128253936767578,153.4199981689453,82.44103240966797,263.0518798828125,70.57353973388672,348.279296875,67.72968292236328
2022-10-18,31.995229721069336,23.292078018188477,30.550825119018555,153.75,82.65068054199219,265.1320495605469,70.60839080810547,352.3713684082031,68.46690368652344
2022-10-19,31.4128360748291,23.042551040649414,30.101282119750977,151.69000244140625,81.78590393066406,264.1651611328125,70.47761535644531,349.87432861328125,66.7610092163086
2022-10-20,31.613027572631836,23.042551040649414,30.110275268554688,151.4499969482422,81.1744384765625,262.8174133300781,70.39911651611328,346.94049072265625,66.46956634521484
2022-10-21,32.09532928466797,23.39533042907715,30.712657928466797,154.14999389648438,81.35787963867188,268.9799499511719,70.58224487304688,355.3716735839844,66.99246215820312
2022-10-24,30.875940322875977,23.4555606842041,30.991376876831055,153.64999389648438,81.2530746459961,271.9391174316406,70.56481170654297,359.7202453613281,66.98390197753906
2022-10-25,31.130735397338867,23.799734115600586,31.764583587646484,154.0,82.26631927490234,277.564453125,70.63459014892578,365.4644470214844,69.6155776977539
2022-10-26,31.640331268310547,24.161117553710938,32.0882568359375,154.97999572753906,82.68561553955078,271.4311828613281,70.69561004638672,362.7109375,69.5727310180664
2022-10-27,31.394634246826172,24.1267032623291,31.75559425354004,154.74000549316406,83.27082824707031,266.4894714355469,70.8438491821289,360.77410888671875,69.67560577392578
2022-10-28,31.20353889465332,24.37622833251953,32.12421417236328,153.16000366210938,82.84283447265625,274.644287109375,70.73919677734375,369.3571472167969,71.21003723144531
2022-10-31,31.112537384033203,24.1267032623291,31.656694412231445,151.91000366210938,82.46723175048828,271.4508056640625,70.63459014892578,366.6892395019531,71.13289642333984
2022-11-01,31.685832977294922,24.402040481567383,31.926416397094727,153.4600067138672,82.4523696899414,268.6772155761719,70.56555938720703,365.0845947265625,71.10716247558594
2022-11-02,31.42193603515625,23.971824645996094,31.1801815032959,152.38999938964844,82.31229400634766,259.4676818847656,70.53063201904297,355.9223937988281,69.15269470214844
2022-11-03,31.603933334350586,23.782522201538086,30.86549949645996,151.80999755859375,81.9533920288086,254.39903259277344,70.39958190917969,352.2574768066406,69.05838775634766
2022-11-04,32.941619873046875,24.789236068725586,32.474857330322266,156.47000122070312,81.7783203125,258.4909973144531,70.47821044921875,357.3275451660156,70.00133514404297
2022-11-07,32.95981979370117,24.737613677978516,32.708621978759766,155.85000610351562,81.48942565917969,261.3330383300781,70.41704559326172,360.74566650390625,70.00133514404297
2022-11-08,33.1964111328125,24.918304443359375,33.11321258544922,159.4499969482422,82.03215026855469,263.2374572753906,70.48693084716797,362.69195556640625,70.21565246582031
2022-11-09,32.62311553955078,24.410646438598633,32.708621978759766,158.64999389648438,82.31229400634766,257.1628723144531,70.60050964355469,355.2197265625,69.4955825805664
2022-11-10,33.80611038208008,25.632469177246094,34.63265609741211,163.47999572753906,84.15934753417969,276.1385192871094,70.98485565185547,374.7406311035156,74.5789566040039
2022-11-11,34.725196838378906,25.701305389404297,35.51375961303711,164.55999755859375,83.98426818847656,281.2267150878906,70.96739196777344,378.3675231933594,74.57037353515625
2022-11-14,34.515899658203125,25.56363296508789,35.17210388183594,164.9199981689453,83.78294372558594,278.765625,70.9062271118164,375.14886474609375,72.75306701660156
2022-11-15,35.307586669921875,25.74432373046875,35.38788604736328,165.5,84.40447998046875,282.6232604980469,70.97611236572266,378.3484802246094,73.54169464111328
2022-11-16,34.7433967590332,25.87339210510254,35.38788604736328,165.1199951171875,85.02596282958984,278.765625,70.98485565185547,375.4621887207031,72.87306213378906
2022-11-17,34.807098388671875,25.916414260864258,35.414859771728516,163.9199981689453,84.44822692871094,278.15032958984375,70.89752197265625,374.3133544921875,72.3758773803711
2022-11-18,34.60689163208008,26.045480728149414,35.522743225097656,162.7899932861328,84.15060424804688,278.1601257324219,70.81888580322266,376.01287841796875,73.29309844970703
2022-11-21,34.17009735107422,25.925016403198242,35.190086364746094,161.8800048828125,84.09808349609375,275.29864501953125,70.8014144897461,374.6456298828125,73.67884826660156
2022-11-22,34.25200271606445,26.320819854736328,35.648624420166016,162.07000732421875,84.57955932617188,279.2637023925781,70.85383605957031,379.6872253417969,74.08175659179688
2022-11-23,34.534095764160156,26.69941520690918,35.945316314697266,163.0800018310547,85.03475189208984,282.066650390625,70.91497802734375,382.0799255371094,74.14176177978516
2022-11-25,34.370296478271484,26.79405975341797,36.14311599731445,163.22000122070312,85.00846862792969,280.2110290527344,70.92372131347656,381.994384765625,74.61324310302734
2022-11-28,34.21560287475586,26.45848846435547,35.56770324707031,161.92999267578125,85.0434799194336,276.0994873046875,70.94117736816406,375.8988952636719,72.61589813232422
2022-11-29,34.95269012451172,26.656389236450195,35.67559051513672,162.72999572753906,84.68457794189453,274.0094909667969,70.91497802734375,375.2533264160156,73.81600952148438
2022-11-30,35.96278381347656,27.1296329498291,36.44880676269531,164.80999755859375,85.44615936279297,286.5003662109375,71.1246109008789,387.07403564453125,75.5047607421875
2022-12-01,35.844478607177734,27.379159927368164,36.76348114013672,167.83999633789062,86.37944030761719,286.8520202636719,71.27782440185547,386.78912353515625,75.34187316894531
2022-12-02,35.98097610473633,27.44799041748047,36.7724723815918,167.25999450683594,86.55486297607422,285.70941162109375,71.26029205322266,386.3428955078125,75.11900329589844
2022-12-05,35.57148361206055,27.232885360717773,36.34990310668945,164.38999938964844,85.67774200439453,280.9142150878906,71.05899047851562,379.3929443359375,73.74742889404297
2022-12-06,35.5259895324707,27.181257247924805,36.12512969970703,164.83999633789062,86.20399475097656,275.093505859375,71.13774871826172,373.9240417480469,73.0530776977539
2022-12-07,35.316688537597656,27.112422943115234,36.21504592895508,166.3300018310547,86.95834350585938,273.9704284667969,71.28656768798828,373.2879638671875,73.19880676269531
2022-12-08,35.744384765625,27.14684295654297,36.322933197021484,166.47000122070312,86.4671630859375,277.21282958984375,71.21656036376953,376.21221923828125,73.7131576538086
2022-12-09,35.50779724121094,27.112422943115234,36.260005950927734,167.05999755859375,85.82679748535156,275.44512939453125,71.1815185546875,373.40185546875,73.57600402832031
2022-12-12,35.398582458496094,27.121030807495117,36.43082046508789,165.67999267578125,85.70401763916016,278.90234375,71.13774871826172,378.7852478027344,74.14176177978516
2022-12-13,35.65172576904297,27.461679458618164,37.01324462890625,168.50999450683594,86.47594451904297,281.90057373046875,71.34782409667969,381.6526184082031,75.5133285522461
2022-12-14,35.670204162597656,27.496618270874023,36.98615646362305,168.10000610351562,86.71272277832031,279.81060791015625,71.35659790039062,379.2125549316406,74.99899291992188
2022-12-15,34.84796905517578,26.99874496459961,35.8935432434082,165.35000610351562,86.88145446777344,270.4155578613281,71.36625671386719,369.9363098144531,73.99603271484375
2022-12-16,34.9495964050293,26.56201171875,35.469139099121094,166.7899932861328,86.66178131103516,267.8372802734375,71.4364242553711,365.5688171386719,72.08440399169922
2022-12-19,34.97731018066406,26.544540405273438,35.469139099121094,166.32000732421875,85.95870971679688,264.0732116699219,71.34870147705078,362.4689025878906,71.16718292236328
2022-12-20,34.96806716918945,26.666828155517578,35.5504150390625,169.0800018310547,85.3346939086914,263.86767578125,71.34870147705078,362.9649658203125,70.9871597290039
2022-12-21,35.28217697143555,26.990007400512695,36.028995513916016,168.8000030517578,85.44017028808594,267.6953430175781,71.41888427734375,368.3921203613281,71.5958023071289
2022-12-22,34.96806716918945,26.745439529418945,35.67683029174805,166.75999450683594,85.41382598876953,261.1460876464844,71.37501525878906,363.1365661621094,71.29500579833984
2022-12-23,34.921878814697266,26.911396026611328,35.712947845458984,167.25999450683594,85.0271224975586,261.73345947265625,71.33992767333984,365.2254638671875,71.92961120605469
2022-12-27,35.43923568725586,26.928865432739258,35.803253173828125,168.6699981689453,84.31526184082031,258.0330505371094,71.24341583251953,363.7852478027344,71.9035415649414
2022-12-28,34.921878814697266,26.684297561645508,35.42399597167969,167.91000366210938,84.11314392089844,254.6262664794922,71.24341583251953,359.26409912109375,70.67777252197266
2022-12-29,35.503910064697266,26.911396026611328,36.09220504760742,168.85000610351562,84.52621459960938,260.8328857421875,71.2960433959961,365.73095703125,72.2251968383789
2022-12-30,35.01426696777344,26.780378341674805,35.64973449707031,169.63999938964844,84.17466735839844,260.6761779785156,71.20834350585938,364.76763916015625,71.70359802246094
2023-01-03,35.30990219116211,26.8764591217041,36.12832260131836,171.05999755859375,84.83380126953125,258.9140930175781,71.269775390625,363.2320251464844,71.77314758300781
2023-01-04,36.372337341308594,27.182170867919922,37.09451675415039,172.6699981689453,85.48411560058594,260.1475830078125,71.33992767333984,366.0362243652344,73.3988265991211
2023-01-05,36.261470794677734,27.059885025024414,36.760406494140625,170.52000427246094,85.3611068725586,256.07513427734375,71.24341583251953,361.85845947265625,71.4254150390625
2023-01-06,37.019039154052734,27.680044174194336,37.79883575439453,173.7100067138672,86.4596176147461,263.14312744140625,71.51536560058594,370.1566467285156,73.3466567993164
2023-01-09,37.29619598388672,27.767391204833984,38.17808532714844,174.10000610351562,86.67933654785156,264.84661865234375,71.58556365966797,369.9468078613281,73.37273406982422
2023-01-10,37.564117431640625,27.828533172607422,38.485103607177734,174.74000549316406,86.13446807861328,267.0883483886719,71.52415466308594,372.5412292480469,73.53790283203125
2023-01-11,37.721168518066406,27.95081901550293,38.900482177734375,174.6199951171875,86.68811798095703,271.70904541015625,71.58556365966797,377.2530517578125,76.1720199584961
2023-01-12,37.905941009521484,28.273996353149414,39.46935272216797,176.63999938964844,87.4615249633789,273.1775207519531,71.74346923828125,378.6265563964844,77.13699340820312
2023-01-13,38.1553840637207,28.49236297607422,39.65897750854492,178.75999450683594,86.9957504272461,275.0570983886719,71.62063598632812,380.09539794921875,76.65886688232422
2023-01-17,37.942893981933594,28.544771194458008,39.58674621582031,177.58999633789062,86.72327423095703,275.61505126953125,71.6645278930664,379.3990783691406,76.87618255615234
2023-01-18,37.68421936035156,28.483633041381836,39.361000061035156,177.0800018310547,87.90093231201172,272.0320739746094,71.82242584228516,373.4091796875,75.7547378540039
2023-01-19,37.970611572265625,28.55350685119629,39.11719512939453,179.88999938964844,87.73395538330078,269.3595886230469,71.80489349365234,370.69085693359375,75.33746337890625
2023-01-20,38.55264663696289,28.614648818969727,39.50547409057617,179.2899932861328,87.15390014648438,276.7310485839844,71.74346923828125,377.596435546875,76.23287963867188
2023-01-23,38.829803466796875,28.614648818969727,39.7763671875,179.6300048828125,86.8726806640625,282.87890625,71.67327880859375,382.1271057128906,76.58061981201172
2023-01-24,38.857513427734375,28.352609634399414,39.785404205322266,180.27999877929688,87.37362670898438,282.3013000488281,71.69963836669922,381.7169189453125,76.7718734741211
2023-01-25,38.89447784423828,28.49236297607422,39.99308395385742,181.11000061035156,87.47029113769531,281.6748352050781,71.74346923828125,381.8599853515625,76.806640625
2023-01-26,39.26401901245117,28.59718132019043,40.110469818115234,179.47000122070312,87.15390014648438,287.1667175292969,71.69963836669922,386.0567932128906,77.66728973388672
2023-01-27,39.07924270629883,28.457427978515625,39.96599578857422,179.22000122070312,87.0220718383789,290.0252990722656,71.69963836669922,386.94384765625,78.53663635253906
2023-01-30,38.29396438598633,28.405017852783203,39.66801452636719,178.75999450683594,86.74964141845703,284.1613464355469,71.62944793701172,382.08892822265625,77.53688049316406
2023-01-31,38.210819244384766,28.448688507080078,40.03823471069336,179.41000366210938,87.18905639648438,288.41986083984375,71.76103210449219,387.7068786621094,79.16255950927734
2023-02-01,38.681983947753906,28.544771194458008,40.62517547607422,181.6699981689453,87.816162109375,294.5873107910156,71.88579559326172,391.82733154296875,79.6494140625
2023-02-02,38.45101547241211,28.273996353149414,40.85995101928711,177.89999389648438,87.7809066772461,305.15997314453125,71.8946304321289,397.53118896484375,81.45763397216797
2023-02-03,37.76736831665039,28.142980575561523,40.372337341308594,173.4600067138672,86.83854675292969,299.7365417480469,71.63093566894531,393.30584716796875,79.92759704589844
2023-02-06,37.21304702758789,27.88967514038086,39.848609924316406,173.82000732421875,86.08992767333984,297.2010498046875,71.42877960205078,390.90216064453125,79.34513092041016
2023-02-07,37.36085510253906,28.16044807434082,40.0743522644043,173.97999572753906,85.8785629272461,303.358642578125,71.46392059326172,396.01458740234375,79.1712646484375
2023-02-08,37.31467056274414,28.17791748046875,39.82152557373047,174.41000366210938,86.19562530517578,297.9646301269531,71.49028015136719,391.684326171875,78.79744720458984
2023-02-09,37.490203857421875,28.378814697265625,39.97502899169922,173.02999877929688,85.80809783935547,295.3312683105469,71.43758392333984,388.2887268066406,77.93678283691406
2023-02-10,37.12990188598633,28.273996353149414,39.55062484741211,173.36000061035156,85.3941650390625,293.3929138183594,71.40245819091797,389.19482421875,78.20628356933594
2023-02-13,37.434776306152344,28.67579460144043,40.083377838134766,172.47999572753906,85.59672546386719,298.0919494628906,71.41999816894531,393.76361083984375,78.9017562866211
2023-02-14,37.37010955810547,28.867952346801758,40.30010223388672,172.61000061035156,85.20922088623047,300.2945556640625,71.27056884765625,393.5823669433594,78.27584075927734
2023-02-15,37.055992126464844,28.649587631225586,40.39039993286133,170.88999938964844,84.95381927490234,302.5950927734375,71.27937316894531,394.8605041503906,78.58879852294922
2023-02-16,37.06523132324219,28.518569946289062,40.263980865478516,170.75,84.67198181152344,296.9171142578125,71.28815460205078,389.42376708984375,77.82377624511719
2023-02-17,36.65873336791992,28.6583251953125,40.39039993286133,171.25999450683594,84.9097900390625,294.82220458984375,71.34968566894531,388.45086669921875,77.51951599121094
2023-02-21,36.196800231933594,28.640853881835938,39.695098876953125,170.6199951171875,83.98503112792969,287.84222412109375,71.20903015136719,380.6581726074219,75.96337890625
2023-02-22,36.02126693725586,28.352609634399414,39.48741912841797,169.66000366210938,84.13475036621094,288.0576477050781,71.24421691894531,380.13360595703125,75.2765884399414
2023-02-23,36.196800231933594,28.422487258911133,39.82152557373047,169.57000732421875,84.46061706542969,290.5734558105469,71.28815460205078,382.1556396484375,75.8416748046875
2023-02-24,35.38380813598633,28.1691837310791,38.95465850830078,168.35000610351562,83.94979095458984,285.7081298828125,71.13874053955078,378.07330322265625,74.5115737915039
2023-02-27,35.568580627441406,28.501102447509766,39.613834381103516,169.00999450683594,84.20518493652344,287.7541809082031,71.20026397705078,379.3609924316406,74.62458038330078
2023-02-28,35.31913375854492,28.195384979248047,39.351966857910156,169.77999877929688,84.33733367919922,287.3821105957031,71.18268585205078,377.95892333984375,74.52027130126953
2023-03-01,36.07670593261719,28.370079040527344,39.613834381103516,170.75999450683594,83.66304779052734,285.0718078613281,71.0523452758789,376.5091247558594,73.58137512207031
2023-03-02,36.20603561401367,28.387548446655273,39.64995193481445,170.66000366210938,83.31886291503906,287.4310302734375,71.07877349853516,379.4372863769531,74.44202423095703
2023-03-03,36.52938461303711,28.579715728759766,40.28204345703125,172.49000549316406,83.98958587646484,293.3734130859375,71.12281036376953,385.5226745605469,75.57218170166016
2023-03-06,36.400054931640625,28.396282196044922,40.30010223388672,171.6199951171875,83.83955383300781,293.7061767578125,71.08758544921875,385.7897033691406,75.2765884399414
2023-03-07,35.790306091308594,27.83726692199707,39.55965805053711,168.6199951171875,83.84839630126953,290.1036071777344,70.93787384033203,379.8760986328125,73.52053833007812
2023-03-08,35.93811798095703,27.994489669799805,39.695098876953125,168.5399932861328,83.82191467285156,291.552490234375,70.90261840820312,380.4960021972656,74.36378479003906
2023-03-09,35.14360809326172,27.767391204833984,39.24361038208008,170.1999969482422,84.34260559082031,286.50103759765625,71.13159942626953,373.4759216308594,72.65987396240234
2023-03-10,34.958831787109375,27.575227737426758,38.92756652832031,173.8699951171875,85.89583587646484,282.4775695800781,71.51911926269531,368.0868835449219,70.25177001953125
2023-03-13,35.01426696777344,27.400537490844727,38.5121955871582,177.86000061035156,86.93721771240234,284.572509765625,72.23242950439453,367.5622863769531,71.17330169677734
2023-03-14,35.032737731933594,27.680044174194336,39.27972412109375,176.8300018310547,86.11649322509766,291.1119689941406,71.95943450927734,373.6380615234375,71.86006927490234
2023-03-15,34.43223190307617,26.640621185302734,37.73563003540039,178.2100067138672,87.36083221435547,292.6390686035156,72.38219451904297,371.30126953125,71.80791473388672
2023-03-16,34.958831787109375,26.990007400512695,38.39480972290039,178.57000732421875,86.57537841796875,300.3533630371094,72.091552734375,377.8158264160156,71.65142822265625
2023-03-17,34.7463493347168,26.579479217529297,37.78981018066406,183.77000427246094,87.59911346435547,298.9338073730469,72.45264434814453,373.3981018066406,70.0257568359375
2023-03-20,34.87568283081055,27.147232055664062,38.52122497558594,183.83999633789062,87.24608612060547,299.9947204589844,72.36455535888672,376.9886169433594,70.82556915283203
2023-03-21,35.189796447753906,27.5402889251709,39.361000061035156,180.3699951171875,86.48712158203125,304.279296875,72.091552734375,381.9386291503906,70.5125961303711
2023-03-22,35.32837677001953,27.48788070678711,39.20749282836914,183.44000244140625,87.62555694580078,300.1417236328125,72.42620849609375,375.4279479980469,67.87847900390625
2023-03-23,35.81801986694336,27.29572105407715,39.24361038208008,185.74000549316406,88.12864685058594,303.70086669921875,72.6375732421875,376.44287109375,67.45247650146484
2023-03-24,35.72563171386719,27.17343521118164,38.82823944091797,183.64999389648438,88.15507507324219,304.8185729980469,72.67278289794922,378.9131164550781,69.1822738647461
2023-03-27,35.531620025634766,27.53155517578125,39.21652603149414,181.9499969482422,87.06961059570312,302.7302551269531,72.36455535888672,379.62152099609375,69.10323333740234
2023-03-28,36.03974533081055,27.5228214263916,39.27069854736328,183.44000244140625,87.01664733886719,301.1222229003906,72.28529357910156,378.7695007324219,68.93641662597656
2023-03-29,36.14137268066406,27.845998764038086,39.94793701171875,182.52999877929688,86.86662292480469,306.61285400390625,72.25885772705078,384.2748107910156,70.4642333984375
2023-03-30,36.501678466796875,28.20412254333496,40.59808349609375,184.17999267578125,86.99899291992188,309.5150451660156,72.26770782470703,386.52484130859375,71.38619995117188
2023-03-31,36.455482482910156,28.17791748046875,40.706443786621094,183.22000122070312,87.47557067871094,314.66253662109375,72.35575103759766,391.9727783203125,72.91400909423828
2023-04-03,36.52938461303711,28.58844566345215,40.96830368041992,184.5399932861328,87.88761138916016,313.89776611328125,72.4439926147461,393.4664001464844,72.3344955444336
2023-04-04,36.52938461303711,28.55350685119629,41.04054641723633,187.97999572753906,88.45356750488281,312.8388671875,72.61172485351562,391.28338623046875,72.2379150390625
2023-04-05,36.24300003051758,28.623382568359375,40.7606201171875,187.8300018310547,88.82496643066406,309.7503662109375,72.70878601074219,390.25897216796875,71.85157775878906
2023-04-06,36.39080810546875,28.876689910888672,41.022483825683594,186.49000549316406,88.85149383544922,311.8387756347656,72.68231964111328,391.7812805175781,72.34327697753906
2023-04-10,36.42776870727539,28.88542366027832,41.04054641723633,185.11000061035156,87.97607421875,311.6622314453125,72.4263687133789,392.1833801269531,72.67692565917969
2023-04-11,36.64949035644531,28.95530128479004,41.13987731933594,186.27999877929688,87.940673828125,309.6621398925781,72.41751861572266,392.28875732421875,72.98426818847656
2023-04-12,36.39080810546875,29.20860481262207,41.46494674682617,187.19000244140625,88.19711303710938,306.9266357421875,72.49695587158203,390.68975830078125,72.63304138183594
2023-04-13,36.88969421386719,29.505577087402344,41.988677978515625,189.72000122070312,87.90531158447266,312.9368896484375,72.5411148071289,395.8791809082031,72.41352844238281
2023-04-14,36.69568634033203,29.322153091430664,41.916439056396484,186.36000061035156,87.47203063964844,312.34857177734375,72.37339782714844,394.9121398925781,71.28960418701172
2023-04-17,36.85274124145508,29.269742965698242,41.60039138793945,185.52999877929688,86.91492462158203,312.6133728027344,72.26748657226562,396.32916259765625,72.77352142333984
2023-04-18,36.80655288696289,29.44443702697754,41.92546844482422,186.25,87.05638885498047,312.6329040527344,72.24983978271484,396.58770751953125,72.60670471191406
2023-04-19,36.43700408935547,29.40949821472168,41.92546844482422,185.36000061035156,86.87068176269531,312.4858703613281,72.18802642822266,396.5205993652344,73.03694915771484
2023-04-20,36.38157653808594,29.45317268371582,41.7629280090332,186.08999633789062,87.37474822998047,310.10333251953125,72.36455535888672,394.3568420410156,72.31694793701172
2023-04-21,36.03974533081055,29.514318466186523,42.0699462890625,184.25,87.16250610351562,310.4268493652344,72.32042694091797,394.6632385253906,72.32572174072266
2023-04-24,35.956600189208984,29.575462341308594,42.241512298583984,184.80999755859375,87.58698272705078,309.77984619140625,72.3998794555664,395.074951171875,72.05352020263672
2023-04-25,35.28217697143555,29.191133499145508,41.49203872680664,185.75,88.45356750488281,303.9361877441406,72.68231964111328,388.8035888671875,71.34229278564453
2023-04-26,35.48543167114258,29.20860481262207,41.60039138793945,184.74000549316406,88.10868072509766,305.7794494628906,72.59405517578125,387.1567077636719,70.65740203857422
2023-04-27,35.96583557128906,29.470645904541016,42.078975677490234,184.75,87.53392028808594,314.09381103515625,72.45281219482422,394.8642578125,72.2554702758789
2023-04-28,36.15060806274414,29.636600494384766,42.006736755371094,184.8000030517578,88.18830108642578,316.2606506347656,72.53227233886719,398.2345275878906,73.14231872558594
2023-05-01,36.03050231933594,29.540523529052734,42.02479553222656,183.97000122070312,87.15029907226562,315.89788818359375,72.37391662597656,397.8323974609375,72.59791564941406
2023-05-02,35.679443359375,29.164932250976562,41.483009338378906,187.52000427246094,88.28488159179688,313.1427917480469,72.61275482177734,393.3611145019531,71.36863708496094
2023-05-03,35.62400817871094,29.199872970581055,41.56427764892578,189.11000061035156,88.86103057861328,311.09356689453125,72.7896957397461,390.6610412597656,71.08766174316406
2023-05-04,35.91040802001953,29.095056533813477,41.3836784362793,190.44000244140625,88.84333038330078,309.9954833984375,72.90470886230469,387.89398193359375,71.67594909667969
2023-05-05,36.39080810546875,29.592927932739258,41.988677978515625,187.4600067138672,88.36466217041016,316.58428955078125,72.72779083251953,395.074951171875,72.87010955810547
2023-05-08,36.4092903137207,29.575462341308594,41.96158981323242,187.69000244140625,87.82398986816406,317.3686218261719,72.61275482177734,395.18017578125,72.44863891601562
2023-05-09,36.18756103515625,29.383298873901367,41.59136199951172,189.02000427246094,87.71759796142578,315.3586730957031,72.5950927734375,393.4472351074219,72.1413345336914
2023-05-10,36.16909408569336,29.348356246948242,41.573307037353516,188.75,88.37354278564453,318.790283203125,72.77202606201172,395.2855529785156,72.8349838256836
2023-05-11,36.03974533081055,29.086320877075195,41.401737213134766,187.1300048828125,88.7015151977539,319.82958984375,72.81625366210938,394.59619140625,72.03597259521484
2023-05-12,35.614768981933594,29.016443252563477,41.27532196044922,186.80999755859375,88.16964721679688,318.6824645996094,72.69237518310547,394.0791931152344,72.02717590332031
2023-05-15,36.27070999145508,29.29595184326172,41.483009338378906,187.2100067138672,87.97463989257812,320.4081115722656,72.70124053955078,395.438720703125,71.90424346923828
2023-05-16,36.01203155517578,28.964035034179688,41.14890670776367,184.8699951171875,87.69100189208984,320.7708740234375,72.61275482177734,392.796142578125,70.10424041748047
2023-05-17,36.17832565307617,29.095056533813477,41.419795989990234,184.22999572753906,87.40735626220703,324.65350341796875,72.53313446044922,397.5643005371094,71.05253601074219
2023-05-18,35.98431396484375,28.9116268157959,41.43785858154297,181.83999633789062,86.86663055419922,330.68341064453125,72.40044403076172,401.3941650390625,70.7100830078125
2023-05-19,36.01203155517578,29.103788375854492,41.70875549316406,183.63999938964844,86.5386962890625,329.93829345703125,72.34737396240234,400.81005859375,70.59595489501953
2023-05-22,36.30766296386719,29.025175094604492,41.735843658447266,183.2100067138672,86.37915802001953,331.04620361328125,72.32083892822266,400.9728698730469,71.02619934082031
2023-05-23,35.744110107421875,28.8155460357666,41.01345443725586,183.42999267578125,86.5209732055664,326.8497314453125,72.31198120117188,396.47283935546875,70.35885620117188
2023-05-24,35.476192474365234,28.317672729492188,40.36330795288086,181.9499969482422,86.29938507080078,325.1731872558594,72.22350311279297,393.60040283203125,68.84861755371094
2023-05-25,35.40228271484375,28.09930419921875,40.36330795288086,180.1999969482422,85.7586441040039,333.0856018066406,72.06428527832031,397.00897216796875,68.83982849121094
2023-05-26,36.03050231933594,28.335142135620117,40.823829650878906,180.9199981689453,85.91820526123047,341.5960693359375,72.04657745361328,402.15045166015625,69.63008117675781
2023-05-30,35.614768981933594,28.073102951049805,40.435546875,182.0399932861328,86.59187316894531,343.14520263671875,72.18815612792969,402.3037109375,69.89349365234375
2023-05-31,35.28217697143555,27.86347007751465,39.848609924316406,182.32000732421875,86.91985321044922,341.194091796875,72.25892639160156,400.0728759765625,70.24472045898438
2023-06-01,35.91040802001953,28.22159194946289,40.4084587097168,183.75999450683594,87.16152954101562,345.1355895996094,72.37152862548828,403.87396240234375,70.25349426269531
2023-06-02,36.52938461303711,28.501102447509766,40.83285903930664,181.0500030517578,86.468505859375,347.7239990234375,72.1675796508789,409.7144775390625,71.96571350097656
2023-06-05,36.52014923095703,28.326404571533203,40.47167205810547,182.13999938964844,86.44184112548828,347.9690856933594,72.18529510498047,408.9293518066406,71.4652099609375
2023-06-06,36.843505859375,28.52730369567871,40.589054107666016,182.33999633789062,86.49513244628906,347.9103088378906,72.14983367919922,409.8197326660156,72.15010833740234
2023-06-07,36.685218811035156,28.52908706665039,40.45280456542969,180.14999389648438,85.86433410644531,342.0078430175781,72.09663391113281,408.4026794433594,73.47598266601562
2023-06-08,36.945926666259766,28.751691818237305,40.95914840698242,182.52999877929688,86.44184112548828,346.2532653808594,72.21192169189453,410.87298583984375,73.0193862915039
2023-06-09,37.113521575927734,28.635934829711914,40.71057891845703,182.0399932861328,86.13086700439453,347.5769348144531,72.07887268066406,411.61016845703125,72.59791564941406
2023-06-12,37.18800735473633,28.502368927001953,41.088043212890625,181.8800048828125,86.27301025390625,353.449951171875,72.14097595214844,415.3442687988281,72.61547088623047
2023-06-13,37.56045150756836,28.787307739257812,41.391841888427734,180.5399932861328,85.65996551513672,356.1658630371094,72.00792694091797,418.0826110839844,73.08085632324219
2023-06-14,37.839778900146484,28.894155502319336,41.63121032714844,180.63999938964844,85.77545166015625,358.7542724609375,71.9636001586914,418.58038330078125,73.35304260253906
2023-06-15,38.19359588623047,29.33936882019043,42.13756561279297,181.91000366210938,86.44184112548828,363.0291442871094,72.11434936523438,423.7698974609375,73.73939514160156
2023-06-16,38.0632438659668,29.357177734375,42.165184020996094,181.6300048828125,86.06867980957031,360.7446594238281,72.01680755615234,422.3264465332031,73.68672180175781
2023-06-20,37.318363189697266,28.974294662475586,41.66804122924805,179.75,86.32633972167969,360.2282409667969,72.04342651367188,420.1353454589844,72.81742858886719
2023-06-21,37.141456604003906,28.92977523803711,41.61280059814453,179.49000549316406,86.40630340576172,355.31915283203125,72.04342651367188,417.9826965332031,72.37841033935547
2023-06-22,37.0111083984375,28.760591506958008,41.419471740722656,177.7100067138672,85.9176254272461,359.5115051269531,71.9636001586914,419.4914245605469,71.34229278564453
2023-06-23,36.47106170654297,28.48456382751465,40.79343795776367,178.1999969482422,86.27301025390625,355.94744873046875,72.02568054199219,416.3200988769531,70.35885620117188
2023-06-26,36.592105865478516,28.493465423583984,40.885498046875,178.50999450683594,86.48625183105469,351.17584228515625,72.07887268066406,414.61907958984375,71.98329162597656
2023-06-27,36.96455001831055,28.65374183654785,41.511531829833984,177.69000244140625,86.18416595458984,357.2140197753906,71.97247314453125,419.16473388671875,72.87010955810547
2023-06-28,36.74108123779297,28.466754913330078,41.594390869140625,177.27999877929688,86.53067779541016,357.9111328125,72.05227661132812,419.37615966796875,72.97549438476562
2023-06-29,36.545555114746094,28.404422760009766,41.57597351074219,177.08999633789062,85.64218139648438,357.1943664550781,71.87492370605469,421.029052734375,73.79065704345703
2023-06-30,36.83419418334961,28.805110931396484,42.18360137939453,178.27000427246094,85.82878112792969,362.702392578125,71.90150451660156,425.9974670410156,74.19911193847656
2023-07-03,37.243873596191406,28.680456161499023,42.165184020996094,178.47000122070312,85.45646667480469,363.55657958984375,71.81795501708984,426.4876403808594,74.92725372314453
2023-07-05,37.02041244506836,28.35990333557129,41.45629119873047,177.83999633789062,85.04679870605469,363.5467529296875,71.80018615722656,425.8533935546875,75.0959701538086
2023-07-06,36.26622772216797,27.879077911376953,40.59090042114258,177.30999755859375,84.35209655761719,360.7779541015625,71.75572204589844,422.5186462402344,74.51879119873047
2023-07-07,36.6759033203125,27.99483299255371,40.92232894897461,178.63999938964844,84.2452163696289,359.5801696777344,71.83573150634766,421.45196533203125,74.35008239746094
2023-07-10,36.70384216308594,28.03044891357422,41.2169303894043,178.77999877929688,84.6816177368164,359.6980285644531,71.94242095947266,422.5186462402344,74.66972351074219
2023-07-11,37.0762825012207,28.279766082763672,41.67724609375,179.4499969482422,84.8597640991211,361.47515869140625,71.93355560302734,425.2094421386719,75.73529815673828
2023-07-12,37.90495681762695,28.88525390625,42.71757125854492,181.8800048828125,85.68804168701172,366.04052734375,72.14690399169922,428.6306457519531,76.14376831054688
2023-07-13,38.3984375,29.330461502075195,43.41725158691406,182.00999450683594,86.40057373046875,372.25543212890625,72.35140228271484,432.0326232910156,76.63214874267578
2023-07-14,38.18428421020508,29.14347267150879,43.25153732299805,181.42999267578125,85.97305297851562,372.1768493652344,72.16470336914062,431.76361083984375,76.481201171875
2023-07-17,38.2308464050293,29.098953247070312,43.233123779296875,181.55999755859375,86.11553955078125,375.652587890625,72.19134521484375,433.2627258300781,75.98394775390625
2023-07-18,37.951507568359375,29.2058048248291,43.371219635009766,183.63999938964844,86.2135238647461,378.7256164550781,72.19134521484375,436.4821472167969,75.56658172607422
2023-07-19,37.87702178955078,29.472930908203125,43.14106369018555,183.6699981689453,86.5074234008789,378.6372375488281,72.2180404663086,437.4527587890625,76.41905212402344
2023-07-20,37.597694396972656,29.570877075195312,42.892486572265625,182.74000549316406,85.8216323852539,369.9089050292969,72.12911987304688,434.5505065917969,76.17040252685547
2023-07-21,37.54182815551758,29.63320541381836,43.14106369018555,182.17999267578125,85.89290618896484,368.79949951171875,72.13802337646484,434.5505065917969,76.52560424804688
2023-07-24,38.05392837524414,29.588682174682617,42.85566329956055,181.39999389648438,85.68804168701172,369.3885498046875,72.04911804199219,436.4917297363281,77.15606689453125
2023-07-25,38.37050247192383,29.775672912597656,42.73597717285156,182.41000366210938,85.52774047851562,371.8921813964844,72.04021453857422,437.6833801269531,76.60551452636719
2023-07-26,38.593963623046875,29.900333404541016,42.8188362121582,183.3000030517578,85.8216323852539,370.6551818847656,72.11135864257812,437.7506408691406,76.95182800292969
2023-07-27,38.11910629272461,29.41950798034668,42.80043411254883,180.4199981689453,84.88645935058594,369.771484375,72.00465393066406,434.8484191894531,75.28244018554688
2023-07-28,39.040897369384766,29.63320541381836,43.32518768310547,181.86000061035156,85.16255187988281,376.5067443847656,72.10245513916016,439.1056823730469,75.22028350830078
2023-07-31,39.05951690673828,29.651016235351562,43.21470642089844,182.35000610351562,85.26943969726562,376.703125,72.12023162841797,439.9417724609375,75.70867156982422
2023-08-01,38.56603240966797,29.392789840698242,42.689945220947266,180.4600067138672,84.77120971679688,375.8292541503906,72.05963134765625,438.6828918457031,75.58435821533203
2023-08-02,37.64425277709961,28.831829071044922,41.815338134765625,179.60000610351562,84.60157012939453,367.58197021484375,72.09527587890625,432.5804138183594,75.14924621582031
2023-08-03,37.79323196411133,28.822919845581055,41.69565963745117,179.5399932861328,83.97654724121094,366.9929504394531,72.12203216552734,431.34075927734375,74.33230590820312
2023-08-04,37.74666976928711,28.805110931396484,41.815338134765625,180.19000244140625,84.86943817138672,365.2747497558594,72.2646484375,429.3899230957031,73.72847747802734
2023-08-07,37.690799713134766,29.081146240234375,42.20200729370117,179.77999877929688,84.66407012939453,368.3674621582031,72.29136657714844,433.1378173828125,74.6519775390625
2023-08-08,37.23456573486328,28.956483840942383,41.72328186035156,178.63999938964844,85.09266662597656,365.2354431152344,72.32705688476562,431.25421142578125,74.1724624633789
2023-08-09,37.327674865722656,29.072242736816406,41.86137771606445,177.7899932861328,85.14623260498047,361.2198486328125,72.28244018554688,428.3711853027344,74.16358184814453
2023-08-10,37.383541107177734,29.072242736816406,42.18360137939453,177.60000610351562,84.49442291259766,361.887451171875,72.24681091308594,428.52496337890625,73.8794174194336
2023-08-11,36.83419418334961,28.938676834106445,41.76010513305664,177.60000610351562,84.0479736328125,359.5801696777344,72.17549133300781,428.2750549316406,73.99488067626953
2023-08-14,36.657283782958984,28.831829071044922,41.70486831665039,177.05999755859375,83.91403198242188,363.6155090332031,72.11310577392578,430.63916015625,73.50648498535156
2023-08-15,36.2382926940918,28.377714157104492,41.16168975830078,176.58999633789062,83.7533187866211,359.7569885253906,72.13984680175781,425.6227111816406,72.68067169189453
2023-08-16,35.91240692138672,28.208532333374023,40.89470291137695,175.57000732421875,83.43186950683594,355.94744873046875,72.10420227050781,422.4994201660156,71.7838134765625
2023-08-17,35.99620819091797,28.11058807373047,40.489627838134766,175.3000030517578,83.32473754882812,352.0594787597656,72.18441009521484,419.2800598144531,71.20663452148438
2023-08-18,35.75412368774414,28.021541595458984,40.55406951904297,175.3300018310547,83.57470703125,351.61767578125,72.2111587524414,419.4818115234375,71.42862701416016
2023-08-21,35.83791732788086,28.092777252197266,40.81184768676758,175.80999755859375,83.0568618774414,357.28277587890625,72.13092803955078,422.2110900878906,70.77152252197266
2023-08-22,35.76343536376953,27.97702407836914,40.682960510253906,176.10000610351562,83.09259796142578,356.77227783203125,72.09527587890625,421.0674743652344,70.97576141357422
2023-08-23,36.3314094543457,28.128395080566406,40.97756576538086,177.88999938964844,83.9944076538086,362.3980712890625,72.22900390625,425.75726318359375,72.0946044921875
2023-08-24,36.19173812866211,27.879077911376953,40.323909759521484,177.85000610351562,83.68187713623047,354.6515197753906,72.18441009521484,419.8566589355469,71.8193359375
2023-08-25,36.22897720336914,28.03044891357422,40.64613723754883,177.6199951171875,83.65512084960938,357.4006042480469,72.13984680175781,422.8165283203125,71.87261962890625
2023-08-28,36.58279800415039,28.33319091796875,41.11566162109375,178.1300048828125,83.88725280761719,360.0907897949219,72.18441009521484,425.4977722167969,72.5474853515625
2023-08-29,37.04834747314453,28.635934829711914,41.741695404052734,179.8699951171875,84.48548889160156,367.955078125,72.34485626220703,431.6483154296875,73.42658233642578
2023-08-30,36.927303314208984,28.742782592773438,41.73248291015625,180.32000732421875,84.4765625,370.0070495605469,72.34485626220703,433.4261169433594,73.69296264648438
2023-08-31,36.47106170654297,28.493465423583984,41.27216720581055,180.02000427246094,84.64622497558594,371.1165466308594,72.41620635986328,432.7918395996094,73.15129852294922
2023-09-01,36.89937210083008,28.546894073486328,41.00518035888672,180.11000061035156,84.1288070678711,370.7237854003906,72.3768539428711,433.5990295410156,73.27561950683594
2023-09-05,36.60142135620117,28.2530517578125,40.47121047973633,178.63999938964844,83.61853790283203,371.1950988769531,72.28746795654297,431.7251281738281,72.42316436767578
2023-09-06,36.396575927734375,28.119487762451172,40.27787780761719,177.8300018310547,83.40371704101562,367.9256286621094,72.2070541381836,428.8228759765625,72.2721939086914
2023-09-07,35.9682731628418,28.119487762451172,40.020103454589844,178.02000427246094,83.69014739990234,365.2943420410156,72.34110260009766,427.50628662109375,72.72505950927734
2023-09-08,36.042762756347656,28.270862579345703,40.11216354370117,178.0800018310547,83.70805358886719,365.804931640625,72.30536651611328,428.1501159667969,72.44091796875
2023-09-11,36.489681243896484,28.493465423583984,40.56327819824219,178.41000366210938,83.5648422241211,370.1151123046875,72.32323455810547,430.9659118652344,72.4498062133789
2023-09-12,36.377960205078125,28.502368927001953,40.21343994140625,177.49000549316406,83.68121337890625,366.0111389160156,72.28746795654297,428.601806640625,72.4142837524414
2023-09-13,36.3314094543457,28.502368927001953,39.9832763671875,177.0800018310547,83.77967834472656,367.4052734375,72.35002899169922,429.1015319824219,71.62399291992188
2023-09-14,36.573486328125,29.001007080078125,40.39756393432617,177.1699981689453,83.59169006347656,370.40960693359375,72.3321762084961,432.8014221191406,72.9204330444336
2023-09-15,36.43382263183594,28.92977523803711,40.36994171142578,178.33999633789062,83.33210754394531,364.06707763671875,72.29640197753906,427.5869140625,72.64514923095703
2023-09-18,36.387271881103516,28.787307739257812,40.09375,179.38999938964844,83.41267395019531,364.4466552734375,72.28746795654297,427.837646484375,71.99693298339844
2023-09-19,36.17311477661133,28.822919845581055,40.12137222290039,179.22000122070312,83.10829162597656,363.66986083984375,72.23389434814453,426.95037841796875,71.66836547851562
2023-09-20,36.02413558959961,28.858539581298828,40.13977813720703,179.35000610351562,83.04564666748047,358.42926025390625,72.1891860961914,423.0253601074219,71.73054504394531
2023-09-21,35.400299072265625,28.537986755371094,39.495338439941406,178.0500030517578,82.42798614501953,351.8611755371094,72.22493743896484,416.033447265625,69.28860473632812
2023-09-22,35.81930160522461,28.502368927001953,39.42168045043945,178.6199951171875,82.75021362304688,351.9103698730469,72.29640197753906,415.09796142578125,68.76470947265625
2023-09-25,35.6610107421875,28.35990333557129,39.05343246459961,177.6999969482422,82.14148712158203,353.58184814453125,72.26962280273438,416.8434753417969,68.70255279541016
2023-09-26,35.1582145690918,28.092777252197266,38.482635498046875,176.27999877929688,82.11465454101562,348.2723388671875,72.27854919433594,410.7195739746094,67.45050811767578
2023-09-27,35.214080810546875,28.048254013061523,38.35374450683594,174.10000610351562,81.74763488769531,349.0884704589844,72.22493743896484,410.8835144042969,66.99764251708984
2023-09-28,35.307193756103516,28.2530517578125,38.75883102416992,173.22999572753906,81.9714126586914,352.0086669921875,72.35002899169922,413.26556396484375,67.64051818847656
2023-09-29,35.33512878417969,28.172914505004883,38.88771438598633,171.4499969482422,81.98932647705078,352.2643127441406,72.35896301269531,412.2626037597656,67.83777618408203
2023-10-02,35.1582145690918,27.6386661529541,38.142005920410156,169.64999389648438,81.3242416381836,355.2042236328125,72.28643035888672,412.0986328125,66.59146118164062
2023-10-03,34.69267272949219,27.48729133605957,37.74612045288086,169.16000366210938,80.651123046875,348.9704895019531,72.232666015625,406.5823059082031,65.29138946533203
2023-10-04,34.590248107910156,27.4783878326416,38.077552795410156,169.13999938964844,81.16271209716797,353.71954345703125,72.39391326904297,409.5429382324219,66.08937072753906
2023-10-05,34.72060012817383,27.692089080810547,38.16961669921875,168.8300018310547,81.3152847290039,352.6772766113281,72.46559143066406,409.3886413574219,66.45698547363281
2023-10-06,35.22339630126953,28.03044891357422,38.740413665771484,169.6999969482422,80.83960723876953,358.5865478515625,72.40287017822266,414.249267578125,66.63631439208984
2023-10-09,35.0557975769043,28.066064834594727,38.44580841064453,172.82000732421875,81.8717269897461,360.4153747558594,72.61791229248047,416.9013366699219,67.36256408691406
2023-10-10,35.558589935302734,28.493465423583984,39.044219970703125,172.52999877929688,81.710205078125,362.41131591796875,72.57311248779297,419.0712585449219,67.68533325195312
2023-10-11,35.78205490112305,28.64483642578125,39.23755645751953,173.7899932861328,82.15895080566406,364.9972229003906,72.5551986694336,420.78790283203125,68.85991668701172
2023-10-12,35.38167953491211,28.36880874633789,38.72200393676758,173.25999450683594,81.369140625,363.7288513183594,72.46559143066406,418.22259521484375,67.85570526123047
2023-10-13,35.2513313293457,28.199626922607422,38.16961669921875,178.8300018310547,81.88968658447266,359.1568298339844,72.5103988647461,416.139404296875,67.68533325195312
2023-10-16,35.51203918457031,28.493465423583984,38.5562858581543,177.9600067138672,81.40504455566406,363.2176513671875,72.46559143066406,420.5178527832031,68.49230194091797
2023-10-17,35.41893005371094,28.573606491088867,38.574703216552734,178.2899932861328,80.60625457763672,362.0278625488281,72.3043441772461,420.4985046386719,68.3936767578125
2023-10-18,34.87889099121094,28.05716323852539,37.84739685058594,180.8699951171875,80.22929382324219,357.2788391113281,72.3043441772461,414.89532470703125,66.94115447998047
2023-10-19,34.674049377441406,27.75441551208496,37.70930480957031,183.08999633789062,79.83438110351562,353.9358215332031,72.40287017822266,411.24993896484375,65.3541488647461
2023-10-20,34.25505828857422,27.433866500854492,37.35024642944336,183.58999633789062,80.30108642578125,348.6559143066406,72.51933288574219,406.19647216796875,64.91480255126953
2023-10-23,34.22712326049805,27.45167350769043,37.580413818359375,182.97000122070312,80.67805480957031,349.7079162597656,72.56415557861328,405.492431640625,64.27821350097656
2023-10-24,34.664737701416016,27.46057891845703,37.75533676147461,182.9499969482422,80.82164764404297,353.10986328125,72.54624938964844,408.54962158203125,65.10308837890625
2023-10-25,34.208499908447266,27.371538162231445,37.45151901245117,183.72000122070312,80.11261749267578,344.46728515625,72.46559143066406,402.6860656738281,63.70437240600586
2023-10-26,34.04090118408203,27.18454933166504,37.31342697143555,184.00999450683594,80.7229232788086,337.89923095703125,72.60894012451172,397.86407470703125,64.92377471923828
2023-10-27,34.012969970703125,26.899614334106445,37.05564880371094,186.14999389648438,80.84858703613281,339.5215759277344,72.65374755859375,396.0606384277344,63.883705139160156
2023-10-30,34.36678695678711,27.23797607421875,37.64485168457031,185.10000610351562,80.57931518554688,343.3463439941406,72.62687683105469,400.7957763671875,64.28717803955078
2023-10-31,34.171260833740234,27.157835006713867,37.83818817138672,184.08999633789062,80.40879821777344,344.9883728027344,72.59999084472656,403.31292724609375,65.38105010986328
2023-11-01,34.487831115722656,27.282495498657227,38.095970153808594,183.50999450683594,81.33492279052734,350.97625732421875,72.76173400878906,407.6141357421875,65.78453063964844
2023-11-02,35.093040466308594,27.790035247802734,39.025814056396484,184.1199951171875,81.83891296386719,357.3477478027344,72.77070617675781,415.4257507324219,67.94535827636719
2023-11-03,35.80998611450195,27.896886825561523,39.41248321533203,184.7899932861328,82.46893310546875,361.54608154296875,72.96839141845703,419.2159423828125,69.56822967529297
2023-11-06,36.098628997802734,27.941404342651367,39.21914291381836,183.35000610351562,81.99193572998047,363.0209045410156,72.83361053466797,420.1802673339844,68.56402587890625
2023-11-07,36.033451080322266,27.727706909179688,39.05343246459961,182.58999633789062,82.45992279052734,366.4524841308594,72.88750457763672,421.3761291503906,67.9991683959961
2023-11-08,35.79136657714844,27.674280166625977,39.338829040527344,180.77000427246094,82.79293823242188,366.6884460449219,72.86954498291016,421.6847839355469,68.22331237792969
2023-11-09,35.4561767578125,27.709896087646484,39.329620361328125,181.49000549316406,81.97393035888672,363.8665466308594,72.76173400878906,418.39617919921875,67.1473617553711
2023-11-10,35.70756912231445,27.6386661529541,39.624229431152344,179.50999450683594,82.06395721435547,372.0470886230469,72.77970123291016,424.9251403808594,67.77500915527344
2023-11-13,35.69826126098633,27.843460083007812,39.725502014160156,180.50999450683594,82.01892852783203,370.8868408203125,72.80664825439453,424.52008056640625,67.21012878417969
2023-11-14,36.647972106933594,28.33319091796875,41.0604133605957,182.1199951171875,83.2519302368164,378.8707275390625,73.09416198730469,432.75616455078125,70.94004821777344
2023-11-15,36.955238342285156,28.31538200378418,41.09724426269531,181.63999938964844,82.60394287109375,379.1558532714844,72.95941162109375,433.67230224609375,71.1462631225586
2023-11-16,36.60142135620117,28.155107498168945,41.07883071899414,183.69000244140625,83.2249526977539,379.4803771972656,73.08516693115234,434.2027282714844,70.99385070800781
2023-11-17,36.647972106933594,28.582508087158203,41.61280059814453,183.6699981689453,83.27897644042969,379.56884765625,73.03128051757812,434.7427673339844,70.94004821777344
2023-11-20,37.104209899902344,28.618127822875977,41.815338134765625,183.3699951171875,83.39594268798828,384.1900634765625,73.0402603149414,438.08929443359375,71.4600830078125
2023-11-21,36.87143325805664,28.671550750732422,41.52073669433594,185.35000610351562,83.50396728515625,381.9581298828125,73.08516693115234,437.134521484375,70.95797729492188
2023-11-22,36.79695510864258,28.5647029876709,41.58517837524414,184.55999755859375,83.4769515991211,383.5213928222656,73.09416198730469,438.8221435546875,71.30765533447266
2023-11-24,36.81557083129883,28.92977523803711,42.017879486083984,185.52000427246094,83.04495239257812,382.980712890625,73.0402603149414,439.09222412109375,71.51387786865234
2023-11-27,36.666595458984375,28.81402015686035,41.90740966796875,186.77000427246094,83.67496490478516,382.6463928222656,73.13013458251953,438.3014221191406,71.7739028930664
2023-11-28,36.97386169433594,28.88525390625,41.925819396972656,189.25999450683594,84.04398345947266,383.6492919921875,73.2648696899414,438.73541259765625,72.24910736083984
2023-11-29,36.75970458984375,28.822919845581055,42.18360137939453,189.5399932861328,84.48499298095703,383.275634765625,73.40866088867188,438.42681884765625,72.75121307373047
2023-11-30,36.83419418334961,28.84073257446289,42.02709197998047,188.75,84.07097625732422,382.3121032714844,73.36372375488281,440.153076171875,73.28021240234375
2023-12-01,36.99247741699219,29.277036666870117,42.340110778808594,192.00999450683594,84.86421966552734,383.4034423828125,73.57733154296875,442.7569885253906,75.08240509033203
2023-12-04,36.573486328125,29.036624908447266,42.17439651489258,187.86000061035156,84.51226043701172,379.8441467285156,73.46917724609375,440.4327087402344,75.62932586669922
2023-12-05,36.35002517700195,28.81402015686035,42.22042465209961,187.14999389648438,85.10785675048828,380.7978820800781,73.55931091308594,440.34600830078125,75.12722778320312
2023-12-06,36.303462982177734,28.77840232849121,42.25724792480469,187.83999633789062,85.45980834960938,378.59539794921875,73.54126739501953,438.57147216796875,74.903076171875
2023-12-07,36.480377197265625,28.938676834106445,42.45058059692383,188.14999389648438,85.33344268798828,383.88519287109375,73.5953598022461,441.9179992675781,75.11827087402344
2023-12-08,36.322086334228516,29.009910583496094,42.76360321044922,185.63999938964844,84.78297424316406,385.5960693359375,73.43312072753906,443.8178405761719,74.99274444580078
2023-12-11,36.53624725341797,28.99210548400879,42.8188362121582,183.58999633789062,84.7920150756836,388.889892578125,73.4511489868164,445.5440368652344,75.19896697998047
2023-12-12,36.545555114746094,29.02771759033203,42.94772720336914,183.49000549316406,84.97248077392578,391.9870910644531,73.4601821899414,447.5789794921875,75.15412902832031
2023-12-13,36.9086799621582,29.366079330444336,43.50931167602539,187.6300048828125,86.23587036132812,396.9721374511719,73.82965087890625,453.7511291503906,78.03226470947266
2023-12-14,37.4487190246582,29.846908569335938,43.849945068359375,188.72999572753906,86.9527359008789,396.6280212402344,73.95626068115234,455.2073669433594,80.28276062011719
2023-12-15,37.22525405883789,29.268131256103516,43.408042907714844,187.0,86.88031768798828,398.5452880859375,73.8748779296875,454.45794677734375,79.15300750732422
2023-12-18,37.206634521484375,29.455121994018555,43.426456451416016,187.85000610351562,86.69024658203125,401.0555725097656,73.8658218383789,457.0142517089844,78.97370910644531
2023-12-19,37.52320861816406,29.775672912597656,43.849945068359375,189.1300048828125,86.85317993164062,403.1048583984375,73.89295196533203,459.7933044433594,79.5744400024414
2023-12-20,36.84772491455078,29.55435562133789,43.19237518310547,188.10000610351562,87.278564453125,397.1147766113281,73.99241638183594,453.4218444824219,78.60609436035156
2023-12-21,37.540283203125,29.88223648071289,43.87870407104492,189.42999267578125,87.14281463623047,401.73541259765625,74.06475067138672,457.7211608886719,79.30319213867188
2023-12-22,37.36002731323242,29.98241424560547,43.80450439453125,190.27000427246094,87.06135559082031,402.33642578125,74.09184265136719,458.6410217285156,79.61178588867188
2023-12-26,37.65412521362305,30.137248992919922,44.119842529296875,191.72000122070312,87.11564636230469,404.7993469238281,74.05570220947266,460.57763671875,80.2017822265625
2023-12-27,37.8723258972168,30.255647659301758,44.34244155883789,192.58999633789062,87.79446411132812,405.6233825683594,74.14611053466797,461.410400390625,80.59208679199219
2023-12-28,38.16642761230469,30.100812911987305,43.9714469909668,191.47000122070312,87.45956420898438,405.4263000488281,74.13705444335938,461.5846862792969,81.1639175415039
2023-12-29,38.147457122802734,30.100812911987305,43.99927520751953,191.1699981689453,87.24237060546875,403.67169189453125,74.17324829101562,460.2483825683594,80.2017822265625
2024-01-02,37.70156478881836,29.8184814453125,43.387142181396484,190.72000122070312,86.91653442382812,396.8406677246094,74.08280944824219,457.6727294921875,80.89160919189453
2024-01-03,37.49285125732422,29.8184814453125,42.77500534057617,189.1300048828125,87.12470245361328,392.6415100097656,74.10089111328125,453.9350891113281,78.95826721191406
2024-01-04,37.369510650634766,29.909557342529297,42.99760818481445,189.32000732421875,86.59973907470703,390.6207275390625,74.05570220947266,452.47283935546875,78.81304931640625
2024-01-05,37.416954040527344,29.891340255737305,42.960506439208984,189.35000610351562,86.28295135498047,391.0840759277344,74.03763580322266,453.0926513671875,78.61334991455078
2024-01-08,37.52130889892578,30.164569854736328,43.47061538696289,187.8699951171875,86.57260131835938,399.1669616699219,74.10089111328125,459.56097412109375,79.73886108398438
2024-01-09,36.99003219604492,29.873125076293945,42.99760818481445,187.92999267578125,86.536376953125,399.9555358886719,74.11900329589844,458.86370849609375,79.20332336425781
2024-01-10,36.90464782714844,29.891340255737305,43.23874282836914,187.5,86.40061950683594,402.6662902832031,74.11900329589844,461.4588317871094,79.29410552978516
2024-01-11,37.05644226074219,29.73651123046875,43.18309783935547,187.8699951171875,86.86223602294922,403.5041809082031,74.29076385498047,461.2554931640625,78.55889892578125
2024-01-12,37.18925857543945,29.836692810058594,43.24802017211914,189.7100067138672,87.09756469726562,403.71112060546875,74.4444580078125,461.5749816894531,79.03087615966797
2024-01-16,36.28799057006836,29.190048217773438,42.47821807861328,187.91000366210938,86.39156341552734,403.67169189453125,74.3269271850586,459.8804626464844,78.4499740600586
2024-01-17,35.74722671508789,28.925928115844727,42.18143081665039,185.83999633789062,86.11096954345703,401.39471435546875,74.18228912353516,457.32415771484375,77.01585388183594
2024-01-18,36.041324615478516,29.098974227905273,42.70081329345703,187.3699951171875,85.92090606689453,407.0921325683594,74.21842193603516,461.39105224609375,76.59833526611328
2024-01-19,36.42081069946289,29.10807991027832,42.858482360839844,187.92999267578125,85.92997741699219,415.1651916503906,74.1641845703125,467.142822265625,77.51507568359375
2024-01-22,36.09825134277344,29.15361785888672,42.83993148803711,187.22000122070312,86.19247436523438,415.70733642578125,74.20036315917969,468.1304931640625,77.97798156738281
2024-01-23,36.41132354736328,29.14451026916504,42.7564582824707,187.9499969482422,85.9752197265625,417.43231201171875,74.19132232666016,469.49578857421875,77.44246673583984
2024-01-24,36.819271087646484,29.23558807373047,43.43351364135742,186.39999389648438,85.7308349609375,419.7487487792969,74.1551284790039,470.0090637207031,76.3351058959961
2024-01-25,36.866703033447266,29.39042091369629,43.6282844543457,187.13999938964844,86.1019287109375,420.2613830566406,74.29076385498047,472.5653381347656,77.31539154052734
2024-01-26,36.89516067504883,29.727401733398438,43.96217727661133,187.00999450683594,85.94805908203125,417.7575988769531,74.24557495117188,471.9650573730469,77.09754180908203
2024-01-29,36.91413497924805,29.78204917907715,44.0549201965332,188.3300018310547,86.46398162841797,422.03564453125,74.31787872314453,475.7026672363281,77.6058349609375
2024-01-30,36.620033264160156,29.845800399780273,44.101295471191406,188.58999633789062,86.58165740966797,419.22637939453125,74.27269744873047,475.33477783203125,76.87969207763672
2024-01-31,36.42081069946289,29.53614044189453,43.73958206176758,188.4499969482422,87.30570983886719,411.0152893066406,74.40830993652344,467.57855224609375,76.14448547363281
2024-02-01,36.771827697753906,29.854909896850586,44.18476867675781,190.41000366210938,87.84648132324219,415.8552551269531,74.51891326904297,473.69830322265625,77.52415466308594
2024-02-02,36.66747283935547,29.563465118408203,43.80450439453125,188.61000061035156,86.70323944091797,422.8833923339844,74.28316497802734,478.68511962890625,76.56201934814453
2024-02-05,36.714908599853516,29.308448791503906,43.581912994384766,187.57000732421875,85.85945129394531,422.3314208984375,74.13810729980469,476.942138671875,74.95543670654297
2024-02-06,37.549774169921875,29.73651123046875,43.86942672729492,188.5500030517578,86.3221664428711,421.4836730957031,74.2559814453125,478.32684326171875,75.96295166015625
2024-02-07,37.597206115722656,29.55435562133789,43.82305145263672,188.5,86.16793823242188,425.82080078125,74.22877502441406,482.3162536621094,75.85404205322266
2024-02-08,37.388484954833984,29.435956954956055,43.943626403808594,188.3300018310547,85.88668060302734,426.6094055175781,74.21062469482422,482.5293273925781,76.47125244140625
2024-02-09,37.549774169921875,29.372201919555664,44.17549133300781,187.60000610351562,85.73241424560547,430.80853271484375,74.18343353271484,485.3180236816406,76.58924865722656
2024-02-12,37.84386444091797,29.326663970947266,44.16621398925781,187.11000061035156,85.81409454345703,429.1229248046875,74.19249725341797,485.10498046875,76.60741424560547
2024-02-13,37.13233947753906,28.85306739807129,43.33148956298828,184.52999877929688,84.87049102783203,422.4299621582031,73.95673370361328,478.42364501953125,75.02804565429688
2024-02-14,37.663612365722656,29.171833038330078,43.86014938354492,184.4199981689453,85.18804931640625,427.03326416015625,74.06555938720703,482.77142333984375,75.61803436279297
2024-02-15,37.84386444091797,29.48149299621582,44.4073600769043,185.66000366210938,85.42393493652344,428.3048400878906,74.13810729980469,486.1024169921875,77.3789291381836
2024-02-16,38.02412033081055,29.763832092285156,44.314613342285156,186.33999633789062,85.05193328857422,424.42108154296875,74.04741668701172,483.68157958984375,76.5801773071289
2024-02-20,38.08104705810547,29.927770614624023,44.574310302734375,187.47000122070312,85.19710540771484,421.21746826171875,74.09276580810547,481.01873779296875,76.44402313232422
2024-02-21,38.147457122802734,29.73651123046875,44.80617141723633,187.47999572753906,84.9249267578125,419.5319519042969,74.02928161621094,481.4544372558594,76.8706283569336
2024-02-22,38.53642272949219,29.955093383789062,45.42757797241211,187.55999755859375,84.9339599609375,431.8139343261719,74.02019500732422,491.4184265136719,77.01585388183594
2024-02-23,38.5174446105957,30.064382553100586,45.45540237426758,188.6199951171875,85.32414245605469,430.54241943359375,74.05648040771484,491.75732421875,76.97954559326172
2024-02-26,38.3466796875,29.973310470581055,45.43685531616211,188.1999969482422,85.19710540771484,430.3157043457031,74.00206756591797,489.95623779296875,76.13541412353516
2024-02-27,38.422576904296875,29.99152374267578,45.60380172729492,188.0,85.00657653808594,431.3507385253906,74.00206756591797,490.8664245605469,76.22618103027344
2024-02-28,37.919761657714844,29.67275619506836,45.51105499267578,188.33999633789062,85.31505584716797,429.0539855957031,74.07462310791016,490.2176818847656,76.9977035522461
2024-02-29,37.93873596191406,29.82758903503418,45.49250030517578,189.30999755859375,85.48745727539062,432.730712890625,74.11992645263672,491.98004150390625,77.65122985839844
2024-03-01,38.403602600097656,29.98241424560547,45.7800178527832,192.88999938964844,85.87772369384766,439.2462463378906,74.26545715332031,496.598876953125,78.5770492553711
2024-03-04,38.31821823120117,29.891340255737305,45.84494400024414,196.00999450683594,85.6866455078125,437.6789855957031,74.19269561767578,496.0662841796875,79.312255859375
2024-03-05,37.976680755615234,29.88223648071289,45.631622314453125,197.19000244140625,86.21430969238281,429.82281494140625,74.24726867675781,491.1085510253906,78.35012817382812
2024-03-06,38.52693176269531,30.109926223754883,46.10463333129883,198.80999755859375,86.4235610961914,432.5237121582031,74.26545715332031,493.5970764160156,78.74043273925781
2024-03-07,38.76411819458008,30.42868995666504,46.81878662109375,199.94000244140625,86.56909942626953,439.088623046875,74.35641479492188,498.49676513671875,78.7222900390625
2024-03-08,38.72616195678711,30.355833053588867,46.45707321166992,201.6300048828125,86.63282012939453,432.75042724609375,74.39279174804688,495.5046691894531,79.62995910644531
2024-03-11,38.81155014038086,30.410480499267578,46.41997528076172,202.0,86.52362823486328,431.1437072753906,74.32911682128906,495.0785827636719,79.24871826171875
2024-03-12,39.23846435546875,30.63817024230957,46.87443923950195,199.7899932861328,86.16883850097656,437.3241882324219,74.25634765625,500.4044189453125,79.0762710571289
2024-03-13,39.11512756347656,30.74745750427246,47.041378021240234,201.19000244140625,85.97781372070312,433.96282958984375,74.21998596191406,499.62005615234375,78.67689514160156
2024-03-14,38.9159049987793,30.51066017150879,46.67967224121094,200.35000610351562,85.34098052978516,432.86871337890625,74.15633392333984,498.6323547363281,77.49691772460938
2024-03-15,38.67873001098633,30.43779754638672,46.716766357421875,199.7100067138672,85.19542694091797,427.72332763671875,74.11083984375,495.2083740234375,77.324462890625
2024-03-18,38.745140075683594,30.355833053588867,46.494178771972656,200.02999877929688,85.09538269042969,431.8026428222656,74.11994934082031,498.15155029296875,77.36077117919922
2024-03-19,38.555397033691406,30.4013671875,46.614742279052734,199.8000030517578,85.34098052978516,432.8785400390625,74.1836166381836,500.91986083984375,77.33354187011719
2024-03-20,38.991798400878906,30.720138549804688,47.27324676513672,202.17999267578125,85.5411148071289,438.0109558105469,74.30182647705078,505.5529479980469,77.84183502197266
2024-03-21,39.03923416137695,30.856754302978516,47.069210052490234,201.97000122070312,85.55022430419922,440.083740234375,74.30182647705078,507.2236328125,78.40457916259766
2024-03-22,38.76411819458008,30.874969482421875,46.92081069946289,200.35000610351562,85.96868896484375,440.5871276855469,74.35641479492188,506.2621154785156,77.41775512695312
2024-03-25,38.792572021484375,30.856754302978516,47.069210052490234,200.99000549316406,85.74127960205078,438.9881591796875,74.32003021240234,504.8633728027344,76.94174194335938
2024-03-26,38.76411819458008,30.884077072143555,47.171226501464844,201.63999938964844,85.86864471435547,437.56683349609375,74.33818817138672,503.9308776855469,76.63050079345703
2024-03-27,38.83052062988281,31.04801368713379,47.57004165649414,203.10000610351562,86.19612884521484,439.0572509765625,74.42008972167969,508.1658020019531,78.6078109741211
2024-03-28,38.97282791137695,31.157302856445312,47.356719970703125,205.72000122070312,86.1142578125,438.24786376953125,74.37459564208984,508.06878662109375,79.16622924804688
2024-04-01,39.03923416137695,31.057119369506836,47.384552001953125,207.82000732421875,85.33506774902344,439.17572021484375,74.21945190429688,507.1847229003906,77.83885955810547
2024-04-02,39.162567138671875,30.984254837036133,46.86516189575195,210.88999938964844,85.1526107788086,435.3855285644531,74.2559814453125,503.9600830078125,76.85935974121094
2024-04-03,39.1910285949707,31.12997817993164,47.28252029418945,212.74000549316406,85.25296783447266,436.3626708984375,74.31071472167969,504.5136413574219,76.94174194335938
2024-04-04,39.04872131347656,30.993366241455078,46.79096221923828,211.52000427246094,85.544921875,429.69036865234375,74.38372039794922,498.3554992675781,76.44740295410156
2024-04-05,39.13410568237305,31.111770629882812,46.92081069946289,215.13999938964844,84.97924041748047,434.7538146972656,74.26508331298828,503.5617370605469,76.8410415649414
2024-04-08,39.3902587890625,31.221059799194336,47.20832443237305,216.47999572753906,84.78761291503906,434.88214111328125,74.19210815429688,503.8434143066406,77.66492462158203
2024-04-09,39.65589141845703,31.275705337524414,46.99501037597656,217.6699981689453,85.12521362304688,436.490966796875,74.26508331298828,504.4263000488281,78.69935607910156
2024-04-10,39.11512756347656,31.04801368713379,46.38287353515625,215.61000061035156,83.99388122558594,432.68109130859375,73.96398162841797,499.3753967285156,75.44043731689453
2024-04-11,39.35231018066406,31.04801368713379,46.34577941894531,219.8000030517578,83.87525939941406,439.5902099609375,74.05522918701172,503.1441345214844,75.69676208496094
2024-04-12,38.4510383605957,30.711027145385742,45.43685531616211,216.88999938964844,84.22197723388672,432.5823974609375,74.100830078125,496.1991882324219,74.79962921142578
2024-04-15,38.204376220703125,30.619951248168945,45.381202697753906,220.9499969482422,83.68367004394531,425.4659423828125,74.07347869873047,489.9827575683594,73.52718353271484
2024-04-16,37.70156478881836,30.246540069580078,45.223533630371094,221.22000122070312,83.35520935058594,425.5054016113281,74.0278549194336,489.089111328125,72.49275970458984
2024-04-17,37.673099517822266,30.42868995666504,45.24208450317383,219.58999633789062,83.8843994140625,420.31365966796875,74.08261108398438,486.194580078125,71.96180725097656
2024-04-18,37.82489776611328,30.355833053588867,45.195709228515625,220.33999633789062,83.59242248535156,417.915283203125,74.04610443115234,485.194091796875,71.9709701538086
2024-04-19,37.673099517822266,30.501556396484375,45.195709228515625,221.02999877929688,83.7019271850586,409.2689208984375,74.0643539428711,480.9591369628906,72.3188247680664
2024-04-22,38.08104705810547,30.89318084716797,45.7150993347168,215.57000732421875,83.71105194091797,413.3847961425781,74.100830078125,485.3883972167969,72.9596176147461
2024-04-23,38.39411544799805,31.21194839477539,46.475624084472656,215.0399932861328,83.82054138183594,419.5537109375,74.16472625732422,491.1482849121094,73.62789154052734
2024-04-24,38.52693176269531,31.175518035888672,46.308677673339844,214.63999938964844,83.56504821777344,420.9750061035156,74.13734436035156,490.9151611328125,73.76519012451172
2024-04-25,38.6123161315918,31.476076126098633,46.12318420410156,215.9199981689453,83.24571228027344,418.9416809082031,74.08261108398438,489.0502014160156,73.3440933227539
2024-04-26,39.05820846557617,31.721981048583984,46.51272201538086,216.6199951171875,83.47382354736328,425.40673828125,74.100830078125,493.6834716796875,73.38072204589844
2024-04-29,39.43769454956055,31.858592987060547,46.521995544433594,216.17999267578125,83.81140899658203,427.1340637207031,74.13734436035156,495.4318542480469,74.13136291503906
2024-04-30,38.887447357177734,31.603578567504883,45.6872673034668,211.8699951171875,83.4190673828125,419.07989501953125,74.04610443115234,487.5835876464844,72.87724304199219
2024-05-01,38.925392150878906,31.503398895263672,45.529598236083984,213.7899932861328,83.74942779541016,416.0497131347656,74.19440460205078,486.00030517578125,72.90470123291016
2024-05-02,39.93101501464844,31.922346115112305,46.058258056640625,213.1300048828125,84.14290618896484,421.3598937988281,74.30425262451172,490.5460510253906,73.92997741699219
2024-05-03,40.29153060913086,32.186466217041016,46.48489761352539,212.9600067138672,84.6095962524414,429.82861328125,74.42327880859375,496.6265869140625,74.42430114746094
2024-05-06,40.329471588134766,32.3868408203125,46.92081069946289,215.1999969482422,84.68282318115234,434.5366516113281,74.41410827636719,501.7551574707031,74.48838806152344
2024-05-07,40.10178756713867,32.48701858520508,47.24542236328125,214.2100067138672,84.90243530273438,434.60577392578125,74.42327880859375,502.3088073730469,75.19326782226562
2024-05-08,40.111270904541016,32.56898880004883,47.44947052001953,213.5800018310547,84.66451263427734,434.34912109375,74.40495300292969,502.3573303222656,74.5616226196289
2024-05-09,40.2346076965332,32.842220306396484,47.9039306640625,216.9499969482422,84.92074584960938,435.29669189453125,74.46904754638672,505.2518615722656,76.09039306640625
2024-05-10,40.31998825073242,32.924198150634766,48.08942413330078,218.7100067138672,84.64622497558594,436.32318115234375,74.40495300292969,505.9027099609375,75.87984466552734
2024-05-13,40.62357711791992,32.942405700683594,48.10797119140625,216.25999450683594,84.74689483642578,437.3299560546875,74.42327880859375,505.9705505371094,76.12701416015625
2024-05-14,40.84177780151367,33.17009735107422,48.49751281738281,218.08999633789062,84.99394226074219,440.1429748535156,74.49649810791016,508.29205322265625,76.712890625
2024-05-15,41.27817916870117,33.4160041809082,48.979793548583984,220.88999938964844,85.63450622558594,447.0225524902344,74.6338119506836,514.5862426757812,77.77476501464844
2024-05-16,41.363563537597656,33.38867950439453,48.562435150146484,220.02999877929688,85.46981811523438,446.1144714355469,74.57888793945312,513.5275268554688,77.7198486328125
2024-05-17,41.543819427490234,33.46154022216797,48.683006286621094,223.66000366210938,85.20441436767578,445.89727783203125,74.53311157226562,514.2657470703125,77.710693359375
2024-05-20,41.392024993896484,33.35224914550781,48.664459228515625,224.55999755859375,85.07630920410156,449.0064697265625,74.51481628417969,514.8582763671875,77.25297546386719
2024-05-21,41.1358757019043,33.47065734863281,48.562435150146484,224.22999572753906,85.29592895507812,449.8848571777344,74.55143737792969,516.12109375,77.22553253173828
2024-05-22,41.00305938720703,33.215633392333984,48.15434265136719,220.11000061035156,85.18609619140625,449.7961120605469,74.49649810791016,514.6348266601562,76.52979278564453
2024-05-23,40.6994743347168,32.8786506652832,47.9410285949707,215.72000122070312,84.88414001464844,447.772705078125,74.45987701416016,510.87579345703125,74.88204193115234
2024-05-24,40.813316345214844,33.09723663330078,48.40476608276367,215.9199981689453,84.99394226074219,452.0069885253906,74.48735809326172,514.2561645507812,74.93695831298828
2024-05-28,40.75639343261719,32.887760162353516,48.44186019897461,218.19000244140625,84.5180892944336,453.7144775390625,74.42327880859375,514.6153564453125,74.44261932373047
2024-05-29,40.14921951293945,32.45970153808594,47.58858871459961,216.16000366210938,84.1063232421875,450.5166015625,74.39579010009766,511.0118103027344,73.71944427490234
2024-05-30,40.035377502441406,32.73292922973633,47.95957565307617,216.57000732421875,84.52726745605469,445.6900634765625,74.47821044921875,507.62188720703125,74.79962921142578
2024-05-31,39.64640808105469,33.07902145385742,48.247093200683594,215.3000030517578,84.92074584960938,444.8609313964844,74.57888793945312,512.245361328125,76.20024108886719
2024-06-03,40.063838958740234,32.987945556640625,48.36766815185547,217.22000122070312,85.4769515991211,447.24951171875,74.66337585449219,512.6630249023438,76.02630615234375
2024-06-04,39.50410461425781,32.905975341796875,48.02450180053711,215.27000427246094,85.94502258300781,448.4734191894531,74.73683166503906,513.236083984375,76.61216735839844
2024-06-05,40.13973617553711,32.99705123901367,48.692283630371094,217.82000732421875,86.2571029663086,457.51458740234375,74.810302734375,519.3360595703125,76.5206298828125
2024-06-06,40.33896255493164,33.15188217163086,48.82212829589844,219.42999267578125,86.22039794921875,457.3565979003906,74.81949615478516,519.3262939453125,76.66710662841797
2024-06-07,39.883583068847656,32.72382354736328,48.15434265136719,211.60000610351562,85.31172943115234,456.95196533203125,74.62663269042969,518.6949462890625,75.94393157958984
2024-06-10,40.12076187133789,32.805789947509766,47.83900833129883,213.5399932861328,85.12818145751953,458.7976989746094,74.63581085205078,520.2976684570312,76.20024108886719
2024-06-11,39.987022399902344,32.38152313232422,47.160282135009766,214.14999389648438,85.57791900634766,461.9462585449219,74.718505859375,521.550537109375,75.92561340332031
2024-06-12,40.38822937011719,32.84571075439453,47.93650436401367,214.72000122070312,86.05517578125,467.9967956542969,74.81949615478516,525.834228515625,76.60301971435547
2024-06-13,40.29270935058594,32.576480865478516,46.91416549682617,212.97000122070312,86.62419891357422,470.53338623046875,74.93888854980469,526.8928833007812,76.91426086425781
2024-06-14,40.34046936035156,32.40937805175781,45.80662536621094,215.72999572753906,86.82613372802734,472.9713134765625,74.94806671142578,527.2134399414062,76.89596557617188
2024-06-17,40.598388671875,32.474365234375,46.41246032714844,214.61000061035156,86.42231750488281,478.7651672363281,74.87460327148438,531.4094848632812,76.59386444091797
2024-06-18,40.97093963623047,32.54863357543945,46.6585807800293,215.47000122070312,86.79859924316406,478.9132080078125,74.97562408447266,532.7597045898438,76.89596557617188
2024-06-20,40.90407180786133,32.8178596496582,46.70590591430664,218.16000366210938,86.57833099365234,475.2217712402344,74.94806671142578,531.3124389648438,76.67627716064453
2024-06-21,40.760780334472656,32.595054626464844,46.31779479980469,214.77999877929688,86.5967025756836,473.948486328125,74.97562408447266,530.60009765625,76.86849212646484
2024-06-24,40.760780334472656,32.91997528076172,46.71537399291992,215.6300048828125,86.67012023925781,468.55279541015625,74.98480224609375,528.8753051757812,77.46353149414062
2024-06-25,40.66525650024414,32.73430633544922,46.70590591430664,214.55999755859375,86.7435531616211,473.91094970703125,74.99398040771484,530.9119262695312,76.51148986816406
2024-06-26,40.57928466796875,32.53007125854492,46.308326721191406,212.5800018310547,86.22039794921875,474.88958740234375,74.92052459716797,531.5745239257812,76.27346801757812
2024-06-27,40.60793685913086,32.41865921020508,46.27046585083008,214.99000549316406,86.41313171386719,476.1155090332031,74.97562408447266,532.4126586914062,77.01496124267578
2024-06-28,40.68436050415039,32.38152313232422,46.223140716552734,215.00999450683594,85.95420837402344,473.6440124511719,74.98480224609375,530.3174438476562,77.62945556640625
2024-07-01,40.77988815307617,32.32582473754883,46.68697738647461,215.57000732421875,85.31437683105469,476.4219665527344,74.92030334472656,531.4089965820312,76.89727020263672
2024-07-02,40.90407180786133,32.37224197387695,46.51658248901367,215.55999755859375,85.63658905029297,481.42425537109375,74.98480224609375,534.985107421875,77.25872802734375
2024-07-03,41.505882263183594,32.69717025756836,47.27387619018555,217.99000549316406,86.2073745727539,485.43792724609375,75.09537506103516,537.3726196289062,77.1845703125
2024-07-05,41.677825927734375,32.92926788330078,47.67145538330078,220.92999267578125,86.68612670898438,490.4994812011719,75.23358917236328,540.4713134765625,77.39775848388672
2024-07-08,41.687381744384766,32.85499572753906,47.349605560302734,218.19000244140625,86.7137222290039,491.666015625,75.224365234375,541.0950317382812,77.6479721069336
2024-07-09,41.85932540893555,32.64146423339844,46.82897186279297,218.55999755859375,86.59405517578125,492.0910949707031,75.20594787597656,541.6211547851562,77.62945556640625
2024-07-10,42.098140716552734,32.98496627807617,47.50106430053711,219.36000061035156,86.67689514160156,497.221923828125,75.23358917236328,546.980712890625,78.20405578613281
2024-07-11,42.34650802612305,33.21705627441406,47.68092346191406,223.25,87.2292709350586,486.3177795410156,75.40863800048828,542.2642822265625,80.44693756103516
2024-07-12,42.51845169067383,33.44915008544922,48.334083557128906,223.11000061035156,87.41341400146484,489.1748046875,75.51923370361328,545.6846313476562,81.05863952636719
2024-07-15,42.069480895996094,33.16135787963867,47.80398178100586,223.8300018310547,87.13721466064453,490.4896240234375,75.51923370361328,547.1853637695312,81.60545349121094
2024-07-16,42.30830001831055,33.254188537597656,47.85131072998047,228.2899932861328,87.52388763427734,490.6774597167969,75.5468521118164,550.4302368164062,82.60639953613281
2024-07-17,41.620513916015625,33.3748779296875,47.302276611328125,227.22999572753906,87.59754180908203,476.2736511230469,75.55606079101562,542.7125854492188,83.17174530029297
2024-07-18,41.22885513305664,33.05923843383789,47.03722381591797,225.77999877929688,87.34896087646484,474.0196533203125,75.51923370361328,538.5418701171875,82.43958282470703
2024-07-19,40.8276481628418,32.96639633178711,46.63017654418945,221.72999572753906,87.0727767944336,469.8182067871094,75.48236846923828,534.9656372070312,82.29129028320312
2024-07-22,41.17154312133789,33.2077751159668,47.4726676940918,221.8000030517578,86.98991394042969,476.8173828125,75.49160766601562,540.4810791015625,83.1439437866211
2024-07-23,40.80854415893555,32.93854904174805,47.103485107421875,222.5800018310547,87.05436706542969,475.13677978515625,75.52842712402344,539.6332397460938,83.07907104492188
2024-07-24,40.21628189086914,32.790008544921875,46.41246032714844,221.8000030517578,86.86103057861328,458.0934753417969,75.5652847290039,527.4039306640625,81.85568237304688
2024-07-25,40.053890228271484,32.96639633178711,46.16633605957031,218.3300018310547,87.05436706542969,453.041748046875,75.57449340820312,524.6558837890625,81.58692169189453
2024-07-26,40.46465301513672,33.43986511230469,46.847904205322266,220.6300048828125,87.4686279296875,457.6881408691406,75.6758804321289,530.5318603515625,83.01419830322266
2024-07-29,40.33091735839844,33.31917190551758,46.35566329956055,220.32000732421875,87.6159439086914,458.6075134277344,75.6850814819336,530.8436889648438,83.44053649902344
2024-07-30,40.149417877197266,33.30060958862305,46.45979309082031,222.52000427246094,87.80007934570312,452.3102111816406,75.71272277832031,528.1541137695312,84.08930969238281
2024-07-31,41.028255462646484,33.66267776489258,46.77217102050781,226.5500030517578,88.44451141357422,465.6957092285156,75.8693618774414,536.7391357421875,83.792724609375
2024-08-01,40.31181335449219,33.10565185546875,45.560508728027344,225.77000427246094,88.82219696044922,454.4158935546875,76.00066375732422,529.138427734375,84.63611602783203
2024-08-02,39.7386589050293,32.92926788330078,45.2007942199707,225.33999633789062,90.19805908203125,443.63037109375,76.42589569091797,519.2866821289062,84.58978271484375
2024-08-05,38.611454010009766,32.01017761230469,44.45296859741211,222.47999572753906,90.29039764404297,430.40301513671875,76.40741729736328,504.1632080078125,82.17081451416016
2024-08-06,38.8311653137207,32.11229705810547,44.46243667602539,220.6999969482422,89.48702239990234,434.5155334472656,76.31494903564453,508.8112487792969,83.792724609375
2024-08-07,39.06998062133789,32.23298645019531,44.651756286621094,220.5500030517578,89.1638412475586,429.8098449707031,76.26873016357422,505.41046142578125,83.21809387207031
2024-08-08,39.958370208740234,32.669315338134766,45.27652359008789,224.00999450683594,88.89607238769531,442.9580993652344,76.23172760009766,517.0941162109375,84.03369140625
2024-08-09,40.178077697753906,32.864280700683594,45.427982330322266,224.55999755859375,89.25617980957031,445.2714538574219,76.25025177001953,519.3743896484375,84.42293548583984
2024-08-12,40.31181335449219,32.96639633178711,45.285987854003906,228.41000366210938,89.5055160522461,446.2303771972656,76.29644775390625,519.647216796875,83.8019790649414
2024-08-13,40.760780334472656,33.39345169067383,45.93915557861328,228.05999755859375,89.9025650024414,457.30255126953125,76.4166488647461,528.1931762695312,84.5341567993164
2024-08-14,40.54106903076172,33.52342224121094,46.175804138183594,226.1999969482422,90.0226058959961,457.4508972167969,76.40741729736328,529.859619140625,84.75659942626953
2024-08-15,40.99004364013672,33.83906555175781,46.80057144165039,226.91000366210938,89.45933532714844,469.007568359375,76.22249603271484,538.94140625,84.69172668457031
2024-08-16,41.46766662597656,33.87620544433594,47.15081787109375,231.99000549316406,89.6347885131836,469.6105651855469,76.30569458007812,540.1497192382812,84.64539337158203
2024-08-19,41.86887741088867,34.15471267700195,47.72825241088867,231.61000061035156,89.75482940673828,475.77935791015625,76.28721618652344,545.3143310546875,85.3497543334961
2024-08-20,41.54409408569336,33.86691665649414,47.63359069824219,232.4600067138672,90.11493682861328,474.7808837890625,76.39816284179688,544.4276123046875,85.247802734375
2024-08-21,41.706485748291016,34.210411071777344,48.173160552978516,232.14999389648438,90.29962158203125,476.9953308105469,76.48136901855469,546.2986450195312,85.70193481445312
2024-08-22,41.19064712524414,34.14542770385742,47.7471809387207,229.3699951171875,89.88408660888672,469.4326477050781,76.37966918945312,542.0109252929688,85.95217895507812
2024-08-23,41.8784294128418,34.72101593017578,48.55180740356445,232.02000427246094,90.29962158203125,474.5238342285156,76.55533599853516,547.7698974609375,87.84286499023438
2024-08-26,41.52499008178711,34.70244598388672,48.3908805847168,232.75999450683594,90.1888198852539,469.9169921875,76.5183334350586,546.4641723632812,87.80580139160156
2024-08-27,41.582305908203125,34.91597366333008,48.561275482177734,233.38999938964844,90.1518783569336,471.3208312988281,76.5645751953125,547.2145385742188,87.935546875
2024-08-28,41.32438278198242,34.70244598388672,48.371944427490234,231.75,90.105712890625,465.9725036621094,76.55533599853516,544.037841796875,87.5926284790039
2024-08-29,41.343482971191406,34.87883758544922,48.4571418762207,232.9499969482422,89.94872283935547,465.2904357910156,76.54605865478516,544.0865478515625,87.32386016845703
2024-08-30,41.42945861816406,34.84170150756836,48.62753677368164,231.2899932861328,89.6347885131836,470.83642578125,76.54605865478516,549.2803344726562,88.16725158691406
2024-09-03,40.60793685913086,34.17327880859375,47.72825241088867,230.2899932861328,90.22566986083984,456.5413513183594,76.62771606445312,537.9766845703125,88.12091827392578
2024-09-04,40.598388671875,34.23826599121094,47.58626174926758,230.42999267578125,90.75355529785156,455.3550720214844,76.79471588134766,536.8755493164062,88.37114715576172
2024-09-05,40.655704498291016,34.23826599121094,47.56732940673828,232.35000610351562,90.96659088134766,455.7801818847656,76.82254791259766,535.5697631835938,88.0838394165039
2024-09-06,39.91060256958008,33.87620544433594,46.734310150146484,230.6300048828125,91.09623718261719,443.571044921875,76.96167755126953,526.55615234375,88.00042724609375
2024-09-09,40.24494934082031,34.0990104675293,47.112953186035156,231.60000610351562,91.22592163085938,449.2752380371094,76.970947265625,532.4515380859375,88.98284149169922
2024-09-10,40.09210205078125,33.89476776123047,46.81003952026367,232.6199951171875,91.61488342285156,453.4273376464844,77.08226776123047,534.7706909179688,90.27110290527344
2024-09-11,40.38822937011719,34.00617599487305,47.254947662353516,232.25,91.55006408691406,463.2737121582031,77.017333984375,540.2569580078125,90.09502410888672
2024-09-12,40.72256851196289,34.15471267700195,47.52000045776367,236.3300018310547,91.4018783569336,467.8212585449219,77.026611328125,544.8076171875,90.47500610351562
2024-09-13,40.91362762451172,34.2568359375,47.822914123535156,238.67999267578125,91.57784271240234,469.9169921875,77.1379623413086,547.653076171875,91.42035675048828
2024-09-16,41.047359466552734,34.62818145751953,48.10689926147461,238.66000366210938,91.8186264038086,467.8409729003906,77.184326171875,548.4618530273438,91.7261962890625
2024-09-17,41.095123291015625,34.37751770019531,48.0406379699707,237.33999633789062,91.65193939208984,468.088134765625,77.12866973876953,548.6859741210938,91.08668518066406
2024-09-18,40.95183181762695,34.340389251708984,47.89863967895508,235.50999450683594,91.2536849975586,466.0615234375,77.10082244873047,547.0587158203125,90.97547912597656
2024-09-19,41.82111358642578,34.80457305908203,48.94938278198242,239.1699981689453,91.1795883178711,477.8455505371094,77.1657943725586,556.3938598632812,90.9940185546875
2024-09-20,41.73514175415039,34.386802673339844,48.25835037231445,242.2100067138672,91.15181732177734,476.93597412109375,77.193603515625,555.4320678710938,90.63256072998047
2024-09-23,42.05992889404297,34.70244598388672,48.30568313598633,242.67999267578125,91.09623718261719,478.20025634765625,77.193603515625,556.8201293945312,91.53156280517578
2024-09-24,43.49281311035156,34.84170150756836,48.90205001831055,246.07000732421875,91.19812774658203,480.5068359375,77.26782989501953,558.4132690429688,91.66130828857422
2024-09-25,43.0342903137207,34.6374626159668,48.58967208862305,245.72999572753906,90.82766723632812,480.952392578125,77.202880859375,557.181640625,91.04962158203125
2024-09-26,44.61046600341797,34.9623908996582,49.895999908447266,246.97999572753906,90.76280975341797,484.5657958984375,77.12866973876953,559.3907470703125,90.22476196289062
2024-09-27,44.52449035644531,34.971675872802734,49.97172927856445,245.02000427246094,91.12401580810547,481.8730773925781,77.24928283691406,558.5794067382812,90.33972930908203
2024-09-30,43.808048248291016,34.73030090332031,49.441619873046875,243.05999755859375,90.87395477294922,483.1798400878906,77.1379623413086,560.8177490234375,91.05003356933594
2024-10-01,44.12328338623047,34.66531753540039,48.712730407714844,245.61000061035156,91.20463562011719,476.44793701171875,77.18726348876953,555.7937622070312,90.46122741699219
2024-10-02,44.9925651550293,34.572479248046875,48.561275482177734,245.66000366210938,90.94456481933594,477.12115478515625,77.16865539550781,556.0283203125,90.1434555053711
2024-10-03,44.45762634277344,34.19184875488281,48.05009841918945,245.49000549316406,90.48014068603516,476.7648010253906,77.0662612915039,555.01171875,89.32099151611328
2024-10-04,44.868385314941406,34.32181930541992,48.40034866333008,245.0,89.60698699951172,482.4373474121094,76.8056640625,560.0552978515625,88.89107513427734
2024-10-07,45.24093246459961,34.14542770385742,48.08796691894531,244.1699981689453,89.28189849853516,477.2696533203125,76.70329284667969,554.9921875,88.10599517822266
2024-10-08,44.12328338623047,33.82978057861328,48.14476013183594,242.3699951171875,89.35620880126953,484.39752197265625,76.7684555053711,560.2411499023438,88.2835693359375
2024-10-09,43.884464263916016,33.99688720703125,48.267826080322266,241.0500030517578,89.02181243896484,488.20892333984375,76.6939697265625,564.1216430664062,88.37702941894531
2024-10-10,43.97043991088867,33.959754943847656,48.11636734008789,242.82000732421875,89.01252746582031,487.654541015625,76.75914764404297,563.1343994140625,87.59196472167969
2024-10-11,44.28567886352539,33.93190383911133,48.3908805847168,245.47000122070312,89.04039001464844,488.41680908203125,76.82427978515625,566.5065307617188,88.58264923095703
2024-10-14,44.10417556762695,34.17327880859375,48.65593338012695,245.07000732421875,88.88249969482422,492.51531982421875,76.78704071044922,571.1395874023438,89.1153793334961
2024-10-15,43.168025970458984,33.89476776123047,47.62412643432617,245.9199981689453,89.33763122558594,485.9319152832031,76.82427978515625,566.7020874023438,90.190185546875
2024-10-16,43.50236892700195,34.17327880859375,47.557861328125,247.14999389648438,89.47696685791016,485.9913635253906,76.87081146240234,569.1652221679688,91.18087005615234
2024-10-17,43.43550109863281,34.23826599121094,47.67145538330078,248.6300048828125,89.01252746582031,486.32794189453125,76.8056640625,569.2139892578125,90.46122741699219
2024-10-18,43.86536407470703,34.358951568603516,48.163700103759766,251.27000427246094,89.11470031738281,489.5157165527344,76.87081146240234,571.403564453125,91.13414764404297
2024-10-21,43.5596809387207,34.034027099609375,47.59572219848633,251.22000122070312,88.42733001708984,490.4562072753906,76.75914764404297,570.4652099609375,89.34902954101562
2024-10-22,43.46416091918945,33.94118881225586,47.37800598144531,253.92999267578125,88.34376525878906,490.9907531738281,76.74980163574219,570.1622314453125,89.4798812866211
2024-10-23,43.20623779296875,33.62553787231445,47.04669189453125,250.8699951171875,88.13941192626953,483.46685791015625,76.70329284667969,564.9522705078125,90.13410949707031
2024-10-24,43.139373779296875,33.783363342285156,47.349605560302734,252.8000030517578,88.33445739746094,487.3872375488281,76.74051666259766,566.1741943359375,90.33037567138672
2024-10-25,43.101158142089844,33.541988372802734,47.15081787109375,253.32000732421875,88.13941192626953,490.3572082519531,76.71260070800781,565.9786376953125,89.4798812866211
2024-10-28,43.292205810546875,33.87620544433594,47.59572219848633,253.3300018310547,87.93506622314453,490.4364013671875,76.67536926269531,567.7283935546875,89.76026153564453
2024-10-29,43.15847396850586,33.58840560913086,47.31174087524414,256.0899963378906,87.97221374511719,495.14874267578125,76.70329284667969,568.647216796875,89.1153793334961
2024-10-30,42.738162994384766,33.30060958862305,46.91416549682617,257.5,87.84217071533203,491.4065856933594,76.63813781738281,566.9269409179688,89.50791931152344
2024-10-31,42.46113967895508,33.00353240966797,46.66804122924805,253.50999450683594,87.79573059082031,479.00213623046875,76.65675354003906,555.8132934570312,87.99385070800781
2024-11-01,42.49934768676758,33.189208984375,46.81003952026367,252.47000122070312,87.27581787109375,482.54620361328125,76.63154602050781,558.1591186523438,87.02184295654297
2024-11-04,42.738162994384766,33.244911193847656,46.791107177734375,252.8300018310547,87.74169921875,481.1404724121094,76.68757629394531,556.9568481445312,87.97515106201172
2024-11-05,43.320865631103516,33.44915008544922,47.245479583740234,253.39999389648438,87.78827667236328,487.2783508300781,76.66888427734375,563.6914672851562,89.1434097290039
2024-11-06,42.78592300415039,33.096370697021484,45.90129470825195,245.6999969482422,86.8844985961914,500.5143737792969,76.57548522949219,577.7079467773438,87.24616241455078
2024-11-07,43.73162841796875,33.365596771240234,46.68697738647461,249.64999389648438,87.58329772949219,508.39459228515625,76.70623779296875,582.1749267578125,88.29292297363281
2024-11-08,42.652191162109375,32.79929733276367,45.94862365722656,247.9600067138672,87.76963806152344,508.9886474609375,76.65022277832031,584.69677734375,89.6107177734375
2024-11-11,42.32740783691406,32.76215744018555,45.92021560668945,242.13999938964844,87.52738952636719,508.691650390625,76.59417724609375,585.2539672851562,89.16211700439453
2024-11-12,41.52499008178711,32.14943313598633,44.93574142456055,240.0500030517578,86.9776611328125,507.77093505859375,76.51945495605469,583.4358520507812,87.92842102050781
2024-11-13,41.25751495361328,32.121585845947266,44.66122817993164,237.6300048828125,86.9217758178711,507.1175842285156,76.63154602050781,583.7193603515625,88.41442108154297
2024-11-14,41.028255462646484,32.084449768066406,45.011470794677734,237.00999450683594,86.91242218017578,503.59326171875,76.51945495605469,579.9658813476562,87.62000274658203
2024-11-15,41.028255462646484,32.01946258544922,44.89788055419922,236.58999633789062,86.94970703125,491.5946960449219,76.60350799560547,572.537353515625,87.66673278808594
2024-11-18,41.4963264465332,32.35367202758789,45.08720016479492,241.08999633789062,87.1453628540039,495.0101013183594,76.65955352783203,574.88330078125,88.3022689819336
2024-11-19,41.46766662597656,32.26083755493164,44.83161544799805,243.25,87.33174133300781,498.4156494140625,76.65955352783203,576.9848022460938,88.73219299316406
2024-11-20,41.41990661621094,32.26083755493164,44.66122817993164,244.6199951171875,87.20128631591797,498.1285400390625,76.62218475341797,577.1802978515625,88.62004089355469
2024-11-21,41.33393478393555,32.446510314941406,44.49082946777344,246.66000366210938,87.15469360351562,499.9204406738281,76.60350799560547,580.2786865234375,89.2742691040039
2024-11-22,41.343482971191406,32.650753021240234,44.5286979675293,249.83999633789062,87.21060180664062,500.7222900390625,76.59417724609375,582.0772705078125,89.94718170166016
2024-11-25,41.37214660644531,32.80857467651367,44.850547790527344,242.47999572753906,88.15164184570312,501.5142517089844,76.74360656738281,584.0516967773438,91.19955444335938
2024-11-26,41.200199127197266,32.660037994384766,44.5286979675293,242.9499969482422,87.9653091430664,504.20703125,76.74360656738281,587.1011962890625,91.56407165527344
2024-11-27,41.25751495361328,33.02210235595703,44.774818420410156,243.49000549316406,88.31938171386719,500.2371826171875,76.7903060913086,585.3223266601562,92.15286254882812
2024-11-29,41.32438278198242,33.23562240600586,45.30492401123047,245.58999633789062,88.69207763671875,504.6326904296875,76.88368225097656,588.9584350585938,91.74165344238281
2024-12-02,41.48677444458008,33.17992401123047,45.35225296020508,243.44000244140625,88.6845932006836,510.1270446777344,76.87902069091797,590.0139770507812,90.40514373779297
2024-12-03,41.572750091552734,33.30989456176758,45.57944107055664,243.92999267578125,88.4322280883789,511.69122314453125,76.88837432861328,590.2877197265625,89.94718170166016
2024-12-04,41.677825927734375,33.30989456176758,45.83502197265625,244.6699981689453,88.76869201660156,518.0172119140625,76.97269439697266,593.953125,89.70419311523438
2024-12-05,41.95484924316406,33.541988372802734,46.41246032714844,242.86000061035156,88.75935363769531,516.5818481445312,76.97269439697266,592.9756469726562,89.4892349243164
2024-12-06,41.88798522949219,33.328468322753906,46.63017654418945,242.9499969482422,89.03974151611328,521.2049560546875,77.04764556884766,594.0997924804688,89.35838317871094
2024-12-09,42.747711181640625,33.48628616333008,46.49765396118164,245.36000061035156,88.73131561279297,517.1460571289062,77.0195541381836,591.0403442382812,89.6107177734375
2024-12-10,42.05992889404297,33.189208984375,46.232601165771484,248.58999633789062,88.5724105834961,515.3838500976562,77.01019287109375,589.2026977539062,88.31161499023438
2024-12-11,42.231876373291016,33.39345169067383,46.36512756347656,250.9600067138672,88.31072998046875,524.6104736328125,76.99144744873047,593.7576293945312,88.10599517822266
2024-12-12,42.02172088623047,33.04066848754883,46.10954284667969,247.27999877929688,87.97428131103516,521.2247314453125,76.95396423339844,590.6983642578125,87.96581268310547
2024-12-13,42.05992889404297,32.96639633178711,46.26100158691406,244.2899932861328,87.56305694580078,525.2144165039062,76.91648864746094,590.5809326171875,87.71346282958984
2024-12-16,41.83066940307617,32.892127990722656,46.10008239746094,244.8800048828125,87.59109497070312,532.77783203125,76.92587280273438,593.102783203125,87.40503692626953
2024-12-17,41.73061752319336,32.803035736083984,45.905662536621094,243.94000244140625,87.59109497070312,530.4317016601562,76.93522644042969,590.6591186523438,86.98445892333984
2024-12-18,40.75923156738281,32.073238372802734,44.752540588378906,239.25999450683594,86.91410064697266,511.29522705078125,76.79419708251953,573.0553588867188,83.39555358886719
2024-12-19,40.895225524902344,31.912113189697266,44.78113555908203,239.60000610351562,86.52025604248047,509.0182800292969,76.87882232666016,572.8794555664062,82.10577392578125
2024-12-20,41.06036376953125,31.931068420410156,44.914554595947266,242.10000610351562,86.83907318115234,513.46337890625,76.8882064819336,579.76025390625,83.489013671875
2024-12-23,41.29349136352539,32.08271408081055,45.02891540527344,240.9600067138672,86.45462036132812,518.4658813476562,76.84121704101562,583.2320556640625,83.81552124023438
2024-12-24,41.41977310180664,32.291229248046875,45.33386993408203,241.44000244140625,86.50149536132812,525.4961547851562,76.87882232666016,589.7147827148438,84.37227630615234
2024-12-26,41.274070739746094,32.319664001464844,45.495880126953125,243.07000732421875,86.56715393066406,525.13916015625,76.8976058959961,589.7539672851562,84.5987548828125
2024-12-27,41.08950424194336,32.186973571777344,45.3148078918457,241.39999389648438,86.34210205078125,518.1583862304688,76.91641235351562,583.5458984375,83.74945831298828
2024-12-30,40.75923156738281,32.08271408081055,44.92407989501953,240.6300048828125,86.84845733642578,511.2669677734375,77.02924346923828,576.88671875,83.33424377441406
2024-12-31,40.62323760986328,32.13010787963867,44.981258392333984,242.1300048828125,86.68904113769531,506.9239196777344,77.07626342773438,574.7879638671875,84.06087493896484
2025-01-02,40.5649528503418,32.054283142089844,44.62865447998047,245.4199981689453,86.73593139648438,505.93231201171875,77.05744934082031,573.3756713867188,83.31536865234375
2025-01-03,40.94379806518555,32.19645309448242,44.70489501953125,243.49000549316406,86.59526824951172,514.2119750976562,77.05744934082031,580.544921875,84.4100112915039
2025-01-06,41.08950424194336,32.34809875488281,45.7531852722168,243.19000244140625,86.51087951660156,520.1217651367188,77.07626342773438,583.88916015625,83.32482147216797
2025-01-07,40.79808807373047,32.376529693603516,45.76271438598633,244.55999755859375,86.11705017089844,510.840576171875,77.02924346923828,577.2888793945312,82.53215026855469
2025-01-08,40.60381317138672,32.19645309448242,45.57211685180664,245.86000061035156,86.26709747314453,510.9297790527344,77.07626342773438,578.1322631835938,82.74918365478516
2025-01-10,39.91413116455078,31.741514205932617,45.23857116699219,248.2100067138672,85.63884735107422,502.9179382324219,76.93522644042969,569.3056030273438,80.72976684570312
2025-01-13,39.642147064208984,31.6467342376709,45.02891540527344,245.74000549316406,85.48882293701172,501.3016357421875,76.95402526855469,570.1883544921875,81.72059631347656
2025-01-14,40.0889778137207,31.627777099609375,45.457759857177734,247.02999877929688,85.51692962646484,500.82568359375,76.97282409667969,570.9728393554688,82.4660873413086
2025-01-15,40.613525390625,32.13010787963867,45.8866081237793,248.8800048828125,86.41712188720703,512.3477783203125,77.1420669555664,581.3590087890625,82.93790435791016
2025-01-16,40.5649528503418,32.490264892578125,46.4107551574707,250.60000610351562,86.62340545654297,508.75830078125,77.1890640258789,580.2408447265625,84.65536499023438
2025-01-17,40.8855094909668,32.585044860839844,46.74429702758789,249.27000427246094,86.68904113769531,517.3453369140625,77.1702880859375,586.06640625,84.5987548828125
2025-01-21,41.322635650634766,33.34327697753906,47.697288513183594,253.1300048828125,86.97972869873047,520.379638671875,77.19847869873047,591.4309692382812,86.18409729003906
2025-01-22,41.351776123046875,33.07789611816406,47.67823028564453,254.42999267578125,86.75467681884766,527.0330810546875,77.17967224121094,594.7557983398438,84.68367004394531
2025-01-23,41.44891357421875,33.324317932128906,48.116607666015625,254.07000732421875,86.52964782714844,528.1536254882812,77.17967224121094,598.0018920898438,85.30648803710938
2025-01-24,41.72090530395508,33.33380126953125,48.28814697265625,255.64999389648438,86.7077865600586,525.1689453125,77.2266845703125,596.256103515625,85.5990219116211
2025-01-27,40.96322250366211,33.5612678527832,48.27861785888672,252.99000549316406,87.2704086303711,509.8788146972656,77.33949279785156,587.8218994140625,86.74085235595703
2025-01-28,41.26435089111328,33.48544692993164,48.03084182739258,255.17999267578125,87.27978515625,517.414794921875,77.3582992553711,592.8726806640625,85.6933822631836
2025-01-29,41.274070739746094,33.42858123779297,48.154727935791016,254.1999969482422,87.17662811279297,516.4429931640625,77.31129455566406,590.21484375,84.56100463867188
2025-01-30,41.97346115112305,33.92143249511719,48.57404327392578,258.04998779296875,87.36416625976562,518.644287109375,77.3582992553711,593.382568359375,85.63677978515625
2025-01-31,41.49748229980469,33.75082778930664,48.192848205566406,258.55999755859375,87.22351837158203,517.8907470703125,77.36770629882812,590.2246704101562,85.44804382324219
2025-02-03,41.19635772705078,33.438053131103516,47.382808685302734,259.94000244140625,87.2856216430664,513.7459106445312,77.31394958496094,586.2527465820312,85.26874542236328
2025-02-04,41.93460464477539,33.684486389160156,48.0784912109375,262.5,87.501953125,520.0523071289062,77.389404296875,590.1854858398438,85.33480834960938
2025-02-05,41.827754974365234,34.15837860107422,48.43109893798828,264.1300048828125,88.00990295410156,522.4122924804688,77.43656158447266,592.5784301757812,86.53324890136719
2025-02-06,42.002601623535156,34.17733383178711,48.85041427612305,263.42999267578125,87.90645599365234,525.13916015625,77.40827178955078,594.6380004882812,86.75027465820312
2025-02-07,41.963748931884766,34.01620864868164,48.30720520019531,263.8999938964844,87.6148452758789,518.5155029296875,77.32337951660156,589.1949462890625,86.4671859741211
2025-02-10,42.468868255615234,34.281593322753906,48.65981674194336,268.3699951171875,87.59602355957031,524.7921142578125,77.36112213134766,593.1963500976562,86.42943572998047
2025-02-11,42.303733825683594,34.55644607543945,49.22208023071289,267.3900146484375,87.3702621459961,523.542724609375,77.34224700927734,593.6474609375,86.80690002441406
2025-02-12,42.536865234375,34.660709381103516,49.79387664794922,267.6700134277344,86.76823425292969,523.8500366210938,77.23847961425781,591.7349853515625,86.00479125976562
2025-02-13,42.8088493347168,34.73653030395508,50.33708190917969,270.30999755859375,87.41728973388672,531.3861083984375,77.34224700927734,597.9822998046875,86.863525390625
2025-02-14,43.139122009277344,34.64175033569336,50.632511138916016,266.2900085449219,87.7841567993164,533.6171264648438,77.44599914550781,597.9527587890625,86.4671859741211
2025-02-18,43.411109924316406,34.92608642578125,50.908878326416016,270.70001220703125,87.31381225585938,534.8267822265625,77.37996673583984,599.7083740234375,86.85409545898438
2025-02-19,43.343109130859375,34.72705078125,50.09883499145508,270.8500061035156,87.45492553710938,534.9756469726562,77.43656158447266,601.1206665039062,86.9201431274414
2025-02-20,43.74137878417969,34.64175033569336,50.45144271850586,270.989990234375,87.63367462158203,532.704833984375,77.44599914550781,598.6198120117188,87.33535766601562
2025-02-21,43.6151008605957,34.461669921875,50.12742233276367,270.739990234375,88.15101623535156,521.6488037109375,77.57806396484375,588.3809204101562,86.47662353515625
2025-02-24,42.944847106933594,34.49010467529297,50.117897033691406,272.2099914550781,88.33918762207031,515.4910888671875,77.6346664428711,585.7035522460938,86.81634521484375
2025-02-25,42.97399139404297,34.802879333496094,50.71827697753906,268.6199951171875,89.03528594970703,508.9963073730469,77.73844146728516,582.7907104492188,87.88267517089844
2025-02-26,43.40139389038086,34.8313102722168,50.78498840332031,269.0299987792969,89.27984619140625,510.22589111328125,77.76673126220703,583.0849609375,87.51463317871094
2025-02-27,42.55629348754883,34.78392028808594,49.8701171875,264.92999267578125,89.17636108398438,496.0561828613281,77.79503631591797,573.77783203125,87.8637924194336
2025-02-28,41.97346115112305,35.10616683959961,49.92729568481445,263.2699890136719,89.6655044555664,503.88970947265625,77.93653106689453,582.7319946289062,88.60928344726562
2025-03-03,41.604339599609375,35.466331481933594,51.00417709350586,266.739990234375,89.9909896850586,492.86328125,77.9866714477539,572.5225219726562,89.02449035644531
2025-03-04,41.95403289794922,35.589542388916016,51.1090087890625,269.05999755859375,89.7079849243164,491.3759460449219,77.99614715576172,565.74560546875,87.99591827392578
2025-03-05,43.20711898803711,35.940223693847656,52.84345626831055,269.6199951171875,89.20799255371094,497.78155517578125,77.9109878540039,571.826171875,88.9773178100586
2025-03-06,42.93513488769531,35.305206298828125,52.43366622924805,268.25,89.16081237792969,484.087890625,77.95829772949219,561.6755981445312,86.69367218017578
2025-03-07,43.14883804321289,35.85492706298828,53.062644958496094,268.3900146484375,89.04759216308594,487.6476745605469,77.9488296508789,564.8236083984375,87.2126693725586
2025-03-10,42.11916732788086,35.11564636230469,51.699859619140625,266.0400085449219,89.67024230957031,468.74810791015625,78.09075927734375,549.7792358398438,86.3728256225586
2025-03-11,42.468868255615234,35.03034210205078,51.795162200927734,269.1600036621094,89.34949493408203,467.6277160644531,78.04344940185547,545.208984375,85.36310577392578
2025-03-12,42.701995849609375,35.18199157714844,51.87139892578125,270.3299865722656,89.08533477783203,472.9029235839844,77.9866714477539,548.1021728515625,85.09888458251953
2025-03-13,42.52714920043945,35.191471099853516,51.30913162231445,275.1300048828125,89.44383239746094,464.3951110839844,78.04344940185547,540.7958374023438,83.419189453125
2025-03-14,43.30426025390625,35.741188049316406,52.54802322387695,275.239990234375,89.13250732421875,475.6197814941406,77.9866714477539,551.9662475585938,85.0894546508789
2025-03-17,44.04250717163086,35.98761749267578,53.10076141357422,276.7300109863281,89.20799255371094,478.70361328125,77.95829772949219,556.2227172851562,86.54267120361328
2025-03-18,43.819087982177734,35.968658447265625,53.41524887084961,279.9599914550781,89.31175994873047,470.54296875,77.95829772949219,550.2108154296875,86.08972930908203
2025-03-19,43.925941467285156,36.006568908691406,53.40571975708008,281.1099853515625,89.5853500366211,476.8394470214844,78.07185363769531,556.2030639648438,86.19351959228516
2025-03-20,43.51796340942383,35.90231704711914,52.55755615234375,280.75,89.7174301147461,475.22320556640625,78.09075927734375,554.5946655273438,86.13691711425781
2025-03-21,43.30426025390625,35.57058334350586,52.17635726928711,278.489990234375,89.64195251464844,476.7898864746094,78.13807678222656,554.7776489257812,85.18382263183594
2025-03-24,43.498531341552734,35.57058334350586,52.10011291503906,277.25,89.12309265136719,487.2526550292969,78.03398895263672,564.712890625,86.49549865722656
2025-03-25,43.37225341796875,35.674842834472656,52.51943588256836,278.4700012207031,89.27403259277344,490.03326416015625,78.06237030029297,566.0703735351562,85.52498626708984
2025-03-26,43.109981536865234,35.5516242980957,51.556915283203125,278.239990234375,89.06648254394531,481.01629638671875,78.04344940185547,559.3124389648438,85.85865783691406
2025-03-27,43.32368469238281,35.69379806518555,51.6522102355957,281.9700012207031,88.99102020263672,478.27545166015625,78.081298828125,557.8270874023438,85.63939666748047
2025-03-28,42.51743698120117,35.6274528503418,51.36631774902344,284.05999755859375,89.7079849243164,465.68353271484375,78.22322082519531,546.5933227539062,85.52498626708984
2025-03-31,42.44944381713867,35.51372146606445,50.74686813354492,288.1400146484375,89.97212982177734,465.6636657714844,78.27999877929688,550.2625122070312,86.3162612915039
2025-04-01,42.58543395996094,35.48528289794922,51.03276824951172,287.57000732421875,90.28823852539062,469.41741943359375,78.3084945678711,551.8167114257812,86.35440826416016
2025-04-02,42.643714904785156,35.64641189575195,51.24242401123047,288.1600036621094,90.20304870605469,472.8434143066406,78.25151062011719,555.3087768554688,86.87873840332031
2025-04-03,41.740333557128906,35.33363723754883,50.346614837646484,286.4200134277344,91.13055419921875,447.53045654296875,78.54584503173828,527.9428100585938,83.91382598876953
2025-04-04,39.418724060058594,32.81251525878906,47.220794677734375,279.7200012207031,91.38607025146484,419.73486328125,78.4983901977539,497.0354309082031,80.27202606201172
2025-04-07,37.951934814453125,31.55195426940918,45.81990051269531,273.7099914550781,90.2977066040039,420.74774169921875,78.50785827636719,496.150146484375,78.16512298583984
2025-04-08,37.41767501831055,31.45717430114746,45.391048431396484,275.20001220703125,89.84343719482422,413.1707458496094,78.46040344238281,488.3790588378906,76.06776428222656
2025-04-09,40.011268615722656,33.27693176269531,49.422210693359375,285.3800048828125,89.55950164794922,462.763916015625,78.41292572021484,539.6683959960938,80.60570526123047
2025-04-10,39.32158660888672,32.859901428222656,48.56451416015625,292.3500061035156,89.00110626220703,443.08160400390625,78.40343475341797,516.0205078125,78.76573944091797
2025-04-11,40.55524444580078,33.71291732788086,49.708106994628906,297.92999267578125,88.49950408935547,451.2444763183594,78.26101684570312,525.227783203125,79.7286148071289
2025-04-14,40.924373626708984,34.262638092041016,50.06071472167969,296.2300109863281,89.20932006835938,454.3031005859375,78.43190002441406,530.3233032226562,81.37792205810547
2025-04-15,40.8855094909668,34.73653030395508,50.58486557006836,297.7799987792969,89.47431945800781,454.8095397949219,78.43190002441406,528.837890625,81.62579345703125
2025-04-16,40.4095344543457,34.64175033569336,50.50862121582031,307.4700012207031,89.86234283447266,441.0954284667969,78.53633880615234,517.0829467773438,81.56858825683594
2025-04-17,40.720375061035156,35.039825439453125,50.842166900634766,306.1199951171875,89.60682678222656,441.0160217285156,78.5648193359375,517.8207397460938,82.78887176513672
2025-04-21,40.710662841796875,34.89765548706055,50.41332244873047,315.5899963378906,89.1241455078125,430.102294921875,78.51734924316406,505.4950866699219,81.06331634521484
2025-04-22,41.322635650634766,35.617977142333984,51.60456466674805,311.1099853515625,89.19038391113281,441.3934020996094,78.54584503173828,518.64697265625,82.63634490966797
2025-04-23,41.798614501953125,35.589542388916016,51.966697692871094,303.6499938964844,89.28502655029297,451.40338134765625,78.48887634277344,526.6836547851562,82.78887176513672
2025-04-24,42.284305572509766,35.91178894042969,52.690975189208984,308.07000732421875,89.76770782470703,464.1045227050781,78.58380126953125,537.769775390625,83.09395599365234
2025-04-25,42.20659255981445,35.95917892456055,53.02452087402344,304.7300109863281,90.10842895507812,469.2783508300781,78.6502914428711,541.6553344726562,82.9509506225586
2025-04-28,42.284305572509766,36.19612503051758,53.19606399536133,309.07000732421875,90.46805572509766,469.1294250488281,78.76421356201172,541.8618774414062,83.46575164794922
2025-04-29,42.400875091552734,36.347774505615234,53.272300720214844,306.05999755859375,90.78038024902344,472.2277526855469,78.81168365478516,545.2753295898438,83.91382598876953
2025-04-30,42.50772476196289,36.1108283996582,53.10076141357422,303.7699890136719,90.92232513427734,472.16815185546875,78.91610717773438,545.4916381835938,84.20938110351562
2025-05-01,42.498008728027344,35.90231704711914,53.12935256958008,297.4599914550781,90.52639770507812,478.33502197265625,78.75325775146484,549.3576049804688,84.48583221435547
2025-05-02,43.71223831176758,36.584720611572266,54.12046432495117,297.9800109863281,89.91870880126953,485.43536376953125,78.60087585449219,557.5122680664062,85.52498626708984
2025-05-05,44.04250717163086,36.62263107299805,54.30153274536133,306.8800048828125,89.75728607177734,482.5555114746094,78.59134674072266,554.3153686523438,85.33431243896484
2025-05-06,43.86766052246094,36.55628967285156,54.206233978271484,315.4800109863281,89.98517608642578,478.0669250488281,78.65802001953125,549.68212890625,84.67650604248047
2025-05-07,43.36254119873047,36.42359924316406,54.02516174316406,310.75,90.22254943847656,479.94378662109375,78.68659973144531,551.9938354492188,84.77183532714844
2025-05-08,43.33340072631836,36.120304107666016,54.006103515625,304.6300048828125,89.51991271972656,484.8992004394531,78.52468872070312,555.840087890625,84.43817138671875
2025-05-09,43.62481689453125,36.2909049987793,54.454010009765625,306.8399963378906,89.58635711669922,484.5813293457031,78.56277465820312,555.1318359375,85.00064086914062
2025-05-12,44.567054748535156,36.24351501464844,54.520721435546875,298.19000244140625,89.01666259765625,504.3233337402344,78.41993713378906,573.4774780273438,85.42012023925781
2025-05-13,44.6447639465332,36.414119720458984,54.90191650390625,299.4599914550781,88.95020294189453,512.0096435546875,78.40086364746094,577.2647094726562,84.33329772949219
2025-05-14,44.9847526550293,36.25299835205078,54.77802658081055,293.1600036621094,88.61788940429688,515.0780639648438,78.34373474121094,578.00244140625,83.50387573242188
2025-05-15,44.96532440185547,36.7742805480957,55.19734573364258,297.8399963378906,89.19709014892578,515.6441040039062,78.49610137939453,580.8255615234375,85.02925109863281
2025-05-16,44.93618392944336,36.86906051635742,55.340293884277344,294.239990234375,89.22557067871094,517.8884887695312,78.47705078125,584.5045776367188,86.08746337890625
2025-05-19,45.033321380615234,37.276611328125,56.007389068603516,298.0299987792969,89.17808532714844,518.385009765625,78.50563049316406,585.1439208984375,86.10652160644531
2025-05-20,44.9847526550293,37.5419921875,56.44576644897461,303.5799865722656,89.06415557861328,516.6570434570312,78.51515197753906,583.1765747070312,85.60125732421875
2025-05-21,44.86818313598633,37.37138748168945,56.131282806396484,305.82000732421875,88.44697570800781,509.47723388671875,78.46754455566406,573.3495483398438,83.32274627685547
2025-05-22,44.722476959228516,37.46616744995117,56.12174987792969,303.1099853515625,88.77931213378906,510.4306640625,78.51515197753906,573.5758666992188,82.94141387939453
2025-05-23,44.90704345703125,37.79789733886719,55.67384338378906,309.75,89.03565216064453,505.7036437988281,78.56277465820312,569.6607055664062,83.02720642089844
2025-05-27,44.80018615722656,37.977970123291016,56.56965637207031,304.5,89.40596771240234,517.6004638671875,78.59134674072266,581.50439453125,84.47630310058594
2025-05-28,44.596195220947266,37.598854064941406,56.007389068603516,303.80999755859375,89.15909576416016,515.306396484375,78.53421020507812,578.14013671875,84.3905029296875
2025-05-29,44.76133346557617,37.71259307861328,56.283756256103516,305.6099853515625,89.52941131591797,516.3194580078125,78.61992645263672,580.42236328125,85.15318298339844
2025-05-30,44.21735763549805,37.83580017089844,56.21704864501953,303.6000061035156,89.7952651977539,515.5050659179688,78.71516418457031,579.7730712890625,85.15318298339844
2025-06-02,44.53791046142578,38.186485290527344,56.788841247558594,311.6700134277344,89.49044036865234,519.5765991210938,78.65018463134766,583.0388793945312,85.26758575439453
2025-06-03,44.6447639465332,37.96849822998047,56.369529724121094,308.9100036621094,89.4046859741211,523.6382446289062,78.63108825683594,586.3637084960938,85.09597778320312
2025-06-04,45.198455810546875,38.091705322265625,56.68401336669922,310.8999938964844,90.06200408935547,525.0980224609375,78.77439880371094,586.206298828125,85.33431243896484
2025-06-05,45.431583404541016,38.12014389038086,56.779319763183594,309.3299865722656,89.79527282714844,521.1456909179688,78.68841552734375,583.373291015625,85.26758575439453
2025-06-06,45.577293395996094,38.24335479736328,56.91273498535156,305.17999267578125,89.08080291748047,526.239990234375,78.55462646484375,589.3639526367188,85.67752838134766
2025-06-09,45.96584701538086,38.2338752746582,56.8841438293457,306.6199951171875,89.24273681640625,527.0146484375,78.61196899414062,589.8951416015625,85.79192352294922
2025-06-10,46.22812271118164,38.2054443359375,56.8936767578125,306.7099914550781,89.39515686035156,530.5001831054688,78.61196899414062,593.2396850585938,86.5260009765625
2025-06-11,46.42239761352539,38.30022048950195,56.81743240356445,308.3699951171875,89.76669311523438,528.712646484375,78.73617553710938,591.5477294921875,86.0588607788086
2025-06-12,46.50010681152344,38.65090560913086,57.1890983581543,312.20001220703125,90.15727233886719,529.9540405273438,78.80307006835938,593.898681640625,86.47833251953125
2025-06-13,45.76185989379883,38.30970001220703,56.22657775878906,316.2900085449219,89.82384490966797,523.3006591796875,78.74574279785156,587.2589721679688,85.63939666748047
2025-06-16,46.32286834716797,38.320343017578125,56.71117401123047,311.7799987792969,89.566650390625,530.5797119140625,78.73617553710938,592.84619140625,85.70612335205078
2025-06-17,45.714778900146484,37.914119720458984,55.777015686035156,311.94000244140625,90.00485229492188,525.4059448242188,78.77439880371094,587.7802734375,85.40106201171875
2025-06-18,45.7049674987793,37.93346405029297,55.73809051513672,310.260009765625,90.06200408935547,525.3165283203125,78.81262969970703,587.691650390625,85.69658660888672
2025-06-20,45.44015884399414,37.62396240234375,55.59212875366211,310.1300048828125,90.1191635131836,523.1715087890625,78.86996459960938,586.3114624023438,85.63939666748047
2025-06-23,45.8128547668457,37.885101318359375,56.11758804321289,311.0799865722656,90.43354034423828,528.5509643554688,78.9750747680664,592.1027221679688,86.9264144897461
2025-06-24,46.99961471557617,38.11722946166992,56.98363494873047,306.19000244140625,90.74791717529297,536.6336059570312,79.04194641113281,598.643798828125,87.15522003173828
2025-06-25,47.038848876953125,37.991493225097656,56.63332748413086,307.1199951171875,90.78601837158203,538.0054931640625,79.05150604248047,598.979248046875,85.05785369873047
2025-06-26,47.35270309448242,38.38804626464844,56.964176177978516,306.7799987792969,91.10989379882812,543.0360107421875,79.1470718383789,603.6655883789062,84.97889709472656
2025-06-27,47.166351318359375,38.41706466674805,57.68425369262695,301.2200012207031,90.87174987792969,544.8951416015625,79.11840057373047,606.6647338867188,85.1906967163086
2025-06-30,47.313472747802734,38.41706466674805,57.84967803955078,304.8299865722656,91.23373413085938,548.4244995117188,79.17574310302734,609.5653686523438,85.73944854736328
2025-07-01,47.4017448425293,38.54279327392578,57.723175048828125,307.54998779296875,91.0645980834961,543.8015747070312,79.09329986572266,609.3681640625,86.36521911621094
2025-07-02,47.60771179199219,38.3106689453125,58.073486328125,309.25,90.87345123291016,547.58935546875,79.08370971679688,612.1305541992188,86.5673828125
2025-07-03,47.823482513427734,38.51377868652344,58.00537109375,307.1400146484375,90.55810546875,552.977783203125,78.99742126464844,616.9549560546875,86.66365814208984
2025-07-07,47.14673614501953,38.12689971923828,57.674522399902344,307.3699951171875,90.27140045166016,548.8121948242188,78.97826385498047,612.357421875,85.92236328125
2025-07-08,47.440975189208984,38.484764099121094,58.287567138671875,304.1600036621094,90.1375961303711,549.1204223632812,78.98783111572266,612.02197265625,85.7972183227539
2025-07-09,47.36251449584961,38.69754409790039,59.00764465332031,305.5199890136719,90.60587310791016,553.007568359375,79.05494689941406,615.692138671875,85.8646011352539
2025-07-10,47.490013122558594,38.94902038574219,58.628143310546875,306.20001220703125,90.55810546875,552.2122192382812,79.05494689941406,617.4285888671875,86.40372467041016
2025-07-11,47.33308792114258,38.610496520996094,58.073486328125,309.1400146484375,90.1375961303711,550.9695434570312,79.03578186035156,615.2579956054688,86.4133529663086
2025-07-14,47.4017448425293,38.71689224243164,58.00537109375,308.010009765625,90.09939575195312,552.9678344726562,79.04536437988281,616.4320678710938,86.97172546386719
2025-07-15,47.745018005371094,38.29132843017578,57.33394241333008,306.7300109863281,89.74579620361328,553.4747924804688,78.96867370605469,613.7979125976562,85.69131469726562
2025-07-16,47.970603942871094,38.54279327392578,57.509098052978516,308.260009765625,89.99425506591797,554.0415649414062,79.0741195678711,615.8499145507812,86.5
2025-07-17,48.24522399902344,38.52345275878906,57.664791107177734,307.5899963378906,89.96560668945312,558.5252075195312,79.04536437988281,619.6187133789062,86.40372467041016
2025-07-18,48.1373405456543,38.49443435668945,57.509098052978516,308.3900146484375,90.21407318115234,557.9883422851562,79.11247253417969,619.1649780273438,86.5866470336914
2025-07-21,48.45119094848633,38.69754409790039,57.723175048828125,313.1300048828125,90.52943420410156,560.8814086914062,79.16040802001953,620.3389892578125,86.9428482055664
2025-07-22,48.480613708496094,39.1037712097168,57.91779327392578,316.1000061035156,90.78744506835938,557.978515625,79.21791076660156,620.427734375,88.43505859375
2025-07-23,48.971012115478516,39.558353424072266,59.2022590637207,312.17999267578125,90.46253204345703,560.5235595703125,79.15079498291016,625.7059326171875,88.60834503173828
2025-07-24,48.706199645996094,39.4326171875,58.472450256347656,310.2699890136719,90.32874298095703,561.7164916992188,79.08370971679688,625.9132080078125,88.30028533935547
2025-07-25,48.55907440185547,39.306880950927734,58.66706466674805,307.3999938964844,90.53897857666016,563.068603515625,79.13163757324219,628.5572509765625,88.30989837646484
2025-07-28,48.235416412353516,38.80393981933594,57.518829345703125,305.4100036621094,90.33829498291016,564.8283081054688,79.12206268310547,628.3994140625,86.89471435546875
2025-07-29,48.255035400390625,39.06508255004883,57.723175048828125,306.25,90.9308090209961,563.9534301757812,79.18914794921875,626.741943359375,88.29064178466797
2025-07-30,47.901947021484375,38.7265625,57.226905822753906,300.9599914550781,90.61544036865234,564.7089233398438,79.10286712646484,625.95263671875,87.03912353515625
2025-07-31,47.62732696533203,38.504112243652344,56.5068244934082,302.9599914550781,90.69189453125,561.7164916992188,79.10286712646484,623.6046752929688,85.81646728515625
2025-08-01,47.27424240112305,38.629844665527344,55.95216751098633,309.1099853515625,91.73600769042969,550.6513671875,79.49720001220703,613.3834838867188,85.60467529296875
2025-08-04,47.7646369934082,38.890987396240234,56.65278625488281,310.9100036621094,91.86063385009766,560.8118896484375,79.51644134521484,622.7067260742188,86.48074340820312
2025-08-05,47.901947021484375,38.91033172607422,56.73063278198242,311.1600036621094,91.79353332519531,557.004150390625,79.4875717163086,619.5496215820312,86.87545013427734
2025-08-06,48.12752914428711,39.05541229248047,57.226905822753906,310.5,91.72640228271484,564.0131225585938,79.51644134521484,624.2952880859375,86.20155334472656
2025-08-07,48.5296516418457,39.16180419921875,57.927520751953125,313.1199951171875,91.6593017578125,565.921875,79.47796630859375,623.7723388671875,86.45185852050781
2025-08-08,48.490421295166016,39.20048904418945,58.16106414794922,313.04998779296875,91.44837188720703,571.2008666992188,79.45873260498047,628.6361694335938,85.73944854736328
2025-08-11,48.353111267089844,39.306880950927734,57.75236892700195,308.54998779296875,91.47714233398438,569.5108032226562,79.45873260498047,627.39306640625,85.17145538330078
2025-08-12,48.94158935546875,39.68408966064453,58.32648468017578,308.2699890136719,91.45796966552734,576.6688232421875,79.51644134521484,634.072265625,85.6528091430664
2025-08-13,49.53006362915039,40.003265380859375,58.813026428222656,309.2099914550781,91.78394317626953,576.9572143554688,79.6222152709961,636.242919921875,86.45185852050781
2025-08-14,48.921974182128906,40.138671875,59.09522247314453,307.25,91.4867172241211,576.509765625,79.53565979003906,636.302001953125,85.83572387695312
2025-08-15,48.98081970214844,39.91621780395508,59.39687728881836,307.42999267578125,91.30455780029297,573.9747314453125,79.50680541992188,634.812255859375,86.32670593261719
2025-08-18,49.26525115966797,39.93556213378906,59.08549118041992,306.95001220703125,91.21826934814453,573.7459716796875,79.50680541992188,634.6741333007812,85.59504699707031
2025-08-19,48.86312484741211,39.93556213378906,59.2022590637207,305.2699890136719,91.44837188720703,565.961669921875,79.54527282714844,631.23095703125,87.06800079345703
2025-08-20,48.794471740722656,40.35145568847656,59.35795211791992,308.3599853515625,91.58259582519531,562.601318359375,79.57413482666016,629.5537109375,87.31830596923828
2025-08-21,48.68658447265625,40.29342269897461,58.9297981262207,307.2900085449219,91.31414031982422,559.9966430664062,79.50680541992188,627.028076171875,87.05838012695312
2025-08-22,49.657569885253906,40.69964599609375,59.8444938659668,310.5799865722656,91.82227325439453,568.6359252929688,79.67993927001953,636.6572265625,88.74312591552734
2025-08-25,49.373138427734375,40.41916275024414,58.82276153564453,309.8299865722656,91.64012145996094,566.99560546875,79.64144897460938,633.8552856445312,88.2328872680664
2025-08-26,49.245635986328125,40.37080001831055,58.58921813964844,312.0799865722656,91.87983703613281,569.2721557617188,79.70877075195312,636.5092163085938,88.00183868408203
2025-08-27,48.95139694213867,40.29342269897461,58.345947265625,312.7099914550781,92.05240631103516,570.1470336914062,79.76649475097656,637.95947265625,88.55058288574219
2025-08-28,49.13774490356445,40.20637512207031,58.560028076171875,315.0299987792969,92.2633285522461,573.7161865234375,79.73764038085938,640.21875,88.31953430175781
2025-08-29,48.90235900878906,40.09998321533203,58.19998550415039,318.07000732421875,92.18663024902344,567.0751342773438,79.80496215820312,636.4006958007812,88.80088806152344
2025-09-02,48.86312484741211,39.558353424072266,57.450714111328125,325.5899963378906,91.9115219116211,562.322998046875,79.76444244384766,631.6847534179688,87.32792663574219
2025-09-03,49.04947280883789,39.82917022705078,57.55775451660156,328.1400146484375,92.22895812988281,566.7470092773438,79.82230377197266,635.1082763671875,87.3760757446289
2025-09-04,48.892547607421875,40.03227996826172,57.878868103027344,326.69000244140625,92.642578125,571.8768920898438,79.88021087646484,640.4161376953125,88.03071594238281
2025-09-05,49.48102569580078,40.18703079223633,58.04429626464844,331.04998779296875,93.09467315673828,572.7020263671875,79.99595642089844,638.5613403320312,89.0223159790039
2025-09-08,49.93218994140625,40.34178161621094,58.58921813964844,334.82000732421875,93.38325500488281,575.4956665039062,80.04421997070312,640.1299438476562,88.50243377685547
2025-09-09,50.206809997558594,40.380470275878906,58.58921813964844,334.05999755859375,93.1620101928711,577.126220703125,79.97666931152344,641.60986328125,88.30028533935547
2025-09-10,50.55009078979492,40.37080001831055,58.336219787597656,335.260009765625,93.41211700439453,577.3150634765625,79.98631286621094,643.4647216796875,88.15586853027344
2025-09-11,51.28568649291992,40.80603790283203,58.9979133605957,334.760009765625,93.55638885498047,580.6754150390625,80.01526641845703,648.8119506835938,89.76359558105469
2025-09-12,51.25625991821289,40.564239501953125,58.95899200439453,335.4200134277344,93.28707885742188,583.2403564453125,80.00560760498047,648.594970703125,89.34962463378906
2025-09-15,51.62895965576172,40.70931625366211,59.523372650146484,338.9100036621094,93.44096374511719,588.2310180664062,80.0345458984375,652.0479736328125,89.20523071289062
2025-09-16,52.011470794677734,40.51587677001953,59.36768341064453,339.5899963378906,93.49868774414062,587.7339477539062,80.07315063476562,651.1502075195312,88.7334976196289
2025-09-17,52.23705291748047,40.41916275024414,59.05629348754883,336.9700012207031,93.29667663574219,586.5609130859375,80.0345458984375,650.3411865234375,88.61797332763672
2025-09-18,52.109554290771484,40.29342269897461,59.53310775756836,335.6199951171875,92.98888397216797,591.8499145507812,80.00560760498047,653.3798828125,88.81051635742188
2025-09-19,51.99185562133789,40.003265380859375,59.4066047668457,339.17999267578125,92.95038604736328,595.8563842773438,80.0345458984375,656.6160278320312,88.2328872680664
2025-09-22,52.24686050415039,40.24506378173828,59.53310775756836,345.04998779296875,92.7964859008789,599.3838500976562,79.99595642089844,659.7224731445312,88.25213623046875
2025-09-23,52.276283264160156,40.109657287597656,59.679073333740234,346.4599914550781,93.05619812011719,595.4025268554688,80.02490234375,656.1312255859375,88.7334976196289
2025-09-24,52.0997428894043,39.99359130859375,59.377418518066406,343.32000732421875,92.80610656738281,593.3123168945312,79.98631286621094,654.0436401367188,87.8607177734375
2025-09-25,51.79569625854492,39.693763732910156,58.91033935546875,344.75,92.6041030883789,590.7543334960938,79.91878509521484,651.0263061523438,87.59830474853516
2025-09-26,51.69761657714844,40.21604919433594,59.63041687011719,346.739990234375,92.5560073852539,593.1829223632812,79.96702575683594,654.7560424804688,88.46330261230469
2025-09-29,52.16839599609375,40.264408111572266,59.863956451416016,352.4599914550781,92.8253402709961,595.9300537109375,79.99595642089844,656.5962524414062,88.49246978759766
2025-09-30,52.374366760253906,40.593257904052734,60.272647857666016,355.4700012207031,92.78687286376953,597.5623779296875,80.0345458984375,659.0695190429688,88.85206604003906
2025-10-01,52.78629684448242,41.10586929321289,60.94407653808594,356.0299987792969,93.09947967529297,600.4288940429688,80.1274642944336,661.3153076171875,88.9881362915039
2025-10-02,53.031494140625,40.873741149902344,61.304115295410156,354.7900085449219,93.19596099853516,602.897216796875,80.14682006835938,662.0770263671875,88.52162170410156
2025-10-03,53.18842315673828,41.241275787353516,61.411155700683594,357.6400146484375,93.01264190673828,600.3591918945312,80.1177749633789,662.0671997070312,88.85206604003906
2025-10-06,53.43362045288086,41.18324279785156,61.05111312866211,364.3800048828125,92.74249267578125,604.8680419921875,80.09841918945312,664.4415283203125,88.01622772216797
2025-10-07,53.021690368652344,41.05751037597656,60.44779968261719,366.260009765625,92.97405242919922,601.6829833984375,80.13713836669922,661.9781494140625,87.69550323486328
2025-10-08,53.44343185424805,41.279964447021484,60.837039947509766,372.29998779296875,92.99334716796875,608.5805053710938,80.1274642944336,665.925537109375,87.23870086669922
2025-10-09,52.89418411254883,40.68997573852539,60.2531852722168,365.42999267578125,92.92581176757812,607.8441162109375,80.1177749633789,663.996337890625,86.76246643066406
2025-10-10,50.942405700683594,40.36112976074219,59.377418518066406,369.1199951171875,93.50473022460938,586.7432250976562,80.25326538085938,646.0499877929688,85.65448760986328
2025-10-13,52.423404693603516,40.61259841918945,59.82503128051758,378.0899963378906,93.55297088623047,599.1947021484375,80.4081039428711,655.9630126953125,86.19876098632812
2025-10-14,51.9526252746582,40.680301666259766,60.16561508178711,380.7900085449219,93.79418182373047,595.2034301757812,80.35002899169922,655.1616821289062,87.08319854736328
2025-10-15,52.80591583251953,40.6416130065918,60.32130432128906,387.3900146484375,93.68803405761719,599.4036865234375,80.31131744384766,658.0703125,88.34668731689453
2025-10-16,53.14918899536133,40.61259841918945,60.895423889160156,396.45001220703125,94.12224578857422,597.1841430664062,80.41778564453125,653.5887451171875,88.0356674194336
2025-10-17,53.139381408691406,40.68997573852539,60.87596130371094,388.989990234375,93.96784973144531,601.1056518554688,80.4081039428711,657.2986450195312,88.60910034179688
2025-10-20,53.865169525146484,40.77702331542969,61.187347412109375,403.1499938964844,94.09327697753906,608.6801147460938,80.41778564453125,664.1348876953125,89.50325012207031
2025-10-21,53.26689147949219,40.583580017089844,60.73972702026367,377.239990234375,94.26695251464844,608.5208740234375,80.4371337890625,664.1249389648438,89.25055694580078
2025-10-22,53.21784591674805,41.018821716308594,60.55484390258789,377.2799987792969,94.28626251220703,602.6583862304688,80.4371337890625,660.6722412109375,89.62960052490234
2025-10-23,53.688629150390625,41.20258712768555,60.99272918701172,378.7900085449219,93.97750091552734,607.724609375,80.37906646728516,664.5899658203125,89.57129669189453
2025-10-24,54.04171371459961,41.37668228149414,60.963539123535156,377.5199890136719,94.06433868408203,614.2140502929688,80.42745208740234,670.0213623046875,89.83370208740234
2025-10-27,54.63999938964844,41.570125579833984,61.43061828613281,367.010009765625,94.06433868408203,625.1527709960938,80.4081039428711,677.9260864257812,90.0864028930664
2025-10-28,54.62038040161133,41.51209259033203,61.343040466308594,364.3800048828125,94.15117645263672,629.9600219726562,80.41778564453125,679.7265625,88.31752014160156
2025-10-29,54.934234619140625,41.425045013427734,61.138694763183594,363.0,93.5433120727539,632.7967529296875,80.262939453125,680.0531616210938,86.04325103759766
2025-10-30,54.36537551879883,41.3476676940918,60.73972702026367,370.1300048828125,93.40824127197266,623.1222534179688,80.27259826660156,672.5738525390625,86.45145416259766
2025-10-31,54.23787307739258,41.27029037475586,60.496456146240234,368.1199951171875,93.44683074951172,626.1281127929688,80.3016586303711,674.780029296875,86.67499542236328
2025-11-03,54.581153869628906,41.134883880615234,60.47699737548828,368.7799987792969,93.40230560302734,629.1240844726562,80.3045654296875,676.04638671875,86.54864501953125
2025-11-04,53.58074188232422,40.796363830566406,59.76664733886719,362.32000732421875,93.51846313476562,616.35400390625,80.33367919921875,668.0328369140625,86.6944351196289
2025-11-05,54.06132888793945,41.212257385253906,60.262916564941406,366.510009765625,93.07323455810547,620.365234375,80.27542877197266,670.3478393554688,86.77218627929688
2025-11-06,53.659202575683594,41.22193145751953,59.89314651489258,366.07000732421875,93.54749298095703,608.8094482421875,80.37251281738281,663.1554565429688,86.35425567626953
2025-11-07,53.50227737426758,41.46372985839844,60.10722732543945,368.30999755859375,93.58621978759766,606.8884887695312,80.41136169433594,663.808349609375,87.69550323486328
2025-11-10,54.4438362121582,42.01503372192383,60.85649871826172,378.3800048828125,93.46038055419922,620.3153686523438,80.39193725585938,674.1666870117188,87.64690399169922
2025-11-11,54.502685546875,42.21814727783203,61.391693115234375,379.8699951171875,93.7507553100586,618.6632080078125,80.45988464355469,675.7099609375,88.6285400390625
2025-11-12,54.51249313354492,42.08273696899414,62.04365921020508,385.989990234375,93.77010345458984,618.1754760742188,80.4307632446289,676.0859375,87.96763610839844
2025-11-13,53.87498092651367,41.62815856933594,61.63496398925781,382.8699951171875,93.49909210205078,605.5548095703125,80.38223266601562,664.8670043945312,86.8888168334961
2025-11-14,53.90440368652344,41.36701202392578,61.099769592285156,375.9599914550781,93.34423828125,606.0126953125,80.41136169433594,664.7581176757812,87.07347106933594
2025-11-17,53.26689147949219,41.04783630371094,60.17534255981445,371.6499938964844,93.45069885253906,600.8369750976562,80.40164184570312,658.5648803710938,86.35425567626953
2025-11-18,53.002071380615234,40.80603790283203,59.42607116699219,374.3500061035156,93.60556030273438,593.5213012695312,80.45018005371094,653.0345458984375,86.70414733886719
2025-11-19,52.81571960449219,40.36112976074219,59.309303283691406,374.9599914550781,93.53781127929688,597.064697265625,80.44047546386719,655.5574340820312,86.02381134033203
2025-11-20,52.089935302734375,39.98392105102539,58.46271896362305,374.8500061035156,93.76042938232422,582.9310302734375,80.50843048095703,645.5652465820312,85.6642074584961
2025-11-21,52.08012771606445,40.680301666259766,59.14387512207031,374.2699890136719,94.07015991210938,587.3104858398438,80.60549926757812,651.995849609375,87.05403900146484
2025-11-24,52.629371643066406,40.544891357421875,59.0660285949707,380.20001220703125,94.21534729003906,602.3298950195312,80.6152114868164,661.59228515625,87.28729248046875
2025-11-25,52.81571960449219,41.125213623046875,60.097496032714844,380.0799865722656,94.45731353759766,606.0425415039062,80.66376495361328,667.8151245117188,88.09398651123047
2025-11-26,53.19823455810547,41.579795837402344,60.73972702026367,383.1199951171875,94.53475189208984,611.3973999023438,80.65403747558594,672.4254760742188,88.48274993896484
2025-11-28,53.276695251464844,41.73454666137695,60.973270416259766,387.8800048828125,94.37020111083984,616.35400390625,80.65403747558594,676.0958251953125,88.7743148803711
2025-12-01,53.237464904785156,41.52176284790039,60.895423889160156,389.75,93.86347198486328,614.2838134765625,80.58491516113281,673.0090942382812,87.7538070678711
2025-12-02,53.257080078125,41.59914016723633,61.255462646484375,387.239990234375,93.94112396240234,619.0911254882812,80.63359832763672,674.2557373046875,87.44280242919922
2025-12-03,53.29631423950195,42.03437423706055,61.67388916015625,386.8800048828125,94.1352767944336,620.6040649414062,80.68228149414062,676.5905151367188,87.66634368896484
2025-12-04,53.28650665283203,41.995689392089844,61.64469528198242,387.1300048828125,93.84405517578125,620.0267333984375,80.62386322021484,677.085205078125,87.45252227783203
2025-12-05,53.688629150390625,41.802249908447266,61.63496398925781,386.44000244140625,93.64988708496094,622.554931640625,80.59465026855469,678.3712768554688,87.35533142089844
2025-12-08,53.57093048095703,41.66684341430664,61.67388916015625,385.4200134277344,93.45574188232422,621.3605346679688,80.57516479492188,676.3333129882812,86.6847152709961
2025-12-09,53.482662200927734,41.47340393066406,61.50846481323242,387.3999938964844,93.31983184814453,622.1268920898438,80.5362319946289,675.7495727539062,86.35425567626953
2025-12-10,54.0809440612793,42.03437423706055,62.11177444458008,389.04998779296875,93.62078094482422,624.6749877929688,80.67254638671875,680.2312622070312,86.66526794433594
2025-12-11,53.8259391784668,42.21814727783203,62.685890197753906,393.239990234375,93.63047790527344,622.6544799804688,80.68228149414062,681.814208984375,87.0443115234375
2025-12-12,53.19823455810547,41.86027908325195,62.25773239135742,395.44000244140625,93.3780746459961,610.7503051757812,80.69202423095703,674.4832763671875,86.9374008178711
2025-12-15,53.04130554199219,42.31486511230469,62.59831619262695,395.79998779296875,93.45574188232422,607.684814453125,80.74071502685547,673.4641723632812,87.20954895019531
2025-12-16,52.70604705810547,42.12656021118164,62.470603942871094,395.8900146484375,93.71785736083984,608.88916015625,80.77965545654297,671.6240844726562,86.5680923461914
2025-12-17,52.32801055908203,42.333595275878906,61.90081024169922,399.2900085449219,93.69843292236328,597.6021118164062,80.78939056396484,664.2338256835938,86.8888168334961
2025-12-18,52.92491149902344,42.520912170410156,62.33306884765625,398.57000732421875,93.94112396240234,606.2614135742188,80.84781646728516,669.2496337890625,86.43201446533203
2025-12-19,53.442222595214844,42.92512512207031,62.667083740234375,399.0199890136719,93.72977447509766,614.1643676757812,80.83316802978516,675.3153686523438,86.10155487060547
2025-12-22,53.73072052001953,43.171592712402344,62.84391403198242,408.2300109863281,93.63239288330078,617.1083374023438,80.79411315917969,679.5224609375,86.54389953613281
2025-12-23,54.029170989990234,43.358909606933594,62.97162628173828,413.6400146484375,93.59342956542969,619.9984130859375,80.7550277709961,682.628173828125,86.48505401611328
2025-12-24,54.13859939575195,43.457496643066406,63.069862365722656,411.92999267578125,93.8369140625,621.812255859375,80.80387115478516,685.0294799804688,87.05390930175781
2025-12-26,54.51663589477539,43.615238189697266,63.19757843017578,416.739990234375,93.92456817626953,621.7723999023438,80.86245727539062,684.9600219726562,87.1519775390625
2025-12-29,54.37736129760742,43.398345947265625,62.97162628173828,398.6000061035156,94.0609130859375,618.7626953125,80.90155029296875,682.51904296875,87.32852172851562
2025-12-30,54.596221923828125,43.59552001953125,63.28599166870117,398.8900146484375,93.9635238647461,617.3275146484375,80.92106628417969,681.685546875,87.50506591796875
2025-12-31,54.427101135253906,43.358909606933594,62.97162628173828,396.30999755859375,93.65187072753906,612.2249145507812,80.89177703857422,676.635009765625,86.78909301757812
2026-01-02,55.94919204711914,43.832130432128906,63.86560821533203,398.2799987792969,93.57396697998047,611.0390014648438,80.93083190917969,677.8753051757812,86.81851196289062
2026-01-05,56.565982818603516,44.177188873291016,64.39610290527344,408.760009765625,93.85639953613281,615.8924560546875,80.96013641357422,682.3900756835938,87.0146713256836
2026-01-06,56.98381042480469,44.413795471191406,64.4845199584961,413.17999267578125,93.78822326660156,621.303955078125,80.96990966796875,686.4483642578125,87.65218353271484
2026-01-07,56.556034088134766,43.86170959472656,64.31751251220703,409.2300109863281,93.9635238647461,621.9020385742188,80.96013641357422,684.2356567382812,86.79889678955078
2026-01-08,56.575931549072266,43.970149993896484,64.30768585205078,411.489990234375,93.68109130859375,618.3639526367188,80.93083190917969,684.1661987304688,87.57372283935547
2026-01-09,56.84453582763672,44.157470703125,64.7694091796875,414.4700012207031,93.78822326660156,624.5230102539062,80.90155029296875,688.6908569335938,87.75025177001953
2026-01-12,57.64039611816406,44.45323181152344,65.17218780517578,422.2300109863281,93.67134857177734,625.041259765625,80.90155029296875,689.7723999023438,87.8679428100586
2026-01-13,57.21261978149414,44.34478759765625,64.90694427490234,421.6300048828125,93.78822326660156,624.1144409179688,80.92106628417969,688.3931884765625,88.35832977294922
2026-01-14,57.45138168334961,44.64054870605469,64.9167709350586,425.94000244140625,93.98300170898438,617.4471435546875,80.94061279296875,685.0095825195312,89.12334442138672
2026-01-15,57.78962326049805,44.45323181152344,64.75958251953125,423.3299865722656,93.78822326660156,619.6696166992188,80.88200378417969,686.8750610351562,89.74124145507812
2026-01-16,57.57075881958008,44.541961669921875,64.8971176147461,421.2900085449219,93.4278793334961,619.1513671875,80.86245727539062,686.2994995117188,90.83970642089844
2026-01-20,57.01365661621094,44.06874084472656,63.78701400756836,437.2300109863281,93.05780029296875,605.9961547851562,80.87223815917969,672.32861328125,89.15277099609375
2026-01-21,57.958744049072266,44.52224349975586,64.50416564941406,443.6000061035156,93.30126953125,614.188232421875,80.91130828857422,680.0880737304688,89.50585174560547
2026-01-22,58.39646911621094,44.43351364135742,64.87747955322266,451.7900085449219,93.2915267944336,618.6530151367188,80.88200378417969,683.6403198242188,88.6231460571289
2026-01-23,58.764556884765625,44.92645263671875,65.2999038696289,458.0,93.44733428955078,620.6063842773438,80.91130828857422,683.8883056640625,88.79969024658203
2026-01-26,58.864036560058594,45.18278503417969,65.77145385742188,464.70001220703125,93.58368682861328,623.3370971679688,80.94061279296875,687.3612670898438,88.68199920654297
2026-01-27,60.02798843383789,45.84332275390625,66.80297088623047,476.1000061035156,93.47657775878906,628.9878540039062,80.96013641357422,690.0997924804688,88.65257263183594
2026-01-28,60.43586730957031,45.58699417114258,65.98757934570312,494.55999755859375,93.3986587524414,631.0706787109375,80.96013641357422,690.0303344726562,87.74044799804688
2026-01-29,60.127471923828125,45.7841682434082,66.0268783569336,495.8999938964844,93.49604034423828,627.2936401367188,80.98944854736328,688.6610717773438,88.96641540527344
2026-01-30,58.79439926147461,45.508121490478516,65.48656463623047,444.95001220703125,93.4376220703125,619.75927734375,81.05780029296875,686.607177734375,89.05469512939453
2026-02-02,58.97346878051758,45.882755279541016,66.08582305908203,427.1300048828125,93.25392150878906,624.0148315429688,81.01862335205078,690.0204467773438,88.13275909423828
2026-02-03,59.291812896728516,45.81374740600586,65.88934326171875,454.2900085449219,93.34185028076172,614.4274291992188,81.00881958007812,684.18603515625,87.93660736083984
2026-02-04,58.49595260620117,46.38555145263672,65.70268249511719,453.9700012207031,93.32231140136719,603.6939697265625,81.04801940917969,680.8719482421875,89.2018051147461
2026-02-05,58.22734832763672,45.291229248046875,64.99536895751953,441.8800048828125,93.86949157714844,595.003662109375,81.17536926269531,672.3683471679688,89.07430267333984
2026-02-06,59.75938415527344,46.237674713134766,66.16441345214844,455.4599914550781,93.86949157714844,607.5807495117188,81.17536926269531,685.267578125,90.47682189941406
2026-02-09,60.19710922241211,46.35597610473633,67.18610382080078,467.0299987792969,93.8890151977539,612.2349243164062,81.1949691772461,688.57177734375,90.85932159423828
2026-02-10,60.286643981933594,46.079933166503906,66.99945068359375,462.3999938964844,94.29940032958984,609.3945922851562,81.24394989013672,686.7559204101562,92.07548522949219
2026-02-11,61.24168014526367,46.760189056396484,67.05839538574219,467.6300048828125,94.03558349609375,611.0289916992188,81.16557312011719,686.5972290039062,91.56548309326172
2026-02-12,60.5452995300293,46.34611892700195,66.43948364257812,451.3900146484375,94.61207580566406,598.601318359375,81.24394989013672,675.9901123046875,91.45760345458984
2026-02-13,60.803955078125,46.58272933959961,66.18406677246094,462.6199951171875,94.9833755493164,599.876953125,81.37129974365234,676.46630859375,92.77183532714844
2026-02-17,60.55524826049805,46.750328063964844,66.6850814819336,448.20001220703125,94.97360229492188,599.259033203125,81.3419189453125,677.5578002929688,93.654541015625
2026-02-18,60.873592376708984,47.203834533691406,66.92086029052734,458.2799987792969,94.77819061279297,603.7338256835938,81.29293823242188,680.9711303710938,92.55607604980469
2026-02-19,60.724369049072266,47.006656646728516,66.61631774902344,459.55999755859375,94.86611938476562,601.4216918945312,81.29293823242188,679.1751708984375,92.35990905761719
2026-02-20,62.01764678955078,47.361572265625,67.47100067138672,468.6199951171875,94.86611938476562,606.74365234375,81.30271911621094,684.0868530273438,93.05626678466797
2026-02-23,61.331214904785156,47.21369171142578,67.22540283203125,481.2799987792969,95.2081069946289,599.36865234375,81.37129974365234,677.1013793945312,93.06607818603516
2026-02-24,62.296199798583984,47.30242156982422,67.33346557617188,474.6099853515625,95.18856811523438,605.8067626953125,81.37129974365234,682.0228881835938,93.30146026611328
2026-02-25,62.98263168334961,47.972816467285156,68.01132202148438,473.4200134277344,95.11038970947266,614.5868530273438,81.35171508789062,687.7780151367188,93.04646301269531
2026-02-26,62.38573455810547,47.92352294921875,67.84431457519531,477.4800109863281,95.36444091796875,607.1721801757812,81.38109588623047,683.957763671875,93.6839599609375
2026-02-27,62.25640869140625,47.99253463745117,67.37276458740234,483.75,95.7455062866211,605.228759765625,81.48886108398438,680.6734619140625,93.8507080078125
2026-03-02,61.18199157714844,47.4404411315918,65.63391876220703,490.0,95.17029571533203,606.0260009765625,81.34447479248047,681.0604248046875,94.08609008789062
2026-03-03,58.117916107177734,46.099647521972656,63.3940544128418,468.1400146484375,95.0625,599.5381469726562,81.33464813232422,675.057373046875,93.58589172363281
2026-03-04,58.744659423828125,46.572872161865234,64.17997741699219,471.79998779296875,94.86650848388672,608.6770629882812,81.28553771972656,679.8201904296875,93.70358276367188
2026-03-05,57.33200454711914,45.58699417114258,62.83409118652344,466.1300048828125,94.57254028320312,606.8432006835938,81.22659301757812,676.0297241210938,92.76203918457031
2026-03-06,57.02360534667969,45.37010192871094,62.195533752441406,473.510009765625,94.51374053955078,597.7142944335938,81.26588439941406,667.1688842773438,91.7518310546875
2026-03-09,58.147762298583984,45.636287689208984,62.74567413330078,472.5299987792969,94.80772399902344,605.6971435546875,81.30516815185547,673.0133056640625,91.95780181884766
2026-03-10,58.37657165527344,45.75459289550781,62.912681579589844,477.8599853515625,94.50394439697266,605.7071533203125,81.25606536865234,671.9317626953125,91.82048797607422
2026-03-11,58.52579879760742,45.656005859375,62.912681579589844,476.239990234375,94.07276916503906,605.62744140625,81.17748260498047,671.08837890625,90.86913299560547
2026-03-12,56.655517578125,45.232078552246094,61.881168365478516,466.8800048828125,93.76900482177734,595.2328491210938,81.03994750976562,660.89794921875,90.24143981933594
2026-03-13,56.50629425048828,44.68984603881836,61.075599670410156,460.8399963378906,93.67100524902344,591.7047729492188,81.08907318115234,657.1571655273438,90.38855743408203
2026-03-16,58.078125,45.45882797241211,62.097293853759766,460.42999267578125,94.09237670898438,598.3422241210938,81.18730926513672,663.844970703125,91.14374542236328
2026-03-17,58.44620895385742,45.64614486694336,62.411659240722656,459.2699890136719,94.25895690917969,601.2622680664062,81.19712829589844,665.5912475585938,91.54586791992188
2026-03-18,57.262367248535156,44.739139556884766,61.29172897338867,444.739990234375,93.82778930664062,592.880859375,81.0497817993164,656.3037719726562,90.19239044189453
2026-03-19,57.322052001953125,44.47294998168945,61.31137466430664,426.4100036621094,93.8179931640625,591.0072021484375,81.0301284790039,654.6864013671875,89.82950592041016
2026-03-20,55.352291107177734,43.230743408203125,59.130455017089844,413.3800048828125,92.97525787353516,580.0844116210938,80.85330963134766,645.301025390625,87.04409790039062
2026-03-23,57.01365661621094,43.93071746826172,60.81035614013672,404.0400085449219,93.26922607421875,586.7431640625,80.97119903564453,652.07666015625,87.72083282470703
2026-03-24,56.22774124145508,43.772979736328125,60.44686508178711,404.1300048828125,92.9556655883789,582.731689453125,80.85330963134766,649.8877563476562,87.14193725585938
2026-03-25,57.123085021972656,44.502525329589844,61.18366241455078,416.2900085449219,93.44562530517578,586.5635375976562,80.94171905517578,653.5093994140625,87.07254028320312
2026-03-26,55.18317413330078,43.59552001953125,59.91637420654297,400.6400146484375,92.69107055664062,572.5634765625,80.76490783691406,641.8385620117188,86.95359802246094
2026-03-27,54.91456985473633,43.49692916870117,59.18939971923828,414.70001220703125,92.70088195800781,561.37744140625,80.93190002441406,630.8939819335938,86.23988342285156
2026-03-30,54.466896057128906,43.81241226196289,59.287635803222656,414.5799865722656,93.357421875,557.0867309570312,81.03994750976562,628.78466796875,86.56700134277344
2026-03-31,56.49634552001953,44.916595458984375,61.53732681274414,430.2900085449219,93.52400970458984,575.9462280273438,81.10871124267578,647.0620727539062,87.9250259399414
2026-04-01,56.9340705871582,45.695438385009766,62.40183639526367,437.82000732421875,93.44241333007812,583.06103515625,81.10575866699219,651.9373779296875,88.24223327636719
2026-04-02,56.29737854003906,45.57713317871094,61.999053955078125,429.4100036621094,93.6587142944336,583.7295532226562,81.14517211914062,652.5244140625,89.44166564941406
2026-04-06,56.814693450927734,45.76445007324219,62.45095443725586,427.6499938964844,93.41291046142578,587.2420654296875,81.06635284423828,655.6088256835938,89.57052612304688
2026-04-07,57.01365661621094,45.665863037109375,62.37236404418945,431.80999755859375,93.64888000488281,587.3319091796875,81.12545776367188,655.8972778320312,89.69938659667969
2026-04-08,60.127471923828125,47.14468002319336,65.0936050415039,434.5299987792969,93.85535430908203,604.7944946289062,81.20427703857422,672.6027221679688,91.31515502929688
2026-04-09,59.968299865722656,46.967220306396484,65.18201446533203,437.9100036621094,93.82585906982422,608.8856811523438,81.22399139404297,676.4829711914062,91.9693832397461
2026-04-10,60.24685287475586,46.996795654296875,65.42761993408203,437.1300048828125,93.66854095458984,609.7637939453125,81.1944351196289,676.0353393554688,92.16764068603516
2026-04-13,60.754215240478516,47.18411636352539,65.899169921875,435.3599853515625,93.8750228881836,616.0703735351562,81.25354766845703,682.641845703125,92.51457977294922
2026-04-14,61.91816711425781,47.39114761352539,66.50824737548828,445.0899963378906,94.1798095703125,627.2562866210938,81.31265258789062,690.959716796875,93.39680480957031
2026-04-15,61.87837219238281,47.124961853027344,66.23318481445312,440.4599914550781,93.97333526611328,636.0375366210938,81.29296112060547,696.412109375,93.46619415283203
2026-04-16,62.127079010009766,47.164398193359375,65.85987091064453,440.0799865722656,93.80619049072266,639.1009521484375,81.26339721679688,698.1234130859375,94.3285903930664
2026-04-17,63.3109245300293,47.568607330322266,67.01910400390625,445.92999267578125,94.31745147705078,647.4630126953125,81.4210433959961,706.5607299804688,95.83531188964844
2026-04-20,62.85330581665039,47.32213592529297,66.75385284423828,442.0899963378906,94.22896575927734,645.4074096679688,81.38162994384766,705.1477661132812,96.1822509765625
2026-04-21,61.9281120300293,46.27710723876953,65.2999038696289,429.57000732421875,93.8160171508789,642.9527587890625,81.26339721679688,700.53125,94.47727966308594
2026-04-22,63.052268981933594,46.4841423034668,65.38832092285156,435.260009765625,93.91433715820312,653.7096557617188,81.30280303955078,707.6253051757812,93.69417572021484
2026-04-23,62.02759552001953,46.13908386230469,64.79888153076172,431.0400085449219,93.76685333251953,650.0275268554688,81.26339721679688,704.8792114257812,94.65570831298828
2026-04-24,63.41040802001953,46.3264045715332,65.33920288085938,433.25,93.95367431640625,662.4609375,81.3520736694336,710.341552734375,94.46736907958984
2026-04-27,63.3109245300293,45.95176696777344,64.98554229736328,429.8900146484375,93.73735809326172,662.8101806640625,81.33236694335938,711.5653076171875,93.95191192626953
2026-04-28,62.66428756713867,45.89261245727539,64.65151977539062,421.9100036621094,93.64888000488281,656.1444702148438,81.2831039428711,708.1028442382812,94.8143081665039
2026-04-29,62.36583709716797,45.34052658081055,64.01296997070312,417.4100036621094,93.2064437866211,660.1558837890625,81.17473602294922,707.993408203125,94.07086181640625
2026-04-30,63.65911865234375,46.4841423034668,65.447265625,423.6600036621094,93.3834228515625,666.3126831054688,81.26339721679688,715.0377197265625,95.48837280273438
2026-05-01,63.79838943481445,46.35597610473633,65.51603698730469,423.17999267578125,93.4544448852539,672.7090454101562,81.27625274658203,717.0177001953125,95.2207260131836
2026-05-04,63.7685432434082,45.76445007324219,63.97367477416992,414.7099914550781,93.10918426513672,671.4417114257812,81.17743682861328,714.3909912109375,94.62596893310547
2026-05-05,65.06182861328125,45.794029235839844,65.41779327392578,418.2699890136719,93.2472915649414,680.1530151367188,81.21695709228516,720.1220092773438,94.92334747314453
2026-05-06,67.1410140991211,46.77004623413086,67.51029968261719,430.9599914550781,93.7109146118164,694.2827758789062,81.3256607055664,730.1312866210938,96.2417221069336
2026-05-07,66.24566650390625,45.61656951904297,66.01705169677734,431.67999267578125,93.42485046386719,693.4545288085938,81.25648498535156,727.8926391601562,95.54784393310547
2026-05-08,67.58869171142578,46.040496826171875,66.66543579101562,433.7699890136719,93.67146301269531,709.709716796875,81.3256607055664,733.9021606445312,95.77583312988281
2026-05-11,67.53894805908203,45.99120330810547,66.41983795166016,434.6499938964844,93.3558120727539,711.7653198242188,81.2466049194336,735.5736694335938,95.84522247314453
2026-05-12,65.47965240478516,45.9419059753418,65.60444641113281,432.92999267578125,93.04015350341797,705.7282104492188,81.18732452392578,734.4593505859375,95.84522247314453
2026-05-13,66.86246490478516,46.237674713134766,66.07600402832031,430.5,93.04015350341797,713.1823120117188,81.21695709228516,738.5685424804688,95.05220794677734
2026-05-14,67.03158569335938,45.97148513793945,66.10546875,427.2099914550781,92.98095703125,718.2514038085938,81.18732452392578,744.3989868164062,94.48719024658203
2026-05-15,64.73352813720703,44.92645263671875,64.77923583984375,417.2900085449219,92.24114227294922,707.4146118164062,81.0885009765625,735.4443969726562,93.08951568603516
2026-05-18,64.63404846191406,45.97148513793945,65.59461975097656,418.42999267578125,92.2016830444336,704.3711547851562,81.12802124023438,734.927001953125,94.17990112304688
2026-05-19,63.9277229309082,45.636287689208984,65.04447937011719,411.5,91.84656524658203,700.030517578125,81.06874084472656,730.0317993164062,94.44754028320312
2026-05-20,65.12151336669922,46.39541244506836,66.63597106933594,417.3999938964844,92.468017578125,711.6256103515625,81.17743682861328,737.5138549804688,95.64696502685547
2026-05-21,65.68856811523438,46.67145919799805,67.0682144165039,416.989990234375,92.5271987915039,712.9827270507812,81.16754913330078,738.9764404296875,95.82539367675781
2026-05-22,65.53933715820312,46.42498779296875,66.81279754638672,413.82000732421875,92.60611724853516,716.0062255859375,81.14778900146484,741.8817749023438,95.92452239990234
2026-05-26,68.04631042480469,46.750328063964844,67.94255828857422,414.0,93.00068664550781,728.718994140625,81.23672485351562,746.8068237304688,96.37059020996094
2026-05-27,68.03636169433594,46.563011169433594,67.77554321289062,408.489990234375,93.04015350341797,727.8907470703125,81.2466049194336,746.677490234375,96.07321166992188
2026-05-28,68.2552261352539,46.33626174926758,67.5888900756836,412.7699890136719,93.25715637207031,734.0276489257812,81.2861328125,750.7965698242188,95.70645141601562
2026-05-29,68.24527740478516,46.267250061035156,67.56924438476562,417.1199951171875,93.36566925048828,736.7318115234375,81.3256607055664,752.6671142578125,94.8638687133789
2026-06-01,69.7176284790039,46.030635833740234,67.62818145751953,411.260009765625,93.20433807373047,741.15234375,81.2790756225586,754.7167358398438,93.26793670654297
2026-06-02,70.43390655517578,46.267250061035156,68.119384765625,411.95001220703125,93.27362060546875,744.5650024414062,81.2790756225586,755.7415771484375,93.69417572021484
2026-06-03,69.5584487915039,45.76445007324219,67.34329223632812,407.8699951171875,93.03607940673828,742.6192626953125,81.23944091796875,750.4384155273438,93.58514404296875
2026-06-04,68.74269104003906,46.21795654296875,68.08991241455078,411.2699890136719,93.15486145019531,739.0269165039062,81.29889678955078,753.2740478515625,95.2603759765625
2026-06-05,64.25601196289062,45.72501754760742,66.43948364257812,396.239990234375,92.65998077392578,703.5528564453125,81.13041687011719,733.83251953125,95.94435119628906
2026-06-08,65.4100112915039,45.77431106567383,66.8815689086914,397.2699890136719,92.56099700927734,714.5394287109375,81.17005920410156,735.4940795898438,94.63587951660156
2026-06-09,65.47965240478516,45.626426696777344,67.29417419433594,390.7799987792969,92.8183364868164,706.3170166015625,81.20970916748047,733.3350219726562,96.81665802001953
2026-06-10,64.32565307617188,45.16306686401367,66.2528305053711,374.5799865722656,92.72926330566406,692.2072143554688,81.20970916748047,721.7736206054688,96.82657623291016
2026-06-11,67.15096282958984,46.237674713134766,68.6989974975586,386.32000732421875,93.37259674072266,715.587158203125,81.35836029052734,734.04150390625,96.75718688964844
2026-06-12,67.52899932861328,46.49399948120117,68.6989974975586,386.5400085449219,93.21424102783203,719.7981567382812,81.33854675292969,738.0113525390625,97.64932250976562
2026-06-15,69.75,46.209999084472656,69.27999877929688,396.54998779296875,93.31321716308594,742.40966796875,81.37818908691406,751.0254516601562,96.96534729003906
2026-06-16,68.63999938964844,46.5099983215332,69.33999633789062,397.6300048828125,93.55075073242188,728.2998657226562,81.39800262451172,746.5481567382812,97.2032470703125
2026-06-17,68.55999755859375,45.91999816894531,68.97000122070312,388.6000061035156,93.05587005615234,720.9656372070312,81.15023803710938,737.225341796875,94.774658203125
2026-06-18,70.79000091552734,45.459999084472656,69.30999755859375,387.1199951171875,93.39238739013672,739.0369262695312,81.2592544555664,744.8902587890625,94.72509002685547
2026-06-22,71.20999908447266,45.689998626708984,69.3499984741211,384.5899963378906,93.03607940673828,737.1818237304688,81.17996978759766,742.546142578125,95.74609375
2026-06-23,67.16999816894531,45.56999969482422,67.98999786376953,377.32000732421875,93.15486145019531,712.9071655273438,81.23944091796875,731.7628784179688,97.00499725341797
2026-06-24,67.25,45.45000076293945,67.5199966430664,365.9200134277344,93.75859832763672,709.8803100585938,81.33854675292969,731.4237060546875,97.01000213623047
2026-06-25,67.95999908447266,45.880001068115234,68.4000015258789,369.4599914550781,93.81798553466797,715.63427734375,81.35836029052734,732.4810791015625,97.19000244140625
2026-06-26,67.19000244140625,45.7599983215332,67.73999786376953,373.6300048828125,94.0555191040039,705.7846069335938,81.45747375488281,727.1842651367188,98.66999816894531
2026-06-29,67.43000030517578,46.150001525878906,68.5999984741211,368.5799865722656,94.085205078125,723.3262939453125,81.43765258789062,739.1644897460938,98.1500015258789
2026-06-30,68.41000366210938,46.13999938964844,69.5,368.3800048828125,93.6002426147461,735.6334838867188,81.37818908691406,744.9202270507812,96.43000030517578
2026-07-01,66.4800033569336,45.939998626708984,68.3499984741211,370.6000061035156,93.37284088134766,724.4151000976562,81.34638214111328,743.9127197265625,96.81999969482422
2026-07-02,65.69999694824219,47.15999984741211,69.22000122070312,378.1300048828125,93.46221160888672,711.8582153320312,81.44578552246094,742.9351806640625,98.0199966430664
2026-07-06,67.56999969482422,47.220001220703125,69.87999725341797,382.1300048828125,93.52178955078125,722.067626953125,81.48554229736328,749.4190673828125,97.23999786376953
2026-07-07,65.72000122070312,47.130001068115234,68.83999633789062,377.489990234375,93.04513549804688,708.6915283203125,81.36626434326172,745.85791015625,98.4000015258789
2026-07-08,66.2300033569336,46.4900016784668,68.19000244140625,374.45001220703125,92.85647583007812,710.699462890625,81.34638214111328,743.5536499023438,96.80000305175781
2026-07-09,66.77999877929688,46.40999984741211,68.51000213623047,378.17999267578125,93.0550765991211,722.5271606445312,81.41596221923828,749.8480224609375,97.08999633789062
2026-07-10,66.9000015258789,46.599998474121094,68.55999755859375,377.010009765625,92.97563171386719,724.7548217773438,81.38613891601562,753.0799560546875,97.31999969482422
2026-07-13,64.5,46.36000061035156,67.9000015258789,367.1300048828125,92.63800811767578,710.9990844726562,81.29668426513672,747.3142700195312,97.83000183105469
2026-07-14,65.66999816894531,46.310001373291016,68.33000183105469,372.1499938964844,92.89619445800781,718.9408569335938,81.43583679199219,749.9677124023438,97.56999969482422
2026-07-15,65.56999969482422,46.77000045776367,68.76000213623047,372.3500061035156,93.12458801269531,716.9928588867188,81.50541687011719,752.9403076171875,97.86000061035156
2026-07-16,64.19000244140625,46.970001220703125,68.23999786376953,364.9599914550781,93.06500244140625,705.2051391601562,81.50541687011719,748.8604125976562,100.06999969482422
2026-07-17,63.290000915527344,46.939998626708984,67.97000122070312,368.4100036621094,93.18416595458984,694.606201171875,81.49547576904297,741.4487915039062,100.0199966430664
2026-07-20,63.560001373291016,46.38999938964844,67.4800033569336,367.6000061035156,92.88626861572266,695.33544921875,81.46566009521484,740.2518310546875,99.4800033569336
2026-07-21,65.33999633789062,46.77000045776367,68.54000091552734,374.80999755859375,92.65786743164062,708.2319946289062,81.39608001708984,746.426513671875,99.5199966430664
2026-07-22,64.98999786376953,47.2400016784668,68.81999969482422,379.1199951171875,92.44933319091797,704.61572265625,81.3364486694336,745.55859375,99.0199966430664
2026-07-23,64.5999984741211,46.70000076293945,67.5999984741211,371.5199890136719,92.20108032226562,691.23974609375,81.27680206298828,736.3515014648438,98.69000244140625
2026-07-24,63.33000183105469,47.22999954223633,67.93000030517578,371.8999938964844,92.37982940673828,683.5177612304688,81.3563232421875,737.099609375,100.80999755859375
2026-07-27,63.619998931884766,47.369998931884766,68.26000213623047,374.6300048828125,92.62808227539062,681.4099731445312,81.37620544433594,737.25927734375,100.54000091552734
2026-07-28,62.36000061035156,47.81999969482422,68.16999816894531,369.3699951171875,92.90612030029297,674.786865234375,81.44578552246094,739.0248413085938,100.94999694824219
2026-07-29,61.06999969482422,47.900001525878906,67.70999908447266,371.0799865722656,92.51884460449219,661.0411376953125,81.49547576904297,727.6531372070312,100.66000366210938
2026-07-30,63.59000015258789,48.68000030517578,69.6500015258789,377.1600036621094,92.55856323242188,682.8384399414062,81.5153579711914,739.852783203125,99.48999786376953
2026-07-31,64.08999633789062,48.40999984741211,69.56999969482422,371.5400085449219,92.30037689208984,687.2738647460938,81.50541687011719,745.1796264648438,98.94999694824219
2026-08-03,64.31999969482422,48.22999954223633,70.2300033569336,371.7099914550781,92.48770904541016,699.34130859375,81.52635192871094,755.793212890625,99.06999969482422
2026-08-04,66.0,48.34000015258789,71.0999984741211,374.1600036621094,92.91617584228516,723.0964965820312,81.62606048583984,769.4193725585938,98.91999816894531
2026-08-05,65.72000122070312,48.369998931884766,71.0199966430664,389.6400146484375,92.9759521484375,716.5533447265625,81.65596771240234,767.8831787109375,98.91999816894531
2026-08-06,65.0199966430664,48.29999923706055,71.02999877929688,389.6700134277344,92.61724090576172,713.9061279296875,81.55626678466797,766.65625,98.04000091552734
2026-08-07,65.63999938964844,48.63999938964844,71.56999969482422,398.4700012207031,92.83645629882812,722.2774047851562,81.6759033203125,771.3446044921875,98.43000030517578
2026-08-10,65.16999816894531,48.4900016784668,71.30000305175781,402.5400085449219,92.42793273925781,720.11962890625,81.6160888671875,771.1151733398438,97.11000061035156
2026-08-11,65.43000030517578,48.29999923706055,71.52999877929688,400.9599914550781,92.53753662109375,717.7021484375,81.62606048583984,768.6513061523438,96.37999725341797
2026-08-12,66.45999908447266,48.369998931884766,71.69000244140625,404.9200134277344,92.62721252441406,722.9467163085938,81.6759033203125,770.5764770507812,97.30999755859375
2026-08-13,66.68000030517578,48.2599983215332,71.87999725341797,398.9599914550781,92.96599578857422,731.3079833984375,81.78557586669922,775.9531860351562,98.58000183105469
2026-08-14,66.61000061035156,48.2599983215332,71.98999786376953,401.4800109863281,92.70692443847656,730.3090209960938,81.75566864013672,774.4169921875,98.83000183105469
2026-08-17,67.31999969482422,48.15999984741211,71.87999725341797,405.489990234375,92.50763702392578,729.1102294921875,81.75566864013672,770.7560424804688,97.9800033569336
2026-08-18,65.33999633789062,48.15999984741211,71.0999984741211,398.54998779296875,92.59732055664062,716.7631225585938,81.77560424804688,765.5490112304688,97.62000274658203
2026-08-19,66.11000061035156,48.56999969482422,71.20999908447266,413.8399963378906,93.04570770263672,715.3345947265625,81.81549072265625,767.1549682617188,98.61000061035156
2026-08-20,66.62000274658203,48.540000915527344,71.11000061035156,415.260009765625,92.66706848144531,710.18994140625,81.77560424804688,760.7109985351562,98.5999984741211
2026-08-21,67.12000274658203,48.939998626708984,71.48999786376953,423.3599853515625,92.48770904541016,712.6973876953125,81.75566864013672,763.8232421875,98.5
2026-08-24,66.11000061035156,49.099998474121094,71.36000061035156,426.69000244140625,92.67703247070312,705.5847778320312,81.75566864013672,761.5787963867188,99.0999984741211
2026-08-25,67.25,49.38999938964844,71.56999969482422,428.07000732421875,93.17524719238281,709.9801635742188,81.83543395996094,764.0127563476562,99.25
2026-08-26,67.16999816894531,48.86000061035156,71.4000015258789,421.32000732421875,92.98592376708984,710.6295166015625,81.80552673339844,764.182373046875,98.61000061035156
2026-08-27,67.61000061035156,48.630001068115234,71.04000091552734,422.6000061035156,92.89624786376953,720.359375,81.7955551147461,769.18994140625,97.6500015258789
2026-08-28,67.13999938964844,48.54999923706055,70.83999633789062,408.8900146484375,92.5176010131836,715.6842651367188,81.64599609375,767.4442749023438,97.23999786376953
2026-08-31,67.0199966430664,48.369998931884766,70.45999908447266,408.4200134277344,92.40799713134766,716.013916015625,81.64599609375,765.1499633789062,96.44000244140625
2026-09-01,66.7699966430664,48.189998626708984,69.62999725341797,396.75,92.0999984741211,706.9033813476562,81.58999633789062,759.89306640625,96.30000305175781
2026-09-02,67.1500015258789,48.220001220703125,69.87999725341797,402.7799987792969,92.18000030517578,708.501708984375,81.63999938964844,763.2646484375,95.77999877929688
2026-09-03,67.47000122070312,48.68000030517578,70.27999877929688,410.2200012207031,92.27999877929688,716.9229125976562,81.70999908447266,771.2548217773438,96.66000366210938
2026-09-04,68.69999694824219,48.59000015258789,70.45999908447266,406.7699890136719,92.25,718.2116088867188,81.69000244140625,768.2822265625,96.0199966430664
2026-09-08,68.83000183105469,48.349998474121094,70.37000274658203,399.7200012207031,92.16000366210938,717.6122436523438,81.66000366210938,764.0626831054688,95.93000030517578
2026-09-09,68.4800033569336,47.83000183105469,69.62999725341797,403.3500061035156,91.9000015258789,715.5643920898438,81.62999725341797,760.5115356445312,94.94000244140625
2026-09-10,67.0,47.529998779296875,68.9800033569336,396.3599853515625,91.18000030517578,707.9523315429688,81.41999816894531,755.9528198242188,94.12000274658203
2026-09-11,67.83999633789062,47.939998626708984,69.61000061035156,398.7699890136719,91.01000213623047,714.1358642578125,81.37000274658203,762.3967895507812,94.80000305175781
2026-09-14,65.98999786376953,47.90999984741211,68.5199966430664,392.8399963378906,90.93000030517578,708.4417724609375,81.33999633789062,758.9952392578125,94.33000183105469
2026-09-15,65.76000213623047,47.79999923706055,68.33000183105469,394.1499938964844,90.81999969482422,703.8065795898438,81.30999755859375,755.513916015625,94.0999984741211
2026-09-16,65.72000122070312,47.459999084472656,68.16000366210938,391.739990234375,90.7300033569336,703.9863891601562,81.23999786376953,752.1821899414062,93.4800033569336
2026-09-17,66.91000366210938,47.95000076293945,68.75,398.3599853515625,91.25,716.1737060546875,81.36000061035156,760.7109985351562,93.80999755859375
2026-09-18,67.02999877929688,47.27000045776367,68.16000366210938,401.1700134277344,90.80000305175781,720.6990356445312,81.23999786376953,761.6900024414062,92.91000366210938
2026-09-21,68.83000183105469,47.689998626708984,68.98999786376953,398.3800048828125,91.1500015258789,741.469970703125,81.29000091552734,773.5,93.80999755859375
2026-09-22,68.80500030517578,47.54999923706055,68.95999908447266,397.5799865722656,91.14009857177734,744.9600219726562,81.30500030517578,773.4199829101562,93.76000213623047
