Date,Equal Weight,Inverse Vol,Max Geo,Max Sharpe,Carver,Hierarchical Inv Vol,SPY,60/40,Tech
2008-01-04,-0.02056079708561165,-0.0073884359937865796,-0.018322895777096337,-0.005795237006098852,-0.003890427870871682,-0.004518011323265014,-0.02450696931742047,-0.013656832986344236,-0.04385595123434505
2008-01-07,0.001534568853468538,0.00034054577288865096,0.0017807408811050312,0.0012479231178842737,0.0002512347113651794,0.00030553871689301734,-0.0008487160747235878,0.00023539343011877672,-0.004752502706807937
2008-01-08,-0.00877669862582292,-0.0027907451323126,0.004575853891660411,0.0057757756804465415,-0.0007514570611776663,-0.0009161201788820635,-0.016148353423898865,-0.008695148085407816,-0.02594953300400027
2008-01-09,0.009054245791923135,0.0028876216541073385,0.012884762715784127,0.004372187834607397,0.0013619174671965484,0.0015613422507267999,0.010510050764591883,0.005531304167753562,0.021312623671021935
2008-01-10,0.0053894729101438155,0.0016372850535376266,0.01291037179100674,0.005866465836802624,0.001454891570342821,0.0018939458716998488,0.0065542200895769565,0.0027630826079863397,0.0014609673327110606
2008-01-11,-0.0088441723196972,-0.0013892078007208212,-0.012956159718111721,-0.0010479335408910447,0.0011908371806968016,0.0011180253577971085,-0.008068615186783368,-0.00220108364672282,-0.01958735807584433
2008-01-14,0.008544746030937298,0.0036840382190069265,0.013769518532782361,0.006050301591808685,0.0021102930648357427,0.002216641430953632,0.008062763195387124,0.004941359836354245,0.01742821298609032
2008-01-15,-0.02012318415713063,-0.006701299428033748,-0.031262330057187655,-0.009823703338347688,-0.003155350519593393,-0.003710248803657279,-0.02201262331091991,-0.010354558706161025,-0.02757492456336441
2008-01-16,-0.011611026027478662,-0.004065029200422778,-0.026264697626090676,-0.012509799643577022,-0.0019236341940164802,-0.0020232275851739504,-0.008612885288593941,-0.005828373427276632,-0.010741254761655772
2008-01-17,-0.01146585308408365,-0.002847029232647416,-0.015548588554084905,-0.00135694627694856,-0.0002269447615271988,-0.0005212258182083722,-0.0259164659280553,-0.0117427973959505,-0.013897312984750165
2008-01-18,0.0008413226342053688,0.00011433867712231914,0.012523344012743437,0.005728111438203414,0.00018321982821801878,0.00016400072100061392,-0.010267477180164963,-0.006517738594799611,-0.0013214885828417566
2008-01-22,-0.005435716353176139,0.0010684747483439689,-0.013180566462693765,0.0036863812849517305,0.00416161239725088,0.004350403316439913,-0.01014680876806584,-0.0010416231646746344,-0.025799352504673134
2008-01-23,0.009547069226277717,0.0026419803679742612,-0.002586066504364007,-0.0026575195627534793,0.002887656136023934,0.003929446545093288,0.024020799664324688,0.011625038382823463,-0.003847973651722736
2008-01-24,0.010048644585278545,0.0014955223512731443,0.025314159392504563,0.005348411929194085,-0.0013889004680886362,-0.0012030516705636798,0.00844146744136598,0.000978791650701377,0.020449972928423543
2008-01-25,-0.007555193107516203,-0.000780423513533105,-0.009211832024729897,0.002866924657548784,0.001551792894425876,0.001381123943531415,-0.014445351005953011,-0.0044454827758579575,-0.02048512398289193
2008-01-28,0.013263380676962026,0.004275974224544941,0.02086642689389713,0.006751724667136324,0.0028112189735856083,0.003467511614916617,0.016536378482989944,0.007909587455577244,0.007728983019456459
2008-01-29,-0.0003544950093075048,-0.0005970055732220259,-0.0035880910539451026,-0.004711653497520103,-0.0013959504115356473,-0.001546135673730173,0.0049542680808711825,0.0011707640974688112,0.0018041761956426594
2008-01-30,-0.005075686458399293,-0.0015223617505189403,-0.0008406491515543122,0.00029416904831060866,-0.0009222774776993551,-0.0011281802586749629,-0.007357909367407323,-0.004454631654436941,-0.0009006636727281192
2008-01-31,0.010011327188570396,0.005026092749734994,0.005231737453128675,0.004168141539595714,0.0035530405633266504,0.003662573995210537,0.01823435992576483,0.01271255794303423,0.017128737607590594
2008-02-01,0.010792970507381108,0.0050725844528147854,0.0008524736810832413,-0.0008284250342600153,0.0035621256323125653,0.0037401827744893796,0.016088305463701547,0.010712589725881991,0.01019273138057697
2008-02-04,-0.006106211628789421,-0.003267503108380318,-0.0016704186309541714,-0.0033940818404479653,-0.0024550820727375793,-0.0025995668766172655,-0.012609496864858016,-0.009679984087184212,-0.014037922582056828
2008-02-05,-0.02702199941308092,-0.008793777063228592,-0.03923521228836502,-0.004361014485934844,-0.003917206924416106,-0.004700809146970575,-0.02677402319587907,-0.013280968522517922,-0.028476473138821623
2008-02-06,-0.004979035584465446,-0.0019108543019913714,0.0005058664015300399,0.0007437830389510651,-0.0009356055930550805,-0.0009418228667167441,-0.00805181237228525,-0.005490109052433847,-0.019692658507372007
2008-02-07,0.0031837421798853465,-0.0009729566634668606,0.009747161827483891,0.0008810955143204146,-0.0012604604377213667,-0.0007640741239200773,0.0066136976855446505,-0.0006994799969277932,0.007007594104002868
2008-02-08,-0.0013149333241831234,0.0014340843252360004,0.002978665586748898,0.0023470817029583855,0.0018045572019508662,0.0015214260954415212,-0.006421036967765192,-0.00039685275845182397,0.011365861278094913
2008-02-11,0.0016013133245682447,0.0011349603018207706,0.006999435788033749,0.0010397251765160297,0.0005054663679565322,0.0003176387183685155,0.0051100225144076195,0.003932138520622808,0.01078060445396467
2008-02-12,0.007328719931330222,0.002714715242078335,0.0017485167222478816,-0.0008149371201325371,0.0011849846264239167,0.0012216589298415634,0.009270835716754355,0.004621909931005387,-0.0056734052221510956
2008-02-13,0.009688400476437124,0.0035250518975732206,0.012591998286350138,0.0015831697774509573,0.0015486436515487693,0.0016995570557122787,0.010223516067656035,0.004358449703317276,0.021907880903328625
2008-02-14,-0.008757915876003271,-0.004426709813601877,-0.005711589923579419,-0.0011331012734502144,-0.003297878548472721,-0.0034404377180154906,-0.008799642578005251,-0.0074683791750960234,-0.018088360563411565
2008-02-15,-0.00021313718813271336,-0.0005696626441721448,-0.00036819097988894343,-0.001085168661472678,-0.0004221312603440637,-0.00040932513637030984,-0.00022251209080326184,0.0007293111176988482,-0.0034115640791587687
2008-02-19,0.006411328889529018,0.0012911316513082747,0.018911943595243966,0.0026338748612080203,0.00031841451974004223,0.0007262525800108472,0.002812333361858377,-0.0012243551749574785,-0.0018256821000486312
2008-02-20,0.004297090056919211,0.0009011030853843552,0.011159453801724494,0.001254469232363413,0.0005951580395339247,0.0009489901009027173,0.0029511896869527376,0.0014044490112316383,0.004572502469823991
2008-02-21,-0.005610736908124464,0.00039650603786410587,-0.006692567395232012,0.0013573834609267844,0.0016247286501569899,0.0011910619929487193,-0.008313293836056501,-0.0008613114617552929,-0.00955817442408935
2008-02-22,0.007290059897438,0.001862898736071728,0.007752611340958277,0.00017816623773646534,0.0009048464422092925,0.0012858698569442712,0.0061574849693573075,0.0025314998633413095,0.003676329030835479
2008-02-25,0.008996794606091109,0.0019940375719152996,0.00710675289824254,-0.0007758156928898667,0.00018904557719477065,0.0005270276042195788,0.012609122276728169,0.004864052358849925,0.005036589454767926
2008-02-26,0.008283685169879386,0.004334248048981122,0.012886598463716445,0.0029172872166981765,0.0031405160426332458,0.003258026253627972,0.007500135270003705,0.005506771209163692,0.0038729217545676597
2008-02-27,0.0025296945766144865,0.001726573474334444,0.008907195947257803,0.0025333955557129717,0.001737719050792601,0.0018062258802786703,-0.0010119395518426444,0.00033049137558403873,0.004991511374697444
2008-02-28,-0.003587857791946936,0.0010040462424180724,-0.0004312863458455496,0.002531912648146309,0.002474869075568228,0.0022858828088910617,-0.009767234887063547,-0.0012278107701627445,-0.003838718236816696
2008-02-29,-0.015330936999305014,-0.0033049856737686393,-0.020374014785007985,0.0009318432510586207,0.0005870189910715331,0.0002723528240195069,-0.02228371587161948,-0.00900755966609013,-0.026518110070114065
2008-03-03,0.001063907164165033,-7.799062147563741e-05,0.007069909069530769,0.0014923913416944286,0.00022741360944950558,0.00047196660260210546,-0.0023913616333860466,-0.0024529982257727634,-0.00651947568918998
2008-03-04,-0.008396210907276543,-0.003498757029662973,-0.020770328675268394,-0.0036209092261627208,-0.0030423938403701875,-0.00343363678042091,-0.003820212644964349,-0.0037985297321144816,0.005624971289209135
2008-03-05,0.009883632860689636,0.0028842850247936154,0.021882528072408848,0.0033544637783865794,0.0018401539926006264,0.002423450279681168,0.0063160781066928795,0.0019412928894977537,0.00489380155414576
2008-03-06,-0.015784103543349026,-0.0037753119319159367,-0.020753170030202495,-3.687503461025088e-05,-0.0013959766057601852,-0.0022466287324951484,-0.020697915573455794,-0.00921764304073236,-0.02203149394297299
2008-03-07,-0.0031484075852155216,-0.0012565421231839965,-0.00932544874366385,-0.0012103006993811967,-0.00010716675828143906,-4.451062610643161e-06,-0.010300508302936717,-0.004710043734441772,-0.002371421103002258
2008-03-10,-0.008437730716411351,-0.002097003308466915,-0.009859912043128992,5.576194073508574e-05,-0.00023864378601128934,-0.0005210243411822759,-0.0131830535103028,-0.004829115122516547,-0.019253758639273477
2008-03-11,0.02752718080293755,0.006860463943350735,0.03397663468223547,-0.0016439653165164873,0.0018406638768991214,0.002830674788915738,0.03593719078621249,0.016507027776191768,0.03805146343951615
2008-03-12,-0.0029608382851830616,0.001829423266323565,-0.0033227906681373882,0.0029416459091492434,0.0030267612385295544,0.0027678603639613476,-0.009351320705914934,-0.0009145137914695952,-0.0028019785704679334
2008-03-13,0.003244579379589518,0.0006396995346748988,0.002729816378982416,0.0004930014371485489,0.00027524848620169616,0.0006440941422470662,0.0022077516540970343,-0.0008473214075652544,0.00772636373551272
2008-03-14,-0.013499346104040967,-0.002756065734906778,-0.01641205172999478,0.0015556578833419773,0.000499971765954833,0.00014680205133105824,-0.01549558296768061,-0.004966311634158695,-0.018354710190987777
2008-03-17,-0.008349606961985412,-0.001798013599494819,-0.009966617175720704,0.0015449583362013364,0.0008435254089831147,0.0008698875097911134,-0.010107298185428548,-0.003852860046885987,-0.018224602724490557
2008-03-18,0.022681280408365093,0.006678354262848196,0.013771481073539399,-0.0035319288496661553,0.0013639981516867091,0.0016931254499323472,0.041543266860780914,0.02135729848530403,0.04459961840150828
2008-03-19,-0.024483045186594114,-0.008228545298600719,-0.04543774832000432,-0.004339389537361415,-0.0037827880982278274,-0.004485551386870755,-0.02476997967240735,-0.011218897820845767,-0.024694261909988358
2008-03-20,0.008777049182948853,0.0032203318733328348,-0.005356860644444322,-0.003135722929976109,0.0012299760921759475,0.0012406240628399182,0.01852302744955714,0.011753471246740217,0.020437204920124907
2008-03-24,0.015048842753143755,0.001984876364850718,0.020392898877160573,-0.002063435184974446,-0.001851341260299414,-0.0013045635299416083,0.01998784908597151,0.004572206943947686,0.034578112824825924
2008-03-25,0.00999340409197384,0.004608607266209238,0.0214013628193664,0.0035640672200427524,0.003682045663073837,0.004059358802700954,0.0009650797840530245,0.0019896182886221187,0.005608710686946017
2008-03-26,-0.0028751081680132118,-5.056491286244933e-05,0.0025198310751193857,0.002455577330459829,0.000626613913590991,0.0004712339325390607,-0.012236249541617061,-0.007015282578223772,-0.002900068645426357
2008-03-27,-0.005466785437768998,-0.0019005718987837954,-0.0039625671134424735,0.0004201690469905932,-0.0009705543081367363,-0.0011473650121238581,-0.003153049989872314,-0.0024090544409800536,-0.022147966551365195
2008-03-28,-0.0048900331927021964,-0.0013946818583311024,-0.007173634269685295,-0.0011181047442727296,-0.0008661775781058065,-0.0012725394542937522,-0.00956471293830674,-0.004090227561134493,-0.0050324562334918
2008-03-31,0.0020433879020241917,0.0011591985112460196,-0.0022835842827393935,-0.0008841098892378964,0.00046960033027238467,0.00030813748082761833,0.0034979270565371756,0.0027830311116351916,0.0052885019454795845
2008-04-01,0.02146179838033587,0.006067924766999977,0.006785488178617564,-0.004728913708750633,0.001030383384047081,0.0014386116535508862,0.03515958698761801,0.017249340229036837,0.04277155168954638
2008-04-02,0.001832148367931139,-1.2478684224633676e-05,0.010687539392058985,0.0014445984896114,-6.73938850385918e-05,0.00023899126560773085,0.0006588103744604723,-0.000919493207522672,-0.0021930800880466395
2008-04-03,0.005416070198855201,0.0015897400820777644,0.005934387855888588,7.254062721868078e-05,0.0011951947164381927,0.0015349619868508936,0.002487105064888251,0.001500789276443894,0.002197900259340857
2008-04-04,0.0013062871967574057,0.0024289565854366314,0.0024352750647798735,0.0020895973779586565,0.002398296498589192,0.002222262097012217,-0.0010943901355808805,0.0023653579031560957,0.00592273854446379
2008-04-07,0.001881360639740759,-0.000954192098772122,0.010477105415550803,-0.001001405099521513,-0.0017914864327915891,-0.0016717675622651695,0.0005111084121200982,-0.00233548637073433,-0.0021802643704921243
2008-04-08,-0.004664267628729011,-0.0016389824379258605,-0.006667663102277911,-0.00047652729531252706,-0.0008569447314914625,-0.001032120264497499,-0.001022162722188913,-0.0005709885285804879,-0.007648812288180706
2008-04-09,-0.003982296741933237,0.00011265841105790697,0.0012493663566986758,0.002217229234144419,0.001398422625373575,0.0013102590299285774,-0.007235948218865751,-0.0019708193967032644,-0.011230876920914734
2008-04-10,0.0026733477348805995,0.00029997768393909383,0.002637555989822132,-0.00012134852159061917,-0.0003448491646197825,-0.00027150814918915046,0.001398975139006664,-0.000753489977404087,0.014253593666493813
2008-04-11,-0.012502445156310413,-0.004129097265871712,-0.011503577163165067,0.00019972208881783104,-0.0013405250438462688,-0.00166182285858478,-0.019409036031336147,-0.009912428437141544,-0.02766799691040167
2008-04-14,-0.0017932557586974114,-0.0012735970148274127,-0.0015018470453251444,-0.0010321622403022847,-0.0013025394709641285,-0.0013784657482234625,-0.003373823217431293,-0.0030306147640564666,-0.0045166232215877455
2008-04-15,0.004254270453408059,0.00044024026047659716,0.008106647886681024,-0.0001300031291359424,-0.00031243992177122995,-3.004875385304215e-05,0.0023320930014221197,-0.0004522312362439055,0.0013613059832173757
2008-04-16,0.02142918752217065,0.0070109534692347104,0.024638895642559035,0.0014573502551101336,0.003373077757213526,0.004275718560545546,0.027094086506334047,0.013394009562702525,0.027865866401490136
2008-04-17,-0.004128120933478312,-0.002753029519021071,-0.008747297252566342,-0.0023887540475242015,-0.0023426243045329017,-0.0023623882472507142,0.001461473031769911,-4.683183406652949e-05,-0.0022041048467106306
2008-04-18,0.005904167257504209,0.0023052305581505654,-0.0001062332798590238,-0.0016250050589722443,-7.512146868508585e-05,-0.0004360308898592081,0.010434306143668248,0.00590594941527053,0.03180878897993322
2008-04-21,-0.0004078676974294825,-0.0006115718383001692,0.001343037838276269,-0.0010148007406449563,-0.0009545157084634322,-0.0010899541917164094,0.0005053942931956268,0.00035111026320508107,0.007065191812075433
2008-04-22,-0.004781859393277263,-0.0017526230139759623,-0.0058954391366031235,-0.00012962817536693447,-0.0006660252840016367,-0.0007159908312691862,-0.004402498456048121,-0.002365026377370111,-0.014881271313669342
2008-04-23,0.0031644288934825253,0.0009357111219775537,0.0019678610677396277,1.4341605612774405e-05,0.000302117017562177,0.00029927695763490124,-0.0015951642965778001,-0.0013627079620661291,0.011005487313163975
2008-04-24,-0.002386716097941132,-0.002945476979574262,-0.015116244021605128,-0.004443150704674082,-0.00338083522690127,-0.0033428837862448414,0.004356721741068714,-0.00044950842537240304,0.008965072147169462
2008-04-25,0.004078134648406526,0.0016592990334708417,0.004360806767141382,0.0005283855169367612,0.0008533461092994957,0.0009495567613504648,0.0092537753173898,0.0051015941493128755,-0.002538971516879429
2008-04-28,0.0003647902293191546,0.0008936117102467169,0.0009020744742361578,0.0012031772569877587,0.0011165003123836665,0.0011324834307893893,0.00021461929376931366,0.0008337939443952689,0.0019091463728808655
2008-04-29,-0.006709164103370329,-0.002404912276621223,-0.016822754754346178,-0.0027344369369389815,-0.0019839372775566824,-0.0024555691101073953,-0.003938689292665165,-0.0017033369561698015,0.0076205296632896324
2008-04-30,0.0016834383690954814,0.00159124515041079,0.013027044899441769,0.0030020557935835036,0.001694605507267076,0.001587764346017906,-0.0058960556390361685,-0.002361714261711315,-0.008193075549561502
2008-05-01,0.008022044244711432,0.002758452941843235,-0.00521979824613402,-0.00262546885361096,0.0002892855415926681,0.00018474612325467094,0.02068575002102091,0.012515295117590445,0.03156086905680122
2008-05-02,0.0017901611606156486,-0.0008070882873148422,0.006176345624253704,-0.0006509018011974646,-0.00154345615035727,-0.0013708534492175425,0.0027639366835590096,-0.001450790316333789,0.0014374485534409676
2008-05-05,0.0007387537305838129,0.0008675852139936097,0.007478754965977416,0.002268074034180469,0.0014724664779070338,0.0016822114928701976,-0.004805510945424585,-0.00238544885111866,-0.002870497323382626
2008-05-06,0.0060172985136115464,0.00245517229845027,0.007633977577504947,0.0014352533009183155,0.0013359608004286372,0.0015099366030291161,0.008662826031042181,0.003902442859480715,0.006169503766517925
2008-05-07,-0.015063332618216296,-0.005118361572575274,-0.019773313202417212,-0.0018363198133736266,-0.00256165928534518,-0.003145447016941139,-0.01781050762632086,-0.009156855931742315,-0.018189432821254736
2008-05-08,0.005519380393188072,0.003280415256484365,0.011978164717980808,0.002448871186784779,0.0028984460561795977,0.003016686650292541,-0.002580354338641566,0.0010541255806924973,0.007493809088238379
2008-05-09,-0.0029301151263818677,-0.0008470187938692355,-0.00280615694696271,-0.00010450945020623434,-0.00022107181468292798,-0.00028125940842042564,-0.0018683464201274536,-0.00065748823095194,-0.003925958824414821
2008-05-12,0.008584340794038097,0.0024273417989953555,0.005407932811721385,-0.0009314195094606295,0.000719725176653018,0.0010218100621248443,0.011231215887585577,0.005995879742820415,0.01825344709540433
2008-05-13,-0.0037514397290341972,-0.0033675312296126093,-0.006520626275820301,-0.0024324786507284287,-0.0035681957416611653,-0.0037055906854750985,0.00014225418723667893,-0.0032639416403525854,0.0026478601974690985
2008-05-14,0.000306149608797331,-0.0003187936927831398,0.00046944741310112276,-0.0005500638893693097,-0.00035168346439286784,-0.00028449909548130945,0.0020641417325601985,0.0011019024924776909,-0.0022349064633715443
2008-05-15,0.012915297328209592,0.006293567018479515,0.01912465622989331,0.0036911173645620124,0.004840278389584406,0.005282193021309271,0.012502798020811667,0.009728856323104914,0.01751215795506722
2008-05-16,0.0070432978475742265,0.00279426228164282,0.01748930269643996,0.002684706945990435,0.0018290438772422838,0.002145703754847845,0.0009123479510666499,-0.0001243643830915274,0.000800713380605611
2008-05-19,-0.0006396447970422325,0.00044901152796055497,0.00015900098769147273,0.0011955225804080808,0.0009966298721085236,0.0010248382390934032,0.0027338000067258506,0.0025460561405999424,-0.007198878601548442
2008-05-20,-0.004763055226643201,-0.0008921781236431022,-0.0009847904809635998,0.0012144678128310266,0.0006119712692547796,0.000632570740251639,-0.00810927556187191,-0.003678324144145986,-0.007653702221945946
2008-05-21,-0.00949457391985363,-0.004887443288427285,-0.0010872153096019672,-0.0009743678741071173,-0.0032024129357907057,-0.0033061976559757436,-0.01691420331759641,-0.0110948179520317,-0.022123200190235726
2008-05-22,4.2211943354462945e-05,-0.0018633293971664798,-0.001618565503034874,-0.003093558772726537,-0.0031647241200551406,-0.003329411030753269,0.00014270718049225195,-0.0025520331898295397,0.0035287034863091815
2008-05-23,-0.006047746481950412,-0.001165017442929035,-0.008116585715173147,0.0007153854495217259,0.0006025375617884532,0.0004970346257817935,-0.013403523299807651,-0.006239607422805415,-0.0031022948972286857
2008-05-27,0.0003129489947944157,-0.0007512917458681345,-0.01001341442573511,-0.002408668443852403,-0.0015950121514466797,-0.0016881645477605917,0.007410591401059152,0.002427620123135564,0.01763490026983172
2008-05-28,0.0024725022943457857,-0.0007186281871170971,0.0054793565864871985,-0.0008876666922863737,-0.0018432550046610927,-0.0017603973422546412,0.0046155424090716934,-0.0002659617891478572,0.004077663397642484
2008-05-29,-0.002511975082900268,-0.0016885754335121946,-0.012664112874179023,-0.0022358594281743946,-0.0020973750053693034,-0.0023834772522972445,0.005025267089562968,0.0011366989563635374,0.008933544134855254
2008-05-30,0.0032331108589466213,0.0024355724620514015,0.007248261844167343,0.0021777557066719002,0.0022472003251443416,0.002302275860116608,0.0024998410600536314,0.00283088764539699,0.006440464029458193
2008-06-02,-0.007777057217479419,-0.0017113056824727023,-0.005941309717953003,0.0011588997306722503,0.0002966686167632692,6.720246996838517e-05,-0.010331333691709133,-0.0038516907108283828,-0.01219815659117307
2008-06-03,-0.0029702574006287533,0.00016010215761239492,-0.013184596599377065,-0.0006855768738557239,0.0009539087234220927,0.0007718641786464074,-0.00583161653428832,-0.0013740310125161174,-0.005465494882976429
2008-06-04,-0.0020687484245801293,-0.0013390169529292708,-0.006083535362780749,-0.0009584911746493411,-0.0011011585400807682,-0.0010461189973083652,-0.00050674440513232,-0.0017738450440804448,0.012823356909369643
2008-06-05,0.013087355269084444,0.004155334005651934,0.01544566517009427,0.0008655773556036639,0.0014442181270473142,0.0018093946889439216,0.019997095329100212,0.009891375718941386,0.015876299867198407
2008-06-06,-0.017137348547268172,-0.0057176691847214195,-0.008556729976635024,0.0010353331890843483,-0.001491473376186747,-0.0017310041534705314,-0.03189398509999408,-0.01589354931271006,-0.030069558356711323
2008-06-09,-0.005704967919395088,-0.0053024188213210335,-0.00670386074448371,-0.00565730606110255,-0.0060178933210623614,-0.006304294957129739,0.0024216763434936617,-0.0014490342822558145,-0.005302745651911578
2008-06-10,-0.010967909758311996,-0.006089420363005847,-0.02297533848296917,-0.005898455480202103,-0.005209361816267998,-0.0055620156166780186,-0.004977591686849414,-0.005369730175939013,-0.004715953630553771
2008-06-11,-0.009140444528218685,-0.0030430287930975383,-0.0025687069928964816,0.0018900834679217101,-0.0005564017186868722,-0.0005587259554768456,-0.014712014399103301,-0.00839188529456614,-0.024104242217069638
2008-06-12,-0.0011855861206135196,-0.003800632689352084,-0.00462668025594305,-0.005101922375384688,-0.004753576245762989,-0.004703268043789399,0.003807890781271528,-0.001277694356997218,0.0010563673769528048
2008-06-13,0.008390667689787287,0.0038019932101397234,0.006413840298263014,0.0019665367246212047,0.002450897314509805,0.002717755446779631,0.012644024458677183,0.006625904860296748,0.020033128957548607
2008-06-16,0.005510954477037637,0.002479172932695589,0.007798733583133894,0.002054138050102233,0.0021803740930527483,0.002561875076828508,0.0005871864797368787,0.00039955825330113137,0.008889391650450662
2008-06-17,-0.0021166999665182345,0.000469298316303878,0.0028756104846426834,0.0019114389627363456,0.0006155021734333328,0.00020790289483494536,-0.004844700630239229,-0.0015699355982096846,-0.005327285155963701
2008-06-18,-0.004641703984368601,-0.0010096095901987448,0.0009606132848104586,0.001451391573693553,0.0004570611782087128,0.00037834999733667385,-0.009736966115490353,-0.003656585796795547,-0.01071273221426794
2008-06-19,0.003483422207476346,-0.00022383217512962468,0.0009198943474422404,-0.0012024905944967156,-0.0007905081548977635,-0.00037752334580889893,0.0012666053924885734,-0.001575031030402965,0.015618346609131528
2008-06-20,-0.01359049882031985,-0.004148394998331412,-0.014427500188223377,-0.00015592876416853515,-0.0011765959873934208,-0.0014786023064559664,-0.016231928157615205,-0.007834219826488034,-0.02700212657763068
2008-06-23,-0.006099083014396022,-0.0029335931629756273,-0.008627597162344087,-0.002851997412663682,-0.003136666679997206,-0.0037674287824510768,-0.0009878793681805664,-0.0007737580385867815,-0.007802882545980383
2008-06-24,-0.001221512647127707,0.0009019294510088613,-0.0007594003156718581,0.0016594073240923989,0.001823036615827622,0.0018161458783881393,-0.001978036003393413,0.0009936905934210235,-0.005100959396548088
2008-06-25,0.00882554209484267,0.003747337589279075,0.01094703390039061,0.0019010140156518385,0.0023974003528015823,0.002595040139708515,0.004726434343278019,0.0027448218703920624,0.016236172577646535
2008-06-26,-0.014858941562113858,-0.004228808192388415,-0.0034878190121436174,0.0033452876488393023,8.008152030983152e-06,1.5131088357717947e-05,-0.02716088637486269,-0.013777791190542534,-0.04036176968554095
2008-06-27,-0.0017264452946277253,-0.0002330219782522185,0.008079137948464769,0.0018039226682843516,0.0007260385051607774,0.0007323555490976013,-0.005458790723388951,-0.0011422366356434303,0.0
2008-06-30,0.004892016202605457,0.0023991095827775224,0.002201398602633769,0.0008983555319503953,0.0014193960613895044,0.001415352498042277,0.0035284481339217244,0.002336748621222459,-0.010515083026426675
2008-07-01,-0.0010808967563130931,-0.0005721790810960784,-0.0028487062600120643,-6.446850116831248e-06,-0.00022243263423867338,1.6516313934196258e-05,0.0031259244625854166,0.0006849917003614488,0.014168837949737778
2008-07-02,-0.011283720177128283,-0.00428018135526434,-0.010251597904572881,-0.0011575479569486751,-0.0017994508829147864,-0.0019019089163563197,-0.017136524829302613,-0.008997665683243769,-0.02401211034950468
2008-07-03,-0.00139752151325509,0.0004776671364371073,-0.0050745994836939885,4.526107108654492e-05,0.00023126792554246798,-0.00013368875048321905,0.0010298191716064942,0.0007397464981562739,-0.0017897730403004797
2008-07-07,-0.006475004686653185,-0.0019309751260303543,-0.007408491775333648,-0.0007481280413293989,-0.0010795016214795172,-0.0015920458320073383,-0.010212767748356999,-0.00429985540551836,0.006050295185709098
2008-07-08,0.01623150983075272,0.006850650227764897,0.004811504279740342,0.0003747183569475275,0.005400465050749372,0.0063450722399527905,0.017757131264800607,0.011598064115295398,0.023830860494820527
2008-07-09,-0.015498161555586495,-0.004887825310429406,-0.007391940107307532,0.0009766283950013374,-0.0028906574849013834,-0.0038581377332428395,-0.019255000919133125,-0.009652152228553758,-0.026539505864370483
2008-07-10,0.008847419694656343,0.0028464155011046436,0.01749459039480604,0.0025014474661641407,0.002147148205234831,0.0027960901128277075,0.00408729049803358,0.0025657465400823753,0.011843501972098824
2008-07-11,-0.008326910738668983,-0.005798342087264311,0.00024738736437270297,-0.00013235372010822173,-0.004080485861170585,-0.003764093136763797,-0.011652788117842094,-0.010719477843199977,-0.015900681510988224
2008-07-14,-0.004474937135216194,-0.00013649688918597426,0.00198237512316129,0.002728767545794215,0.0006723865937236478,0.0002261114132026337,-0.009043439381277607,-0.003210539573934721,-0.007405897905859105
2008-07-15,-0.006647826957273643,-0.0017096475190648544,-0.008223729745679698,0.0005332221367914937,-3.811349581051847e-05,-0.00019340340450450707,-0.01409700568257033,-0.006853047335735347,0.00022627499184735278
2008-07-16,0.01588986954435758,0.004783923560326647,0.007204400814913726,-0.0012137707390503503,0.0021615949886717167,0.002929990218380659,0.02454739024707231,0.01063263469800474,0.024863851894135536
2008-07-17,0.007483635652923481,0.002113418995363201,0.005890512707732746,-0.0011839318037632162,0.000198612105695703,0.00041150443018433914,0.010003091953673104,0.004015425987027122,0.006616778166628867
2008-07-18,-0.0012305047604673153,-0.0015465013222917643,-0.002073624169028641,-0.002071601348357141,-0.001725304825028947,-0.0016415238626532173,0.006230254203406949,0.002351643407214781,-0.023005911249188493
2008-07-21,0.0053778559046504075,0.002538577369347238,0.010311220814694117,0.0022779623321646067,0.002153329355506275,0.0023999528691836963,0.0005553918795648816,0.001249195487546007,0.004261031103834911
2008-07-22,0.001644662905792992,-4.8670819394982394e-05,-0.008447839394809696,-0.003140284044871008,-0.0006498376950491627,-0.0005732772419799821,0.01134467376166004,0.005438335354403939,0.0
2008-07-23,0.003006249735251878,0.0008413484281718819,-0.009740610299881956,-0.0033180271019615268,1.5360199837747548e-05,2.857241186462042e-05,0.005412842452857891,0.0026319905561982783,0.01317554957672562
2008-07-24,-0.01874090229016451,-0.005194663878624231,-0.015976732430602776,0.001004747302284569,-0.0022191691777776615,-0.003238706632255494,-0.02075381938611931,-0.009164888980138241,-0.014988147352960834
2008-07-25,0.005068292122439803,0.0007088755454968987,0.005607874721998661,-0.0002716407833782852,-0.00020829584216596408,0.00016692759203922766,-0.00023904958898213202,-0.00247748020728035,0.012978637341893196
2008-07-28,-0.01004879213607233,-0.002703131626251867,-0.009389176705433246,0.0007697228829319536,-0.00034648805220066197,-0.0006806648166920477,-0.014663462760522106,-0.006500375618547528,-0.018776323322954314
2008-07-29,0.016453356501531798,0.005527295312312682,0.018675617309213827,0.001096936527277958,0.002878364148952322,0.0034013567339148793,0.02135185934576067,0.011546011753745422,0.020711071322947694
2008-07-30,0.002896421440382291,0.0021951184344133597,-0.007742916461724621,-0.0017212174600549294,0.000865805185120414,0.0006187017923185655,0.01781788646990834,0.011477773721960117,0.005073196077310271
2008-07-31,-0.006759697243716112,-0.0009298178844010112,-0.008661428317099302,0.0010403468263520512,0.0010103389774166354,0.0008051334272501417,-0.013226504625847957,-0.004833613648581803,-0.0024135941194087795
2008-08-01,-0.005581945311359526,-0.0023123652622122465,-0.007914673561659306,-0.000851425281682731,-0.0011096855649309508,-0.001202828712073373,-0.005282483256684012,-0.0029653437521520477,-0.012758992991530826
2008-08-04,-0.010435360308828856,-0.0041491535638248055,-0.018904327706272053,-0.0036111277303332336,-0.0029715144739813452,-0.003434786410700159,-0.009274223927379754,-0.005818714695877748,-0.010026498674275186
2008-08-05,0.01669854531033943,0.006461038160641808,0.0016198692804541004,-0.002134270544852268,0.0027127854939532625,0.0030166050685287438,0.026962092762848222,0.014123628871274496,0.03376069118854863
2008-08-06,0.004787334051913385,0.002018468897145153,0.011311486046543579,0.0016440518601102043,0.001103658325171405,0.0011434410348591054,0.004440848584333246,0.0028325245791243642,0.015240338335337
2008-08-07,-0.012788552534866592,-0.0030419018494149677,-0.020835190666901305,-0.00039346491960111677,-0.0005284190757246787,-0.0011562752618641536,-0.014891696527629561,-0.005398303314613736,-0.007719884014712797
2008-08-08,0.00607210813841118,0.0022583441535229546,-0.006444143937805213,-0.00244870972323996,0.0008735989387022815,0.0009976377848222632,0.01858085059897885,0.011019808795239672,0.022692279506696833
2008-08-11,-0.0006476588255133718,-0.0013324323358335898,-0.020214153819229107,-0.005297285752325242,-0.001961250517587548,-0.002058949482444688,0.01035803335596075,0.004379532011675225,0.009087718482097218
2008-08-12,-0.007325460715983301,-0.0014101636176409652,-0.007653950553568089,0.00047069819334225293,-8.579563079927078e-05,-0.0006442291868793001,-0.01040443696195048,-0.0036569221870003917,0.0010467646912568629
2008-08-13,-0.004400578354470932,-0.002219096528484232,0.0011420703203064483,0.0010459242141668782,-0.001350879649236588,-0.0013525846588918595,-0.006030692741831212,-0.004502654306285815,-0.0020917116390549717
2008-08-14,0.0020659644813717944,0.0012178073603073174,-0.006725699002984238,-0.001581541206029073,0.0006806685859908108,0.0004583682560797719,0.007544844728221811,0.005774730421974884,0.011530110120409276
2008-08-15,-0.004775347055016867,-0.000949117761908997,-0.01605866670882236,-0.002035458264845148,-0.00042801185626700983,-0.000832321784787595,0.0048631285347204845,0.004415080907767866,-0.001865424522053738
2008-08-18,-0.006041176256497568,-0.001844695950119535,-0.0031987921736901523,0.0012863844558476587,-0.00023975810799448414,-0.000266657453364617,-0.013673914526089015,-0.007330730930683427,-0.011627979843778391
2008-08-19,-0.006758761714521978,-0.0026288994581413405,0.002709903487990297,0.0020797494303842604,-0.0012138633662786,-0.0012747498577377909,-0.010904465645409811,-0.007156564283162455,-0.01239452042328515
2008-08-20,0.004361853185360558,0.0025032941255695622,0.00894223657103342,0.0018373972342724822,0.001889774315419302,0.0017935074317434907,0.0046460701550399275,0.003957268243410312,0.0017015463367613393
2008-08-21,0.001187733636319651,6.786538439961681e-05,0.0105856368254692,0.0017155153893355511,-0.00017375129035869446,4.705332078847372e-05,0.0017242813244437993,0.0001891506909363394,-0.004671751670310531
2008-08-22,0.006140502051647892,0.001447893423133738,-0.00432061035648419,-0.0029279621946520814,0.0001360591251741296,0.00044765942385435287,0.014475553499433857,0.0075588142197410245,0.013228055074600453
2008-08-25,-0.012879236554382677,-0.003815521598679565,-0.013261133092404918,0.0003344114632205051,-0.0013014482053936994,-0.001876723251655517,-0.020285086460459456,-0.009689501183286289,-0.021057017100765907
2008-08-26,0.0025824090858737525,0.0008538936942690224,0.0028998073666689594,0.00011650437217569908,0.0007211504736883346,0.0009528966580648386,0.0029129220372121623,0.0018817723371243385,-0.0012906964366945495
2008-08-27,0.00803130829234742,0.0036527868532066194,0.011510763584573439,0.0016076505967792514,0.002404650750485216,0.0025595039869652446,0.009734089996161766,0.006426528189679785,0.0064615356673958235
2008-08-28,0.00994108265688811,0.003743263320638778,0.009845847177303876,0.0008454904994245425,0.0023857042819643045,0.0029425880134989323,0.012127409711449655,0.006730903574076253,0.008131793946685839
2008-08-29,-0.007132378087211237,-0.0029698716851093115,-0.0066270750959063745,-0.0006526392039558675,-0.0017164226571362105,-0.0019216925583571075,-0.010753460030437867,-0.0069987501056377474,-0.0210146116758122
2008-09-02,-0.011636582848240389,-0.0035611987032683028,-0.02659356325079928,-0.003069617923686293,-0.0013306847343580355,-0.001812477205221282,-0.006211866689550094,-0.0015901874335094834,-0.012359406863178823
2008-09-03,-0.001919334175625704,-0.0003556665550852196,-0.008339057115264378,-0.000730744365549693,0.0005575320794381848,0.0006942419423647706,-0.0008590884740677929,0.00046445079427865244,-0.009440070387643607
2008-09-04,-0.024953686196138913,-0.009605727472743908,-0.031437031051063324,-0.0021021251046555722,-0.004659834184365663,-0.005282512279196516,-0.03010625458149785,-0.01605935857601204,-0.03235824706775736
2008-09-05,0.000599259534513631,-0.00040292851731419033,0.007390076854628468,0.0006499299547693925,-0.00032934614206350533,-0.0001668230326821848,0.003144383180318844,0.0009544126526145946,-0.0048095430898486
2008-09-08,0.012193820519829614,0.004691632781580253,0.006933792927063602,0.0009314824361135808,0.0030659881849191984,0.0036857204812639696,0.02065573156922973,0.012288576383608528,-0.0018412658462652054
2008-09-09,-0.02446892345620044,-0.008446889797275581,-0.040445593286263015,-0.003497656514264618,-0.004792026874532879,-0.005991315619433755,-0.029687412091871868,-0.015910233662513967,-0.021212696139921716
2008-09-10,0.0007600855861467192,9.291559290462557e-05,-0.005269469878653003,-0.0014532396142659693,-0.0010160707333994466,-0.0014887220225295746,0.004057570808821298,0.0013468012788494454,0.008244492658830094
2008-09-11,0.001390417950522151,0.0005857198251413179,-0.012034359249434965,-0.0014141167884476722,-0.00012751568424013723,-0.00013915654296028262,0.014468253465603098,0.007823140127675703,0.018691572309930793
2008-09-12,0.011778669133871978,0.004059340185191607,0.030326936795340147,0.003285764444792532,0.0022824423448241345,0.0028540657780760158,0.004621145367732282,0.0007241225296081215,-0.003899103371130308
2008-09-15,-0.028504651590872208,-0.005900751664212382,-0.02879574871643628,0.00437169680790327,0.0012959330300157902,0.0005296196292360398,-0.0475847696830467,-0.020678701659693093,-0.031083972979184638
2008-09-16,0.004724208845342793,0.00038468981093785844,-0.0017916575441794562,-0.0008608310685159549,7.861987348349998e-05,0.0006543038620160434,0.01673740849842198,0.008525077106760428,0.007841523348908863
2008-09-17,-0.014946582967421206,-0.002562762421613253,0.014753423458344968,0.009030584592075818,0.003579843653280742,0.004492379683450305,-0.04496344634537908,-0.02258828233417402,-0.05187433763141025
2008-09-18,0.025883031467748945,0.006508751809267549,0.020227522964238253,-0.0012095298049422426,0.0014481310301440228,0.002209691105747551,0.02967138418896842,0.011941868527480241,0.03382227875904742
2008-09-19,0.04043734666884477,0.010971400097184617,0.07769796337471731,0.0021381516007660225,0.0030630305952119513,0.0045592583963103995,0.039714134172052606,0.015658176480253028,0.03269045409529636
2008-09-22,-0.026030435283689625,-0.009838924127862803,-0.015334540481834094,-0.0005654523310356814,-0.005529267434225011,-0.006097555942758357,-0.02263940184218627,-0.014349215258893518,-0.047086428503785305
2008-09-23,-0.010939017048538049,-0.004311967974036439,-0.01929294380837716,-0.0008715314030125942,-0.0019234666637817162,-0.0020584499576059333,-0.022751481166752963,-0.013441267706304636,-0.007583473759996018
2008-09-24,-0.00014058594595317043,0.001297574113284056,-0.0034998093854457105,0.0004955342348130655,0.0008669792522715384,0.00033182016335614635,0.0032052636694281933,0.0029476122203672406,0.006901965071469673
2008-09-25,0.013749612658268694,0.004078066294207188,0.022096364504764744,-0.00010898697468686903,0.0011028242995901453,0.0013063376554847805,0.01563905299620827,0.007899900308984653,0.015911714430147494
2008-09-26,-0.003952116119940332,-0.0016435776531868503,-0.013952957478649313,-1.3417905251114279e-05,-4.048875462761294e-06,0.000467652249808038,0.0004971606012518226,1.6584337990719836e-05,-0.010120726472776287
2008-09-29,-0.056158658824462596,-0.01898816328463824,-0.049654947033856214,0.002604069794351834,-0.005932024994444843,-0.0066893692289545885,-0.07836154454133326,-0.04052791977124643,-0.07935684658502618
2008-09-30,0.02598758229647459,0.006416623694851625,0.013226539346982785,-0.003955481409239977,-8.85178122741058e-05,0.00010486705179115756,0.04138972190338941,0.01774499134656432,0.0288204262680809
2008-10-01,3.2660361489667534e-05,0.002342552986401771,0.007538732747979987,0.0032511798785321093,0.0027604319959100036,0.002477278227857379,0.0006034917768094061,0.0033106192594176418,-0.010536677756026624
2008-10-02,-0.03811997431021291,-0.012807522676449476,-0.05995921010103781,-0.005447527280321086,-0.007541170374955695,-0.00941300603945839,-0.03627437523857113,-0.01862329861925477,-0.04545491200082585
2008-10-03,-0.011055446984130857,-0.0023241744901960626,-0.007314427566252779,0.0010067487942722053,-0.0006631875620594085,-0.0014223288536157064,-0.013500316931254863,-0.006648338523156383,-0.015510086154137959
2008-10-06,-0.03128958698156736,-0.010723091528182077,-0.014964749507377941,0.0009247129756023151,-0.003418252878884231,-0.003577924914981211,-0.05093334074194,-0.027073605052454562,-0.03648463790202994
2008-10-07,-0.034636505466330784,-0.013163892112575194,-0.009958038046200351,-0.0011824807980604633,-0.006977541698114143,-0.007542070952198976,-0.044785564285492185,-0.026352692992925437,-0.06339580948711898
2008-10-08,-0.00868922776669232,-0.007435282392124871,0.007364671161629893,-0.00287011119774768,-0.005960139494356373,-0.005381310411276566,-0.025192811944909077,-0.019856719442121383,-0.007963545155022178
2008-10-09,-0.03943167867809831,-0.016053271569297832,-0.02178681340208082,-0.0019236716689961925,-0.00983150341645438,-0.010742979488129831,-0.0698391839713427,-0.04395353694679643,-0.02686034623266864
2008-10-10,-0.009220338691822887,-0.005389877917275977,-0.03391964436425506,-0.0006474319589244511,-0.003919070601992885,-0.004309784701209127,-0.024255504530647398,-0.018637450983149048,-0.00634522400319415
2008-10-13,0.0830899065185499,0.028119259953721273,0.05768548183156054,-0.0004316161447514015,0.011290302785412258,0.0120482566790513,0.14519702389587086,0.07656426709882333,0.12164795048082477
2008-10-14,-0.025128227849862763,-0.009680838752975741,-0.016904930497069686,-0.002060999949308192,-0.006420091406458165,-0.007364549911597169,-0.014799889276439937,-0.010597231863237608,-0.043268238967587025
2008-10-15,-0.07173238129449261,-0.02456714269429927,-0.04485309775329206,-0.001543575555423354,-0.011525297088810968,-0.01322264845242371,-0.09844744987345366,-0.0537745382575634,-0.08955651966332512
2008-10-16,0.024042984968409446,0.008735452928598186,-0.007231664124552102,-0.0013130122919089355,0.003310940912818422,0.003011613800035149,0.04165739981169603,0.023165816496858588,0.05424814646924214
2008-10-17,-0.010170772312612519,-0.002377085179178211,-0.01885141863248829,-0.0012849367744448247,-0.001129645962902837,-0.0018873397985035953,-0.005972650172718974,-0.0006208679625476941,0.0012403059636767466
2008-10-20,0.030670833050762448,0.01155202862309745,0.02819231814100413,0.0012046629893734126,0.005784948632669912,0.006235784826992353,0.060080040490885,0.03413310986104547,0.027863560279733912
2008-10-21,-0.035934534837191445,-0.01112392012578872,-0.034887583923082874,-0.001487428638184231,-0.004791572587418774,-0.006031421658004273,-0.029855705660086662,-0.012665964468697026,-0.051807215234685455
2008-10-22,-0.04795330275811147,-0.01562480339396603,-0.05264619425508242,-0.004133164154129976,-0.008776302849208509,-0.01093887593099517,-0.0544539868965942,-0.0274232383903677,-0.02763694861092847
2008-10-23,0.0014110932151093405,0.00044608439143896687,0.002060071940393114,-0.001382679271357366,-0.0007599618415660376,-0.001357418303488723,0.01158389007992966,0.006963591936906702,-0.003919534709746708
2008-10-24,-0.03360148853456678,-0.01179307186911502,-0.02182273936979737,-0.00048245098184158475,-0.005938674027310301,-0.006214609587466546,-0.05071417495629171,-0.029868780696930074,-0.03214203552866535
2008-10-27,-0.02618641138886193,-0.010787573305317781,-0.007240974232239229,-0.0035766193492508744,-0.006867244714053581,-0.0074777917173787295,-0.035501145510672405,-0.01941642685939518,-0.027787104430522458
2008-10-28,0.08853138768091198,0.029848518315668298,0.06098639577075543,0.006802256631192164,0.016073037793988144,0.018305560563270956,0.11685559680225355,0.058248195619311875,0.11049117607069814
2008-10-29,-0.0048556271194653096,-0.0007614634223207285,-0.007701247579294685,-0.00036793983676678397,-0.0005128668359354774,-0.0009188884911340659,-0.007252456700934884,-0.003417494170424061,-0.0025107116434697208
2008-10-30,0.030159561157917462,0.009427140110910212,0.029109488570989602,0.0025285030508432225,0.004146934935449975,0.004491091312047501,0.03459385697156803,0.0159195700080758,0.033353890495222416
2008-10-31,0.0034522757300732856,0.0010510437750934722,-0.010820134098967732,0.0006712049296564084,0.001073913119801141,0.0015155064005774718,0.005503775475817596,0.0022454355448005363,0.0015228149772712474
2008-11-03,-0.005807031036983545,-0.0006062369190868999,-0.0027251364563736225,0.0013919235391472995,-0.000253412191455471,-0.0008913079359103016,0.002891405802243341,0.0023144610256398135,-0.0021285375330971634
2008-11-04,0.05052354685323596,0.018887935983409078,0.04732919068515814,0.003558994664804071,0.013032656368204918,0.014935293677917997,0.033982254415496405,0.025184641976328255,0.028336712108678164
2008-11-05,-0.055162977630009664,-0.017363419162710274,-0.038335460096774236,-0.002620559172017097,-0.010095801494225582,-0.012297146870360348,-0.04202771640824088,-0.023356871476913704,-0.05214836051263694
2008-11-06,-0.03830934938338626,-0.013807240387572191,-0.01381455029162125,-0.0010147583046025612,-0.007735744159816785,-0.008406111546374842,-0.055411362831142674,-0.034136875328878324,-0.04470115868015356
2008-11-07,0.03486502315408091,0.00980893577522152,0.014601792621580808,0.00013340396725695035,0.0047270480877913915,0.005632903490553471,0.03301794653164691,0.017668927456524527,0.020614804983516866
2008-11-10,-0.013962419520085752,-0.00293331993304048,0.008217073118779871,0.0035809453323457662,-0.001475459491874561,-0.002494735040853636,-0.013104775814080427,-0.00730940458596117,-0.013465683449682464
2008-11-11,-0.021899383262190566,-0.006501350233449259,-0.01884906499096966,-0.0013701773589012093,-0.003185744086396305,-0.0038003248841471677,-0.030875663491659933,-0.016557668150983057,-0.021774482527398997
2008-11-12,-0.04214808570249041,-0.01249679688703391,-0.022536013292183053,-0.0009609756095563364,-0.006609474691963283,-0.008118327904618474,-0.044001137492993725,-0.02280599425013444,-0.046179249161361846
2008-11-13,0.05903030236052484,0.01645705917363417,0.03322478697423315,0.0012656995864039336,0.00849792252463926,0.010452849901560996,0.062340441400219104,0.032071539863083746,0.060954183697146336
2008-11-14,-0.0425155952046345,-0.012428076276930662,-0.007822753928323373,-0.0019405691754228768,-0.006249110186752263,-0.0073425990065703745,-0.04990719214767536,-0.024889001474984757,-0.04858828558018102
2008-11-17,-0.012995218130203394,-0.0028275163565214517,-0.004794216928352804,0.001086451783780096,-0.0010118788385529353,-0.0016842775816254573,-0.01327673918516481,-0.005691653813703817,-0.021049196951947402
2008-11-18,0.003044896485665771,0.003013702327382106,-6.998101545134972e-05,0.000661062494990121,0.0024786314204762023,0.002223922229050619,0.018837127776140106,0.01398902821605141,-0.0010572909261127306
2008-11-19,-0.04670027131427181,-0.01267128406939946,-0.011459274794663507,-0.00046805900284567926,-0.006201729342475579,-0.007804937391620944,-0.06407889842093539,-0.03152137920690718,-0.0522228996066918
2008-11-20,-0.03348329192574006,-0.00668144593141008,0.004263759425167084,0.0009782885906509024,-0.0003824261167813031,-0.0008915862549496816,-0.07423331153050539,-0.03140021338430118,-0.04839920403970832
2008-11-21,0.048617043872350996,0.012515915743949405,0.047505767816783125,0.003026703772710548,0.007166376947258605,0.009530168255759261,0.05394274699886292,0.023769575844855728,0.043427336053978305
2008-11-24,0.05323145888029188,0.014418355429978201,0.01690335972926331,-0.0003591092908686749,0.0076743756754151845,0.00996794312989984,0.06929072626233013,0.032897329833737374,0.06111728082787948
2008-11-25,0.004466535617497056,0.004527636002571244,0.003560597854946673,0.00038230412350255647,0.004694264121173749,0.0046921004005051475,0.007409607819443886,0.0117405998233548,-0.004593813741477271
2008-11-26,0.025495659379805437,0.01045046141857892,0.01211869963610689,0.004246856146104797,0.007294687764020694,0.007556107998626764,0.03864102531353386,0.024119092258102534,0.0418885913012208
2008-11-28,-0.003040484084664397,-0.00011158058191571116,-0.0028326936858407963,0.00011834730298890608,0.00013007321245277702,-9.455011919462282e-05,0.012589049363882276,0.007955656964038818,-0.007836347766587148
2008-12-01,-0.07133665404713369,-0.021181673113765592,-0.035260231203798065,-0.0023297907159180492,-0.01265894414786313,-0.016297632514663568,-0.08857814915991968,-0.04408752036784514,-0.07520600812807421
2008-12-02,0.039589708592739144,0.012954042581661437,0.01927696256968821,0.0016114553763156016,0.008858413872707926,0.01042226687770199,0.038484723667573606,0.023129864347594124,0.033420053003497374
2008-12-03,0.012260946762195468,0.004473686493456697,-0.003605123810948019,0.0006436385100587749,0.00325204946817248,0.003585872935399248,0.02404106186738808,0.014941292723197774,0.02838662771819056
2008-12-04,-0.020022619973975343,-0.005530945136362937,-0.0009858920830380109,-0.0006555004784295453,-0.002523325170868303,-0.002927231206037678,-0.02313376481189955,-0.011535757406389955,-0.028302134596578266
2008-12-05,0.028446998538783057,0.006214003845077357,-0.009628729935073068,-0.0006320670805765563,0.0028097726684762564,0.0036972980499292004,0.030833363126626434,0.014201125541231787,0.04063314931427642
2008-12-08,0.03939688118399833,0.011248350920377787,0.007043887283364591,0.00030518500024591584,0.006825580380168095,0.008178124137488816,0.03491374859211005,0.019751753893278764,0.03939207873404271
2008-12-09,-0.014888329609550423,-0.001536524132710613,0.004703347610573999,0.002805360650582208,-0.0005648708388340312,-0.0016909834054526563,-0.016483399045758462,-0.00691291873955705,-0.002327453288373582
2008-12-10,0.027335890113891426,0.0074536101590979495,0.017179260435696255,0.0010341859435027993,0.00601692194620048,0.007693183258029606,0.00681542694713877,0.003800458844896616,-0.0033322465759012543
2008-12-11,-0.025485299909203375,-0.005409046797303521,0.007460672232636616,0.00212272605434957,-0.0038412675408987457,-0.005416224541133823,-0.024081632222131777,-0.01241993759319741,-0.02741534802770973
2008-12-12,0.01882335618135892,0.006231431695034963,0.002007635009005157,0.0007997772040144129,0.00548654872465431,0.00656107561527918,0.011939489916238166,0.008334660978518049,0.020281293602646633
2008-12-15,-0.004274740111168608,-0.0003590233493087078,0.010075210750248293,0.0010581459571530158,0.0003017328822789546,0.00026375367047383794,-0.013933781382560406,-0.007619067587642284,-0.01751991475065595
2008-12-16,0.05342173869348009,0.019656502454193023,0.015645790434203104,0.002805962955345193,0.014260762430894035,0.01573412791473946,0.04706564956082304,0.03471724397016603,0.04801124621320563
2008-12-17,-0.00510455370403257,-0.0020461935902769636,0.007053091634932683,-0.0019019747562660733,-0.00012549998789127643,0.00034612379916936756,-0.009687100888854827,-0.003276859576453469,-0.012107429050776108
2008-12-18,-0.026489278496558077,-0.007616809228645285,-0.00492937133454119,-0.0004326970130360069,-0.005119423759963046,-0.006442657215286096,-0.0186825369773429,-0.00869277016179816,-0.017555959100858387
2008-12-19,0.003042698617270135,-0.0007366024170315229,-0.007606573557279924,-0.0012895445465874564,-1.863813075921386e-05,0.0005864526623625202,-0.004301786347649994,-0.0039040349449486348,0.008204920619622857
2008-12-22,-0.01337000753830805,-0.005298503590136025,0.0027273981960151497,-0.0022501632574241544,-0.003972054387066413,-0.004163585950278664,-0.01281332563037263,-0.008742588993939877,-0.02176777842559885
2008-12-23,-0.006010319416615591,-0.0021031790659302276,-0.004270318636904532,-0.00022773653594047167,-0.0013827574081138223,-0.0016014970251728117,-0.010337653897438459,-0.006389052687356107,-0.005135702475704829
2008-12-24,0.005066151735078289,0.0017037982304367906,0.0037792525825133243,0.000625199803989552,0.0013410483929395152,0.0016414570040078902,0.005802773487562751,0.0030519524182371074,0.0027532062382435996
2008-12-26,0.009031305775015912,0.0046675087847486115,0.012955890771222332,0.0018635441174163522,0.004363234465451631,0.004900644190064951,0.005769840056515152,0.005599806142732305,-0.00034294939212908826
2008-12-29,-0.00954400634180525,-0.001291269482955056,0.00495412150704302,0.002323334385222585,-0.0005409836509430506,-0.0011156820940673752,-0.002868129387390783,-0.0008273875555772159,-0.008239158400965674
2008-12-30,0.01941571848606118,0.0069969552185784115,-0.0014651746934747055,0.001248540480083301,0.004381319210412673,0.004638009455705559,0.023703012790362354,0.014709067404405118,0.02076844034075709
2008-12-31,0.013943056183953683,0.0027173713807849133,-0.0013907060827652426,-0.0001372473994837574,0.0012252563849359508,0.0020188703103781397,0.014273879968777825,0.004195746664109182,0.008477459582488578
2009-01-02,0.009203331346598488,-0.0010437357131948732,-0.007976968067135173,-0.004363715372240762,-0.004973155932821542,-0.0053078625294164464,0.030141911752829875,0.012713317793391972,0.04337584829443153
2009-01-05,-0.002519198108583476,-0.00021129387545226752,-0.0072303447835311285,0.0011937771020058552,-0.0005174243407176649,-0.0010529246658459446,-0.0011830090661266723,-0.0014469820283560253,-0.000322346229537529
2009-01-06,0.01457626589904146,0.004447607689286877,0.005933061468650337,0.001135515359819962,0.0032386604127078236,0.003767870336594409,0.006677327262214483,0.0037599933585147553,0.00999359953901835
2009-01-07,-0.024670630539516,-0.008340562246833634,-0.01906517077977704,-0.002832474573052443,-0.0055166094644487395,-0.006187771007366578,-0.029956132754060727,-0.017947819728634466,-0.028407532745844732
2009-01-08,0.0062611718778957295,0.0030031616900274226,0.008624390343156804,0.0009409706977802749,0.002256365354601392,0.002473037954775678,0.0040805427555534735,0.0035135039146633987,0.010513049196737567
2009-01-09,-0.020948036006815027,-0.005604019541483008,-0.0034804133788757714,0.00022840737731519073,-0.002830958553311189,-0.0033631633784342485,-0.021419145977635945,-0.010864856080535125,-0.022431931795627857
2009-01-12,-0.02475275865092291,-0.0067780605475188695,-0.01781150671635787,-0.0015402453692844277,-0.004396554217985441,-0.005472370269344181,-0.024020799748224242,-0.01156524418072898,-0.01829114723849934
2009-01-13,-0.0005692142179461865,-0.0003224188281749341,0.0012546471838120025,0.0002520945220616846,0.0005098616065933735,0.0007887134805893081,0.0018402486868178691,0.0013680391014427847,0.0003392100232135764
2009-01-14,-0.02915640951070425,-0.007546347866166145,-0.008975175613585303,-1.0699852381868725e-05,-0.003536106732991386,-0.004139729223777998,-0.031454204529758334,-0.015944511504247697,-0.030477681520057476
2009-01-15,0.007662601580685303,0.0014761953806600439,0.003879928937765693,-0.0005474426204270888,0.0008858275365253869,0.0012710986143381366,0.00035538038066640354,-0.00014270616058727865,0.016416660111666426
2009-01-16,0.010381915791678579,0.002207121146380889,0.008648340551082882,0.0010141805703204067,0.0015618270896744714,0.0023392507703958645,0.007819814906324218,0.000538072741403244,0.010996389782360394
2009-01-20,-0.04660308097053222,-0.013482882172855887,-0.0011400623699314412,-0.00037885883923688104,-0.0072156240552140784,-0.007675409907766238,-0.052786078296147454,-0.03108828841396471,-0.049626067491506
2009-01-21,0.03438751699078187,0.007634200006039116,0.0006495400788214707,-0.0010563619844545854,0.0031678871105635838,0.0038665629034044784,0.04319217158361166,0.02046469560293353,0.04256081476913187
2009-01-22,-0.019764045135718045,-0.006174473270207674,-0.004607181095046161,-0.0003968731597371922,-0.004074540802656293,-0.004371186287786981,-0.015466600696862232,-0.01171313684116127,-0.01337909893055178
2009-01-23,0.009946653362466475,0.0031201003318448973,0.020509591128915493,0.0015840477641100516,0.0032827218627768558,0.004282632859848453,0.004349635061607904,0.002585424669242484,0.00486781025534011
2009-01-26,0.008167814753091664,0.0016226607182088914,0.002244254545306312,-0.0009203870692020245,-7.242750059434626e-06,2.6870315492920246e-05,0.006858951988976125,0.0028846983667414404,0.007266650688315668
2009-01-27,0.00907789579945371,0.004079110803421953,0.00210508724058413,0.0014210375248581517,0.0030023181853093064,0.0029256496970571227,0.010157379804255573,0.008638724454920163,0.007213542789883842
2009-01-28,0.028224414539693876,0.006955234870113149,-0.00105952498163688,-9.6498063991371e-05,0.003261817532771317,0.003739607312596599,0.03383425350217384,0.016859325213678618,0.03512997882204805
2009-01-29,-0.02907355074216831,-0.01098640853257843,-0.0019313593964637912,-0.002598982991151919,-0.0077957790220958756,-0.007933951618926734,-0.03249802833368187,-0.024472634515978586,-0.025370863038212788
2009-01-30,-0.007576334356547276,-0.001742513604818427,0.007482319593727019,0.0010782334956135563,-0.0005781188324530072,-0.0005512059515697785,-0.020342849829453113,-0.01203767900108949,-0.01757948171117185
2009-02-02,-0.004241232022187656,-0.00012580231873707748,-0.009460978533413029,0.00010950331663342267,0.0006738726506420785,0.0003503327726110036,-0.003018315986529796,0.0016765417098791892,0.012044581961244916
2009-02-03,0.012403069579207211,0.002159487862545835,-0.0017438400023476986,-0.001022179069170467,-0.0007389124535053195,-0.0008877208893237057,0.014047192624811355,0.004426731552215379,0.01564062698940294
2009-02-04,-0.004427322799541944,-0.002785758045279918,0.0005675706211853981,-0.00138942772161732,-0.0026442216919242423,-0.0026633878254199717,-0.00489618061098962,-0.0050096149033278525,0.0013390133039150598
2009-02-05,0.010933774375117581,0.004424003841361869,0.005225348028641635,0.0008232165365308485,0.002333626027880707,0.0022540882861528137,0.01488060522027923,0.009866075389157878,0.022066248274333233
2009-02-06,0.023522923120381158,0.005743888924139216,-0.0049010659991927585,-5.910278851587716e-05,0.0026308684838624442,0.0030756531380795654,0.028497475816703588,0.014780575298363264,0.026169654078369353
2009-02-09,0.00206693424631754,3.5956974257727085e-05,-0.006611388572122768,-0.0008398901272704129,-0.0005465257464988514,-0.0006419432974520995,0.0013790465453373812,5.2835502129905016e-05,0.004143952751385571
2009-02-10,-0.03520730153355096,-0.0076809004710438385,0.014373577607950721,0.0019299820545775007,-0.0020157742187281733,-0.00244349619202214,-0.04580966834638245,-0.022839691923968793,-0.03682517932523788
2009-02-11,0.010805056143336813,0.004152623427043468,0.01234173710641925,0.0008673452421269574,0.00372035828313356,0.004204393060857391,0.005895998782761591,0.0066284542494559825,-0.004614529670495027
2009-02-12,-0.0009002761357264378,0.0007555026574586573,0.004004636079705944,0.0013440150832266158,0.0007970975968659733,0.00079417550933665,0.0007181227890256103,0.00030227045468006583,0.01225151988225881
2009-02-13,-0.01146327113875057,-0.005453266406651648,-0.006204899523919632,-0.001952814783443025,-0.005310581062107335,-0.005837497937394026,-0.01075759444393476,-0.009594675737045128,-0.004579740169429525
2009-02-17,-0.030557582113408283,-0.005271919150343965,0.019993647303151084,0.0025849368274092626,0.0005097250909889349,0.0004910978902763819,-0.04277455094795346,-0.018742893604479047,-0.03976342180855874
2009-02-18,0.0007214314364658693,-0.0015370062884588482,0.0031761584733934066,-0.0011940172138808687,-0.0014453423428085234,-0.0010032038605402632,-0.002398494485090996,-0.004439106769066237,0.0006843999848433757
2009-02-19,-0.010869108412149452,-0.0042511525650922866,-0.007166002775368671,-0.0008406088920392078,-0.0037188609225270665,-0.0041869472083680675,-0.010755224037038325,-0.008587109540322983,-0.01538971736292638
2009-02-20,0.002063149540306175,0.0013875934786802663,0.01013265027157991,0.0011481777332979551,0.0028846140375120024,0.003701706823956599,-0.009722138862502505,-0.004469099190163313,0.002779103070865485
2009-02-23,-0.025230290229454614,-0.007544530310173515,3.936710714971615e-05,-0.0004415644590627323,-0.004444514064870737,-0.004936492003313484,-0.0357781613816619,-0.020315484551637845,-0.034984604733640734
2009-02-24,0.024577411947052184,0.005625808920218773,-0.014566484949160312,-0.001016892951603839,0.001862670360242508,0.0018381905585608638,0.0379102377376932,0.01997571402665997,0.033022399285163706
2009-02-25,-0.013514960445276402,-0.006476205520074563,-0.01083856096964392,-0.0025632092846858447,-0.005536346259176858,-0.005856228992989838,-0.007872151996721866,-0.008371583295077041,-0.006602314953559785
2009-02-26,-0.012900306470934996,-0.003930821844869313,-0.0013035335815815747,0.00031639909381141033,-0.002646630679313815,-0.0030035563055567562,-0.016261874333570292,-0.010504944190195951,-0.027981497322127402
2009-02-27,-0.009206877652624103,-0.0026823611393077566,-0.002125959197040398,0.0002294647616737,-0.001403726596465304,-0.0015507666444202644,-0.022348776693393968,-0.013250182621368399,-0.009355900729952293
2009-03-02,-0.03451824763019658,-0.007747234655682649,-0.003199722108342477,0.0008451271817849497,-0.0029013192187041324,-0.0036262563070354635,-0.04504250742236415,-0.02143885331393989,-0.03232833664982537
2009-03-03,-0.0016845044664627567,-0.0014924747847997295,-0.004642283271148868,-0.0009341117343724407,-0.0014130329566585072,-0.0015284640581467721,-0.0075073458296599505,-0.004748446655565895,-0.0007510974076748722
2009-03-04,0.019700353693709684,0.0040508438462586935,-0.006946525097703683,-0.0005572503318562586,0.0006069392889868706,0.0004825163385800138,0.023690822233424003,0.010915124555994445,0.026671772023151075
2009-03-05,-0.020989899260652187,-0.003390836177392336,0.018460315997557483,0.0016289129424047412,0.0006007217437044086,0.0007572787447935076,-0.04084776735719109,-0.017880527731901914,-0.030003584510506887
2009-03-06,-0.0006331305821378752,-0.0012741726995011415,-0.0007503845068186354,-0.0003733085052792795,-0.0015165648796982012,-0.0015500499236780207,0.001744138375220139,-0.0009496648547473452,-0.00792152284623504
2009-03-09,-0.011046412345046854,-0.004575504092750603,-0.007506769339321882,-0.0017672324818066344,-0.0026183571295929292,-0.0026702227973638406,-0.01175205580532035,-0.006901117589322767,-0.021292423060854326
2009-03-10,0.04869020181718928,0.012708762599817503,-0.013705533514442318,-0.0004525855385809262,0.006190245818543588,0.006858240692323992,0.05960868467150604,0.032752893650941445,0.06177108038933676
2009-03-11,0.0034512726939352695,0.0028455814938706738,0.00778387239240232,0.0008426043807790103,0.002324081287311544,0.002291897147726255,0.006512611146626268,0.006754589819410644,0.015367940604725794
2009-03-12,0.033276087506463596,0.011110121186963539,0.0095196861202416,0.001523684122093809,0.007696049809541716,0.008717732133470393,0.03937244004980056,0.025279198453839396,0.033153221563650526
2009-03-13,0.0006698188506568947,0.000912217813813026,0.0007447810177314844,0.0009431607131715834,0.00028585087223386644,6.703100554690164e-05,0.007814376527913725,0.004585398647463539,0.002441313625693331
2009-03-16,-0.010973848412394715,-0.004382489336084481,-0.004730524255041512,-0.001415705622120063,-0.0048685046262698095,-0.005717899424514738,-0.0030227450714510606,-0.004028941289118362,-0.016701087070420284
2009-03-17,0.023329358911024452,0.006901393731532042,-0.00414737679795481,-0.00020012204175726687,0.003971482068671873,0.004491142272976513,0.030582895191157533,0.018400935071572123,0.03786223717532167
2009-03-18,0.02622708652742356,0.015099382090815067,0.02795318048365755,0.00502819848948841,0.014245876989622843,0.015044631694308759,0.022384068610768137,0.026748702849992832,0.01261546280932202
2009-03-19,-0.009879540352023583,-0.003574368590195659,0.003794508670817164,-0.0007763199334649948,-0.0032905468119823643,-0.0036613068985514325,-0.012385299888788559,-0.00905798805229117,-0.0006737115601924692
2009-03-20,-0.018636938240266354,-0.005025070672745758,-0.003010758331338781,0.0006685303052122935,-0.003773794212822256,-0.004754205685499663,-0.021294472598365477,-0.013368320591193923,-0.015220358791073862
2009-03-23,0.05881879216577842,0.017272771433330805,-0.007999652230331554,-3.7981085519738183e-05,0.009530635131469928,0.010566917371621257,0.07182876441773,0.043445201351023456,0.05894434751118083
2009-03-24,-0.02757898149167985,-0.009758569489876221,-0.005723325851519344,-0.002122904531984565,-0.00710137792736853,-0.00799540557574524,-0.019703101760506603,-0.013126141178426977,-0.01844647552272438
2009-03-25,0.009334317046741434,0.0022570383355905834,0.0019844933673141196,0.00036464845044870456,0.0009407434811678302,0.0012872900842683843,0.010545761874234838,0.004507688548000873,0.004615938911115336
2009-03-26,0.014235039968906469,0.005860459970182737,0.0010935459888396825,0.0016396458225323635,0.0038893848200891898,0.00400466564355048,0.02038058518096797,0.013968968828750818,0.030849873396065597
2009-03-27,-0.023719096282025072,-0.007810589516281694,-0.005523556984261482,-0.0004456860754814906,-0.004779356593465264,-0.0053667151671993405,-0.01804807843593137,-0.011832705204017547,-0.018783507225500595
2009-03-30,-0.02786929732830483,-0.008033711321293472,-0.0011705817499895852,-0.00012177363834827738,-0.004120557679620198,-0.004711350116096002,-0.03455492179188491,-0.020548014065129978,-0.024659516760122124
2009-03-31,0.020755909042271394,0.007208924681419086,0.0023113104747037963,0.0017767906962354383,0.005384789740664387,0.005995556939089467,0.009265812866204204,0.0064906185826210374,0.008649151213095063
2009-04-01,0.014232566558658235,0.005201800096075193,0.004212157357826016,0.0005319158378109849,0.002720842916463233,0.0027216369453525765,0.01936567452650384,0.013137882075888065,0.014841821952238154
2009-04-02,0.030497618396373848,0.007720784958456154,-0.012636099287662541,-0.0015673786873477522,0.0027878774168804002,0.0030339162397080683,0.029237731757515206,0.016209965067902045,0.03217427921376581
2009-04-03,0.015063077892915791,0.0016422458552902402,-0.010448947172633165,-0.0023922548301346545,-3.524081805775713e-05,0.0007137290216374971,0.009948636759922413,0.0023211154968658543,0.018576716853923703
2009-04-06,-0.011703606379501075,-0.003880206133387576,-0.012173115784655852,-0.00014795112605325844,-0.0027843170412163998,-0.0033074892747867457,-0.007833297398414873,-0.005725211744224024,-0.0024728798827265974
2009-04-07,-0.02041968573227807,-0.0050702447259800085,0.006706398887608908,0.00027177512167889,-0.0025015754936154617,-0.002785229534704944,-0.02332496361273051,-0.012945288452173742,-0.02634042510920931
2009-04-08,0.008809523540483786,0.0032847647815142786,0.0021260880724681937,0.0002821634693428624,0.0021865514484563715,0.0022176989798288194,0.010777621488275768,0.008404257875936169,0.01686843204187305
2009-04-09,0.031466672869459804,0.007126520123483818,-0.001739116703548639,-0.00042842699482579084,0.0039732602988528645,0.004932490990684305,0.03974315153924213,0.02121114329942672,0.030985924848709878
2009-04-13,0.0066424984550872215,0.004047312104599933,0.010184639575745882,0.002355085552057547,0.0038509882322641876,0.004106441304875811,0.00023306841668158107,0.0024783947075324685,-0.0015177829938771703
2009-04-14,-0.017822312599180275,-0.0037636768625524796,-0.0009695684739859952,0.0003968501012520042,-0.0024273227461912607,-0.003280096503667498,-0.017243832464675424,-0.008361032046058177,-0.012161998391252093
2009-04-15,0.016719245371463923,0.0046638857814964504,0.0017813423153353266,0.0007720971776929654,0.003779899570491691,0.004469829237608207,0.0106700520138574,0.006756144900856173,-0.002769985278095466
2009-04-16,0.008521110034779938,0.0010578618725549977,-0.009034364258966233,-0.0016201403114936156,-0.0005819177048175762,-0.0006126152605425044,0.014662528467016323,0.007214392758849398,0.0259261905166428
2009-04-17,0.00014719342321701989,-0.0017183769913388192,-0.006495837819906362,-0.0013645694536193525,-0.0019833671001614635,-0.0018754308370439398,0.0067053122909142004,0.0008654182050913911,0.002105584917842629
2009-04-20,-0.034536561983514076,-0.008398746784083687,0.00835898083347339,0.0004095406106258575,-0.0038324465419029277,-0.004371392863009133,-0.0419152559516166,-0.02275700425546751,-0.03212229380730025
2009-04-21,0.02065869755428046,0.005141680031389503,-0.0007578278741877905,0.00046968871331540263,0.0033156650689881457,0.004009231510364246,0.019536761862833263,0.010080342057602769,0.01395766292151479
2009-04-22,-0.007281901390967412,-0.0020834059706116414,0.0008412624316375348,-6.447396984740648e-05,-0.0016224806901596806,-0.0018151123114548602,-0.006112418339372483,-0.004641953695949334,0.00305871324128848
2009-04-23,0.01749740095333157,0.004855523029458953,0.007084669666644035,-4.9921689342043054e-05,0.003160671806149609,0.0037960405945368595,0.009817023678267311,0.005814483306357249,0.009759262403077118
2009-04-24,0.015384340328216058,0.00410803223939778,0.0035871966650184457,0.0005533271015940466,0.002590137316048756,0.00317425835855169,0.01511113333347569,0.00756652598360869,0.017517557184833166
2009-04-27,-0.014433610459020314,-0.0025966145115582664,-0.003138997286052902,0.0003362103137294169,-0.0016114148723999362,-0.0023321460330162974,-0.009462679445036204,-0.0041306143696829235,0.0011872611271033229
2009-04-28,-0.0038364531381662004,-0.0027803028142879935,-0.007955215534271472,-0.001305662692853526,-0.002392205539036138,-0.002458739927817194,-0.0031452650861870657,-0.003820699767198549,-0.007411828343405702
2009-04-29,0.021201398326453787,0.005745277283256605,0.00321672315193084,0.0015487275221667594,0.003159509884510237,0.003610691755659249,0.02126908604639488,0.010730310372969332,0.013739111073194366
2009-04-30,0.0027208713576897755,0.0010340490490561634,-0.00490022661581472,0.0007129955938111579,0.00013682625162281776,-0.0001433526409193839,0.00034381811807104867,-0.00045274765485677567,0.010018008314425897
2009-05-01,0.0019406960970686444,0.00014314708232770134,-0.0020686315191744257,-0.0005214489708078758,-0.001282631288899096,-0.0016606677432248374,0.005376176972841762,0.002041528262208696,0.00262521593847298
2009-05-04,0.03347562160344447,0.00994752078767877,0.011868834127011781,0.001591914525738293,0.0065752812899313486,0.007550822569861384,0.03401918170595075,0.021252288315884466,0.019785410044214746
2009-05-05,-0.00857262007902039,-0.0025275409292185988,-0.0024074079822430194,-0.0005175246446055984,-0.00210680306394093,-0.0025254366782112413,-0.00341039583045033,-0.002200561459651493,-0.0008564781861710724
2009-05-06,0.016086306169387665,0.005189151538623316,0.008344449683982624,0.0010409384094676177,0.003680620137247681,0.004181503899916228,0.017334714881057645,0.01053065441555523,0.00028533764723448485
2009-05-07,-0.018479352183813517,-0.007115974195125415,-0.0074728846574006885,-0.0019340069351199284,-0.0056254528939418845,-0.006001289722180098,-0.013891964768349419,-0.011704808135140238,-0.023408304819278025
2009-05-08,0.025487273671136575,0.007793570886053456,0.007731339083355993,0.0014549115384118183,0.005127949044006484,0.005663331029200079,0.023332478160140946,0.014534665036650053,0.0005847689435669601
2009-05-11,-0.015463164900585885,-0.002373012617040114,-0.0009454967991686817,0.001079594077108763,-0.00011811612108804728,-0.0005126280538217402,-0.018714002812256658,-0.007689892922074899,0.003505788115467423
2009-05-12,0.002868677136937884,0.0007742246124720074,0.005303442575960776,0.0001414694637102652,0.0005666680638536711,0.0007418474098134485,-0.0029595700390687707,-0.002035096271789723,-0.012227134323034794
2009-05-13,-0.02419738179745902,-0.006086350501919273,-0.0016793217065172157,-0.0002801656358174689,-0.0029114662136118154,-0.0033034335905928304,-0.025172250886832837,-0.0132784029593103,-0.026819807039897947
2009-05-14,0.00879099046529723,0.0027058677469837195,0.001785742422410172,0.0006358970211073108,0.0016851456032830029,0.00181491105337994,0.008569967779560317,0.0051287516397079715,0.011205185251144778
2009-05-15,-0.007587748476497815,-0.002275451653439988,4.9530809278229054e-05,-0.00025336127974939305,-0.0016377696007379777,-0.0017601322812286278,-0.00816202478837158,-0.005852439206822678,-0.0005986000795971114
2009-05-18,0.02779574121512632,0.006251180015668016,1.6944229828680774e-05,9.919790388019104e-05,0.002484839472607063,0.0027925646333391615,0.02840695975149643,0.014487039282026088,0.026070963975564077
2009-05-19,0.003665630353782386,0.0015696837145047714,0.003831033667623273,0.0008875026442721628,0.0007198745676703481,0.0006547180221868984,-0.001206233660355438,-0.0012818807824085089,0.0046726313900751215
2009-05-20,0.0023156970869458067,0.0020349355424957136,0.00750451154074279,0.0014745445960206134,0.0021326652899871447,0.0022815525545813353,-0.006693598429568293,-0.00278905336139195,-0.0034882067212661516
2009-05-21,-0.00599184506439915,-0.003874173161528483,-1.196151091726814e-05,-0.00151229396128707,-0.0028054747786168312,-0.0023509661868904973,-0.014363227267138012,-0.01299722328870196,-0.01837747892723618
2009-05-22,-0.002653837356121644,-0.0011966492348805017,-0.00028234123311861846,0.0003597876787129092,-0.0013333843193649698,-0.0014437204100459441,-0.002129705594372089,-0.0036256716507486997,-0.003269521191806901
2009-05-26,0.016906572035869528,0.0034983123617238366,-0.0026152836464100535,-0.00104949769302087,0.0010712351751586296,0.0014404509730514172,0.025612063610945812,0.012700479595221338,0.03726881782941516
2009-05-27,-0.011405319501985992,-0.0049073075681033,-0.007412651478936096,-0.0005182106790418614,-0.004190736296726073,-0.004453548320393667,-0.01785293592433257,-0.015288997524227703,-0.006898079437020699
2009-05-28,0.012027116010232795,0.004301082876768018,0.010041191079643208,0.0006423710446507114,0.0029495385421600007,0.003145449026872091,0.013940245508637261,0.010506100704074385,0.011577402262179737
2009-05-29,0.015800694448498912,0.007294503481113881,0.015311453321822788,0.0019344131863963008,0.006285166822704775,0.006805435907306609,0.01770722988539042,0.01518761940980308,0.012303069884829876
2009-06-01,0.019633576837715647,0.00327385508692402,-0.0019458723354499178,0.00011565927629155012,4.682032660286383e-05,0.0003817087681716332,0.024208227095459334,0.008383892721714071,0.028547037824376842
2009-06-02,0.0005426275199274721,0.0009424129263202058,0.0017190073380293819,-0.0006223541035516358,0.0005330954575832326,0.00045450502412366456,0.0008443522436305528,0.0017966518479063686,0.0013740094064695896
2009-06-03,-0.016471078304600224,-0.003827826411436823,-0.011577875176738129,0.0006950490817518712,-0.0011535058657173587,-0.0015345789388440114,-0.012651525346187631,-0.00549320444588626,-0.003018830745456502
2009-06-04,0.009753792877524493,0.0011292820305868166,0.006355541075280825,-0.0003130575814150865,0.00010493722985010221,0.0007782080396126664,0.009396726720517279,0.0012943889158167961,0.011285583915677355
2009-06-05,-0.007533458656847514,-0.0076187297513951036,-0.01325762473265124,-0.00672177712936195,-0.008015429364308657,-0.008325075124654191,0.00021200940198373708,-0.0038887888915032365,0.0010890008149755381
2009-06-08,-0.005645020131666346,-0.0035681450290685865,-0.006731960938131125,-0.002936548645616531,-0.0035256965182326647,-0.003617761399483243,-0.004125103738711777,-0.004504121774874661,-0.0029904426290265906
2009-06-09,0.00412842086315759,0.003232977345544747,0.0030245575233148513,0.002288111719821508,0.002914638303848202,0.0028866870944696437,0.0050978257119884685,0.004784853685602623,0.007635925183499426
2009-06-10,-0.0005128349586867127,-0.0009198703664124994,0.0018921447192954603,0.0001929661667783583,-0.0013544113651239227,-0.0014638208563549713,-0.002536204860668745,-0.003906604188363952,-0.0035191049562373067
2009-06-11,0.004027539063556459,0.002233299733187861,0.0077055564843064375,0.0006052403205828814,0.001417162564412898,0.0011673025020951767,0.004449174996876026,0.00538819521148281,0.0
2009-06-12,-2.6153803535798773e-05,0.0007093844097982551,-0.009486077970060887,0.0003571436116496918,0.001296432770032279,0.0012555726536159172,0.0027418735543045525,0.0037587960773050404,-0.004616606417821467
2009-06-15,-0.022998912975302092,-0.005952273293063193,-0.013620210920727176,-0.00037833951169995096,-0.003006621535144663,-0.00352415916518093,-0.022928158677040233,-0.012029710207992636,-0.020464102226773417
2009-06-16,-0.006413571916464656,-0.00040601776137610626,0.0010421048075852212,0.0008360269276266436,0.000882352945102168,0.0008865889635577622,-0.01356259439558749,-0.0058226180626586715,-0.009748910381667142
2009-06-17,-0.0026014823686356086,-7.868622038172357e-05,-0.002237674107116896,0.0008542979458599563,-1.65002725902683e-05,-8.294142316048723e-05,-0.00098259559516789,-0.0016717815337685318,0.009563306315529596
2009-06-18,-0.0017485648547773767,-0.0031208703534548634,-0.007907145734669156,-0.0018112152708131715,-0.0035511412858842,-0.0035565004117746437,0.007318547644250106,-0.0006306510784517194,-0.001949808477854198
2009-06-19,0.008311420729734544,0.003494062645542734,0.00417070810419142,0.0007447816582336556,0.002545178328722314,0.0026084824300042324,0.003686086460182869,0.00406545794482836,0.010733109005310881
2009-06-22,-0.02520070384125493,-0.006225191231618657,-0.014304133428867003,0.0001869771463604529,-0.0029089940100895076,-0.003499221728289587,-0.029987104292139244,-0.015698613162602394,-0.029867066357274985
2009-06-23,0.005315051158106316,0.0019409060798896232,0.0045117833415723885,0.00021317864596922962,0.0014546795219624164,0.0015465943314155268,0.0007845590067570019,0.0017966520155295583,-0.0022802769263772227
2009-06-24,0.009118039114583058,0.002098708786845517,0.007103307635544881,0.00046862050400695303,0.0009625150015877849,0.001203472164179362,0.008617242665414082,0.0034931944415876933,0.01685670767020242
2009-06-25,0.014188479227972126,0.007061987319305795,0.016117284915031265,0.002673738124783652,0.005770212748525036,0.005886378886620008,0.021748994726304982,0.01796315384371236,0.019668682919154357
2009-06-26,0.00039936866308867554,0.0003999796093810949,0.0018427122679801884,0.0005785671859832327,0.0006236808890248282,0.0006716146169848696,-0.002606241059702752,-0.0010031077461377267,0.00220449006047696
2009-06-29,0.005273811878771764,0.0018992715920979736,0.0017296388921433563,0.00012761134977782706,0.000982723997073378,0.0008944138257971885,0.009363969267874417,0.0063915383833238765,0.0021996409738134215
2009-06-30,-0.004240153810379735,-0.0019114891344640525,-0.007396524125047799,-0.0005121967565998918,-0.0014173933780766727,-0.0015031039479197392,-0.008090742467201317,-0.00587138571642215,-0.0019202192196261514
2009-07-01,0.00873967802506182,0.0030344271496289326,0.010174348256263756,0.0015912891639735085,0.0023534423289841015,0.0026689551061138453,0.004132917639670275,0.0021826250643962337,0.0005495768713290605
2009-07-02,-0.02125697776666599,-0.00534792824322444,-0.011628602065415213,0.00017299884222125796,-0.002771923718835464,-0.003336010575689605,-0.027293840525312918,-0.014824438119802377,-0.02197785466347213
2009-07-06,0.0006532890793789965,0.00010112788252032403,-0.0024979242059950885,0.0002030501489058106,0.00042524773264142573,0.0005106118081002697,-0.0001110067644963797,0.00020950084383560376,-0.0053373883136532685
2009-07-07,-0.01760810519150413,-0.004924895519495709,-0.003944887007225617,-0.0006916621114810839,-0.0024689031654552274,-0.002734779401807108,-0.019376347100776292,-0.010067870550645619,-0.024852343010060785
2009-07-08,-0.00393452407306268,0.0010325847325110683,-0.004386212644690258,0.0009810173321313162,0.0016154318658440302,0.0011747593085170702,-0.0006812749893899683,0.004271394736701712,0.005213307054500849
2009-07-09,0.0037547794866251293,0.00033217743118926654,0.0025492619043249553,-4.550438091042096e-06,-0.0008610499655713061,-0.0009512760549294972,0.001931575476908698,-0.0012523759029113796,0.001728692866462156
2009-07-10,-0.003545349006027096,0.0003302241335662691,0.00019287637526362814,0.0006508231280966765,0.0012052165450565013,0.0011824092413157273,-0.002381781560865992,0.0011180671556340874,0.004313797834464506
2009-07-13,0.015321407341771426,0.0040215112447786515,0.0028110113369540168,-0.00030643444831910977,0.001963297134960536,0.0023368378973917343,0.02432934041032908,0.01292043711962467,0.019186883400805987
2009-07-14,0.0048671450952173685,0.0002767882195339337,0.0024822816003134004,-0.0003295523493714227,-0.0004544028806144246,-0.00020751909447098619,0.005660241645507602,0.000712773841872807,0.00365256927793034
2009-07-15,0.02686128587570799,0.005548831940971996,0.012845694912270252,-0.0007813283946202312,0.0012851210454647003,0.0018476752185806388,0.029246412193924876,0.012408556193318494,0.03359491032886597
2009-07-16,0.005396571255763572,0.0032123568973518777,0.0015231679141533793,0.00149373563192442,0.0027765385969862845,0.002737684197153342,-0.0016087205709426344,0.0013516248213988758,0.01191774183506844
2009-07-17,-0.0022876926159989177,-0.001384872990667743,-0.00047011438653367724,-9.554258096384826e-05,-0.0019237208458593269,-0.002122496573720932,0.010954969635561085,0.004038953203667471,0.00535314593067282
2009-07-20,0.017055445133175414,0.0055857299434534475,0.0153128578537613,0.0010122829795752206,0.00393523284541117,0.004413612818522604,0.010623554499195276,0.007932994803764259,0.009584544334396261
2009-07-21,0.0019260718695645153,0.0027731207986763716,0.0028369982178527682,0.0010447454715505776,0.002804198203876831,0.0026633758911067187,0.004625297270191009,0.007151941485832373,0.006856623127375672
2009-07-22,0.0016646742791890884,-0.0002841968093909605,-0.001412820760690908,-0.0004659182935319489,-0.000806797273103752,-0.0007082726681181219,-0.0002090660348611495,-0.002415195731232572,0.008381914967076076
2009-07-23,0.015898739810205755,0.0027042018372199343,0.0021088985175932427,-0.00100920039041492,6.133519075027496e-05,0.00035678775398211384,0.022082531610514655,0.009837625100887365,0.022077544454289555
2009-07-24,0.0015077389782278197,0.0010296599702156479,0.0002944581467373992,0.00047006352016518144,0.001095339369589372,0.0011613845767356986,0.004095759160838375,0.0033468848064782423,-0.007623978447489299
2009-07-27,0.004212313827832121,0.000337605759709121,0.001609394666892809,-0.0004032612432947,-0.0002605032183545664,-5.5958173784658256e-05,0.0029574369991383076,8.146854654347748e-05,0.0076825500434423155
2009-07-28,-0.006045141480026451,-0.002453870700008466,-0.007133877631967125,-0.0009577107286814972,-0.0017670157710919176,-0.002066235773073126,-0.004677335925876713,-0.00216617408005638,-0.006861075592024091
2009-07-29,-0.00627225070456303,-0.0020606451293765007,-0.008964993757859429,-0.001327968024969285,-0.0016594658378627726,-0.0019253576553903565,-0.0024513435433340947,-0.001274884188492023,0.006652756378420888
2009-07-30,0.014054959204002262,0.00473530566059666,0.009067673587753478,0.0008336821335180947,0.003379876872580543,0.0037003456338599193,0.010445216153763592,0.00801104895528364,0.005845805308876129
2009-07-31,0.0056457611255329105,0.0042628617323973795,0.012286179070131083,0.0020211719671351025,0.004303258442610413,0.004544760216183401,0.0014189522667982235,0.0046798528184993395,-0.0030321914496888036
2009-08-03,0.01655500274318722,0.0033167800553796653,0.0070553820936943845,-0.0002587956514575724,0.00034327954872409144,0.0005971100479310613,0.016496411545916523,0.006231997084711427,0.014955650436017986
2009-08-04,0.005722504564215745,0.0006656322985519545,0.00014435990584855344,-0.0009241142212377974,0.0009356089676269602,0.0016245250989210653,0.0025882425697927314,0.0005491356841950243,0.0
2009-08-05,0.0023978068185415147,-0.0006198702900301889,-0.004409436470111494,-0.0005587069842963865,-0.00040107949246770414,-3.712744762662812e-05,-0.002879389776624164,-0.004060187947117155,-0.007742515399334904
2009-08-06,-0.0060315994205765245,-0.0019279299920672568,-0.00403974700129878,-0.0002550667444978433,-0.0010582134684065905,-0.0011268890237265605,-0.005179062327012707,-0.00311094011143771,-0.008809182072324173
2009-08-07,0.009207644704046246,0.00048429962927930715,-0.0009996837295135476,-0.0014854820621992106,-0.0005686232576275971,-0.0002405891210383157,0.0131141410955804,0.005210409206085534,0.012696839190826648
2009-08-10,-0.006844694616223321,-0.0004274008884769039,-0.00671332100137877,0.0010455778945471436,0.000421291797591073,3.8093270636676165e-05,-0.00207501373095631,0.0012935932460252935,-0.007021257111421542
2009-08-11,-0.009472945551740978,-0.0012647806525095803,-0.0067096881038258855,0.000500515957253988,5.368807587299134e-05,-0.0002362666221342745,-0.012476277727496266,-0.004744969051559316,-0.008585627443318589
2009-08-12,0.00684553696988823,0.002125738626672508,0.0036807916803677705,0.0006112955812983504,0.0009809402912940657,0.0010435827465229267,0.010729167769604198,0.0052890281280438736,0.015537344991553681
2009-08-13,0.009600041243623101,0.00497054465291762,0.011777807104828602,0.0022014285301889284,0.004095986051358101,0.004181657096472656,0.00763870887169027,0.0077106806702411605,0.005517888223166345
2009-08-14,-0.0071481815268627635,-0.0015579960876763329,-0.009664653099833869,7.099109258884161e-05,-0.0004966387992110538,-0.0007012571399423761,-0.007679668946397489,-0.003372945603671418,-0.011474099916812364
2009-08-17,-0.02465299009529332,-0.006145722866931777,-0.02005208099543813,-0.00025312528315286,-0.002992554678927516,-0.0036553347656533342,-0.024605592951506328,-0.011960989212018784,-0.029018709048153735
2009-08-18,0.009535230307310327,0.002395620365451439,0.009698045485927564,0.0004079198394875835,0.0009251484491033451,0.0010678831585466733,0.007934647543227813,0.0032457882062602106,0.014293485308749743
2009-08-19,0.004321876776661465,0.0023907078439211493,0.0038265569245779854,0.0006060142492852311,0.0017177958869881323,0.0016952617571231393,0.008779665652863589,0.006730786391229102,0.006917780793210149
2009-08-20,0.011081979053778643,0.0031926109098059955,0.006216731239744277,0.0001791180084372809,0.00213139261092747,0.0023490397281004665,0.010303778621779891,0.007192496565337018,0.011704972705963712
2009-08-21,0.014429672457198742,0.0025888460542732423,0.009799152594463921,-0.0008448527733329853,0.0003991967075481278,0.0008944954831272146,0.019606106484287622,0.007578879757504934,0.01332963553141897
2009-08-24,-0.001069616366294489,0.0008072278514497218,-0.0025652611838732375,0.0010363341569596186,0.0009415782993728558,0.0006080365690333676,-9.661853233933204e-05,0.00239798936091197,-0.0009930333123218116
2009-08-25,0.004155304547973448,0.0016554673823281096,0.0014545654080043748,1.3027889333850898e-05,0.0013640815151530722,0.0015123393749603908,0.0019425117474249909,0.0022187987104672546,0.002981183500885054
2009-08-26,-0.0009708696257739609,0.00014421359408079305,-0.0008090290638411506,0.0004948290786066296,0.0005001406499526692,0.0005231548674770794,9.623982281437016e-05,0.0005820279857550394,-0.0017334901390587687
2009-08-27,0.0029422393116212376,0.0005560106456771413,0.0003745551297953346,-9.84616111785146e-05,0.0002195935065109539,0.00038382965470943166,0.0022293580678991454,0.0002497051972829376,0.002481309637067275
2009-08-28,0.0022952826919078713,0.0016667961211981213,0.001286621338953049,0.0010049829289798242,0.0018178088168018247,0.0019917617175889287,-0.00019313434921930384,0.0007995722092816523,0.0009901109147212317
2009-08-31,-0.008731869172071114,-0.0019459034583438372,-0.009178418819734037,7.64482354491669e-05,-0.0007208448007246497,-0.0009358465039605753,-0.008899014684350615,-0.004179808197053716,-0.010138543938931988
2009-09-01,-0.017344102048594975,-0.004211746413319049,-0.004724858199928161,0.0003655279072925319,-0.0019881667393343407,-0.0022983288670041986,-0.022057735863697858,-0.012173551275901478,-0.01873567793427766
2009-09-02,0.0017832108922076419,0.0023625507522695584,0.015145941891035023,0.0016975506813618555,0.0026150448206610282,0.002849959769488897,-0.0037922193585648856,-2.810023520145909e-05,-0.0007647120789319173
2009-09-03,0.009219057045368517,0.001931402470916277,0.010531824112601562,-0.00013484899381932536,0.0008994542201803402,0.0013053475870887787,0.00831471611722856,0.0035371663651921903,0.006624738454974688
2009-09-04,0.010768135687481164,0.002513908719067832,0.0048760594829260736,6.551034382089435e-05,0.000528927848140265,0.0006139173167187463,0.014008923053883127,0.006064496919509275,0.0215134129807657
2009-09-08,0.013151490771876558,0.0035763930772630638,0.005714038540021078,0.0006419469932096562,0.00194097198640803,0.002160456265121732,0.008622468283489448,0.004335403575856658,0.009416035544530077
2009-09-09,0.007152335458839271,0.0022960013530180716,0.0006034631729614682,0.00018662778960782306,0.0013675614399250506,0.0014261921601578377,0.007674209935923493,0.005025699214113416,0.008591002340694764
2009-09-10,0.009894108578122257,0.004430729117920551,0.008928734150300295,0.0010565841525215088,0.003490932761858439,0.003648700787747078,0.010219125402630036,0.009150578291970914,0.009490772534633596
2009-09-11,0.0003889749938953287,0.0005002952413477126,0.0053289371754399574,-9.739127462547314e-05,0.0007641241535252675,0.0009518433645576759,-0.00019106641039656758,0.0010237497201255343,0.000964119036762412
2009-09-14,0.0030621134386208167,-0.00043510582248316814,-0.006107573261015396,-0.0008429355471299691,-0.0008436137305281551,-0.0007120530956008857,0.004867887505396462,0.0006992570332360168,0.003854037938598065
2009-09-15,0.006091397507784681,0.0019342860140688757,0.007226543998020407,0.0009816193672677457,0.0014742076660180744,0.0017771118667084043,0.00417927590094469,0.0017656761698976418,0.003118880334991747
2009-09-16,0.01612301278515495,0.004228830063566116,0.012300169208760028,-0.0003318655603917757,0.0024218578581646525,0.0029451982557924953,0.015134402131773639,0.009024206853514778,0.014589934683600037
2009-09-17,-0.0016661135016551054,0.0007742613466716649,-0.002781684770395247,0.0010875558975198994,0.001123583794472485,0.0009290792615014125,-0.0014908573930031421,0.000953936389249452,-0.00023610504134230492
2009-09-18,-0.0007144642732674724,-0.0015222892008901593,-0.003121473969570968,-0.000968015411196698,-0.0018348867231291496,-0.0019056338767772935,0.0006376156729024363,-0.001648200960950039,0.0016757212327924709
2009-09-21,-0.006214428371062048,-0.0017212324398349994,-0.004385779629619246,2.634358632282749e-05,-0.0011106495003254588,-0.0012953885420650321,-0.0025298177783926734,-0.0018175081213750329,0.003063291141872204
2009-09-22,0.011044004051779277,0.003586873406844039,0.011129189163986267,0.00048230900811616116,0.002863323351398408,0.0033615818989858647,0.005824249428444839,0.004608599243922649,0.0018796402225389475
2009-09-23,-0.010120503256783795,-0.0019236134777060366,-0.007875354958800564,0.0008651228646578382,-0.001028081904027258,-0.0015373899909674766,-0.008312552993355316,-0.004318483890047409,-0.004689612140857169
2009-09-24,-0.01448817824815122,-0.004120860403832348,-0.011036659406740996,-0.0005993612412540583,-0.002623535579265544,-0.0031619478950978353,-0.01101884747699522,-0.0057553719185483194,-0.008951372626945675
2009-09-25,-0.0019029126679460796,-0.0006757486675372302,0.00029122722093090424,-0.0003382604031229227,-0.0001764399899286578,-0.0002504667606375576,-0.005332868903127008,-0.0017182189529287102,-0.008794908649017219
2009-09-28,0.013668491683166133,0.004303546249765225,0.0050146857088014755,0.00025425271286134304,0.002819483676342706,0.0031351122726412588,0.017903793190902295,0.01162544858084765,0.01702561925841861
2009-09-29,-0.002312106879448246,-0.0006753288492427485,0.002200408421866506,3.292435145564211e-05,-0.0005487670017732058,-0.0006158959122279468,-0.0030099295987167096,-0.0020186864613477447,-0.004479597608093577
2009-09-30,0.0009593440537632189,0.0012869491667829459,0.007997697262348781,0.0014955892813568242,0.001435673054941528,0.0015933345119452753,-0.0038681788415720897,-0.002086628467692341,0.0007104600853411469
2009-10-01,-0.020893089217448042,-0.005348374697531145,-0.01104568563931436,-2.4041470364014264e-05,-0.002397404387871062,-0.0029395389772358775,-0.02481266573978591,-0.012324197693235447,-0.029585385459263702
2009-10-02,-0.003765835816366679,-0.0009948808982667707,0.0018972130694480027,0.00044884550946907827,-0.000297024718147671,-0.0002492164777751812,-0.004661831359558888,-0.0029950771112881775,-0.0029269394968969298
2009-10-05,0.01323314492090999,0.004122646616122383,0.015024827591310075,0.000987428804036794,0.002797465730790316,0.0032345835531601974,0.014928236033675324,0.008903672855018474,0.008072631015945797
2009-10-06,0.011631199029228685,0.003678248612986273,0.01587713227035322,0.0005250163029705571,0.0019514180271536377,0.0023575615633700114,0.014324039266152777,0.007363392889751112,0.01771398253235268
2009-10-07,0.0018309919460726264,0.002145587790464537,0.001138885194614136,0.001230716906623604,0.0021612254828872655,0.002107429726140128,0.0027489627670327366,0.0041736908345732454,0.0028616538074228703
2009-10-08,0.008438577310584,0.0017794860036426832,0.009242894623666512,-0.00023197647455819943,0.0008187790982678221,0.0012115913410039158,0.007655738356289188,0.0032096484363034706,0.00427897346174233
2009-10-09,-0.00044442849219601297,-0.002208789505788787,-0.0046586762925103845,-0.0015358723077713075,-0.0027090916793082137,-0.0027201254237156597,0.006096846734527928,-3.112876948331133e-05,0.005682138045571605
2009-10-12,0.00423861473393595,0.0025077279265476758,0.006745686546362402,0.00154641952865078,0.0021445527543255375,0.0022109403059031303,0.003915342756515061,0.003538087283302652,0.002118126552115518
2009-10-13,-0.0015108620547944634,0.00036998041845265415,0.00386807068574889,0.000792847594434501,0.0006668537735112045,0.0006672936836549198,-0.0020425170017580596,-0.0003713947080279641,0.0002349420733580576
2009-10-14,0.016319179177067766,0.003334880625333341,0.011497131335107016,-0.00034228251456526796,0.0008414917864623592,0.0010970727346860788,0.017215615152617714,0.007899733696687315,0.013621574531671676
2009-10-15,-0.0020876291719335864,-0.0014426401744819576,-0.007964485735502333,-0.0010654316857370467,-0.0018438503052913278,-0.002136740444942113,0.0036595222845432485,0.0010128349415861563,-0.0023168946864751128
2009-10-16,-0.006418965103746775,-0.0008575874451557948,-0.003627393825863412,0.00024426779555873044,4.55148808071028e-06,-0.00015894472918001395,-0.007474460358650514,-0.0028849733981713525,-0.006501981095577869
2009-10-19,0.010789930508792952,0.0036365969933494936,0.012225366595142704,0.0008209394754720727,0.0025315445266553887,0.0028486817008281885,0.008265211190627841,0.00568303398498165,0.010050537316711239
2009-10-20,-0.005965676522096985,-0.0012797505913107554,-0.008155706060962421,-0.00014718342814859053,-0.000754946484610448,-0.001056608371284848,-0.0052829393988393925,-0.0023960329509435446,0.00023166646808103764
2009-10-21,-0.0035165803954868152,-0.00150265660642256,-0.0013643128186673393,-0.000518830120894108,-0.001182251953004781,-0.0011887015991386574,-0.00897321037711074,-0.0064080302651343705,-0.0018507588713628786
2009-10-22,0.007490577214559119,0.0019379574425121737,0.0035226169113429934,0.00039596573383333976,0.0010961612605233768,0.0013179937128595634,0.010163536209930157,0.005121751573309388,0.003940525593627786
2009-10-23,-0.009318313361050014,-0.004554232830294809,-0.005985076669389757,-0.001925914828271606,-0.003567210950747286,-0.0036436111873545786,-0.0114331591301009,-0.008942544594714745,-0.004156394014702802
2009-10-26,-0.00889845158804569,-0.004455020528911244,-0.012534532205577258,-0.0017956172404009114,-0.0036600164905669554,-0.0038968295574353176,-0.010825707332200674,-0.008861404539371278,-0.0032458685040692714
2009-10-27,-0.006584019629915137,9.706961424394853e-05,-0.00556034216799545,0.0014220265206479651,0.0014829752253797417,0.0013221543403622318,-0.004583319961260934,0.00048651897205404925,-0.015119882336376622
2009-10-28,-0.02108752570420848,-0.005371903873149591,-0.022418936082300108,-0.00021411096965349725,-0.00262587811740039,-0.0031167371379169535,-0.018887363235832066,-0.010379288066780975,-0.022437406312395436
2009-10-29,0.023124049738388525,0.0061633095189512505,0.024515059825296236,0.0008970645104088622,0.003367862137030948,0.004027191541146889,0.02145396042637726,0.011140164251240169,0.01691214223914783
2009-10-30,-0.021444362937499115,-0.005392792388679714,-0.018068107640707168,-0.00021166855331865124,-0.001541256755118804,-0.0016440081334615525,-0.02897360318504627,-0.014888494237498391,-0.026847131761754683
2009-11-02,0.00626446314242745,0.0020063365491708343,0.01103417499832828,0.000874599883237811,0.001197698679587401,0.001442981540767653,0.00733869613354643,0.003395234425547843,0.0041506835121054575
2009-11-03,0.005036886139890395,0.0015718796433406013,0.009636447959996186,0.0006227232825730677,0.0015229816388755424,0.0020852639365438463,0.0031641340721317857,0.0009617996892465897,0.0031606418250331725
2009-11-04,0.0028123977716603796,0.0007702143809209042,0.008638290990401492,0.0005405578185782365,-9.314813442259787e-05,-0.0001575725790933293,0.0025797584171731724,0.0004531680474489251,0.001696382134962926
2009-11-05,0.01336826597516504,0.0047370929072574975,0.007220410354138605,0.001402022245361038,0.002835438825488007,0.0029018381241172828,0.018394835218458416,0.011172394209994461,0.02467986910075126
2009-11-06,0.0006824572293368399,0.001344457278972468,0.0018801181632168969,0.0007656204439934939,0.0010981075251218662,0.0010106464795520053,0.002620565440801359,0.002762537438331935,0.005903019222705641
2009-11-09,0.022894377579492965,0.007042349449422265,0.016732455959783486,0.0011840248643392398,0.004243499271128627,0.004653451294194476,0.022776146128808294,0.013994056282537535,0.021361455428185128
2009-11-10,-0.002385590045826603,-0.0006194162907986259,-0.0008591532216801407,-0.00029492969302778727,-0.0003433079044697454,-0.0003577503935427623,0.0001819588761655666,0.00041015092503912497,0.002528123382723013
2009-11-11,0.0059852188880065976,0.0028659436120434616,0.008342956553030372,0.001579415676296545,0.0027278551022265497,0.003039955761556261,0.005110280865188166,0.004236828690310896,0.006419013533573326
2009-11-12,-0.008916862870663185,-0.00299764901838996,-0.013491120029338968,-0.0011086789343620364,-0.0020172714190965207,-0.00230366626266455,-0.010168129639607226,-0.006100116125847508,-0.0056944995078211935
2009-11-13,0.009832632731052466,0.003496708582491739,0.012288053769417264,0.0011071914418310856,0.002501068883493468,0.0028286100686711778,0.005411432038818997,0.0035999476242176277,0.008247126968278007
2009-11-16,0.015102840668228066,0.005926021335380006,0.017605218961044167,0.0017692414405082431,0.004515880117862567,0.004942881307872132,0.014504865064027817,0.010951161673331556,0.010225061419938397
2009-11-17,-0.0017320044302404822,0.0001806017477100065,0.00033461430136192506,0.00021790802131508433,0.00023119016840845953,0.00013246773879474374,0.0011689508783994107,0.001559731778734796,0.0031485705559137767
2009-11-18,0.0001904248737121465,-0.00041025305473170546,-0.002529584310399681,-0.00014164722986128442,-5.536888488452831e-05,0.0001634339723172366,-0.0006289991464045741,-0.0013535909206956963,-0.005604828574506393
2009-11-19,-0.011479139481495117,-0.0032543845736825276,-0.006560449958201248,-0.00016091182168255594,-0.0015726918692513898,-0.0017069707762372593,-0.013031171860958257,-0.00752972368174724,-0.01555847219710449
2009-11-20,-0.0049292901530771475,-0.0013488709936956191,0.0007426931587335863,0.0002876468081266591,-0.00042253628259763447,-0.0003426132752996943,-0.003551333335585105,-0.0022084868899477795,-0.005039179471343358
2009-11-23,0.012733321066115301,0.004091158053455267,0.0123596348253869,0.0008247654653020557,0.0023264726260787054,0.0026074084959750014,0.01270267063879138,0.007185016098398129,0.01611434044067961
2009-11-24,-0.0014294770678235573,0.0008826443424533627,0.0006037045771985245,0.000751696439915394,0.0011638236862858652,0.0010827604849487757,0.0015336209790797195,0.002925499016148997,-0.0033976831507039895
2009-11-25,0.0077599047326894375,0.0034512393429860493,0.01182768895136418,0.0012864230598619041,0.002811789328008598,0.0031134941483723644,0.003513989769483805,0.0034547909240550977,0.004319099907041046
2009-11-27,-0.01857343049168248,-0.005050330225035205,-0.018998647304086826,-0.0008322989295633936,-0.0025412030129860486,-0.0029880788903181004,-0.016250600489049916,-0.008177082397030253,-0.01516547876124974
2009-11-30,0.004117406669782707,0.0011569029071183323,0.0059943758554455145,0.0005299690627038837,0.0015145440609988965,0.0018985725297109997,0.0033768182134910063,0.002683494269687082,0.0011494327464225407
2009-12-01,0.014098377037287021,0.004159515340205321,0.015517859413287208,0.0014830637135367641,0.0022354702618380268,0.002607071919254985,0.012370268133220952,0.0053443598772424175,0.010330181761611934
2009-12-02,0.005040269880185399,0.0010458004039637949,0.007426210685102064,-0.00017789917645640518,0.0008198567021888252,0.0012766582441370174,-0.0004498168609392561,-0.0010744031144112457,0.0013636288908482896
2009-12-03,-0.0071359057220631295,-0.0031332123379876897,-0.006331816556540026,-0.0009326802108189369,-0.0024627874635719804,-0.0025655589253656963,-0.00782009230998637,-0.006581947224665319,-0.004084615060418795
2009-12-04,0.0002402545698519153,-0.0033186244964993547,-0.01454866841613006,-0.0034600929981136513,-0.004326774490232102,-0.004796463968731293,0.0057079894209577375,0.00044892551756993155,0.005239943874330022
2009-12-07,-0.005303686991429393,1.678868612497612e-05,-0.005152974150196277,0.001649215526829834,0.0006195870964549645,0.00032376896659377463,-0.0015312750254593555,0.00016968387563104815,-0.00475965344995144
2009-12-08,-0.01129304796634464,-0.002889124436299347,-0.014282624594507595,-0.00013840308009048779,-0.0013120160180323463,-0.0016694180804964192,-0.011097528893714403,-0.005276114226994778,-0.006148748924812875
2009-12-09,0.001046088350429619,-0.00022160300196429934,0.0016969093875567423,-0.0005568314777300706,-0.0006547470611980215,-0.0006769759388227448,0.00374059469749799,0.0014458422585314661,0.010082269809267741
2009-12-10,0.0012271940050865582,-0.0001254337695775151,0.0016154578743470208,-0.0001998797857705706,-0.0006178553174616453,-0.0006419564708244993,0.00563544975571606,0.0020181829017663954,0.004991366620186843
2009-12-11,0.00027802755851064434,-0.0015667008711686592,-0.004750838547847948,-0.0013282114978291504,-0.0018637964316069121,-0.0019355847401871028,0.00424795187535687,0.000585835935892118,-0.0038377413016192907
2009-12-14,0.008297754577550132,0.002023384002396764,0.0060108364474330805,-0.0006034825292734903,0.0010469448814431673,0.0013155872437275718,0.006839933229046524,0.00412843582300192,0.009517647431660725
2009-12-15,-0.005928599134020892,-0.0022650473921221443,-0.005017049510936023,-0.0004950864691996155,-0.001610882345475826,-0.0016505544440382906,-0.004647943065299365,-0.004075427477410824,-0.005611710845425666
2009-12-16,0.005380654292168262,0.002196310697504324,0.007215323197194041,0.0011957663687804446,0.0018151153498552747,0.002055559284998588,0.001526506922441051,0.0009233235024230966,0.001354502788128542
2009-12-17,-0.014943170895689811,-0.0031955281397405763,-0.02472361523031083,-4.582518720575349e-05,-0.00117632901077699,-0.0018881957768564172,-0.012015588639669339,-0.0037780436543532396,-0.012173339152041107
2009-12-18,0.004565777807613901,0.0007940495791988165,0.00581034180620078,-0.00018134003404163875,0.00015915890639527926,0.0004745846899767243,0.005657657307187147,0.0014228597611512417,0.01629827751702928
2009-12-21,0.001392955735589149,-0.001924076852324489,-0.009710566162708599,-0.002038221457453086,-0.002950533415750143,-0.0031015686304374543,0.010162012696332212,0.0020534327255535487,0.01124583370689014
2009-12-22,0.004425768787402517,-4.975098497527429e-05,0.0004227027126153923,-0.0010977852638358392,-0.0010319507692280467,-0.0010546019381686006,0.0035932143352259693,0.0004356425139814832,0.006005236127812674
2009-12-23,0.0055620753054856946,0.0016104096099103656,0.005367322930256804,0.0003465913866177896,0.0009899758880251343,0.001125730912067277,0.001969036224322762,0.0010258645922701056,0.00729646031745701
2009-12-24,0.0064806105202860655,0.0011138288842411253,0.009878070741404697,-0.00039917677772385364,0.00045588602798547046,0.0008692720712419364,0.004734361032447065,0.001492043633371028,0.009218926050508669
2009-12-28,0.001749819308599086,-0.0005446272033259436,0.0015365504929261663,-0.0012268323452751687,-0.0009543160460998002,-0.0008575561928847117,0.002133484555379539,0.0002603794376558235,0.005219302770425038
2009-12-29,-0.0030260213715773056,-0.00028436272048609616,-0.004754688825520136,0.00024522674473515145,-0.00018100174829490005,-0.0004912646522094852,-0.0014195071356304378,0.00015037471815489123,-0.004110918959055132
2009-12-30,0.0005326133410852173,6.32218505777084e-05,0.00028431847080799425,-0.0003770696110171628,-7.394605572068985e-05,-0.00015046921058593324,-0.0003554495357713794,0.00048057625173303055,0.003041471020960751
2009-12-31,-0.006008557038910171,-0.003061094758450049,0.0017764998944727732,-0.0009504155332325009,-0.0025155046891215563,-0.0025309203490744584,-0.009597817579895973,-0.007746937622611409,-0.009097031762006935
2010-01-04,0.014221027588776969,0.006034617590177155,0.02151331169649084,0.002665686099770162,0.004208555837760284,0.004460768328841426,0.016959915276752557,0.01132312960033419,0.014645207233571655
2010-01-05,0.002552062014583356,0.0019454977073163349,0.0033530047694108056,0.0012147902422809942,0.001748544375878458,0.0016679250942999158,0.0026470339555895173,0.003316653060361885,0.0
2010-01-06,0.001363303293434275,0.0002754130586513822,0.006580829370904509,0.0006033157423605373,0.0003208867921992942,0.0006227848836270839,0.0007039340125671867,-0.0011936426751157608,-0.006031740097859339
2010-01-07,-0.0005571132186976662,-0.0004651621105999154,-0.004785350364660731,-0.0005277154341185866,-0.0003667116670379965,-0.00038955880843089913,0.004220993535032136,0.0025356429878556183,0.0006498761626991811
2010-01-08,0.003690692371167925,0.0020735966002529836,0.005382607972427017,0.0013041022239111814,0.001509136171036593,0.0014982093390759057,0.0033281201788566417,0.0024953828164248106,0.008230647784672529
2010-01-11,0.0033827769405776276,0.0015936894819837829,0.004644857778037816,0.000787336315656688,0.0015549677259573476,0.0018248313390409618,0.0013964960043952868,0.0011091071536434062,-0.004081586696248807
2010-01-12,-0.009946001865833054,-0.002115821778178492,-0.013327687539662321,-0.00033720221854658295,-0.0009120647758740961,-0.0014375584223733583,-0.009326110241329566,-0.002759470307922007,-0.012511173744567228
2010-01-13,0.006907544288428493,0.001253767286980842,0.0040380270943955465,-0.00029169181418465726,0.0003841270679503321,0.0007199501593100478,0.008445879691973746,0.0031285830576514794,0.012450812244368281
2010-01-14,0.0016969730248432347,0.0017747897099219853,0.0017178097701444589,0.0010003254881459968,0.0018146353449785164,0.0018438642404816435,0.0027045090499751012,0.0035023524892335315,0.0008633996470381877
2010-01-15,-0.00915125131009513,-0.0021448122372158596,-0.007832421105120634,0.0001024723145245255,-0.0006724269469794593,-0.0009123435325043743,-0.011223828936969604,-0.004967584945244964,-0.01164033350923177
2010-01-19,0.010910847747877024,0.0033206100119806225,0.009927648395176198,0.0009749805059596199,0.0019312110159346407,0.0021518431705701106,0.01249519441613467,0.006748869815676727,0.016139290695417197
2010-01-20,-0.014037290342999416,-0.004377413226064053,-0.018071823203251344,-0.001360058321378724,-0.0026336114833372865,-0.0030986562447368033,-0.010168235799821512,-0.004731900896996049,-0.014380589012544798
2010-01-21,-0.017596413480384453,-0.0045727128743839815,-0.016799210067348407,-0.00033277554127382686,-0.002301265326815311,-0.002738212764092351,-0.019229092409046356,-0.010016588510544848,-0.009364283589767042
2010-01-22,-0.01614516566561672,-0.004485702312069594,-0.009126718958547997,4.065732442330999e-06,-0.002032479410153302,-0.0021957317098000168,-0.022292220196721613,-0.012834302768031337,-0.029237257776237202
2010-01-25,0.006355860252156775,0.0012199144202797855,0.003480362882184458,-0.0005322736325731499,0.00018605524924094304,0.0002835402600749543,0.00512753284601386,0.0020924270191921258,0.0033972685809007253
2010-01-26,-0.004474299318364829,-0.0008055930538907783,-0.007219651013397064,-0.00022982576646580358,-0.0002142176366627303,-0.00026348355454421015,-0.004190352135036823,-0.0016437478071370747,0.0009026523127619868
2010-01-27,0.0012529159499626067,-0.00023574692628258623,-0.005364593417296214,-0.0005927484711958629,-0.0007030749485122561,-0.0008024637200400002,0.004757386685917631,0.001832368513668739,0.00789120896876705
2010-01-28,-0.011101901407318114,-0.003407930769291881,-0.002880258794210714,3.755356023065376e-05,-0.0015163957554604791,-0.0015359969359601204,-0.011472448217967668,-0.006885533998733342,-0.025726746749620832
2010-01-29,-0.007109830451153978,-0.0013660243346594733,-0.005227784016488376,0.00038082654551972327,-7.514538404007088e-05,-0.0002001915760248241,-0.010868473535446288,-0.004758006819485072,-0.01745090791222914
2010-02-01,0.012485749589912092,0.0033451146123537603,0.018488547819700635,0.0008540723182113545,0.0020152713237616485,0.002524964316831847,0.015550915925138131,0.007615435248361628,0.010983151838492189
2010-02-02,0.011277586884847958,0.0038366945071935934,0.006367493186629571,0.0005738196360041653,0.002400886722810827,0.0025725884852682763,0.012102886374329547,0.007787141500668331,0.009015726819160408
2010-02-03,-0.007173049725491647,-0.0030229687130917974,-0.00482045728110511,-0.000844421311486942,-0.0025276799354583684,-0.0026630421873818796,-0.004982287356594006,-0.004892996284827005,0.005498309873366525
2010-02-04,-0.029293242240700623,-0.007989608501760892,-0.0261735935028653,-0.0007587850702980292,-0.004196872715892641,-0.005134986623647975,-0.030866222141062716,-0.015245450035176966,-0.02893620275221509
2010-02-05,-0.0005363695215149168,0.0010965652467232706,-0.0008378632928046185,0.0013437753735951832,0.0018220182474038605,0.00198394908765881,0.002066992788344102,0.0025318574608750154,0.008446215122973388
2010-02-08,-0.008529541514931807,-0.003040104214357197,-0.0054178097714282876,-0.0010614726900920572,-0.0022837206296591047,-0.002509201453657206,-0.007219071577796554,-0.004621495273475674,-0.007212370340834329
2010-02-09,0.013289149431856679,0.003133466098971527,0.012229104749926655,0.00011499841146591196,0.0008690998235306807,0.0010481237858587721,0.012560056010014309,0.005172954900026429,0.01031204402315744
2010-02-10,-0.002249058160500058,-0.0017170283479770268,-0.002723807470271611,-0.001154848225559651,-0.001556548977645504,-0.0015499439104033753,-0.0019586676395646485,-0.002288869488908856,-0.002087782919616532
2010-02-11,0.010508149211642958,0.0035703103708487416,0.014451978109311802,0.0014200275214735895,0.002433799186923748,0.002798876134844923,0.01046656863685902,0.005711454269882718,0.015109557653678607
2010-02-12,-0.0020308590053821846,6.376926549247344e-05,-0.0030979886276967764,0.0005068923211160707,0.0007489473387915669,0.000813699582281428,-0.0008324320768882121,0.0004474375857706523,0.0020604047869892117
2010-02-16,0.01793028919282101,0.006081739231273808,0.017457374625127746,0.0013078061713906108,0.004301943368151642,0.004865358569095557,0.015735288593644592,0.010264168321530124,0.01279707826634513
2010-02-17,0.001438037313048513,-0.0007462227008212973,-0.0020622557002474666,-0.0007808233049037286,-0.0012034781292975846,-0.001165557164306666,0.004738089708242743,0.0007016288107799043,0.005640879071605154
2010-02-18,0.004896939864350246,0.0008200819142837368,0.0026061542269664225,-0.0002937614518899633,0.00024009239696238326,0.00048538813671150893,0.005895147334068929,0.0021203507162980296,0.006282500762398557
2010-02-19,-0.0020698417487530836,-0.0007974308454582583,-0.004094060365449951,-0.0006514899447003802,-0.0006029991157051819,-0.0006703801416895685,0.0020738709812744283,0.0014724089594649638,-0.0004456467588529467
2010-02-22,-0.0004246815296482187,-0.00015974684621687557,-0.0013625398014348218,0.00027122996622690144,-0.00010523033059652567,-0.0001528081793327652,0.00018008767032950956,-0.0002010310679567172,-0.002007876471925907
2010-02-23,-0.01017072398307939,-0.002019022530592238,-0.008393907248369591,-3.4289628702885064e-05,-0.0003097831568313837,-0.0005637710836447697,-0.012144832271579031,-0.0043210985145200435,-0.012963997362467228
2010-02-24,0.005251238184990569,0.0018643154376864317,0.0008675201125289317,0.0005784749954869592,0.0010683159175589115,0.001021824010157564,0.009197718326000803,0.005731467242502548,0.010190309675862208
2010-02-25,-0.001656381138365815,0.0005346848953734229,0.002410118896632181,0.0008329756212879395,0.0013299924331110365,0.0015050216889129682,-0.0013535866717627743,0.0006456660374973776,-0.00022412092024659547
2010-02-26,0.004237157010749306,0.0018698203593135833,0.007429534631349583,0.0008286575551416173,0.0015095657866830761,0.0016619349525915394,0.0006324744028440854,0.0009979143521854006,0.003587232356174308
2010-03-01,0.0063722274156790175,0.0020137490051053814,0.0050186287107113455,0.000252908280871241,0.0010786508455085141,0.0011123209345887339,0.010384810367430664,0.006643083317798033,0.014522289559002921
2010-03-02,0.00577113837181227,0.0021218950105600684,0.00916020472941918,0.0006272511191357033,0.0015488300448228075,0.001789511638802059,0.002770495903928749,0.0018868049854011883,0.003082802599664758
2010-03-03,0.004296279526102366,0.0013451961127084143,0.0022417415939124477,5.766917196598659e-05,0.0006154351642432029,0.000677396402668807,0.0008912008778836356,0.00014233696417866628,0.0010976724451436937
2010-03-04,-0.0002933997901801706,-0.00018974439489990717,-0.003794267367392054,-0.0006282679334117807,-0.00020838360525501348,-0.00029252149608706863,0.003027129453382793,0.002526931520108084,0.003289213468060881
2010-03-05,0.013876221654698793,0.003116239908814181,0.005704757384505554,-0.00016003051462443998,0.0010109632111318522,0.0011943606565433876,0.014293776669929592,0.006738579125142142,0.01508208734733385
2010-03-08,-0.000959348625110823,-0.001161619464327579,-0.0038317367216301745,-0.0006702039707850993,-0.0011424703759640442,-0.0011929516415593033,0.00017554433319655338,-0.0009738668191531241,0.0019381728917367003
2010-03-09,0.0010396762206436939,0.000984166573701891,0.0021738656623645726,0.0008141987436423231,0.0009748082969396548,0.0009385471231996631,0.0016626700046222798,0.0020193587534334994,0.005587640816263173
2010-03-10,0.002976513692018971,0.0003490405169709733,-0.0020520742264328443,-0.0003027891437981093,-0.00038260825133931524,-0.0005267132518367735,0.004455317312874296,0.00201077675536302,0.008121492359755678
2010-03-11,0.0031972586898181233,0.0002800462160445404,0.0003865062427995837,-0.0010380278604702042,-0.0003027340633508945,-0.00022656103470754496,0.004174823997318056,0.002159599827460698,0.003816075060961266
2010-03-12,0.0012848757773047672,0.00048196562162200896,-0.003393382253284632,-0.0001115623826751646,0.0003366455171224398,0.0002778649759502334,8.663794358443333e-05,0.0006695187004480431,0.0002112447309741139
2010-03-15,-0.002664450270137125,-0.0005166975827049728,-0.0014287870729995883,0.0002725398249472507,7.556667361468423e-06,6.58409682667971e-05,0.00026006883569396066,0.00015676723491542184,-0.002534029397828541
2010-03-16,0.011306044014728844,0.004247588381634751,0.013384452001406696,0.0010649312410567157,0.0034659978515725175,0.0039333666264687595,0.007965975867982644,0.0063445319126345,0.006350608129886082
2010-03-17,0.004338378534650495,0.0013192518723261337,0.001665253011133409,0.0002609713462751124,0.000789563705663692,0.0007482662249576859,0.005927133392986672,0.0040602330265114206,0.00273437257526421
2010-03-18,-0.0021668449299457855,-0.0010395693239503608,-0.0009219908461893466,-0.00047238634388804986,-0.0008212171872166488,-0.0007107521713765316,-0.000512152955547851,-0.0013561797931679492,0.003356950776640666
2010-03-19,-0.009163811576321,-0.003692135538397455,-0.012848387458547425,-0.0015217515046416549,-0.0029402420524661374,-0.003311772547175466,-0.0050618970122119356,-0.0035885734040114756,-0.00604905471203776
2010-03-22,0.003745053948204848,0.00163661502004688,0.00021695736292442417,0.0003944134463200027,0.0012535339322815135,0.0012310557569834449,0.00534648148273642,0.004546487177572542,0.009054501180208119
2010-03-23,0.0037009248439107754,0.000948142671837789,0.004460053587641805,3.082116017404015e-05,0.00021023144657484483,0.0002737680725640609,0.007033217801097669,0.0034270133554452262,0.006886780820175797
2010-03-24,-0.00908813378700177,-0.00531887697101304,-0.015354114259493193,-0.002322232612532833,-0.004619584846591864,-0.004794365167572494,-0.004854870247900989,-0.006860478031947653,-0.004766929109015439
2010-03-25,0.00030227012999730046,-9.582333076878573e-05,-7.864837980597731e-05,0.0003907477740476077,-8.158927852461572e-05,2.8582362571919616e-05,-0.0016261558822756594,-0.00243426309980185,-0.001458267403142588
2010-03-26,0.0038783202745956966,0.002186527159904893,0.009101959108536981,0.001128259809823566,0.0019762367400796847,0.0021955720684264466,-0.0006000398451655453,0.0005564206955532129,0.0010430883195213791
2010-03-29,0.0057879241053551325,0.001885381252248469,0.0075001897897029445,0.0008915371350366984,0.0009933398941647,0.0010123313495475328,0.006347537112001866,0.0032904272809573505,0.004791849950328997
2010-03-30,-0.00015994740531380557,-0.00017174683491405826,-0.0010665173603979171,-0.00030485284924628683,-0.00034911782451162664,-0.0004926534695620483,0.0006820423724043234,0.0008097733023517368,0.00331735335683514
2010-03-31,0.0002197225237120929,0.0009527753670726818,0.00518410565266495,0.0009133067237048233,0.00109128911261235,0.001135755457388614,-0.0034071920510675424,-0.0011612549060425795,-0.004753138565304571
2010-04-01,0.009437047416249806,0.0025838093641372597,0.014897270403560599,0.0004886488525476477,0.0013270627332202238,0.0015560687377135188,0.006837506929581405,0.003350212346888113,0.0
2010-04-05,0.006111032188969098,-0.0006643403116111348,0.004153997706599113,-0.002131437274916155,-0.001738174001552606,-0.00139273431160453,0.008149426130858561,0.0014810667566215684,0.009344024468899592
2010-04-06,0.003068007265394593,0.0014650585053430168,0.0023009025214071523,0.000811827702226883,0.0016744140995888647,0.001860258515230881,0.0023574298917916625,0.0025838499581131947,0.0028799590457315727
2010-04-07,-0.004525638609725102,0.000660002146212646,0.0031890826352389823,0.0016383989549026978,0.0016917537096909907,0.0017286526525521761,-0.005712395553683747,-0.0009715362802754646,-0.0024617697811599726
2010-04-08,0.0010406178941357535,9.930591417885433e-05,0.0016507634844162289,-9.036463024318292e-05,-9.617505518118768e-05,-5.722055143602801e-05,0.0034641506583463766,0.001616403836287524,0.0022620178860637274
2010-04-09,0.008233427745332521,0.0029291524703451066,0.00615828244923943,0.0006794818083724931,0.002066293119127762,0.002290625919040273,0.0065674396781632005,0.004380316522465419,0.005950280579510858
2010-04-12,-0.0005915964156988159,0.00045694550368761847,-0.004720308029240611,0.00019004528903968418,0.00037232351480914207,0.00019782018137005008,0.0015892936112378298,0.002031925699065786,0.0008156044724809686
2010-04-13,0.0029599340448390613,0.0007517332469812815,-0.0015246053242261286,-0.00023536367276273337,0.0007066474709256503,0.0008299434003437352,0.0007513640475158567,0.001212810155636724,0.005094875616550976
2010-04-14,0.007286594246028596,0.002138313032140528,0.006254137207963155,0.0005405629881927461,0.0008201094132675289,0.000857530307521843,0.011349386341369394,0.005723047671263944,0.011962396454386237
2010-04-15,-0.0021206534234951497,0.00046345344799528015,0.0004764661828930753,0.0008330101014693068,0.00044545509594208954,0.0003132601728791149,0.0008250756986110108,0.0011651365215267296,0.0044080117137945685
2010-04-16,-0.015143042817594949,-0.0034035786761680855,-0.018441573555553755,0.0001872617230737814,-0.0014277504404286107,-0.0019813316670207358,-0.015911834699486094,-0.007177664395006677,-0.011968428001875253
2010-04-19,-0.0015444481832975533,-0.0013151410031979867,-0.0023722236808110574,-0.000992819107975118,-0.0011894502513012958,-0.001135782499421289,0.003769977421521409,0.001263995429089598,-0.0006062610376150745
2010-04-20,0.007790188822115376,0.0024578947029901725,0.005673780457682317,0.00046163669330229656,0.0015524967648830454,0.00169168245351546,0.008930514000770273,0.0055225031862595215,0.005050973708129458
2010-04-21,0.0009638505318458975,0.0007446465252896244,0.0025409387705554423,0.0003856148107394945,0.001258799447364164,0.001520892383053458,-0.0018197878903934983,0.00019874538304092467,0.005627666309765855
2010-04-22,-0.00019535034015264385,-0.000961075711104825,-0.0006165953051759317,-0.0006173177283167113,-0.0008775387437875348,-0.0008077805464467709,0.002983809607993715,0.0008526423839511235,0.005597228216917882
2010-04-23,0.006472853259362412,0.0016445495075984738,0.006296982206029486,0.00015909934479275078,0.0009556172152620162,0.0012720414049903518,0.006527732447473733,0.002807815512394782,0.004173921195549379
2010-04-26,-0.0004905874553818026,-0.00030891910465012017,-0.0014336946511525224,-0.00015241586127664612,-8.830349830240907e-05,-9.371089580266304e-05,-0.00377668286689381,-0.0020102464134893858,-0.0021774800851971365
2010-04-27,-0.019542566989230806,-0.0034832001411494147,-0.004749571877013299,0.001306503274828504,0.00026560621586843147,0.00035118845602644436,-0.023650479093820342,-0.010494276419614416,-0.021225506077397482
2010-04-28,0.0005346241050638396,-0.0006611995198056919,0.0008183626829114049,-0.00017177457375490153,-0.0009807070861230008,-0.0009864208400432398,0.0075963902437343744,0.0024428844844414698,0.0006076146763467349
2010-04-29,0.013892724548360904,0.004267659257426875,0.006342918966771843,0.000798701626830952,0.002868958117372851,0.0031443228335813313,0.012396976486491296,0.008068482087134855,0.017419592523338467
2010-04-30,-0.009939605799282561,-0.0014408966965252794,0.0007252278638161004,0.0008188382910244837,0.00031086427819997954,0.00023851368965126067,-0.016961630681065487,-0.007718582546873853,-0.019709413271486675
2010-05-03,0.007490997495137267,0.0013444499450165385,0.00276722618446207,-0.0004765660114781818,0.0005793107882816819,0.0009001543723079067,0.012962001472054618,0.006629514155213332,0.014013174689506247
2010-05-04,-0.020802814418567562,-0.005416266604687435,-0.018549559626317515,-0.0009148794404370411,-0.0021358799238227182,-0.00239182021869447,-0.02351489315293953,-0.011324506515702465,-0.03004201193802747
2010-05-05,-0.010088899394880585,-0.001708026675150593,-0.004837868815942897,0.0009400200549132006,2.1127293313899122e-05,-3.8794148696795086e-05,-0.005956326812528778,-0.0019334480856195262,-0.005162474968228525
2010-05-06,-0.0234729258580485,-0.0041815735568996315,0.00763092946299837,0.001641252728539655,0.0005396000803576939,0.0008108004994253903,-0.03321339222489805,-0.015565183888183065,-0.0334160831034771
2010-05-07,-0.007383928491645491,-0.0030593703918783714,-0.0008387020441950202,-0.0008630472614773874,-0.0021106867849299553,-0.0022140490142122256,-0.014875374782956197,-0.009879272418265908,-0.024908840600576854
2010-05-10,0.03987207562112695,0.010052963895443573,0.008383871238549903,0.00045141911099243816,0.003921761155579613,0.004152380389621472,0.04404121003591288,0.022668495704975273,0.051971000771041664
2010-05-11,-0.0013571142514073693,0.0005943452331068059,0.007354862233991464,0.0010894669970550595,0.0016956436874632802,0.0022375218408591567,-0.002840905596319554,-0.0012161412604830431,-0.0010466497812570141
2010-05-12,0.009815241632136148,0.002807851043294522,0.0040073351461679535,0.0005037682041135226,0.0013936889772132688,0.0016021295861184618,0.0139858525458465,0.007343461966131437,0.018859711882646346
2010-05-13,-0.009801127765909457,-0.0026056739662980843,-0.0036521209571644684,-0.00010161818630949202,-0.0011779336415190433,-0.0014121132973643259,-0.012430718738477786,-0.006383082492814766,-0.01583692820657101
2010-05-14,-0.017518456497470414,-0.0038926148459156426,-0.002232444190687251,0.0005225769904508368,-0.0011204791595506463,-0.001360426226939498,-0.018104947717789255,-0.008225608419537837,-0.019226932159288945
2010-05-17,0.00016562371171098463,-0.0004937230389014131,-0.005487105036828548,-0.0005771699401737672,-0.0008864642535016915,-0.0010267218839637977,0.0005270271457067377,-0.0005761314271261204,0.0031967146720746076
2010-05-18,-0.01198728132022366,-0.0020509506850427154,-0.0007600794935062965,0.0005054596076758171,-7.98226901481139e-05,-0.00024261298827832543,-0.013602874560254552,-0.005083973881368293,-0.01380679385242467
2010-05-19,-0.0049782074420150774,-0.0021092432767065667,-0.011298825060453314,-0.0014099693201428318,-0.002083696475645578,-0.0025888115020492033,-0.005693451826674467,-0.00298723558245832,-0.00796897014024156
2010-05-20,-0.02684652565187707,-0.006272987593602161,-0.00835910947674499,-0.00038799310126371367,-0.002317620462777196,-0.002756805628402218,-0.0377595655063695,-0.018090837931017307,-0.03712523531746992
2010-05-21,0.015376604690794682,0.003808816028464033,0.00401613430187919,-0.00025611071554143463,0.001737560289759017,0.0018152638539476371,0.014598941941151411,0.008609336447451642,0.011048118396322026
2010-05-24,-0.009153848164800322,-0.0024045102421523376,0.003657292487123508,7.113037592146947e-05,-0.0009264052588379411,-0.0007806951766016792,-0.012831231681127875,-0.0074102711761112935,-0.004014111697490441
2010-05-25,-9.670299067753149e-05,0.00041806440490981423,0.0011772610162201827,-7.09230756575985e-05,0.000777065244988214,0.0009093145342152847,0.0010214808515929263,0.002044056846981556,0.0008958060259285361
2010-05-26,-0.004704635552575464,-0.002082288106117812,0.0029136618265274933,-0.0007463326446066157,-0.0011522479332213755,-0.0009363180334179847,-0.006028538578727982,-0.004322787923625641,-0.011185634103590192
2010-05-27,0.03324757799083788,0.008083885785567103,0.00801858219627339,0.0007718190028598646,0.003154697850801343,0.0034769154196314933,0.03349796198240074,0.015124088050798352,0.03778277806727681
2010-05-28,-0.008683705721058532,-0.0009441515216050217,-0.0007344259650415681,0.0015358405100837705,0.0006775299974006465,0.000603736729744294,-0.012549319756413047,-0.005429134690226786,-0.005886057603676331
2010-06-01,-0.00848109273018406,-0.00211128933516505,0.0005503324376172659,-0.00013665126293085385,-0.0007808003510428425,-0.0007336640874904902,-0.016824165461687746,-0.009196777819380936,-0.009210859443504416
2010-06-02,0.016921365846132165,0.004004934741019052,0.003806939026194574,0.00014275913487977795,0.001145533376391544,0.0012161288480148145,0.02603992456861781,0.012534793194859324,0.02368362725858386
2010-06-03,-0.002081231892817654,-0.0010607233867454514,-0.007468514450451471,-0.0005101199899273051,-0.0013330760757872442,-0.001632559975031034,0.0034441207117548167,0.0014177394332024525,0.009512818032145542
2010-06-04,-0.024923279272385582,-0.00428311096792078,0.002917932489982026,0.0012953811621273835,-6.173822305269608e-06,-0.00020035065271763297,-0.03513721039080242,-0.014720585207900042,-0.03426838569750956
2010-06-07,-0.005436807592067883,-0.0011541889642954217,0.006266398373122817,-0.000274356422982569,0.0003725527354874192,0.000717352919892944,-0.012450572586458875,-0.0059030875124230775,-0.01818582059252527
2010-06-08,0.006662475171816371,0.0012380391881645402,0.0015184396228281626,4.0237953304581015e-05,0.0003153188977032772,0.0003648893454872416,0.010711995476690994,0.005137375682289662,-0.0018066995468295488
2010-06-09,-0.002140605486467045,-0.0008233694866271495,-0.0024643796973001396,-0.00017475575429430233,-0.00035490056296939507,-0.00036378260974259614,-0.005346185851680896,-0.003160930543409437,-0.008373312332017213
2010-06-10,0.02239539350442079,0.004638412567535203,-0.0022197642135524274,-0.0007023548788886047,0.0008020242621696337,0.0008450135474231087,0.02923104817940403,0.013746661360336499,0.028525816250766223
2010-06-11,0.0060131159472107416,0.0033401687052927267,0.007046032677486903,0.0014928443129250488,0.003086891073176607,0.0032767794339632304,0.004855908619039173,0.005445866859822777,0.009540773055062068
2010-06-14,0.00302566840916829,0.0007513640966494513,-0.0016476499284304989,0.00014689028496006544,0.00042384054209774623,0.00045112437391408347,-0.0015499252069893776,-0.0012773379303471742,-0.00021979280104589272
2010-06-15,0.019998299887239567,0.005912701856793368,0.009489054238100418,0.0007120679121096453,0.0029598266571015876,0.0032819482729422797,0.022737886881692315,0.012570959121991741,0.026818875773324757
2010-06-16,-0.0019348364772470894,-0.0001232879584567707,-0.0010829646089455653,0.00011780920643307977,-3.489902225884081e-05,-0.00022767561210174886,-0.0003569463147092833,0.0008636464762144026,0.00406807356761929
2010-06-17,0.00298764646133944,0.00214627455031937,0.005999856271381099,0.0009260133238925403,0.002196207016724468,0.00241463962373374,0.0016076068290518108,0.002814031370340051,0.0031978199888516023
2010-06-18,0.0010161890692079593,0.00032869848421940377,0.0031816282924104545,0.0003981826799542737,0.00022061120976073431,0.00033964617194977433,0.00108388213835231,-0.00012560122453114447,0.0008305708421194602
2010-06-21,-0.0035608610630639527,-0.0017331395366167821,-0.004737635627326525,-0.00039686184259448077,-0.0016846414790614985,-0.002112814546626989,-0.0028636456287174372,-0.0020428626162239606,-0.008510163573188567
2010-06-22,-0.00941714710857296,-0.0016000088854654646,0.0018163331482566008,0.00027802649598718005,-0.00010107196564158893,-0.00017724645406598562,-0.01651594016211866,-0.007771265073763693,-0.0077260369499559944
2010-06-23,0.0019275137897344081,0.001237476555791433,0.00035274913364609313,0.0005249412986016501,0.001108873937091368,0.0010150241906624743,-0.0031027313918857713,-0.00041391263320629426,-0.004108868051250214
2010-06-24,-0.01232063167423935,-0.0037447542191084955,-0.002801756686089171,-0.00019127441049766043,-0.001919492698827323,-0.001975343340794253,-0.01657094749011845,-0.010351629408948362,-0.015200546917964908
2010-06-25,0.006301604105954859,0.002241899096417757,0.0078124306543324445,0.0008732940739869973,0.0021577815958822334,0.0025579419743108033,0.004189232930939646,0.003151483246993338,0.00019889609760825877
2010-06-28,-0.002485675359306338,0.000247303567883225,-0.004049015585336853,2.51210695749117e-06,0.0003707527130873145,-2.2539659872377767e-05,-0.003152288839494366,0.0009333267681378014,-0.0035343991811834785
2010-06-29,-0.025531702289950747,-0.007241579843386218,-0.005904085698785579,-0.0006707440102024127,-0.0031048713482015513,-0.0032327914481758892,-0.03087458823349365,-0.01675886914728866,-0.03857257100696265
2010-06-30,-0.006778524127721591,-0.002062134037683322,0.0006393193002629787,-0.00045066099386307715,-0.0009085658078052655,-0.0008934200383240284,-0.009500279804163458,-0.005006689734786274,-0.015217769384319402
2010-07-01,-0.0006692736679882719,-0.0012852724507517233,-0.014055191568637965,-0.0013661472794040052,-0.002218354131571415,-0.0029700662941218397,-0.004456331143301906,-0.0027998733411730356,-0.0028095580592572
2010-07-02,-0.001467510850831352,-0.0003049326870710208,0.004959642244766066,0.00032576569597924754,-0.00017313971392771723,-8.515732938792732e-05,-0.0054494689960622456,-0.003933165871144805,-0.0028178855413442117
2010-07-06,0.003385532229465933,0.0012035556693965994,-0.0019384387640502554,-0.00023461517293698014,-0.00014906801336183315,-0.0006743624897936541,0.00655535530107243,0.00484003360223657,0.0030610348386466146
2010-07-07,0.024005044006032428,0.0070604162916290125,0.006986495365695511,0.0007539418842112955,0.003923180650904579,0.0043990390318919825,0.031496268258418336,0.017613487853080256,0.03192539307966613
2010-07-08,0.005002135437494977,0.001231661753740464,-0.00181818410442485,0.00013602728166282836,0.000394501472751629,0.0003953879802089413,0.009895553371839227,0.005070782479985524,0.00545953458963111
2010-07-09,0.005459498084988323,0.0013259157584345426,0.005184164444401695,0.00021113679774595193,0.0007533709805482402,0.0010353949502276345,0.0074652770865835105,0.003537478979818594,0.00950210904024118
2010-07-12,-0.0012939076421195285,-0.00025214975902346345,-0.004328455191610917,-0.0002555597245481859,-0.00016196819498591301,-0.0003021598121757228,0.0006484679145752903,0.0010511438611044044,0.002913145764254832
2010-07-13,0.013434484388846289,0.0033438932857143204,0.0037190210411131622,-0.0001109520195700007,0.0014475985031680498,0.0017831931980323954,0.015088076938266193,0.007335779237234252,0.012961092140811203
2010-07-14,0.0003839942730151524,0.0014128494653227095,0.0013795033920251255,0.0009432489126868032,0.0014428601819305746,0.0013360692270775931,-9.105661053387948e-05,0.0018465118501613577,0.0050739924602207775
2010-07-15,0.0019771197157428667,0.0014370041044029563,0.0008899207073009027,0.00010711399664383731,0.0011859400064552783,0.0011068461347659036,0.0002737505464589507,0.002149119257415586,0.000877999527090223
2010-07-16,-0.02067488407448062,-0.005590481597955828,-0.00867358351116662,-0.00016821133784712637,-0.00259101971599091,-0.0030472226618502396,-0.027534453955534333,-0.014731910724215532,-0.027631618278087355
2010-07-19,0.004676998305571438,0.0007010332416459802,-0.0018137538202940484,-0.00026499747231456246,-0.00018325206561248743,-0.0002378008396560647,0.005906866872022354,0.0025654133698587355,0.008570050391129458
2010-07-20,0.009052507736457126,0.003143585520284574,0.008009798627513595,0.0010660268322623513,0.002254782738810531,0.0025055942470337943,0.011090802793932042,0.007169507379658703,0.012074900902253383
2010-07-21,-0.01011413364647041,-0.002267955740532633,-0.002140518786152208,-2.574241773453964e-05,-0.0007827336635962364,-0.0010710468187136704,-0.012998208312553272,-0.005481724823622551,-0.013698476261064796
2010-07-22,0.022078282993307108,0.006058035382691603,0.0069795944892941265,0.0006277099059187538,0.0029496707618485492,0.003341011231538192,0.02232255263646743,0.011397715398871498,0.025313520219516272
2010-07-23,0.005516479957738327,0.0009445382416360757,-0.0025617472568894343,-0.0004393126819574474,-0.00011041296026966215,-0.0001302845309647202,0.00867870840551288,0.004078949711527481,0.006336316282066212
2010-07-26,0.007100794172469232,0.001767377362120081,-0.000728651963533278,-0.00021942955250440384,0.0008778752682210833,0.0009808514145453777,0.010415741853881055,0.006303135610402764,0.008249927088423092
2010-07-27,-0.0005076231102202073,-0.0011937118906674379,-0.008535686518642975,-0.0010654191440874787,-0.001745692680290033,-0.002042822880638844,-8.932368856029438e-05,-0.001371243304191339,-0.0004306339577384577
2010-07-28,-0.003633503107287429,-0.00020158564391727576,0.0015455669787411348,0.0008473473777813384,0.000765847188280444,0.0007803396986271753,-0.00645455449450294,-0.0023647798719394174,-0.007970774142862291
2010-07-29,-0.0011243825137327347,0.00038501572885953837,0.0029271944999465166,0.0008960199531291122,0.0007243546303032498,0.0007128473172981086,-0.0048723877284495565,-0.0022082580369764565,-0.007382872842835231
2010-07-30,0.0028004687408085785,0.0019341821660185184,0.0073879466637642,0.0008504970443185776,0.0021256980753748293,0.002325877401778192,-0.00018162550405220745,0.002135307827464288,0.0021874597593793954
2010-08-02,0.020178040599640356,0.005800002061153749,0.004025676093635244,0.0004579539730276478,0.00281976644954917,0.0030362865914116835,0.02258147779740738,0.012683235683492472,0.018773350804510036
2010-08-03,-0.001219846435852739,0.0006805560398639893,0.002436356632707298,0.0006389657352164136,0.0010279885010353125,0.0009823279980282094,-0.004789261330939709,-0.0011876503998915948,-0.004285397540514602
2010-08-04,0.0030534412401381893,0.0002534408999495735,0.0010801123380836978,-0.0005515366198618151,-0.0002829957902311547,-8.816098274929502e-05,0.006683229080523434,0.0025440329613996343,0.010113786344695619
2010-08-05,-0.0022640765513244343,0.0006875228911580322,-0.0002827602544619445,0.001002434605549496,0.0011510792972051487,0.0010606438942459828,-0.0010621025151922314,0.0012421383628193894,-0.0023433045234264593
2010-08-06,0.0009840051049497265,0.0013566812064139116,0.004453738913120909,0.0003579964072064326,0.001565359916206079,0.001631192364904104,-0.004075961843553189,0.0001870570228789158,-0.0014952748677771188
2010-08-09,0.0033131062087314147,0.000534020860917685,0.0007467570711446,-0.0004725522035920264,1.687421646958293e-05,2.9751966003727646e-05,0.005338367929916155,0.0030989558104341703,0.006844211953962009
2010-08-10,-0.005023830310011093,-0.0005468774132858761,0.0006008030101662836,0.0002106083118756213,0.000414789740898968,0.0003885051889735864,-0.005399113285364354,-0.001188645889775583,-0.008708684275494871
2010-08-11,-0.02282379660998953,-0.006240631179704651,-0.005155361701277557,-0.0006266732448236354,-0.002617080586153447,-0.00277498732807459,-0.027406679338046303,-0.014014185163738778,-0.027212504461901488
2010-08-12,-0.0018637061713358291,-0.000757558717059852,0.0017537386355355612,2.940510265539778e-06,-0.00043755060671881005,-0.0002798163487495454,-0.006129992950772989,-0.004651874617410115,-0.007929651506002444
2010-08-13,-0.0005996066476976431,0.0001307969092338196,0.0017349444237366159,-6.750316208798047e-05,0.00044590493075515427,0.0004316380233204774,-0.0029457402904745633,5.5306630263571126e-05,-0.007104702403738616
2010-08-16,0.0037003791695874996,0.0026261463861750956,0.006344585528112671,0.0012618384423600311,0.0025968895916191146,0.002685068827599535,-0.0004616141828285292,0.0027408720946125384,0.0017889831021755676
2010-08-17,0.008639408481554128,0.0017524612021072384,0.0026298995353087806,0.00014192657203989252,0.0004955970455626133,0.0006515348098897442,0.012285152221941376,0.005038638764638998,0.012722886031209857
2010-08-18,0.00040767422566958405,0.0002603641538653868,0.0013559566747550988,0.0003428084706929427,0.00026494000220154035,0.0003445608107052079,0.00182544656193806,0.0006499004614353295,0.003967303675752376
2010-08-19,-0.011310184442918984,-0.002688722085928149,-0.002659645067391192,-9.34108269669321e-05,-0.0009667276653176964,-0.001097390621061163,-0.01739748398613028,-0.008364885537930801,-0.01514826994027485
2010-08-20,-0.004155312786859345,-0.0018608827515979537,-0.0033269298970118816,-0.0004927787272136376,-0.0014857129065874147,-0.0015360579530742078,-0.003244462230173495,-0.0032445612269582846,0.0013375994003614888
2010-08-23,-0.0028823981226707342,-0.0006641577654405074,-0.0014445841493165227,-0.00013530970881704647,-0.0002452380586445907,-0.00030710051188970655,-0.003812373810823666,-0.0016651917959654406,-0.00979452819305171
2010-08-24,-0.00749724333726433,-0.0009618624980410868,0.0037218021890333287,0.0005216932139240687,0.0007996830591681202,0.0008619274038008559,-0.014843388172855021,-0.0052938367373060805,-0.01866002759339369
2010-08-25,0.002557783084630376,-0.00015947412143754649,0.004174008025448312,-0.0006204826407597144,-0.0003904343338539697,-9.021014489121444e-05,0.003885490926571089,0.0003062953089505247,0.009621836753894275
2010-08-26,-0.0031695698748576287,-0.0005132597381717273,-0.0009503316659467945,-0.00026647152415918156,3.637541339698123e-05,-7.376658538161251e-05,-0.006702385363043573,-0.0019403733761376913,-0.012026445470264768
2010-08-27,0.010086907482703135,0.001112330511274112,-0.0003961287331820059,-0.00019246702116386454,-0.0007399463946781449,-0.0006004935159699914,0.015490226192304446,0.004004671572616912,0.012172841484597408
2010-08-30,-0.00854596579747526,-0.0010102890930463045,0.0004637345580520609,0.0007695181944163076,0.0006714597244168667,0.0005914033462789468,-0.01450516357663234,-0.005220192388372361,-0.010438221519350366
2010-08-31,0.004034815008979845,0.0019705782218710464,0.007206151150120535,0.0007276204717131215,0.0019544604245928542,0.0021563853360308982,0.0,0.0018903288510662062,-0.0034394949779393835
2010-09-01,0.02037797086343324,0.004709206632828772,0.003143518624334617,0.00019462185922942867,0.0014600368429108965,0.001577211834483685,0.029911891757581133,0.014114924633142236,0.02991284655600568
2010-09-02,0.005538567411034879,0.0011702531288824162,0.0028349504732360187,7.074938259093107e-05,0.00037040430728212136,0.0005560538466697559,0.009312140313441075,0.0036936672035759255,0.011170120473622536
2010-09-03,0.008000260567425865,0.001480338037850304,-0.0009015431233604376,-0.00026572106594557887,-1.1120935156094802e-05,2.327002924795707e-05,0.012971405840018546,0.005467711016780896,0.016571204410595453
2010-09-07,-0.008264483401366957,-0.0007982253633699267,0.0028005917292446576,0.0008712247780024781,0.0008658612815121726,0.0008661349055124055,-0.011272312523776917,-0.0036846806605086917,-0.006737445293799826
2010-09-08,0.005206074837937337,0.000962376297444163,-0.0004342133517665886,-0.0004942187387533081,-9.356274663033103e-05,-8.363409573183704e-05,0.007022827408603494,0.003111412463842564,0.012034908427188462
2010-09-09,0.00010585143769553814,-0.0014701217033548106,-0.008781771331643082,-0.0013099019447244792,-0.0023862644427657003,-0.002609740600386486,0.00461933348709942,-0.00034899088735327634,0.00389200558683922
2010-09-10,0.0027994089575452364,0.0004879143806931605,0.00043707001303244146,2.7426475165525102e-05,1.6152794835611558e-05,8.189388155864437e-05,0.005048845526811396,0.001916501347148673,0.0036615061289095863
2010-09-13,0.011924575289742136,0.0045302727496402545,0.0050223283827884845,0.0012593512731981858,0.0030570883279126665,0.0030734028365507742,0.011122716637066654,0.008620047190505018,0.013948437608893638
2010-09-14,0.0044241313636416675,0.0028059545617621774,0.009191338090318617,0.0012306290120395506,0.002696822339369236,0.0029741414753011635,-0.000620543448630162,0.001594620558552728,0.004232236793773936
2010-09-15,0.002623130488548206,0.0005341960966616467,-8.31442732556933e-05,0.00030081614403547336,9.840250256336154e-05,0.00014991178083807385,0.003816827277654866,0.0009510467410903522,0.0063229399920621265
2010-09-16,-0.0002236952842622369,-8.20591023640582e-05,-0.00019470633646139813,0.0002717505807109924,-0.00016562727062115657,-9.528121662618662e-05,-0.0002651774807187479,-0.0015264004098426145,0.003978740156179494
2010-09-17,-0.0011829706220884328,1.7307480821099684e-05,0.0010878409101791463,0.00020225883493157375,0.0003450153784110217,0.00034946565777075884,0.00037334169570812925,0.0011123236623961515,0.003387469334685367
2010-09-20,0.012616521884070307,0.00431556518084503,0.006983818089332266,0.0006462067503282827,0.002766811986615832,0.0029274322700407144,0.015290608324343813,0.010521426592169257,0.01750347393471552
2010-09-21,7.060267985013941e-05,0.001812373907608444,0.004635758461935074,0.0007791250646969596,0.002127811548600724,0.0021279875674782454,-0.0020138706179249066,0.0023846962464718867,-0.0002047922826888815
2010-09-22,-0.0015778596597290162,-0.0002805911624915404,-0.0011556401429406163,-0.00017354296443170596,-0.00017530787718182813,-0.0002523523757600949,-0.004913640311600909,-0.0024002480197608186,-0.002663113698851194
2010-09-23,-0.007128566716891471,-0.0017347633451826527,-0.003563774010360479,-0.00017271629997314355,-0.0009380049757673723,-0.0010903281784064287,-0.008111060867966313,-0.004374765274035281,-0.0004104929579488159
2010-09-24,0.01682656030165363,0.0046136387204009375,0.004561492317020308,0.0005030474702714596,0.0020688745141671004,0.0022726890019065006,0.02062237602837058,0.010534039660116432,0.020341446511447536
2010-09-27,-0.0032231713221244004,4.673506427379398e-05,0.0009536251746913604,9.813268490506073e-05,0.0007050270513003123,0.0005952264782337915,-0.004790487557219225,7.257086802976926e-05,-0.005437677717064493
2010-09-28,0.004290285225553418,0.0019536535659773905,0.005820992435595658,0.0006502525442969973,0.001698818797759271,0.001860276317967982,0.003500849725099231,0.0034346980456728842,-0.0004044980466082482
2010-09-29,-0.0020728145161454156,-0.001016001588451107,-0.0018913584434029852,-0.00021247041518537767,-0.0008830386484871608,-0.0009046579647932862,-0.0017440098728246367,-0.002006949992423808,-0.0016208610960743997
2010-09-30,-0.0011846263414650362,-0.0006118675757450913,3.742768019607203e-05,0.00021868649369646712,-0.0003189833972586993,-0.0002895923941434741,-0.002970782057913346,-0.0022824757642839083,-0.004462852483776869
2010-10-01,0.0062038693979307915,0.0021251549175167945,0.0046420306470719725,0.0006904428236250887,0.0014497846191690025,0.0016004852215746996,0.0042060316317305,0.002769934379059066,-0.0012230109987227955
2010-10-04,-0.004111498650168309,-0.0011609193619591452,0.0014479919446695236,2.9219785208762197e-05,-0.0001178998664064015,-9.94148283290902e-05,-0.007503619130874384,-0.0031893392753345124,-0.0108143066854689
2010-10-05,0.017127452730743675,0.005964160946212882,0.011197373092471485,0.001494981444536858,0.0038233266674929656,0.004204547838207562,0.020131322593430312,0.012145474306849424,0.024340589490830178
2010-10-06,0.00124334231118539,0.0012782452323844523,0.004472838679176567,0.00027084938725671317,0.0014035600567515515,0.001444729825335399,-8.594029039288298e-05,0.0024983742334866972,-0.008659235634579265
2010-10-07,-0.001764405200260383,-0.00012527386302383476,-0.004587031113222546,0.0003760395373845765,1.7439699671555753e-05,-0.00017514839969129574,-0.0012064023443252303,-0.0003302367951074208,0.003656398546464601
2010-10-08,0.005343780969085419,0.0018792023240259657,0.005580675337669484,0.0005279633467446706,0.001284806748850509,0.0014594530345973479,0.005608429802691051,0.0035386086827861947,0.00688102541048452
2010-10-11,-0.00012053736924036872,0.00025701177357531407,0.002243767627178826,0.0002563280982758071,0.0004335158003410689,0.0005165791654620902,0.0009438882003571791,0.0009662373095104576,0.0004022740392355395
2010-10-12,0.000807051444527617,-0.0004844615516259029,-0.0018217748217759324,-0.0007347197282877873,-0.0007724602838744469,-0.0007454056551333241,0.0030862465193002286,0.0007161047053188779,0.006830988879052091
2010-10-13,0.010217412058324195,0.003427226141351157,0.009317175780367972,0.0009693710472919411,0.002332049440059581,0.0026570383533583973,0.00777706193300709,0.004707439892962766,0.008182356490048281
2010-10-14,0.00032370675756286654,-0.0007178202809054884,-0.0006099928536435554,-0.00040642049308261955,-0.0009267946268394609,-0.0008222533616116308,-0.0039011079544164495,-0.004612568274770134,-0.0019795018434007883
2010-10-15,0.0004225330401653076,-5.9257094363874704e-05,-0.005195249655391836,0.00015482919763607796,-0.0006267874114112469,-0.0007867386735964397,0.002043653568806869,-0.0004589693646515746,0.021221578684188724
2010-10-18,0.00678121707055274,0.0026989426365568387,0.005072894286328532,0.000476086806386,0.0021400260534108757,0.002270165959607133,0.004927884037587482,0.004861184390683689,-0.0036898701934390266
2010-10-19,-0.01948142542309584,-0.005876333973223942,-0.015690565373654628,-0.0010601924833792333,-0.003469414325250794,-0.004071590128285135,-0.013104432174445124,-0.006643463845634265,-0.009356731526344975
2010-10-20,0.011028347092908411,0.0033621493099702006,0.007318996459880814,0.0007913841202259005,0.0021726175713504886,0.002463009215251989,0.009766108673796348,0.005671920047526728,0.007280603201059721
2010-10-21,-0.0021897448629625022,-0.001464782646126323,-0.007958487454059974,-0.0003670561061612788,-0.0016860075642399406,-0.0019278751100397138,0.0022054985653414683,-0.0008273802867695959,0.0019530807895522528
2010-10-22,0.0023515593331099147,0.0007424176126469374,0.0010856405814651305,-9.236866490050375e-05,0.00035005458128626243,0.00037944780166886713,0.0018621961187084146,0.001253113430668874,0.006824461360220413
2010-10-25,0.003589265348700292,0.0013524899885600033,0.004580671233473582,0.0006682450933444618,0.0010131444978509993,0.0011645741928278984,0.0029570547915267476,0.0016854119969123137,0.0048410418879292205
2010-10-26,-0.0022682535910008178,-0.0018441150307277477,-0.0033869736559381334,-0.0009924892977009,-0.001967048175504056,-0.0019698001711334866,0.00016888008245841135,-0.0024927192002450324,0.002698101343581838
2010-10-27,-0.007089615506425371,-0.0031014964942963495,-0.00887928263169037,-0.0010820380785782012,-0.0026411859769481768,-0.0028259717754914567,-0.0028636681045433043,-0.004001215578774641,0.0030751510199842347
2010-10-28,0.005110889732788941,0.0032700650637949203,0.007587250003649595,0.0017327464012266095,0.002944917919833283,0.0030659618585360308,0.00016899508608370084,0.002360514338246573,0.00210768487694013
2010-10-29,0.002074548644273272,0.0014435539828661545,0.00630420604272977,0.0006087125818645885,0.0015673214329772868,0.0017338289427456775,0.0007599227089054583,0.002202382439299755,-0.0022944566015457024
2010-11-01,0.0009974011151942476,9.71608582291598e-05,-0.0008255529028909051,0.00044753000781809043,-5.9806982319679454e-06,-4.01300999567172e-05,0.0003378469987982413,-0.0004454546322255538,0.0007662425573329301
2010-11-02,0.008692575644947492,0.002836554318872267,0.005010901041441344,-8.749598147071255e-05,0.001634576725366599,0.0017183893877035753,0.007930500332277601,0.006151495605376746,0.010724206297703764
2010-11-03,0.002429511109311555,0.0011872232062397625,-0.0016857786459185675,0.00021458882371860888,0.0007420612063380183,0.0005814398874073312,0.004017439491456276,0.0036826320280658464,0.004547262819347697
2010-11-04,0.01855829054413743,0.007183707842750312,0.021359724328035692,0.001649887796926055,0.00565234425441531,0.0063112896327532,0.019257981648965306,0.014788431011552793,0.012259614254622075
2010-11-05,-0.0009148962602623261,-0.001238863961459643,0.0015266375486738108,-0.0006385956055951128,-0.0010471701506088791,-0.0008772954533869336,0.0037628738267050377,0.0005974071418989898,0.0
2010-11-08,-0.002006848088316893,-0.000555941258195509,0.0031611717862642975,-0.0002232621319392373,-0.00011975929715338425,4.522534733867485e-05,-0.001874548508635665,-0.0010146476713591992,0.0013041045115074201
2010-11-09,-0.012372702016972534,-0.005338035496164085,-0.0179141012466858,-0.0021760841381893016,-0.004954401872330061,-0.00545986335689088,-0.007184059509580454,-0.007684299321470958,-0.005396274957629288
2010-11-10,0.005259128485714824,0.0024891132815460905,0.008880224358419977,0.0011167445477942616,0.002349108303945577,0.0026200690787756176,0.004029329684944294,0.0039200198773505016,0.005051289233449552
2010-11-11,-0.0048211424881426206,-0.00232239346867183,-0.0007546257510160736,-0.0015957095340852563,-0.0017770474666230574,-0.0017243081097582942,-0.003767555348200724,-0.0027171419673354237,-0.0063288743752418775
2010-11-12,-0.012353814364463584,-0.005244484543762494,-0.016905570828565517,-0.001284618442318165,-0.004368017012186301,-0.004882879950157084,-0.01183814389359883,-0.010434840639594118,-0.0162980832241153
2010-11-15,-0.004663979663968478,-0.003311735989895346,-0.010847621658693081,-0.0009457884866232423,-0.0034641947173810724,-0.003631567935560022,-0.00141437198975225,-0.005954814922804019,-0.003808882863424512
2010-11-16,-0.01667300238918854,-0.003870895867013239,-0.008249859910334782,-0.0005293571382466548,-0.0017151557799995457,-0.002124646226153875,-0.015579538739454613,-0.00650604506219748,-0.016440625205838
2010-11-17,0.002356805082609402,0.0005416894214726958,-0.0015044123520980986,0.0005757150498353712,0.00015161918947106874,0.00011551617688040442,0.0005080148079348312,-0.0008428512315530199,0.00291519867067902
2010-11-18,0.01345358711924137,0.004079245719180254,0.006067585246508335,0.0009131091905913734,0.0022321594955966276,0.002468492072894129,0.01471811161283787,0.007903677192612028,0.016085369687592
2010-11-19,0.001401821789975412,0.00028994619276902884,0.002191015816287726,-0.0004839107791147193,0.00019548783226801784,0.00024611768043409786,0.002750934897572721,0.0024789221714185132,0.0007628391661158584
2010-11-22,-0.0005690073395944683,0.0012213312113560785,0.006576286959196048,0.001265898718099222,0.001836182635914689,0.0020008237822183353,-0.0008311388021118304,0.0016086304554571314,0.008385834557165017
2010-11-23,-0.014208940070792606,-0.0035312652617954573,0.002119962343761201,0.00023571263263080777,-0.001005978206765051,-0.0008741722865211016,-0.014477543821981631,-0.007932103100222014,-0.015876192966444047
2010-11-24,0.009278875375577887,0.0004607336093853357,-0.0012752240322100486,-0.0011476330149055099,-0.0013500893794898521,-0.0012194209798395094,0.014774584500530485,0.004572524181822039,0.02016509693411317
2010-11-26,-0.008526531341509973,-0.0017867735659781627,-0.0019406070378310742,0.00016499406134366245,-0.00040892578906480783,-0.000552699021076193,-0.011647428147868677,-0.005349825999679152,-0.006588614986567931
2010-11-29,-0.002432784457607275,-0.0005198361706454873,0.001969003753153547,1.2503237068245255e-05,2.9728254116025972e-05,8.945130987756132e-05,0.003030392460955822,0.0026833115539573703,-0.0007580070083332835
2010-11-30,-0.00454392733656835,-0.0005245822875887076,0.005632984023207983,0.000804794225997428,0.0006748190874852444,0.0009138477932898979,-0.0056227516243250175,-0.0026929664958323662,-0.012137312301118919
2010-12-01,0.013543553708602784,0.0017940284743070477,-0.0042146607652097596,-0.0008906914919854579,-0.001018133274339669,-0.0009847070942075558,0.021267647645192733,0.007520794514469979,0.021117396881752626
2010-12-02,0.010747827344546563,0.002814186272192007,0.0014871608115863406,0.0003684701262544291,0.0011952372373938288,0.0012380121275750021,0.012808881176078923,0.006821015679766503,0.010152290940598219
2010-12-03,0.006343211087522782,0.003082641720946633,0.008295178208498122,0.0020097629104944836,0.002663906996360099,0.002979522437471571,0.0026926586017712584,0.0016323297361005018,0.00260562239243467
2010-12-06,0.00015255807981353874,0.0012080655022073089,0.005570847092525683,0.0008360615513689283,0.001681813231559015,0.0018016187985351276,-0.0010582370778284833,0.0018632182722211352,-0.0003715890692423951
2010-12-07,-0.002906865616146252,-0.00406380742070695,-0.01216654646119789,-0.0023184859531397302,-0.004782264747996143,-0.005004195527294464,0.0005705439015097902,-0.006309198053504867,0.0005573472027040616
2010-12-08,-0.002747234402465284,-0.0025989983020639484,-0.011925971826755376,-0.0019093185547230632,-0.0032697198642955283,-0.003542529532195991,0.003663317030171198,-0.0011794929477592637,0.003711874044774355
2010-12-09,0.00013919931752821074,0.0004541846981350703,-0.00013855487377526562,1.4827517867385897e-06,0.00037791126831271263,0.00037843037439579276,0.0038941828707095283,0.003197308227860411,0.0009247186670595653
2010-12-10,0.0025184359134033615,-0.0003420332546299643,-0.0006809947381337627,-8.553216710085698e-05,-0.0009973735381682252,-0.0009244619382661754,0.00581763586444084,0.00018788870643088144,0.006650498569290564
2010-12-13,0.0037910216762860496,0.001817459006644605,0.0033842773101145866,0.0006413585889447572,0.0015521615681836974,0.0016088524810987798,0.0006422052379821963,0.0016439121682313438,-0.003486961369227992
2010-12-14,-0.0018798046312101474,-0.0018302334703542815,-0.005672945085022795,-0.00043329707674079755,-0.002119523267403417,-0.0021250371426798417,0.0008832766424229366,-0.003587592083559385,0.0018417833087822633
2010-12-15,-0.009505965944964782,-0.003576439610110457,-0.008401532471763715,-0.000926264287807528,-0.0026599005174847467,-0.0028546064770579014,-0.004571981991838836,-0.0043872814569036345,-0.0044117678973474295
2010-12-16,0.0032863825952298455,0.0017190565226653277,-0.0003676892919780533,0.00020993760391637908,0.0012143883994378637,0.0010651205024138318,0.005801698799676291,0.005860438708710642,0.007754806225513944
2010-12-17,0.0012309462300497843,0.0017419771569256086,0.006211034856343459,0.0009678080318269115,0.0021503543061689497,0.0022167670718670927,0.001071339297971985,0.003996003661948265,0.0008813182874465308
2010-12-20,0.001826280265582314,0.0007330874165167238,0.006101239626264187,0.0005785676320989553,0.0008274568793167538,0.001024354450487178,0.0024134524563936832,0.0014307450886915365,0.0007339853129297857
2010-12-21,0.006308442673364254,0.0019122367375930505,0.004298007914066173,8.725394149693606e-05,0.001171120908433791,0.0012405787032026615,0.0063401958153963545,0.004701665919142072,0.006047618224933604
2010-12-22,0.0013429041946488318,-0.0001470795212635162,0.0005471288697728718,-0.0002376098426312359,-0.0003807078084664615,-0.00035110995613570815,0.003110046542885936,0.0008270695249309068,-0.00018198124869661658
2010-12-23,-0.0018748695512765129,-0.0017259096228338482,-0.003559755174694214,-0.0014292126513534228,-0.0018092376776262082,-0.0018519001884133247,-0.001430617679551549,-0.002239984136485516,-0.0025508252669981246
2010-12-27,0.00028315214065892114,0.0007852699941461837,0.005861527232538766,0.0007645741582927742,0.0012368155164430802,0.0013575588446379553,0.00039795868719894045,0.0017344436695103012,0.0005477584196431629
2010-12-28,0.0005636370920754571,-0.0014623049779036433,0.004457198039162114,-0.0006662110965899538,-0.001553227087215964,-0.001177785185512347,0.0014327372993649945,-0.0031913725058600566,-0.0018256320234006918
2010-12-29,0.005729328068560548,0.004275343877137659,0.005438778298902273,0.002424005453679943,0.004098576686610656,0.0040693564564340656,0.0007151440560368982,0.004763280508339106,0.0021951963028810084
2010-12-30,-0.001318999272846738,-0.0010236311814205144,-0.001830440304970149,-0.0005583008390017063,-0.0009318862156146505,-0.000977544480750078,-0.0015885078905364391,-0.00175967455923055,-0.0023727809189896254
2010-12-31,0.0045979932875614615,0.002786625749121996,0.005932026794135785,0.0014409537627715408,0.002619313772663009,0.002763615803768446,0.0002386432972651953,0.0020942794396702717,-0.0036590100577867934
2011-01-03,0.005418579236252994,0.0010323532031317009,0.0023327787105084864,0.00017036003623041392,0.00016878341213602394,0.00020159683702544945,0.010337942992326932,0.005127152580023504,0.015607601728504727
2011-01-04,-0.0032229851385113806,-0.0011257644663673627,-0.01681805311348461,-0.0011497988529685088,-0.0014891564978375404,-0.0020389773573333825,-0.0005509261357888873,0.0005795829040782241,-0.0007229495901445171
2011-01-05,-0.00142369483895344,-0.002551708732651473,-0.0018739838298892284,-0.0015016561889237869,-0.0029382926081425263,-0.0028921770866707783,0.005197581142747598,-0.0012016215067769923,0.008503468097052158
2011-01-06,-0.00457397450068331,-5.66834343331872e-05,-0.004305987858227945,0.0008765709002390607,0.0006273589125137814,0.0004773530142544219,-0.0019584647356261087,0.000872829539142105,0.0032293113239942883
2011-01-07,-0.002262285729725857,0.0008808046630265395,0.0007601941713731508,0.0012605326980263767,0.0015494643940045306,0.0014888843376126635,-0.001962623444083378,0.0014704410825180166,-0.0008939266831848869
2011-01-10,-0.0007894207846491785,0.0005987505853989766,0.0022275841113869603,0.0006550359579024488,0.0009213946242012025,0.0009736539853518409,-0.0012583909529295667,0.0006118324079689006,0.0037585542844356112
2011-01-11,0.00341720879059011,0.0003375971149262799,0.000660545091384584,-0.00036579558981926247,-0.000296744906852819,-0.00020909052231761645,0.0035438125204367843,0.0005416891302557521,0.0014269801021951078
2011-01-12,0.011120018595775636,0.0029899847891133318,0.0026997733461770626,0.000350107618596128,0.0012641227352365402,0.001311770683861777,0.009024998540818396,0.0042638178499367595,0.007122324815589609
2011-01-13,7.972339889210228e-06,0.0007304364708120422,-0.0014878248590447162,6.651400445022938e-05,0.0007978797874627999,0.0006144480165096956,-0.0016337363268386085,0.0016901905082106759,0.0003536788151945469
2011-01-14,0.0037288298223447976,0.0006576944025001244,-0.0019080581673910062,-3.5244476942625195e-05,-0.00021696460490125356,-0.0003554118887897674,0.0072447541321698505,0.0032512193766281307,0.007422778118168161
2011-01-18,0.0035151810867509927,0.0007136815774865673,0.005159262036561901,9.405518440992019e-05,0.00030300607069730926,0.00045386389736312086,0.0017019849598787218,5.4685516934847205e-05,0.0028068244527372777
2011-01-19,-0.00567140568090067,-0.001119537319888625,-0.0039524828732308386,7.666043843043833e-05,-0.00018395805409039836,-0.000227936985333538,-0.009805618158715279,-0.004910967959103286,-0.011371085227369071
2011-01-20,-0.007053160392416068,-0.003930980093383458,-0.008961452404043271,-0.0017327532691299677,-0.0035730462742038917,-0.003812365191047407,-0.0013257911800130806,-0.0038967407894695393,-0.007078753507386959
2011-01-21,0.0012478650928888506,0.0008372044272482765,0.00046661892484668103,-1.0553096451867464e-05,0.0007531436650340343,0.0007156108247890874,0.0022640645919553837,0.0026861486906245282,-0.0076633704286172
2011-01-24,0.0051030995190787624,0.0014452034896634547,6.703285971882854e-05,0.00015115327206715524,0.0005112487836693934,0.0004332863356613908,0.0056869546507785085,0.003469721370830644,0.013828863832566984
2011-01-25,-0.0003782267584620234,0.0007252694161985622,0.0049956427118429125,0.0007607332825715612,0.0011962218601230367,0.0012272917469709685,0.0005418663793324008,0.0023183203619085335,0.0014170859391384738
2011-01-26,0.003836213853307208,0.0005131487542534363,0.0025482305803129785,0.00016369114886712787,-0.00015037113415903284,-2.0822052298608696e-06,0.0038710791890876894,-7.53764604903423e-05,0.005307073504218662
2011-01-27,0.0018186787244870754,0.0008259430678295563,-0.0023479404194164588,0.000283938278814609,0.0004264275666166534,9.92457122542079e-05,0.0024675991481104553,0.0029726381327527572,0.006158439288692641
2011-01-28,-0.013603150175701047,-0.0029717814113043818,0.001015668555451552,0.00010876458745947641,-0.00035434336033654876,-0.00012266074201339205,-0.017462485035419584,-0.008751542412582044,-0.025358353595899663
2011-01-31,0.006360085532849948,0.001223543487923847,0.0034105825826587985,5.774903380223594e-05,0.00021586037788499677,0.00024348440234150755,0.007516371038897907,0.0029339152389788654,0.004844914652357035
2011-02-01,0.012991032483834899,0.002988061541519354,0.002805649342694998,-0.0003059377067155315,0.0007229002891536433,0.000815217824346838,0.016008566312689432,0.007794591017057816,0.0187500053574563
2011-02-02,-0.0017767610580907759,-0.001146612349879761,-0.0015085574260094293,-0.0006765426724387497,-0.0010697960336191594,-0.0010883807774570192,-0.001912103951663524,-0.0020891893991908644,-0.0015777322664990434
2011-02-03,0.0004310518182495393,-0.0007595305074326042,0.005795521751329247,-0.0004925568828642035,-0.000760269665623925,-0.00047722743207767593,0.002222326805126462,-0.0009631816252785308,0.0017558996819628803
2011-02-04,-0.0016317162348903334,-0.0015307957238445957,-0.0008919732723283212,-0.0006249206366753015,-0.0018511996290697167,-0.0019387582620063865,0.0028293126132208357,-0.0007531351470454269,0.005608127636087312
2011-02-07,0.0037838698247693063,0.0007856288905902929,0.003898450862178479,-0.00020099405867102444,0.0002633083305826708,0.00032589651246635803,0.0062524643722188245,0.0036041644001970096,0.004705442680162042
2011-02-08,0.004168132233276099,1.6258382249910577e-05,0.007936873095414777,-0.0006072318233569919,-0.0007135952632006016,-0.0004697183649051769,0.004546368480217833,4.623952276320816e-05,0.006591405882222512
2011-02-09,-0.0020942451164057537,0.00048440080010511027,-0.0007593750225742583,0.0005683838801209883,0.00102748577408177,0.001004366239883846,-0.0022629720963289746,0.0008578945714643748,-0.0017232220394346465
2011-02-10,-0.002810009022581374,-0.0014382513770255707,0.0007865033965816932,-0.0004054074804303468,-0.0011394316387189644,-0.0011036898036125519,0.0003778908115161794,-0.0010587004816141777,0.0015535393283945265
2011-02-11,0.003624225227052866,0.0014541335299937134,0.002602955091902431,0.0002518936657394361,0.0010297888622828933,0.0009731462596029581,0.00597036398187023,0.005431100410077105,0.007238705026794134
2011-02-14,0.0002786941008416534,0.0002946629210435509,0.002886957226066935,0.0002406581305642451,0.00033283059673744044,0.000413646286902222,0.002404054892611862,0.0015892366198412844,0.002395809826882367
2011-02-15,5.684781142990629e-05,0.0006683361134246086,0.0017527822892908153,0.0005723327690441192,0.0009226366323462536,0.0010148126760293245,-0.0031476510956891524,-0.001018193853093301,-0.0013657088701720665
2011-02-16,0.004689161142788293,0.0012268728673834478,0.0034269078307094226,0.0002323246696419865,0.0004369612047591284,0.00044877432023690203,0.006315406872401841,0.0032772805351971596,0.006495783622574747
2011-02-17,0.00335846554294666,0.0022030414888282368,0.002871595383666643,0.0012750775389522183,0.0020837216211386116,0.002165406195568062,0.002988341667865102,0.0032671448954490123,-0.00033989142447843346
2011-02-18,0.002169826527196038,0.0007916801071829049,0.0010042587407207613,0.00030179139538555637,0.0006375456681537066,0.0007000690789140155,0.0020859660275478475,0.001184126222579584,-0.002208266069630538
2011-02-22,-0.014633099456637329,-0.0027570654990657895,-0.010634975625199012,-0.0002491100153304621,0.00020104000130960877,0.00029496640573103565,-0.020070164963197246,-0.008451703558024982,-0.028946128126009385
2011-02-23,-0.0018182210989638203,-0.000811885131942564,-0.001243274760032877,-0.0003791956108943384,-0.0004910897999872072,-0.0003692181338880382,-0.006143971508623447,-0.004681523640020299,-0.008241044132387132
2011-02-24,-0.0007562059458391001,0.0002874429522564416,-0.002558875558966365,0.0004746779233423073,0.00017866266327991177,-2.8617360528792676e-05,-0.0006868922185251369,0.0006177741236389841,0.005303561971564896
2011-02-25,0.010415960346617358,0.003618029703196072,0.012013650790367123,0.001076910041562796,0.002537978236775413,0.00272733068898594,0.010692453961403281,0.007706744856970028,0.013894155722206092
2011-02-28,0.006805899768729485,0.001970252703905672,0.006606023670274025,0.0005206554703774013,0.001428916535675213,0.0016127549438348656,0.006196406826870948,0.0035602031413598224,0.0020816479869669724
2011-03-01,-0.0103482345408487,-0.002167996367914743,-0.0053075138829914385,0.00021892402966833743,-0.0004389951958309908,-0.00030899902790424273,-0.016672432561860684,-0.009613233426988147,-0.0160985035186465
2011-03-02,0.002202818266232614,-0.0001219213203809085,-0.00010340412851560408,-0.00022770169485736622,-0.0009033881390186196,-0.0009759424657215505,0.0021381683743302293,-0.0008238415323057872,0.005277974663019158
2011-03-03,0.008880591364280599,0.0005259263044891747,0.005053457127725572,-0.0012831907158428963,-0.001499772875401162,-0.0016331099737456334,0.017224200564053938,0.007645108542504717,0.019775973669406532
2011-03-04,-0.0022820584432937958,0.0015507843855353204,-0.00019852020157014406,0.002083645286636917,0.002476509253374781,0.0025243059877931425,-0.007491975277264751,-0.0017299547882700882,-0.005148672997292492
2011-03-07,-0.006459004988060846,-0.002559578665546791,-0.005790887788648225,-0.0013201948968866173,-0.0016867187175712006,-0.001638762574250996,-0.007851037349844714,-0.005708510396082778,-0.013454896005815065
2011-03-08,0.0043434172701310135,0.000628475810297777,0.0033850588461949247,-0.0001833186749658874,2.5813799225631658e-05,7.47975569529688e-05,0.00875002064802377,0.004284671649622712,0.004021051977764589
2011-03-09,-0.000222900189067902,0.0008968632262308713,-0.0027556521238863534,0.0003098167117086133,0.0012358279380461068,0.0012080930290720383,-0.001433127658590716,0.001469310308412628,-0.006791547087720451
2011-03-10,-0.014631163162943266,-0.0029181172394692288,-0.013999241721578463,-0.00012855899211383745,-0.0006993620011690726,-0.0009750116452218974,-0.01850616611546496,-0.007691535469002,-0.015605560529730389
2011-03-11,0.00466720859467161,0.0011660051542572844,0.005828232033920072,0.0005134973468574842,0.0006044945796299134,0.0007144834395706593,0.006926635430233752,0.003152218191753491,0.00623420674361741
2011-03-14,-0.0013268025328071152,0.00027716509079591403,-0.0015770589834657818,0.00048218569122523817,0.000593514175490593,0.0005906064747513322,-0.006038356952357105,-0.0026854598552371427,-0.00354047615313835
2011-03-15,-0.0116123726260105,-0.003666179411600616,-0.014194996264648686,-0.0016464506229243992,-0.0022073973646823245,-0.002502826518040503,-0.011457059810376369,-0.005321337560576337,-0.014211990072438008
2011-03-16,-0.014940868524035521,-0.0024112166763055887,-0.012593051578620264,0.0004106604183451378,0.00025032497029104446,0.00017229322610281953,-0.018512339292267588,-0.007424028644055797,-0.024148539952564163
2011-03-17,0.01158323975468376,0.002796405308941897,0.007333411579165566,0.000153229922172773,0.0010425686985655498,0.0011398659282017291,0.013234847692512375,0.006441205058619752,0.009233961048626504
2011-03-18,0.00548930650385735,0.0013028356178344529,0.005334495068282869,-0.00029751163326600575,0.0008149750839225825,0.001042891437050952,0.00363707003285918,0.0018731783083732454,-0.002254370117873772
2011-03-21,0.012290417971205336,0.00250064739335371,0.011948460418173806,0.00011862846857774536,0.000526046583755083,0.0006622150505083651,0.015497642912919884,0.006976039624682022,0.01928387354941985
2011-03-22,-0.0019180552189484378,-0.0006432176170892516,-0.0022734795623635964,-0.0003285524209314015,-0.0004494270659178971,-0.0004948158050096386,-0.0034683092154558226,-0.0018402528442040896,-0.001801828398850791
2011-03-23,0.002103755730419314,0.0008293196896710941,0.0037219097091857768,0.0006310134620618219,0.0004608026127037099,0.0005281013489609787,0.00286200204067133,0.0011738258555420975,0.0055956876911231745
2011-03-24,0.0066497220224567355,0.0009206619856200139,0.004514462634481167,4.8668458829075295e-05,-0.0005840092751037334,-0.000706641745837261,0.009563258760075133,0.003591009232382322,0.017770609869633747
2011-03-25,-0.0008971695942200593,-0.000978723092706035,0.0026581935552550708,-0.0005228842672866935,-0.000860059671116102,-0.000772933444459562,0.003055850170605723,0.0007437434619093754,0.002469156866741651
2011-03-28,-0.002325247754290764,-0.0010492978759094503,-0.004488185150386407,-0.0008580362256553452,-0.0008315807065993799,-0.0009094603202381964,-0.0024372475634384383,-0.0013278760033608196,-0.005454001398862873
2011-03-29,0.004199345968653134,0.0006878177079365727,0.003698189145259407,0.00011762870381606786,-0.00013595457875465052,-0.0001580924034384087,0.006718596079767103,0.002846251237972059,0.009729645725449654
2011-03-30,0.007281038676645397,0.0027653660576295665,0.006147230931988768,0.0008838857931814724,0.0021274060510478266,0.0022321759134347812,0.0069013671359892115,0.005516771565186807,0.0047297681082942855
2011-03-31,0.0015675837651639747,-0.00014841280943734455,0.005633274575331236,-0.00025940397264600525,-0.00013749137378744775,8.216015071661482e-05,-0.0013556173663140658,-0.0018423210856878575,0.0013947818472592743
2011-04-01,0.005057863333244094,0.001998871745179536,-0.0013695448218503496,0.0006448726604364947,0.0012794365490133778,0.001161335853259584,0.00422310065949727,0.003388979452846807,0.000522732013454652
2011-04-04,0.002602413049226152,0.0011584487536298199,0.0003872098454612199,0.00016203861324343193,0.0009764240016935668,0.001025985900609021,0.0008266074708087601,0.00139772761053111,-0.003306681786046539
2011-04-05,0.0014058052715282265,-0.0004923482843183224,0.00541154580276304,-0.0005921193285063353,-0.000580976027845348,-0.0002896186442898907,-0.00015019544557814957,-0.002109574773311418,-0.0026189828509468605
2011-04-06,0.0034699993034503543,0.000586322877178938,0.0020674216564630504,0.0001947939744827276,-4.4380008020154574e-05,-9.453141083534103e-06,0.003152024454289748,0.00017420642542454313,0.002450924669808785
2011-04-07,-0.0024986115521599826,-0.00016871261810917046,-0.002001510618088713,0.0006581291744672668,0.00010717196523672504,4.592927212343907e-05,-0.0025435107606357477,-0.0014906955189614329,-0.0006983346514629618
2011-04-08,0.00025929052494986214,-0.00029720933284468497,5.871091972204029e-05,-0.00027091863100957357,-0.0003666954131919905,-0.0002678296530751821,-0.0034506887790987095,-0.003241933574099561,-0.004718880762697775
2011-04-11,-0.0027102875716514237,-0.0008363009623307394,-0.004223749011258657,-0.0005139601243713456,-0.0005444411615389435,-0.0006473253754774451,-0.003010543530856613,-0.0012941924426995944,-0.003336676182026932
2011-04-12,-0.0068321081565452515,-0.00051765591027331,-0.006191695895585622,0.0009674478348188371,0.0006992987905498389,0.0005628513720009284,-0.007474289893351749,-0.0022426264204178617,-0.0068703566532525295
2011-04-13,0.002829298455883267,0.0015823775986677272,0.003999965512387639,0.0009025510243093786,0.001305979501897524,0.0012941641234743909,-7.566352112431396e-05,0.0015159360422681697,0.008514563799548291
2011-04-14,0.0033567465335843684,0.00012420226812938674,0.007484270541252976,-0.0004965767097437131,2.0726006793531603e-05,0.0003556908806797495,0.0007606510173936432,-0.0008882768540995461,-0.0017587347657189722
2011-04-15,0.003270461939276146,0.0028745280882000786,0.005248253268280275,0.001972361731677145,0.003222670758180799,0.0033930153177995463,0.00364830412164574,0.005129515328064594,-0.0017620637285474805
2011-04-18,-0.010184650770438352,-0.0022697454676074177,-0.0022351114718019253,0.00010440125798518518,-0.0005996550422786133,-0.0005125442092689748,-0.01120867262404035,-0.005701630010494489,-0.007061157854809208
2011-04-19,0.005344699458681808,0.001718254428012468,0.004044196979527891,0.0005050975691471811,0.0010903883114780303,0.0011083833120688576,0.005744516345434825,0.003931735522568302,0.006222082843297061
2011-04-20,0.014067190483854129,0.0036339264481456027,0.012878037617125793,0.0010738428674284285,0.0015084871264711903,0.0015887249321570687,0.01363198658651621,0.006511526585297749,0.022615305443977052
2011-04-21,0.005062708062223481,0.0014175015219336361,0.005150704732461618,0.0002145915746266638,0.00075570219349892,0.0008034386023257602,0.005109100817504153,0.003361699122003033,0.007947458340197278
2011-04-25,0.0006632182673484943,0.0006402073472092536,0.0025379159184844517,0.0002622207527978544,0.0007840177527921979,0.0008310273954791163,-0.001046458681040141,0.0007839723738980087,0.0025710230169304626
2011-04-26,0.005842904374702748,0.002596591577119565,0.0026191300095061206,0.0010246220148755036,0.0019491121349883766,0.001892873708035727,0.008605091795284014,0.0068647558590645835,0.005642043595753821
2011-04-27,0.007946862184946266,0.0026322570719976733,0.01184989099049432,0.001332316453413621,0.0018479537764909007,0.0021875358384464572,0.006528463494996473,0.0027717383157683942,0.006800359910103859
2011-04-28,0.002184637041041663,0.0010332493353712939,0.0035252896483915584,7.595659883493988e-05,0.0011564078452677728,0.0013034152162249468,0.003243022669735307,0.003477617401704598,-0.0015197645553346462
2011-04-29,0.0029789970639233793,0.0017411725000797834,0.005553346295550816,0.0010089172061330386,0.0016869623935240195,0.0019103133236681295,0.0023514123693952893,0.0022179376308933945,-0.0008457543368125542
2011-05-02,-0.001940970809151088,-0.0010125407271843745,-0.005742040459082269,-0.0007138595629166046,-0.0009996930899385929,-0.0012013230938130778,-0.0015394554126048066,-0.0010500583537262082,-0.0018617772216598105
2011-05-03,-0.006799628234915147,-0.0014125250256688238,-0.005155857780153323,-2.7714237539819302e-05,-0.0004941508395783366,-0.0005942418806174945,-0.0035971112029924424,-0.0011091844101752263,-0.004748291764072987
2011-05-04,-0.006544790206529996,-0.0015371300505025497,-0.007720576342102919,-0.0001542787163046861,-0.0008579459140538883,-0.0011288127135475068,-0.006630713894992035,-0.0029668030051189067,-0.0015334148105358159
2011-05-05,-0.011144830126922245,-0.003113071065373063,-0.01139357518121964,-0.0009933357703533208,-0.001834076827152753,-0.002267234312474553,-0.009048337316896693,-0.003446723348643377,-0.005460936180035181
2011-05-06,0.002055408859351236,0.0010365182831852508,0.001912638567580104,0.0006296275483773147,0.0008569022902231569,0.0009836217054181929,0.004415564279858675,0.002846010516866792,0.0032604567720109223
2011-05-09,0.0043645698391419786,0.0019458994622002137,0.007885215167482666,0.001074546673969254,0.001748268254477191,0.0019800818776607595,0.0038748218015232094,0.002907197937399737,0.0037624004117609022
2011-05-10,0.007732800677717488,0.0010848679160216045,0.005918014983534641,-0.0004018266406188999,-1.4075234511186515e-05,0.00013759812237402157,0.008536185319897749,0.003167186544240535,0.008519466170873402
2011-05-11,-0.009739929292413551,-0.001894898132349438,-0.006626868280340164,0.0002653848853030405,-0.0005845285721844038,-0.0007795504487371829,-0.010524659711311557,-0.004900143019886229,-0.0072648924515855695
2011-05-12,0.00171525060795207,3.381176935010501e-05,0.00019498763218460196,-0.0002041332153250927,-0.0003496368818187059,-0.00033064653802194127,0.004760720833652865,0.001959972558562624,0.00595644792885941
2011-05-13,-0.009487711518700622,-0.0020268471023375946,-0.005509382762565707,-0.00025107913842916995,-0.0007188872764829009,-0.0008647721448221304,-0.00769937719687841,-0.0030576589132183894,-0.011842062581647772
2011-05-16,-0.0029738464557898807,-0.0005689770843698911,0.0004120116300432568,-0.0002493659708382718,0.0001269691777495615,0.0001162963013380714,-0.006341086104740046,-0.0028125548276076513,-0.017291679256445813
2011-05-17,0.0008866117101718065,0.0005543677197377856,-0.0011225409070818506,6.311729384156936e-05,0.00041432156943283465,0.00032667223596108316,-0.00014989870003623285,0.0010980227561320334,0.002787512895767952
2011-05-18,0.006079184626244741,0.0008718597382866614,0.0044547626707636505,8.682272062182502e-05,-5.378471673359145e-06,0.0001470317008113826,0.008935452209225536,0.002978282036508297,0.008338989969773003
2011-05-19,0.002794333480975228,0.0010065180178940392,0.0019299893221456236,0.00023964488361000262,0.0006635345884327705,0.000677399836964883,0.002381889269670312,0.0018454590380643507,0.002929163174428151
2011-05-20,-0.005511247793711643,-0.0007765631307709098,0.0011369266802623863,0.00044687440036737986,0.0002762411148446084,0.000414805596420384,-0.00794486440505171,-0.00378004088098545,-0.007558710491536225
2011-05-23,-0.011295371599518633,-0.0028965916770680687,-0.002412116297590663,-0.00037270539043849634,-0.0011758293854706857,-0.0011494782664904458,-0.011600892969828913,-0.006356786477377458,-0.014713734000177725
2011-05-24,0.0022344637792216073,0.0006672232302177785,0.003382272117131834,-3.56393103927997e-05,0.0006081811700779998,0.0007013112689638054,-0.0008333540465677025,-6.775267000313703e-05,-0.00614914872428074
2011-05-25,0.0035012173019251256,0.0012710032046669686,0.001650297891289572,0.0005895551090716681,0.0008329953629534021,0.0008363156499681742,0.0033349070824395532,0.002015818462259561,0.0038894613707256553
2011-05-26,0.0064166063148594025,0.0025583796926106567,0.005136709389084622,0.0007225791342029547,0.0019919770477078705,0.0019854463141625923,0.004607512892464083,0.004981930471876543,0.0061629161493494955
2011-05-27,0.005750314555022452,0.0019556128004862548,0.0060028903672689395,0.0008690035355825091,0.0014257688186879456,0.0015931427548256754,0.0038343118009265265,0.0022285461635883704,0.005074779052789857
2011-05-31,0.011111579081713514,0.0032234700567008536,0.005922860075180854,0.0006129059867255366,0.0017840198494833454,0.001820843522969712,0.01041169685203247,0.00680913554807678,0.016194296962622756
2011-06-01,-0.015034717818529513,-0.0029206603004331044,-0.007731680823674038,-0.00019809547197093019,-0.0006115827380972956,-0.0007310430415558092,-0.02246136254095832,-0.010037554892154552,-0.02176182524546455
2011-06-02,0.0005583290891273591,-0.0008757010698231191,-0.005119040544583521,-0.0005891833327780804,-0.0013835635856252481,-0.0014564314167180912,-0.0010616917264617554,-0.003084583815393731,0.0021018533268797324
2011-06-03,-0.0006779350936672386,0.0002846963631207367,0.0043017682067121735,-3.1520699689192025e-05,0.0008581274162924987,0.000957908183080661,-0.009944547227615841,-0.004241375548856943,-0.015032347921731248
2011-06-06,-0.008411513869780451,-0.0022168493758782937,-0.004607360955222961,-0.00016559809794691738,-0.0011418908372682335,-0.0011678060474850094,-0.010580952152945522,-0.0066242131421381245,-0.008163247945538799
2011-06-07,0.004409724324233057,0.0016429339077063758,0.003955049622923457,0.0006662658448016005,0.0013243899389066996,0.0013519919530903496,-0.0006197312471193372,0.0003773040529943059,-0.0017892555159483292
2011-06-08,-0.005762051326033804,-0.0014069775750523519,-0.002064013136322169,-0.00023924659161856838,-0.0005566578554606597,-0.0006158280301456143,-0.004187623018167774,-0.001628424019980325,-0.0071698507588128235
2011-06-09,0.0034983736385099185,0.00014931865292645475,-0.0027642239226719637,-0.0008433434537405524,-0.0007202303587285563,-0.0007083323109449862,0.0076311851029566835,0.002922533759779783,0.0018056432113211507
2011-06-10,-0.015493145144804477,-0.003514689504088476,-0.01142570682355655,-9.38272218183683e-05,-0.0015658065240866776,-0.0018120680710546392,-0.0139102266302078,-0.0070365368115794785,-0.01531838025792609
2011-06-13,-0.0001112505722223972,-0.0006880429691997784,-0.003125080012164234,-0.0006385848990694181,-0.0009275238295486197,-0.0010483436452825314,0.0007835827684885555,-0.00041165835854772034,0.0
2011-06-14,0.009433377325815324,0.0013579159777218667,0.005535716953683123,-0.00013940062672732209,-6.112342391157306e-05,0.00011513727524668043,0.012685888583891636,0.0043292794612340355,0.012811240937782742
2011-06-15,-0.01419987988399474,-0.001918368934183908,-0.0016185631872729029,0.0008177319157569498,0.0005988886718435214,0.0005728729814003953,-0.017785489181627034,-0.006341075227663875,-0.01897390180966052
2011-06-16,-0.0011128887846573404,-1.6966723552350318e-05,0.0029975543386861515,2.310675630899333e-05,0.0003652558176659916,0.0003989850162282579,0.0022046182268871117,0.002437193795545851,-0.003867709175561118
2011-06-17,0.005066166472986108,0.001449499173457698,0.0057058194370184084,0.00041439958898732693,0.0010227038617738214,0.0011638898911141642,0.002983783015494179,0.001476307297789877,-0.003131644288915103
2011-06-20,0.002051868148325954,0.00039951402707513045,0.004033848514998172,0.00023185307865218743,0.0002217551210532336,0.0003051749442680972,0.005116400321545367,0.0024114688854774613,0.00520522211615182
2011-06-21,0.012024043153954266,0.003447926702774647,0.004333175199501033,0.000891160582506545,0.00172853901028702,0.0017920746903596948,0.013704042862642707,0.0076161227595728425,0.021453364828868615
2011-06-22,-0.00553516600534128,-0.0017167953234878915,-0.0005278145480606008,-0.0003839933823695575,-0.0008875610117990126,-0.000846100372532866,-0.006025510260206701,-0.003773021341483248,-0.0072424046112192775
2011-06-23,-0.005812075138135467,-0.0007558862158870203,-0.012770882616674074,8.024920009648266e-05,-0.0004884706432472976,-0.0009079589536993124,-0.002875845644040642,0.00039506957229780383,0.009301597132211903
2011-06-24,-0.007553175214823875,-0.0017999538041825343,-0.004483733342856516,-0.00038457433227443414,-0.0006366481097081257,-0.0008335849547707417,-0.011613477585608822,-0.005217292093990357,-0.01734718698851756
2011-06-27,0.005837583804559943,0.0006559400940695094,-0.0009545189472443801,-0.0005506563676506396,-0.0005216734253415935,-0.0005617705066633533,0.008911141679512014,0.0036900317775205946,0.015998500670268756
2011-06-28,0.007651069061354227,0.0002115255760904507,0.0019189747499591076,-0.0010925220798012098,-0.0012612221394455586,-0.0011449994084232254,0.013053248192681055,0.004029589779122982,0.014841645724164687
2011-06-29,0.007562472642271344,0.0015272507103214301,0.004686270787998727,0.00038925894614256953,0.0004927826002799829,0.0006397111629391228,0.008564119683776239,0.0027427921384191012,0.004101861975167154
2011-06-30,0.006628691791347382,0.0013719532109037296,-0.0030983808653574055,7.745082105546206e-06,2.2795058344667464e-05,-0.00011664309823566124,0.009562631204506289,0.004412000125423067,0.01332161717844893
2011-07-01,0.007895969527565268,0.0016312344619313446,0.002558515192571099,-3.432843104120306e-05,0.00035333360447053466,0.00031957505652970236,0.014775672952468843,0.007981208193166169,0.01507476794067042
2011-07-05,0.0024286931663403356,0.002377325638117364,0.011612374811939602,0.0019072058361914058,0.00283531019041145,0.003135356445337196,-0.000821295046583459,0.0019465217326910603,0.005007435357885948
2011-07-06,0.00014254305656180577,0.0006140035227528706,0.006651799855885265,0.0006694331741714521,0.0009605835229147264,0.001136097564558014,0.0011955590840611041,0.0014078098069971734,0.003264580511713966
2011-07-07,0.006818235514645368,0.00093419921945598,0.006931097977618993,-0.00031919472287823917,-9.895827041825567e-05,-3.5566640968119297e-06,0.010375749639883747,0.004684036178293055,0.013701054829462933
2011-07-08,-0.003607800401706524,0.0011174686963337569,0.0029977086525522665,0.0014155407438670887,0.0022562161608396364,0.0023368328222521596,-0.007092536159185259,-5.364156398779234e-05,-0.0027034096885084624
2011-07-11,-0.015334102923972666,-0.0027394076815016946,-0.004840587200470408,0.00018029823824071054,-0.0001782777858634742,-9.865148708675143e-05,-0.018079834635315484,-0.007765581142781992,-0.01812619080922695
2011-07-12,-0.0030203865148532454,-0.0006623264046334295,0.0037641577496522623,-0.00016229238359203904,9.587871844291754e-05,0.0002602338711481908,-0.004319651168134153,-0.001975675331314343,-0.007591433314011464
2011-07-13,0.0060545851988523455,0.0021837350462432215,0.0003625349559206355,0.0005548925176359789,0.001385070908765083,0.0014251565945592405,0.003348638631297529,0.0026493550419887323,0.00417247047851288
2011-07-14,-0.00598889571676598,-0.0023793148492270697,-0.004369789780703479,-0.0007022674910213227,-0.0017444534680800675,-0.0017091931352721961,-0.00690197493103728,-0.006420774622124984,-0.01159964050772433
2011-07-15,0.005330324865397163,0.002123422072218148,0.00790704523860279,0.0008291546198754292,0.0016965186000258085,0.001794413901830459,0.005804447680757496,0.005113151407485416,0.01331206124995199
2011-07-18,-0.005681419127288522,-0.0013817471478510266,0.00024595507367135457,1.641701633909556e-05,-0.00045130432186214894,-0.00031898619925733714,-0.008201091048943288,-0.005105055345569771,-0.005358666990154415
2011-07-19,0.009376782931079766,0.0027606435616193167,0.004035852736334562,0.0005253899052435463,0.0013397163823266564,0.0011769341483930656,0.01623131159134994,0.011131221556369064,0.022767117654477476
2011-07-20,0.003939891808238335,0.00037172235468444783,0.005554086952672595,-0.0002252934067515547,-1.7836464420118895e-05,0.00017484101973345992,-0.0006024561002317963,-0.002350719315956688,-0.004248250311932433
2011-07-21,0.00898770792638423,0.0014028776816044691,0.00031341005142829573,-0.0003768849404500582,-0.00022662746158250182,-0.00032720720183467293,0.013871149219765622,0.005993435947796452,0.006655322313868117
2011-07-22,0.003745274005320193,0.0017204371239477481,0.006838995198687646,0.0007103549719530527,0.0015048858671675995,0.0016413919183100594,0.0006689859165691647,0.0019315724277641372,0.010340467927714592
2011-07-25,-0.003318409915824142,-0.0013083756178279378,-0.0009993808705537652,-0.00034834191753563997,-0.0009146581568630709,-0.0008142421268252499,-0.005573474102099296,-0.004613211954190921,-0.0020129897037177713
2011-07-26,0.0028790217827961238,0.0015843415416840027,0.0026370160885400636,0.0007246685304848117,0.0014499371942164193,0.001475257404187468,-0.0037354824250321883,-0.0005307955923017614,0.002521732831116452
2011-07-27,-0.016621721090222696,-0.005175489846791428,-0.015593301644952155,-0.0016818039394951565,-0.0031990187897735813,-0.003340459783453436,-0.020475425172824413,-0.012857397907638757,-0.02582596539572779
2011-07-28,-0.0004446535977874455,0.0004501374722041218,0.0010828953488659628,0.0006401845848617314,0.0006636920928343189,0.0006722922553191173,-0.0029099008149521266,-0.0009203558894106922,0.001721607381452328
2011-07-29,0.0014460993938915348,0.0022881400621885106,0.00327457368043722,0.0010457802759380314,0.0027514591798834835,0.0028019468511879127,-0.006834590058039991,0.0009357303283316718,-0.0032655144251853008
2011-08-01,-0.006016249123445424,-0.0014298721432022055,-0.00753472919207241,-0.000635455268663761,-0.0007780871998875617,-0.0009097541311001709,-0.004252678935175447,-0.0009798540917892121,-0.004654826681116164
2011-08-02,-0.01515417490635509,-0.0017522707733527564,-0.004189275159075689,0.000858987950736482,0.0010344203279556942,0.001271817304179679,-0.02554748984543298,-0.011060945496349577,-0.025290354417440652
2011-08-03,0.001749275762606903,0.0007001679900386021,-0.0020239718412458346,0.00017596859533054905,0.00022070522222165785,0.00015252375657857258,0.005418938940839002,0.003455387928141944,0.009596723868231516
2011-08-04,-0.03754330816831819,-0.008318917257107206,-0.018486010447266055,-0.0011023093573240272,-0.002985918762146045,-0.0032243919031917923,-0.046841452541065864,-0.022859694565702582,-0.04647093584235673
2011-08-05,-5.064429324449496e-05,-0.001052286775252176,-0.008316343786168119,-0.0002731923907049035,-0.001671714751846771,-0.0016907101911996852,-0.0014967041456841468,-0.0056760751410321756,-0.006276296549995397
2011-08-08,-0.044934402966260806,-0.009043851447815672,-0.01417193373466758,-0.0008092151981194228,-0.0024377420619501617,-0.002253713940181653,-0.0651235729935663,-0.03171307980033498,-0.06018920025940944
2011-08-09,0.04150370445789499,0.011615880558313044,0.03468859297214721,0.00300883079465562,0.007407948014124344,0.00781945245075611,0.04649943183683036,0.028899300561134378,0.04823038318270356
2011-08-10,-0.025886144249179174,-0.004367537824172455,0.008628845856144167,0.0004018126221717611,0.00048388393035979886,0.0010144429614299356,-0.0441777427266391,-0.01990507067855729,-0.04091991821870522
2011-08-11,0.026806074806443356,0.0046269953991978745,0.005015838932316564,0.0005258449479391114,0.0004556856221378365,0.0002937738871296174,0.044883797135290004,0.018839412579755573,0.04404226425546631
2011-08-12,0.007258912569946915,0.002691095626369814,-0.0004467167410085064,0.00028693722795442353,0.0016842798527025636,0.0015487744973717505,0.006733148858928617,0.006831199668573262,0.00885131692172303
2011-08-15,0.01659414980437968,0.003775321283280705,0.016259298641555134,0.0005858618415694367,0.0020214715871184645,0.00234776059289832,0.021164873139327023,0.010650254245642626,0.014746648507422133
2011-08-16,-0.004571390229542609,-0.0005265445646765838,0.004854040253925761,0.00012163436323650588,0.0005652690317338183,0.0007618527845316063,-0.008539229741382659,-0.0030639184481335785,-0.0084617108603382
2011-08-17,0.002693893708495772,0.0015168000998356114,0.003918345636658061,0.00012179968686896691,0.0015257251399627303,0.0015571959049871184,0.0006690674823044418,0.0033317651571072955,-0.005937146750860101
2011-08-18,-0.027711912102075305,-0.006512653126253682,-0.007110471170883939,-0.0012411456743776264,-0.002367004493802288,-0.0021936542271547826,-0.04311880044139749,-0.02274089974918634,-0.049085253852432786
2011-08-19,-0.009774400484543248,-0.002166500593103153,-0.000801002097711518,-0.00018609866411943554,-0.0006415760538618683,-0.0004954826232906022,-0.016330124854814887,-0.008790080292061443,-0.018057265998028815
2011-08-22,0.006103852222784613,0.0019011997865703298,0.011133538240879443,0.0009330020995092985,0.0015788856295833363,0.00199905721734616,0.0007990215831306102,-0.0003506339832436403,0.0035978059971022436
2011-08-23,0.015240819616297207,0.0025396967039149195,-0.008797613288325803,-0.0004172539295194723,-0.0005555845349532242,-0.0011323208057097398,0.03291031425469049,0.016751495841592835,0.041226963795440774
2011-08-24,-0.00204915116764593,-0.002282150575029043,-0.013100367588511925,-0.0009400174945820827,-0.0030175159144568858,-0.003471378157241792,0.01408458051870487,0.003457451064392568,0.007842688476936699
2011-08-25,-0.012382122555674674,-0.0021208552382509208,-0.0035928581290051676,0.00011253944073210241,-0.000231468686939141,-0.00023690297686151062,-0.015244122787213876,-0.006207904852663712,-0.016322009849946806
2011-08-26,0.013946304350016306,0.00477164109623739,0.017722350140099565,0.0020199618387833173,0.0036264881045579714,0.004100199684784699,0.014533958615586817,0.009689890274389571,0.025081951645425482
2011-08-29,0.015569314915875234,0.0027616527080880013,0.0018489401282964172,7.306377323796441e-05,0.00023448381822440616,4.080520600817665e-05,0.028736416639042694,0.013733585251895566,0.027856122935992378
2011-08-30,0.0047154109837185265,0.0027971043327907406,0.015033686732586968,0.0015151322966563798,0.0030399699824131448,0.003503256774934169,0.0026364160692882166,0.004417929373065186,0.006592292977493974
2011-08-31,0.00647993688069051,0.0009845027896092289,0.00029057970576523533,-0.00021406923909615395,-1.6299705827942372e-05,-9.821292551854145e-05,0.004438123208290623,0.0010925186530618897,0.0016373193649161788
2011-09-01,-0.005895360668804695,-0.0005369625777947079,-0.0028105799938589592,-3.5267963416242264e-05,0.0004256300376018253,0.00035541262972810765,-0.010473172014278886,-0.0028126416249478047,-0.009080796846576367
2011-09-02,-0.01202045031426413,-0.002005454698974285,0.005736523155766005,0.00027412562404927066,0.00034419361840209994,0.0007130908704151562,-0.025549991774269643,-0.011701203827549689,-0.023460664823498734
2011-09-06,-0.010339999639394089,-0.0024167466201974125,-0.0032012977055283017,4.161203179219417e-05,-0.0010198787133015974,-0.0010215854081880788,-0.00729729761702147,-0.0037695929441437176,0.00018802129700246084
2011-09-07,0.015795666658800993,0.0026640325111335875,-0.0031168879719312807,-0.0009754896872376192,2.9499553862000314e-05,-0.00031332331267726354,0.02820774116248681,0.014431319306449681,0.025332575623753906
2011-09-08,-0.0054589422924038655,-8.590892003365288e-05,0.005953909706071098,0.001540655800390401,0.001298281195489081,0.0016708135097630464,-0.01039178042024258,-0.004237446510388937,-0.004575578490388588
2011-09-09,-0.021128822034838117,-0.004811010338800446,-0.012703186672575539,-0.0007456752422567406,-0.002175378409978214,-0.00236316630516937,-0.026209344321771577,-0.013582283016036865,-0.022246636220316418
2011-09-12,-0.0022004050880993593,-0.0015901056187006257,-0.009864159520805549,-0.0013323572349508428,-0.001965401195255173,-0.002267050954823896,0.00646962144583596,0.002532620895934735,0.012786763785481714
2011-09-13,0.005144439623437403,0.0014671979612184618,0.004165338620007899,0.0010715048491993203,0.0008200030613026413,0.0009676527574076566,0.009171371548178042,0.004180415861407169,0.013367860029160461
2011-09-14,0.008023610224908957,0.0021316165336000754,-0.0025777136809472705,0.00018488053256843136,0.0008251199678980736,0.0006992669429888422,0.013843984107887009,0.008422125739667068,0.014291262228733226
2011-09-15,0.010208889122559937,0.0016627234019320376,-0.0030085773817643663,-0.0002353990900284409,-0.00015517234738470398,-0.000339376836544138,0.017257383505132617,0.007236965985396679,0.01481215666094271
2011-09-16,0.0038401258351191464,0.0015751112960393384,0.005932948173120876,0.0010561892593110274,0.0013894749692047368,0.0015611906219110455,0.005918389873861063,0.0043236893816835644,0.009166308397128509
2011-09-19,-0.014039605960754034,-0.0025582626992426923,-0.013455111615693974,-0.00017245465682235155,-0.0010312298036607584,-0.0013541982140097156,-0.009956958942850647,-0.0027312672565559474,0.00035300861040377107
2011-09-20,0.0015270400930403596,0.000508083414025384,0.004438178563957043,0.00011114158747695086,0.0005847218509140082,0.0007893218419704112,-0.0011637787392538845,-0.0001564727864192566,-0.004415841986454283
2011-09-21,-0.023412311195631252,-0.00625260437090571,-0.018830475245062026,-0.0021666028113372492,-0.003940936450647253,-0.004326778553134768,-0.029458377658960422,-0.01584248118220139,-0.017388418373299075
2011-09-22,-0.02720924062736472,-0.006407531520641514,-0.02558186300250532,-0.0022397901007214123,-0.003111515544517722,-0.0035178864623638412,-0.03232412551178154,-0.015187132126712207,-0.032502639192265814
2011-09-23,0.0002816393266966117,-0.0018239004876429202,-0.018368074161339135,-0.002216035537122463,-0.003098682972388329,-0.0038455199392466366,0.006024985294583729,-7.459101184867367e-06,0.010638532253364197
2011-09-26,0.010803175739492915,0.001865298866040717,-0.0016376990827507733,-0.0005705048719241054,6.176406243463446e-05,-9.739550418426172e-05,0.023780576017272237,0.012083371310653068,0.011633931956910315
2011-09-27,0.014186748542233967,0.0029343883415471647,0.013554983813558769,0.0008085482488633553,0.0012545479165790982,0.0015233219794138601,0.01118310032011638,0.0038353196391391776,0.010405805416628056
2011-09-28,-0.017100727922404482,-0.004985902150125154,-0.020376952645671745,-0.0021190485429041445,-0.003473241503293421,-0.00391536368699855,-0.02041813302154505,-0.012020215619872024,-0.014815394461151765
2011-09-29,0.008260738797368817,0.0020938679359008626,0.008616920810057896,0.00017271072991344437,0.0014916511106632959,0.0016729521477843701,0.007903406273026992,0.004643166770834871,-0.011919845764427173
2011-09-30,-0.02103261626843899,-0.004263466821804636,-0.011454116462630254,-0.0003372205342750187,-0.0013940218599525181,-0.0014268615040654172,-0.02498928851220572,-0.012132949900010785,-0.025798018462804384
2011-10-03,-0.016938386622411473,-0.0027094129414448566,-0.0009139735783931392,0.00022758513977109407,-0.00032366740288370505,-0.000277921070295604,-0.0284577115473299,-0.012681244206937793,-0.025719106509030865
2011-10-04,0.012257457736512656,0.0016548713319421982,-3.608948984201721e-05,-0.0010254059746729327,-0.00011524351326386295,-0.0002306328661652035,0.02192305765124769,0.011056803250608649,0.02053181872649046
2011-10-05,0.012410612632391715,0.003277483988985061,0.01396840895064283,0.0014296178672242215,0.0013652597419694403,0.0013948317879449727,0.01851480650991011,0.009582962762483712,0.025675269107268806
2011-10-06,0.018661281558229145,0.003914946495981714,0.009520810328145567,0.000428417783007864,0.0016349204240406656,0.0017788128522218053,0.018091569669154373,0.008365166819302664,0.016813088097705098
2011-10-07,-0.00840557351406977,-0.002790504550134568,-0.007899214320119856,-0.0013394781587659425,-0.002408248666317416,-0.002617273825324145,-0.006696108133777967,-0.006118685153523006,-0.006613809664559711
2011-10-10,0.02967790894909025,0.00648288867687482,0.024853326251959757,0.0014562342137860345,0.0031361512146961218,0.003602345064670608,0.03344570459469298,0.016619368051017297,0.03458461801237678
2011-10-11,-0.0028835201865052285,-5.151767235336358e-05,-0.00029204937459070867,0.0005958680978290318,-6.0431442893376295e-05,-0.00027024797599737823,0.0010037800820239529,0.0018655336734253174,0.00679285760391668
2011-10-12,0.012270272220720085,0.0028066824493613854,0.0050490840331188286,0.0003658853766145242,0.0014274605065949693,0.0015514099945875182,0.00877161982104857,0.0042305377762282565,0.004971517188899766
2011-10-13,-0.0014893217443657312,0.0001857188443254358,0.0019207315737454168,0.0006258628704771718,0.0002130642508947679,9.261608728420796e-05,-0.001987451749489222,0.0002292111745194332,0.009187417442329426
2011-10-14,0.012883642866090233,0.003372115804860903,0.010751518763231997,0.0013211203332683897,0.0018478431972045086,0.001993419684545694,0.01709402833615359,0.00890077477967391,0.018557591634970505
2011-10-17,-0.017105464039050212,-0.003845778575388511,-0.00843922528612904,-0.0004902624769790492,-0.0016097025485616696,-0.0017078186478722349,-0.019091293824922362,-0.00969720605765224,-0.01546908573625927
2011-10-18,0.01396261660997503,0.0032403314906633736,0.004755811603052431,0.00031693621289858746,0.001668077204996639,0.0017269284818677492,0.019546006285605433,0.011868252196904735,0.012395430907135241
2011-10-19,-0.012150610131845964,-0.00315019855931415,-0.013202447233497817,-0.0011553683101306026,-0.001670007275642493,-0.0018293236488445051,-0.011828878770419271,-0.006907646212921252,-0.019313976349225048
2011-10-20,-0.0028224271797776634,-0.0010568481632338977,-0.0071698493949581546,-0.0008963226390994918,-0.0009069783782803554,-0.0010285724548031313,0.004375704188950946,0.0019977304188235814,-0.004923435525629127
2011-10-21,0.018526763320748145,0.0044369908141370686,0.010735615418006328,0.0007175480106429735,0.0024638800985092206,0.0027013780399549716,0.018987025840423,0.011292293273119135,0.01254633861125809
2011-10-24,0.015395828810425671,0.004067500298550213,0.013503765498785758,0.001445490177734518,0.0024115067430369643,0.002593803437914796,0.0122609981220283,0.007613832443580838,0.020767650351762645
2011-10-25,-0.008719949209386105,-0.0007199000901504365,0.002742169004912832,0.0013979292327850417,0.0012404392094420569,0.0015499790215227783,-0.01944417778327956,-0.009312950038047534,-0.019661527393216915
2011-10-26,0.007978998269087649,0.0012153608586048137,0.0029696099893402384,-0.0004985383779095394,0.00018402286753417765,0.0003471937958265037,0.010158985494294726,0.0037166265419397975,-0.0012208458713497405
2011-10-27,0.03334363832777762,0.007328592879204725,0.01697234067072905,0.0006300247031752893,0.003134245234649509,0.003423945661808949,0.034835146556364105,0.017758811919145696,0.027588846668249456
2011-10-28,-0.002743726574224721,0.0001306786725558384,0.0017492789943114385,0.0008769086010718149,0.0007516196912746051,0.0007717664518842308,-0.00023359733503414137,0.0019723680218012214,0.0015294153045068981
2011-10-31,-0.022507860242832686,-0.004642304483635281,-0.010969052645620994,0.00012288597271088936,-0.0012722756144188533,-0.0014148078920286778,-0.0241058211297136,-0.01079250906950082,-0.016796772920168346
2011-11-01,-0.02074505632770903,-0.004409096960040354,-0.010642266230616919,-0.0004378325430802408,-0.00147722233445012,-0.0015661856175438588,-0.0278882886506987,-0.01338992395335244,-0.026057259242300734
2011-11-02,0.01225551453379925,0.0032245924995082387,0.011993224907004496,0.0009550149115240547,0.0018976015225031784,0.002055889755443019,0.016311470397811556,0.008775443468350685,0.008504799852731226
2011-11-03,0.015773739894741054,0.004223301034542106,0.016472762907388527,0.001972965267850132,0.002250647864488909,0.0024406740888721014,0.01822745316873453,0.009159277024435437,0.020730932858430196
2011-11-04,-0.006785941262942394,-0.0015694189101249027,-0.0060729158080995715,-0.00034883351823219793,-0.0007438487460711754,-0.0008202650379008912,-0.006099197851038407,-0.0025548129026067004,-0.005163412319060368
2011-11-07,0.00547670785456943,0.0019505249935211676,0.011667715137869914,0.002039336445376313,0.001630610889840171,0.0019043890624009375,0.006216210006744882,0.00422981813029269,0.00709325403901917
2011-11-08,0.008481390235970844,0.0016582519456037213,0.003989522939246688,-0.00037876212446347446,0.0002401121055440247,0.0001656572243167547,0.012830637731860994,0.006049215380937926,0.011510282557854579
2011-11-09,-0.03412220191916048,-0.0082526805034847,-0.027889655686269738,-0.0018101123218573992,-0.0037675399775793554,-0.00395333635902486,-0.03690940615685889,-0.01919489329790049,-0.0351563378164913
2011-11-10,0.004406355243013483,0.0007239236171750606,-0.0024029242609341596,-0.0008705862381097965,-0.00016975489677116084,-0.00025385860107047896,0.009418552833312166,0.003730067979206206,-0.0005283409140374173
2011-11-11,0.01768175812218086,0.004170773588258864,0.020447674706044326,0.0014721005397271005,0.002160685565694413,0.002424909084122199,0.01882231401830392,0.009575944528661557,0.018844897588242926
2011-11-14,-0.01001062165435526,-0.0017596870599366943,-0.00940720697070502,0.0003523321728210619,-0.00048809707060728326,-0.0006032668143167159,-0.009474207602377382,-0.003348776628497541,-0.006223111200002185
2011-11-15,0.0023744360788073232,0.0005478213849836549,0.0058242552437543504,0.0005734117428342101,0.00021398234542669093,0.00025199925442148256,0.00494176398595747,0.002473171586331632,0.011132495867843373
2011-11-16,-0.012841568737599675,-0.0035190669679939315,-0.011936362840040918,-0.001605398030787106,-0.0018611495980524495,-0.0019812014470459312,-0.015862515333185945,-0.00822736015256946,-0.016514929166270953
2011-11-17,-0.015118651021102705,-0.004280778389517758,-0.022745596435606155,-0.002969443497927668,-0.002754220224545059,-0.0030951346461127846,-0.015877384416133955,-0.00879388933578668,-0.023438508219096987
2011-11-18,0.001010466152896213,-0.00041196178421583796,0.0011597126714371195,-0.001005437868483114,-0.0004400634959671751,-0.000363743452660194,-0.0010643572248633104,-0.0021285473181170476,-0.007702135184980086
2011-11-21,-0.01957353356205073,-0.005147855379358799,-0.02331038346936332,-0.002447495900051901,-0.0031054508177936766,-0.0034431660382942333,-0.019019575833919777,-0.01030671758177896,-0.019133432347761437
2011-11-22,-4.4329387627589385e-05,0.0005807877375202734,0.0038979199155317343,0.0013643269896563195,0.0008273135095137683,0.000932279529471119,-0.003927904981840147,-0.0010990065145073788,0.0033123811687050253
2011-11-23,-0.01814243617465691,-0.0042366573181720334,-0.01697654905857734,-0.0011562703540779701,-0.0020050008065848127,-0.0021055985220257405,-0.022065652697704552,-0.011697748211956481,-0.02256038188954068
2011-11-25,-0.003691714509813049,-0.0017346230488267194,-0.004299552588259625,-0.0017881882307362012,-0.0014643846140758635,-0.0015221832272418465,-0.0018874621415398973,-0.003733274311541025,-0.007693727255817295
2011-11-28,0.02718094752548571,0.007333692845496699,0.02468170755989272,0.0035505507112966617,0.004158555481511096,0.004374479034037866,0.028967259448706484,0.017077128047702853,0.0347952106008842
2011-11-29,0.00048584250365781673,5.453332257860501e-05,-0.0015692146788202166,-0.00043843410714493173,-3.6943562672814675e-05,-2.619378176766171e-05,0.0028400714064693577,0.0009164894438098119,-0.00621313237823351
2011-11-30,0.0336178954171566,0.008393625961875935,0.03283309696354012,0.0029714819605707607,0.0044317785394110566,0.004741390926442856,0.041149325823289784,0.022175857005448333,0.036962065078881556
2011-12-01,-0.0025102022588008527,-0.0005154350849861704,-0.0019194688092294809,0.0002786415884900988,-0.00041878410292611756,-0.00048668693066568645,-0.00015971203325926275,-0.00021033145530962848,0.006915972409071269
2011-12-02,-0.0004058978075035524,8.27823371909453e-05,-0.0006398004124392731,2.6724808758427088e-05,0.00027739112454261416,0.00027921170409705987,-0.0008804194430481749,0.0012318442804011287,-0.0028174478604754416
2011-12-05,0.005985622622497783,0.0014333609179810328,-0.00032240330025881496,-0.00014186414148790907,0.00028437967022494886,8.812304080802854e-05,0.010892433558861159,0.006290633507920051,0.010950114730233773
2011-12-06,-0.0016765314757376559,-0.0005430579419495077,0.0008160298597071979,-0.00011089823457034639,-0.00028964394041719693,-0.00021232657634565343,0.0003166251681532284,-0.0008437847326938161,-0.002795259787730986
2011-12-07,0.00470545303550734,0.001902695842489832,0.007275624465863082,0.0012608453351924988,0.0017066473508769954,0.001844992494284477,0.0037224244116218497,0.00404263599246191,0.0
2011-12-08,-0.02035118205204347,-0.005348323774765542,-0.020526706433483255,-0.002477115340811897,-0.0029025544836330623,-0.0032500093592245996,-0.021936286887242473,-0.011181450203620387,-0.016818571001593896
2011-12-09,0.013415106620836371,0.0030466292961012402,0.013060691852645129,0.000924708777189558,0.0012110640095162237,0.0013294847547829216,0.01694227885571653,0.007308168692659803,0.016036677623502138
2011-12-12,-0.01878873981287608,-0.005132355696905021,-0.019874254993287047,-0.0026799692787899524,-0.003098354943747165,-0.0035072705678048143,-0.014597294099542468,-0.0073948863605157655,-0.011223879651854562
2011-12-13,-0.01013527710053467,-0.002685777158224072,-0.015535136907320437,-0.002143803882801731,-0.0016788774191436962,-0.002019497958524107,-0.00933949266398082,-0.0037200491187763625,-0.010996653670954815
2011-12-14,-0.010118473089294464,-0.003340025117442318,-0.014379243725632948,-0.0036825115858350873,-0.0022533522010980004,-0.0026548669922143242,-0.01064575629416531,-0.004611950348828486,-0.015602780023030838
2011-12-15,0.0036568083291528652,0.000568758591635412,0.005034141639516005,-0.0006682182339942652,0.0002487219064248509,0.00029213635168744807,0.003614464792536465,0.0017809511409482834,-0.0027326861026679694
2011-12-16,0.003892429460785527,0.001985341635328983,0.012877088243088194,0.002618761759272041,0.0021481757609393675,0.0024400843306097595,0.0014826293972205473,0.0028584123686703116,0.005148549516148515
2011-12-19,-0.007300343756646974,-0.001811648817909759,-0.006500464051944509,-0.0007659870080838328,-0.0007844867691762568,-0.00083961804233979,-0.010691918714310855,-0.0049135532273625595,-0.00984342490451573
2011-12-20,0.023179474621978776,0.005475576239417105,0.02384385682242999,0.0024336551298154234,0.002444558599592145,0.00272835737214028,0.030260134035002828,0.014013124451024879,0.02963950817045924
2011-12-21,-0.0026135069810518255,-0.001259207589067129,-0.002586771634373614,-0.0017638880271641608,-0.0009246495262412826,-0.0008861514302773806,0.0019368014274914191,-0.00015169790205868156,-0.014303904549239244
2011-12-22,0.0072308801836654234,0.0017893125192680371,0.005097888289020779,0.0002632479227300461,0.0008178840579623685,0.0007779280824409564,0.008858987888778813,0.005790753592162138,0.008525556497441134
2011-12-23,0.003989302254418075,0.0010302271207756745,0.0042257723767291,0.0006505600758228785,0.0003692718068519649,0.0004039120177229249,0.008940489130029095,0.0037140230911847185,0.008633188261298441
2011-12-27,-0.0012547658606648308,-0.0006471984133924582,-0.0006728755549326841,-0.0005293147549279201,-0.0006096431358873529,-0.0006927639978849297,0.0007908909058136349,0.000701078513453791,0.0037299535252728333
2011-12-28,-0.012152998164105255,-0.003054403501590041,-0.016714507129143828,-0.0020127582998524848,-0.0016910003793113664,-0.0020631853491025172,-0.013123130181401321,-0.005389548579461022,-0.011557478705689683
2011-12-29,0.008078521448601793,0.0022471408034684505,0.003600442931663815,0.0005273237220261013,0.0011319458332596875,0.001086892263862985,0.010333808798157262,0.0066732095690478655,0.007195007226660888
2011-12-30,0.0009560064576214249,0.0010483569865590084,0.0015374478505468748,0.0012973920798756266,0.001239871635073263,0.0013381419161959916,-0.004915910677936397,-0.0015408050680384153,-0.002857273685399675
2012-01-03,0.01709271760557265,0.00421633237234548,0.016985072900650117,0.0024273194750350532,0.0020015828678278313,0.0023344991184713493,0.01593634717282222,0.006972925470051605,0.019164973213208425
2012-01-04,-0.003730167579377164,-0.0007934942322970207,-0.004029466557162853,0.0003047477532061027,-0.0006077276209781601,-0.0006301389320069184,0.0015684742391581796,-0.000323530132112948,0.004217859818523628
2012-01-05,-0.001470374782309122,-6.887803429566055e-05,0.008122187880013112,0.0010856935884885346,0.0003721439092981438,0.0005355857676553528,0.0026626314375062243,0.0016770001951396255,0.00822573321688247
2012-01-06,-0.004103144387728892,-0.0007906832264764964,-0.0020757527017029277,0.0003238390163633084,-0.00028504683324421224,-0.0003479781579881592,-0.002577290854511749,1.0332867847848322e-05,0.003471551498870573
2012-01-09,0.0011574520701034387,0.0003633180470139467,-0.0038236328371134623,-0.0002766400796902461,9.42100982039107e-05,-2.1994454803367526e-06,0.0024270834329007673,0.0015330528063228152,-0.0032867850659148434
2012-01-10,0.010136671828979033,0.0027615779988223446,0.011363427820906019,0.0011709007799517589,0.0017038637401801987,0.0019283669439991767,0.008671006065859244,0.004410049705486767,0.007289227157490252
2012-01-11,0.0010284999502012926,0.001021514846631609,0.005812724997461808,0.0012573823208810462,0.00131699468504281,0.0014383900257869033,0.0005417389836623876,0.0026360247888776527,0.002067767564124745
2012-01-12,0.002102330565302694,0.00046185843634240643,-0.00030605583486539856,0.0002653815467668904,4.375874400798228e-05,5.5083512030756486e-05,0.0023993982379320045,0.0006137739174252139,0.0039544669486786255
2012-01-13,-0.005661561280351905,-0.0011372129498697595,-0.002681962509715783,-7.449600871421484e-05,-0.00027365907701898244,-0.0003460339045151596,-0.005173456746298544,-0.0013467498521180369,-0.003596587750884228
2012-01-17,0.008636531253066002,0.0024822355877705286,0.00822483752152032,0.0012811497908701726,0.0015734424523521774,0.0016975479234085363,0.0038808626883219954,0.0027095442953446805,0.009109753619025884
2012-01-18,0.010590670130180163,0.0026688977584767275,0.00819780430658804,0.0010417649555252769,0.0012199436344620086,0.0013212374072954424,0.011056187061612377,0.005406120226524213,0.013285815961374459
2012-01-19,0.004922140677525342,0.0008029761199273339,0.0018449374021377093,-0.00012496448913214896,-8.596930614983399e-05,-0.00010868031982843179,0.005276429101889191,0.0008303610876498483,0.006219326423503535
2012-01-20,0.0014889566538236216,5.617593542845645e-05,0.004262699703241831,-0.00032714583855642833,-6.762627260515142e-05,5.492126469656955e-05,0.003727357858630098,0.0009164183126735236,-0.0015032946594037977
2012-01-23,0.003696282285370475,0.0008949173938402425,0.00468403320055567,0.00027951213920879883,0.0005766318821064089,0.0006955141599317985,-0.002576720996631532,-0.0024300575312247376,0.00033447198959835056
2012-01-24,-0.0009171501815886736,-0.0003645101050306519,-0.0001836461039280454,-0.00041469276484332673,-0.0001998161228730025,-0.0002502219550892435,-0.0011397320294543878,-0.00024437258421087805,-0.001839920881594348
2012-01-25,0.01101101700858647,0.004195480786560927,0.018541661982549175,0.0032660097655087365,0.003502373334262225,0.003921943128908351,0.008367421900829619,0.0069679855767137725,0.012567341212525118
2012-01-26,0.0014811405984504675,0.0008148824243398267,0.004137632970855939,0.0005241588154239597,0.001052608571589669,0.0011618226982224868,-0.005129505323669292,-0.0010398389602949594,-0.0034754593350581064
2012-01-27,0.0019187105932952147,0.0010798955504047786,0.0048236155354827856,0.0012159329207861668,0.0011323457984528645,0.0012709136178524014,-0.0004547503948832965,0.0009173274028089437,0.002989334012020395
2012-01-30,-0.006388690763255126,-0.0016616323793042975,-0.00503512361211831,-0.00021837428793242738,-0.0009436759542929348,-0.0010512169741902335,-0.003413822635962127,-0.0007280052963693712,0.0008281024871492626
2012-01-31,0.00420105405820076,0.0014910884465855739,0.005281511957273575,0.000827502595912575,0.001246926918725459,0.001369715572190134,-0.000380754518921389,0.0012612283909765741,0.0013227662700965315
2012-02-01,0.00945929169026039,0.002063119307038537,0.006113099788093157,0.000173951578848725,0.0007102494677027633,0.0007643068358651789,0.008757466092181199,0.003908516640618399,0.008095463630482858
2012-02-02,0.0028836784911012154,0.0011316002948039993,0.005064782491444416,0.0009336182376350486,0.0009767206016017746,0.001108491060793339,0.001584983087840941,0.0015185500455139954,0.0031136685272912246
2012-02-03,0.008386036463299495,0.0013854941645321528,0.005035649668104991,-0.001294664949724078,-0.00036830295168033267,-0.000592317696046174,0.014018495694678723,0.005230483101645422,0.013723205312899278
2012-02-06,-0.0028365258480478554,-0.000692838557521508,-0.0022297461960533926,5.55081016159231e-05,-0.00035019430536546844,-0.00039996284867976754,-0.0006686394139154839,0.000683282189587413,-0.0008055944289822037
2012-02-07,0.003040075827407965,0.0004543854099184003,0.0034080902376277585,-0.00012134380558402434,7.05567317668951e-05,0.0002676160448173377,0.002528588669852061,-0.0010210421641162998,0.0020967084090712795
2012-02-08,0.0018226809919672721,0.00042558312384320977,0.0008154747487705056,0.00024189671383560924,2.880706909936326e-05,-7.122763653048856e-05,0.002967509022634207,0.0019876470147139574,0.005311175750615238
2012-02-09,3.2103841103190366e-05,-0.0003722075145661263,-0.001080437229170245,-6.664067872809849e-05,-0.0007241655052556827,-0.0008063955521888306,0.0012575198873685522,-0.00013569502276831514,0.0072047653465785455
2012-02-10,-0.009457772323388378,-0.002000495687780663,-0.007467589981851205,6.35593179606239e-06,-0.000687510866798658,-0.0007944236043086592,-0.007387350630242984,-0.002281401323643954,-0.006994064278372125
2012-02-13,0.007050693049309353,0.0015348518037258355,0.007892363364433042,0.0006588809705049628,0.0005840661760564978,0.0006593274785139038,0.007442329729460351,0.004239262274971317,0.009284475173230167
2012-02-14,-0.0036920181905661853,-0.0005749620942913762,-0.003735957567391316,0.0006553487079401999,-0.00022162253379211767,-0.00031630999768136295,-0.0012559405171909122,6.0225695891144744e-05,0.0025378107052411725
2012-02-15,-0.001777282732781737,-0.0002985579130902825,-0.003411967344765662,-0.00022552254744331293,6.849117784979292e-05,0.00011900104993733441,-0.004660083687078598,-0.0025253337195737116,-0.006961141951483674
2012-02-16,0.0076504593615342,0.0015672510817157728,0.008905463295691352,0.00048654136018249093,0.00034959156533345985,0.0003858037583751188,0.011073343258277468,0.0048977082858953185,0.013701185184236353
2012-02-17,0.0014476883647373507,3.85278363948636e-05,-0.0017595009881969626,-0.0009166861351321654,-0.0002666253021568886,-0.0003171336719284446,0.0026462472941286563,0.001199850202515903,-0.0031434485826963288
2012-02-21,0.0002875496410713492,0.0001554706915277236,0.0002039510919712665,0.0008549486661322977,0.00016143050928479013,0.0003747407931042735,0.00043972082743137797,-0.0011473638848387949,0.002837847693426543
2012-02-22,-0.0013860625299927573,0.0004151586093395813,-0.0021467736125933,0.0011313578990482477,0.0008953637318817773,0.0009949044822466363,-0.0032240677298044362,-0.0004387902981497992,-0.004559040275022741
2012-02-23,0.004513360270068809,0.0012487917523474115,0.007343870397524642,0.0009354258568384972,0.0007894255334496144,0.0008558240787439636,0.004410649998067617,0.0032439333684567925,0.006633056322703057
2012-02-24,0.0034223736666736436,0.0007483610710007852,0.0005975064448009729,8.227248844120034e-05,0.00015563885812462574,8.276147348393984e-05,0.0021954966919481844,0.0016352341480015886,0.0034510533278935274
2012-02-27,-0.0026503479736547427,-0.0002796949020410644,-0.0008953760548915651,0.0006868086584282807,9.169843829306878e-05,3.7633748527006176e-05,0.0016800946989916632,0.0023236468227954407,0.0014074706666538095
2012-02-28,0.005472543226169655,0.001962780659781671,0.003980435334815101,0.0020174176293371563,0.001253744658788509,0.0013336959878957235,0.0029161604237051275,0.0019619706696787564,0.01014840898953584
2012-02-29,-0.010081939805411624,-0.00394292995313386,-0.016512466221361384,-0.004418602364153028,-0.0037573446644988,-0.004507190006168889,-0.003925763171480634,-0.003946826628415272,-0.004482434509881172
2012-03-01,0.007897064129305664,0.0020158063931462306,0.008693113565341568,0.0010646459239774825,0.0011006881594366,0.0013090783218257416,0.0051818884219956285,0.001896109791635265,0.00791797450423215
2012-03-02,-0.003212644637609561,-0.0004386675338142755,-0.0012484488353891527,0.0006432905316072423,0.00011698843851156034,8.906500409359772e-05,-0.0030494756408624424,-0.00030728614854469384,-0.000769980535382242
2012-03-05,-0.003919010785105303,-0.0014697543831909564,-0.0008535081919234999,-0.0017661834594699236,-0.0007779875376968322,-0.0007437078464379646,-0.0040782372276103596,-0.003267790886896581,-0.01032830232087889
2012-03-06,-0.018294013893108696,-0.0047848777702272915,-0.016403016652811853,-0.001298688452734842,-0.0025662817118229375,-0.002810834360976844,-0.014625311036490785,-0.007115282579554849,-0.009813169958285295
2012-03-07,0.006872143684821717,0.001638025478219038,0.007632109209826423,0.0006216313412098348,0.0007361714336359751,0.0008193605985234827,0.00697579919891278,0.003384955425394844,0.007707917565305866
2012-03-08,0.009687911855375394,0.0023716764123390003,0.006387830450666319,0.0008156017562672518,0.0009161691306179129,0.0009774633398012891,0.00994893994781254,0.0047578779438745954,0.010771242070029219
2012-03-09,0.0005274768099960748,0.0002823446842719736,0.003537400238899099,0.0006444967532020019,0.00034441856417038725,0.0004615416210863067,0.003867387598211147,0.0020183600466727796,0.004169825752029288
2012-03-12,-0.0008949504672114595,-0.0003584773728846179,0.0009059105623114311,-0.00020605067063674773,-0.0002610777879193584,-0.0003151202844868949,7.306246361205027e-05,-7.061744075442653e-05,0.00046172991127457763
2012-03-13,0.01059223533668669,0.0017869674421171346,0.02094762851244147,-0.0001350916293248504,-0.00017855732581624847,-0.00030364324270484584,0.018025861936342924,0.007995649345954139,0.0186007094624705
2012-03-14,-0.00654839895418845,-0.003679981286859728,-0.002791528508645209,-0.0031322076903636054,-0.0035909512203393568,-0.0037616762336605534,-0.001070900185228707,-0.005142806657706743,0.0034713771570829
2012-03-15,0.004621957624785195,0.001768065257116652,0.0021535355841048208,0.0010597099211222814,0.0012857054512324024,0.001368422307162046,0.005789595263792968,0.0034197093539837875,0.002857773025587651
2012-03-16,0.0027123325797453065,0.0010507331333729382,0.0017652247625798438,0.0003825394966794465,0.0008354724171572362,0.0008718230168077137,0.0013843951681817845,0.0007336996192979788,-0.0007064746822582624
2012-03-19,0.0020793729399138984,-0.0002696981028358603,0.004882506246025552,-0.0005421262186610577,-0.0006945794171452668,-0.0006165845267757449,0.003919906207284107,1.922084173487746e-05,0.007065588851194349
2012-03-20,-0.0057291696981589995,-0.0017423730074330624,-0.00320292277975576,-0.00028268799257451444,-0.0011375190425715258,-0.0012357753837147695,-0.0029106705892208984,-0.0015997761694085144,0.0017916948702851876
2012-03-21,-0.0006164261510919803,0.0006107343580950184,-0.0001507649193557885,0.001224455867977295,0.0008730685849401983,0.0008568198736533982,-0.0016374471931656087,0.0009627392733046114,0.00014875681938764096
2012-03-22,-0.0071779613285387865,-0.0017339507972340814,-0.009264187025642232,-0.00022034855613415065,-0.0009549436616525473,-0.0010690271205539776,-0.007203735716733939,-0.003918233169142338,-0.002086015337742886
2012-03-23,0.005129331383753039,0.0018440671989084015,0.003669287030423965,0.0011505985438058813,0.0015761137906490576,0.0017451043461679124,0.0032327387411112962,0.003414495233960865,-0.0005969556806803
2012-03-26,0.012235468957677284,0.003772718640695687,0.015182313329512934,0.002741339383848096,0.0024026213195929907,0.002649270278785358,0.014035358859939118,0.008108270966052043,0.017478153356051518
2012-03-27,-0.0035004995879528403,-0.0003855721708144463,-0.0003471104532068045,0.000967516389168496,0.00015161681039136708,6.206586096147804e-05,-0.0031073298904038538,0.00023203889290774487,0.001468009391052405
2012-03-28,-0.007050685540195547,-0.0023698624998861506,-0.005470779037599645,-0.0013385922257712637,-0.0016180560029163424,-0.0017272469028265594,-0.004958383323335314,-0.0037076209862373414,-0.003958182248115172
2012-03-29,-0.0019807962867410245,-3.835950694113634e-05,-0.0016072312030507494,0.00040977306667333677,0.0003893738869745395,0.0003725072167123867,-0.0017088273948265842,0.0005755271618100217,-0.003826781562863979
2012-03-30,0.0037705006814608543,0.0005605347665473888,0.003880894333848417,-0.0007862825860340337,0.00013681790456930346,0.000252632108636653,0.004136304145355485,0.0006013357843715967,-0.0019204859508624716
2012-04-02,0.00888978924104004,0.0028793423747119455,0.009679583392446504,0.001951762837861945,0.0018044623165706282,0.0018668208330897983,0.007314345044216131,0.005403697140947205,0.010362337749632466
2012-04-03,-0.009022709667252712,-0.003623396376197904,-0.002776620836823845,-0.0024906553573075885,-0.0030452491495867565,-0.0032533536110571012,-0.004088870940635925,-0.005353044859321943,-0.00029311342806681573
2012-04-04,-0.012749036656131474,-0.0031899925905499726,-0.013584285686553899,-0.0012602012518799777,-0.0016389286334509423,-0.0018599356943335144,-0.00991051869680537,-0.003945704597489663,-0.013630196587172017
2012-04-05,0.00026163667512885076,0.0008424572130290332,0.0023660789464971044,0.0016138028266568121,0.0009840245384105043,0.0010275356757312793,-0.0005005175471978207,0.001501811120880438,0.006240795080576733
2012-04-09,-0.0037665907087517285,0.00021015427726275778,-0.005925755944618434,0.0013518933996583327,0.0011463275852057948,0.001151865918722555,-0.011231314797664815,-0.0025419305899606883,-0.007531135523664911
2012-04-10,-0.0118580545414817,-0.0024363201311334796,-0.012775891703294774,-0.00019569677780632686,-0.0005564941222618947,-0.0005220819654734186,-0.01678524874580789,-0.007983429794861642,-0.016069129577951036
2012-04-11,0.007026625965877694,0.0014605488744893766,0.006927779713791892,-7.325467171179633e-05,0.0005087226667897114,0.0005624231478063614,0.008094725197656638,0.003114358808683422,0.004838921372373628
2012-04-12,0.01220121765309335,0.003377297336281801,0.01209211852295301,0.001339077760602437,0.001920653352424423,0.002074118476480992,0.013065914731005268,0.006851750458319617,0.011437298031221621
2012-04-13,-0.01146635241638953,-0.0028101895276112917,-0.010030277549544194,-0.0009368478122996763,-0.001179313332733683,-0.0012991016671632261,-0.01188871661252966,-0.004566154659090968,-0.015176567836490573
2012-04-16,0.001630118050982601,0.00013779422782878506,0.0005094103092391968,-0.0009466496659280735,0.00018112268664214349,0.000236415914375536,-0.0006562452650564765,-0.0005029860129395667,-0.01117959908193289
2012-04-17,0.010015987378271288,0.0027740437542795233,0.011142053568660062,0.0015939337300169326,0.0012500080134574955,0.001241836689485336,0.014812332353396629,0.008260376752147563,0.020320945539362034
2012-04-18,-0.003782143540934372,-0.0007240943497637345,-0.004911800348452105,-8.522273917792115e-05,-0.00035685810393366223,-0.0004604557341720537,-0.0033793640605139785,-0.0011772858737689332,-0.002545693116785208
2012-04-19,-0.0036671723602301667,-0.0009143193249196352,-0.004307738246082608,-0.0006907017746956973,-0.00025057041508722255,-0.0002260701611824794,-0.0064210809167215555,-0.0033161827045856884,-0.011260013351891862
2012-04-20,0.004216600390341498,0.0009906440546167733,0.003979247772721064,-6.9056299233978e-05,0.0006577885123574785,0.0007280637969987159,0.0016703562299769104,0.0010204521113488156,-0.002732835436200731
2012-04-23,-0.009445899204220221,-0.0022438244681746446,-0.00836083171400461,-0.0005520106955144803,-0.001000241280136019,-0.0010655287915879719,-0.00840933143342526,-0.004122403922105641,-0.009135115250544557
2012-04-24,0.003312436606674393,0.0003252805919647974,0.004284499805019386,-0.0008376134373189657,8.609188760018744e-05,0.0001963768023464098,0.003801588262088318,0.0011644741373644757,-0.005378111179022205
2012-04-25,0.010306848016004587,0.003041284280226663,0.015404828000942252,0.0024087280413472513,0.001607746289700459,0.0016554370691331233,0.013691707026250999,0.0075265040673192386,0.026571878896083145
2012-04-26,0.005239118244666273,0.0019381276992368956,0.005069249149006462,0.001397667467704557,0.0014442297321387474,0.0015331725462204738,0.006969079081904583,0.005478314774705758,0.005868818436855827
2012-04-27,0.003796311712702169,0.0009843845335892221,0.005592923073937074,0.0006302204333737915,0.0005817888200601925,0.0006372959446925716,0.0016406478422588133,0.0013966013370324396,0.0059850319314491696
2012-04-30,-0.002989870629302829,-0.0005952992224028101,-0.003230302794414057,-0.00022667696428768728,-4.983650580034233e-05,-1.9538124125569552e-05,-0.003703755419491195,-0.0018428387663680258,-0.007138911351483479
2012-05-01,0.00394141460974534,0.0008351145775847428,0.00437482229205266,-0.00014542281487623057,0.0003050771582736773,0.0003211495196529552,0.0062198630016991885,0.0029270649195045242,0.0016474903394276819
2012-05-02,-0.00281967359382135,-0.0005340864481992633,-0.000422317805083251,0.0003783594464067253,-0.00021069352091453478,-0.00026736896845382433,-0.0029841892292146177,-0.0009938174336865772,0.002841495123167226
2012-05-03,-0.006548766083834438,-0.002098759037356292,-0.007569222691676753,-0.0014448348576257817,-0.0013447527162043947,-0.0014541401925544917,-0.0076255789000388985,-0.004546707693302768,-0.010587698899086284
2012-05-04,-0.010479115831480201,-0.0025915829119754763,-0.01286562756086107,-0.0012801052543791602,-0.0007919078539275759,-0.0007735393016654601,-0.01615775051576729,-0.008123984600627021,-0.024867798728817392
2012-05-07,0.0034209646632854768,0.0007983158165345183,0.0026999923200530427,6.326251458661577e-05,0.00038656767195779414,0.0003932995263866059,0.0007298906087003232,0.0003200555415437315,0.0009274549822770872
2012-05-08,-0.008122463703110993,-0.002216917490383383,-0.006113014959188601,-0.0006907207550487134,-0.00138076332338612,-0.0015817637803016052,-0.004011899363430826,-0.0014718486436273322,-0.003706249131920525
2012-05-09,-0.007014744601918804,-0.002006870658176134,-0.004479035801625824,-0.0006616735763180591,-0.001224426812757097,-0.0013248600997205246,-0.005931871621779772,-0.0031784407332693483,-0.0030999189365178426
2012-05-10,0.0017972868783553825,0.0002862833940314312,-0.00010470124689216287,-0.00040443505940510917,4.692774890247374e-05,6.982219461180991e-05,0.002062910204592594,0.000646029379322046,-0.0020210115955523467
2012-05-11,-0.002970741834769701,-0.0006019414344351505,-0.0007475543516091899,0.0003863216010210356,-0.00017566312301349872,-0.0002400977889702543,-0.0030146026096579126,-0.00044513829157253487,-0.000155591057750204
2012-05-14,-0.011706771392500636,-0.0030873925905727517,-0.011715946246880951,-0.0008967826177648628,-0.001755941607202199,-0.001956870557631247,-0.011060801340540216,-0.004739290105730619,-0.009348752112137704
2012-05-15,-0.007168241677776853,-0.002064123975111581,-0.005513259559414134,-0.0008382688226556148,-0.0013343228064017511,-0.0014530583799167388,-0.005741532867003074,-0.003259377629799139,-0.0033029687753505232
2012-05-16,-0.005740988214311624,-0.0015775143266084915,-0.007546163212598782,-0.0007857571642454486,-0.000942697096140362,-0.001013071881564003,-0.0038246036613874823,-0.0019325358438405272,-0.006785569651255763
2012-05-17,-0.009578748411058708,-0.0024349417432787917,-0.015835250899178567,-0.0009724869351727774,-0.0009085673347716714,-0.0008204608183200578,-0.014831322977267858,-0.007128793956053335,-0.021131194717907587
2012-05-18,-0.004373201367441529,-0.001125388161929828,-0.00764048477329149,-0.0008070957958712485,-0.0003657063148415291,-0.0002978080742061617,-0.008558534941202955,-0.0052430561066084715,-0.012984852208362874
2012-05-21,0.01451892616850318,0.00388449049779581,0.01979605291459189,0.0021899508105083683,0.0019632055619998867,0.002048441120291749,0.0171883776475088,0.008848480646627525,0.02795573319512812
2012-05-22,-0.0038035466725410325,-0.001565621090940141,-0.0030784120058185795,-0.0013964972242524948,-0.0014441918152765891,-0.0015940444051343909,0.0017429856673074617,0.000122304575622479,-0.0011197206229035528
2012-05-23,-0.002364316866356704,-8.514119996685827e-05,0.0007296453012637271,0.000858984876890808,0.0002923691157785977,0.00026863514080385656,0.0005289255316001107,0.0013984349204061608,0.0019219097993621315
2012-05-24,-0.002325507361230537,-0.0009900721231498877,-0.0010916674904934568,-0.0011230270411729574,-0.0007066113355114513,-0.0006745698479942969,0.001966082629268673,0.0002548250353707897,-0.006553860096377484
2012-05-25,-0.00030249022074920845,0.0005193895284147515,-0.00042543587152662674,0.0010285666194677356,0.0008099405250774003,0.0008674876198563232,-0.003244859421596469,-0.0006944013286757313,-0.0012873213465754985
2012-05-29,0.007664660955301229,0.0017635765668288486,0.008532978549548941,0.0005060568412654583,0.0005461663952993829,0.0004895090798925468,0.012111879403260861,0.006716967876384248,0.012727719398425652
2012-05-30,-0.011402016310131895,-0.0019028959139049055,-0.011777245188304813,0.0011858893792036475,-0.00021405793804450175,-0.0002803088901030546,-0.014509832670490996,-0.004574214772597781,-0.008431376453309714
2012-05-31,0.0016306375659723262,0.00080275030051,0.0009137269289421854,0.0006998428235320626,0.0008571535076015361,0.0008719009816392706,-0.002201248621476526,0.0003503096834528302,-0.004331790036045002
2012-06-01,-0.010651888931198675,-0.001811636659248063,-0.012537283922265562,0.0007377007164496608,0.0005278376630147772,0.0008276782140435909,-0.025176627799082585,-0.010969315526105576,-0.02658716638510661
2012-06-04,0.0016335689615003654,-8.583262144149977e-05,-4.88740819872815e-06,-0.0007801706796678443,-0.000645607339407865,-0.0007015674234353309,-0.0004679732391809077,-0.002739885438610119,0.0076146043392912865
2012-06-05,0.0040369275933263005,0.0010300744613509494,0.008812402273236541,-0.0007262380901447152,0.0006788849941530284,0.000797822066184839,0.007571953297068168,0.0031624567129047154,0.004107110328840591
2012-06-06,0.017393200290514645,0.004238425325914713,0.015497169093000689,0.0007698658987873943,0.0017115619768741995,0.0018041950004155346,0.022468753929869356,0.010935064780411848,0.022905755557542262
2012-06-07,-0.001541216996012187,-0.0005535337205449768,-0.009397759741561821,-0.0005772344954601704,-0.000766305782344122,-0.0010078610778117792,0.0006059749471434284,0.0013127267900315126,-0.003998717328730028
2012-06-08,0.0027321478179785858,0.0009863997228412265,0.008972975660708562,0.0021546187361221533,0.0008020444846609555,0.0009086693945130125,0.007951360157334886,0.005132769298624431,0.009635506483741674
2012-06-11,-0.009349089267819325,-0.0024900977020272017,-0.012737502112939718,-0.0017065156238118245,-0.0012480536590353578,-0.0013293264941830478,-0.01269712013724178,-0.006709168565628063,-0.01686000084577688
2012-06-12,0.010375174811918778,0.002383181074417735,0.009480355245948376,-0.00026674245937165144,0.0008687718526912244,0.0009763031167972151,0.011490689831481271,0.004870104183873602,0.012133806981503792
2012-06-13,-0.0035666578554342672,-0.0007214693632852532,-0.0026968712870553283,0.0013349894147247768,5.987830590410085e-06,2.8591274812689326e-05,-0.00639480127528802,-0.0018484292102544948,-0.006873218999764341
2012-06-14,0.0063106181264498875,0.0017143235861070806,0.00820186852940524,0.00010666568051842024,0.0010251693834229286,0.0011495343580018118,0.010600357669488636,0.005398445400054338,0.0037016224825789923
2012-06-15,0.009550056903300259,0.003292542665627647,0.006164350799206247,0.003945454158212792,0.002069945631132947,0.002061380185309104,0.010227369112124851,0.008053595471036634,0.012424278414576051
2012-06-18,0.0006475930381456239,0.0001864397144353705,0.006203984231661934,0.0013433649135252616,0.00013786218603473502,0.00020519161197683246,0.0019383488045041641,0.0010806717408819635,0.009366321767118713
2012-06-19,0.008659816137416837,0.0020732833775725453,0.0030789229690855336,-0.00022600948690191286,0.0005812048505789251,0.0005177297067366167,0.009673139489403848,0.004612066739150005,0.010380807977436568
2012-06-20,0.00022005900034661224,-0.0004550615780829791,-0.0022886766084295684,-0.0012510189290821504,-0.0007208815080163226,-0.0008020343998301276,-0.0016215948986192386,-0.0017804468193357021,0.0007783155431042577
2012-06-21,-0.02026798842966445,-0.006048537362773141,-0.02148976591798263,-0.004064014638017386,-0.0035429133806509014,-0.003842615215620293,-0.02243856853389503,-0.013014601893699441,-0.024887196515675836
2012-06-22,0.004437707214547899,0.0011734785147896184,0.004297227743042116,-0.00029361916622285304,0.0003976594851445168,0.0004221225190230929,0.007701319475213797,0.003008265502117543,0.010528386611335483
2012-06-25,-0.011014513694377,-0.0027286772101157,-0.005375487014025981,-2.128852285023967e-05,-0.0007428010734122823,-0.0006494079052565963,-0.016034770387480246,-0.007716126634003711,-0.019258481834545038
2012-06-26,0.0027108417754162866,0.00044860805326970643,0.0008679809696915811,-0.0004397865267642305,-0.00019842194942161812,-0.00026411197401967777,0.005025931597253841,0.002188074786409898,0.006277255803250892
2012-06-27,0.0055367322796387244,0.001722490786529857,0.003780037129541546,0.0015834324567403743,0.0009761184575728412,0.0009898256282260076,0.009016596921767706,0.006042112641216519,0.006078165872965613
2012-06-28,-0.0023737184720045235,-0.0006627857110127681,-0.0022073463563337375,-7.019410921253695e-05,-0.00013707382275601293,-0.00016969842099573835,-0.002853391793853466,-0.0004885882671796869,-0.011129028017922482
2012-06-29,0.026029149714175394,0.007308582734010798,0.027789096211339674,0.004205807009875734,0.00419782211129078,0.0045627417352570795,0.02492643803534844,0.013417889890557071,0.031511436112673596
2012-07-02,0.004691401693169497,0.0018462593479441985,0.005221650085268664,0.002888223463442928,0.001473654875975478,0.0015190725690925225,0.003012703794545324,0.003635107309535191,0.0029613669900367956
2012-07-03,0.007368404559991165,0.0019994875315455514,0.00941001123194246,0.000857298714368413,0.0011704635958461542,0.0013517364420447661,0.006592325558737011,0.003111684737605304,0.008391651818118628
2012-07-05,-0.007533110578894386,-0.001548552940597081,-0.004714427994168546,4.22048967847477e-05,-0.0007801825576289056,-0.0009242927416707181,-0.00451181110967136,-0.001671007418950654,0.0006160303397761968
2012-07-06,-0.008418374719604643,-0.001864437101968628,-0.006562657432466162,-0.00019788388971061756,-0.0007280441763802564,-0.0008172947193457182,-0.009503274874927858,-0.004275705636358052,-0.012474710422482715
2012-07-09,-0.0001713691939315056,0.0001459033242874016,0.0001013230455606921,0.0008262894459799488,0.0003180479257894927,0.0003458462481342313,-0.0012546953017009699,0.0003709853816989268,-0.0018714933424883728
2012-07-10,-0.007037491043346332,-0.001994707064486733,-0.01066849794755861,-0.0016340572502890588,-0.001358341283270882,-0.001533618540831292,-0.008720472953015479,-0.004995378884041226,-0.009843510269316846
2012-07-11,0.0016463519713169476,0.0004161225366119323,-0.0006844341043507559,-0.0004477659478868954,0.00033859680104299163,0.00039794134494160503,0.0001493106485823681,-0.00028547092162453083,-0.005523072953584229
2012-07-12,-0.005449184165700224,-0.0011479351792836594,-0.003009306580145351,7.586746833163021e-05,-0.00026361505200424404,-0.0002510215447324073,-0.004845184919869849,-0.0019336130568034073,-0.009362270286484842
2012-07-13,0.011824599982368521,0.0033567092116260004,0.013020387236093436,0.0020607351072649046,0.0020079461031533154,0.0021477587231583948,0.016777820828231427,0.009569060948769933,0.015216733033103447
2012-07-16,-0.00028150357665593774,0.0002758517758059039,-0.0002420387971959029,0.0007321969593240196,0.00047084953972188233,0.0004845255178415795,-0.0023570454857917422,-0.0005097687514726494,-0.0028398469154150563
2012-07-17,0.003838688248136055,0.0006925854474842262,0.0050048157168452855,-0.0001838353221614705,0.00012773620091123555,0.0001343094032818467,0.006866730238035634,0.0030350646539392167,0.005221917527089559
2012-07-18,0.0027660778319290934,0.0010628351117890076,0.002381523327985051,0.0012374270782081766,0.00046301617266070703,0.00037209633631528035,0.007406775478337124,0.0048212083728101434,0.013536483271709532
2012-07-19,0.003658413788853623,0.0010942390508920422,0.0005909427787453066,0.00024742226061090576,0.00036404510115798034,0.0002927058982684534,0.002620920042808672,0.0009755000033501084,0.01102678883120567
2012-07-20,-0.009910969503263358,-0.0021628279197857827,-0.007070399701027825,-2.3138202331498836e-05,-0.0006871992081584449,-0.0006690690900437399,-0.009148355748402559,-0.003889543663254562,-0.013210691401431829
2012-07-23,-0.011849239093893566,-0.0028750661267759703,-0.0086078202258426,-0.0009435516913078099,-0.001340605635214879,-0.0013891270604889387,-0.01011210312796118,-0.005353149291283889,-0.01214195038327226
2012-07-24,-0.005363330816735123,-0.0013845893874469277,-0.003860668532550947,-0.00021962491488510574,-0.000565387616175442,-0.0005318632493093265,-0.008586556558251579,-0.004305285248076948,-0.007878955381560915
2012-07-25,0.002574265289540144,0.0008091558826749311,-3.939485674947076e-05,0.00017366022750964785,0.0008033638496102635,0.0009364327397806591,0.0002235889795312307,0.00035619224323529185,-0.006671150212911425
2012-07-26,0.015234108127553981,0.0036757696814741143,0.010247280151863117,0.000792522629929406,0.0017524273393689817,0.0018305208916834417,0.01649748382144689,0.008459585430997382,0.013272025993489533
2012-07-27,0.0141679132964548,0.002814010921893787,0.014211615170214595,-1.0788784579754547e-05,0.0007454019488743396,0.0008212922299681563,0.018432711130512258,0.0080317737936931,0.02367049710170832
2012-07-30,-8.335322069893123e-05,0.0005232815808434537,0.0014156606984881551,0.00135617258308135,0.0007154213819848698,0.000731459974198928,0.0,0.0012855601159801912,-0.0007712211953729842
2012-07-31,-0.0037092096558891913,-0.0007878313066420892,-0.0019155724586454336,0.0003449083178327986,-0.00031397771884134464,-0.00037718504482543063,-0.006994091679688008,-0.0034978873816555946,-0.0003084475568069234
2012-08-01,-0.0015994749791903172,-0.0008900535249148476,-0.004812393362405923,-0.0020195327500652383,-0.0010174064258008809,-0.0011300439710466175,-0.0008717186459563653,-0.0019885731472177887,-0.002931787204003
2012-08-02,-0.007117005963978367,-0.0015753279574154768,-0.0015670023338529614,0.0003741956080254635,-0.0006072054688831928,-0.0006307301102576758,-0.006904498926852742,-0.003170702530523627,-0.003560040924974861
2012-08-03,0.01894840622013172,0.004253785490771822,0.010187898652759708,-6.24010953067522e-05,0.0017508236767240781,0.0018274025452000853,0.01983352529875959,0.00980019658960507,0.01895017640064034
2012-08-06,0.004115242748573259,0.001227469782892787,0.003046967703879814,0.0007700566803684016,0.0007439944128326719,0.0007660036497112259,0.001937251388404393,0.0014281940633697767,0.007621729974964353
2012-08-07,0.001970382590021361,-0.0001125481697860839,-0.0030456465029217645,-0.0013604882422198288,-0.0008087270968184955,-0.0008942548396622721,0.005013565967673772,0.0009707766565479597,0.008320623278670336
2012-08-08,-0.00018588864467063604,-0.0003079295410169992,-0.0022527585684777906,-0.0007627413045582131,-0.0004691549458811646,-0.000498637170018632,0.0012116463143534428,0.00019339776967913116,-0.00044987089228720745
2012-08-09,3.4481864014032355e-06,4.8717234992721965e-05,0.0006783357443326552,-1.9438759090272223e-06,5.421682028763834e-06,1.7236173484437874e-05,0.0008538445980621479,0.00023055713128201832,0.003002040423091046
2012-08-10,0.0023148574939576114,0.0009703356478647831,0.0011473186906387775,0.0009041150637569838,0.0007736857224079526,0.0007789965002715373,0.0016359830558452249,0.002120738748230863,0.0005986883633737339
2012-08-13,-0.0025155043742638157,-0.000658059937854865,-0.0028623552843763805,-0.00012609410273785326,-0.0004926649566478037,-0.0005688878040831179,-0.0004969652097351895,-0.0005559096808600561,0.002392740947841032
2012-08-14,-0.0007435541112787826,-0.0007441973848907308,-0.0029579629995780425,-0.0014182039773845319,-0.0009293767588706317,-0.0009912547404983302,0.00014207055468951069,-0.00183117846178678,0.00044764431276478334
2012-08-15,0.00034510355098170474,-0.00040873067083067643,0.003611793435232693,-0.0009565635959828905,-0.0004951557526706975,-0.00042045737385236395,0.0011362644699532964,-0.0012641280564708716,0.0025356659507691504
2012-08-16,0.007229282533655032,0.0017220108191395472,0.007839539768695487,0.0005322431147417812,0.0008438383107681336,0.0009312401162682841,0.007378581697918385,0.003572733751922207,0.011901362863701692
2012-08-17,0.0008218869948232507,0.00041191133971641325,0.0014443578514432114,0.0006608762144219781,0.00034415701978492494,0.00034996103666331825,0.0013382455214581146,0.0012928858663138595,0.004410187512261965
2012-08-20,-0.000432420227745951,-2.860620501457435e-06,0.0005613000726195311,0.00020598484869149847,7.513527760019474e-05,9.223600561659815e-05,7.036510987856737e-05,0.00025954933792303556,0.0014639228670347837
2012-08-21,0.002354081478414879,0.000627651564408986,0.004004919619790402,0.0002464376488935666,0.0006326423418471247,0.0007458135833785606,-0.003024115293006835,-0.0015327029710041412,-0.0039464236982793555
2012-08-22,0.002365172357590748,0.0016919363171646188,0.004958643377795087,0.0026020290704599036,0.0017812813552791087,0.0018651481755642917,0.0004233727045874769,0.003261965888312855,0.004108589652341621
2012-08-23,-0.003973003629306722,-0.0007931192817966649,0.0005483071366534787,5.4112142462968464e-05,-1.1214858532787686e-05,7.592761520189716e-05,-0.008179564420747631,-0.004318652968154001,-0.008183304716749218
2012-08-24,0.0010297710120800415,0.0003599045101164751,0.0027574241763137436,0.0004114491021888553,0.0002010152957340388,0.00022368486567746594,0.0060428938009071675,0.0035012761789022418,0.0061883398568869374
2012-08-27,0.0003187848557851942,0.00013189492135098628,-3.909101782598027e-05,0.0006022225784993141,0.00011906999241790231,9.591925411930042e-05,0.00021161245937784123,0.0011395776226875325,0.0016108581398088795
2012-08-28,0.0005788797507432156,0.00023262474293225512,0.0020456030605360744,0.00031686444606439444,0.0002869240433499492,0.0003270057255129263,-0.0009888085446065897,-0.0004593528854763679,0.0
2012-08-29,-0.0022946131631057555,-0.0006622193360682859,-0.0027554676972408867,-0.0003158445883867336,-0.0005157861987174308,-0.0005785567190987899,0.0007780101586805088,0.00022218060924000238,0.0
2012-08-30,-0.006224432490015472,-0.0014505855930560198,-0.003133292346216358,-0.00024166264982779755,-0.0005214265366817466,-0.0005153700830653202,-0.007207915890834582,-0.0036779237608068147,-0.010088217366543528
2012-08-31,0.008378814057110787,0.003241846770952506,0.011946047800222166,0.0029188749433440506,0.002787727462097372,0.003007834583315618,0.004769022612375773,0.005433216541024593,0.006646111586218417
2012-09-04,-0.00011782118645775608,-0.00027732326279938935,0.0026799126219339,-0.000880522481680468,-0.00013978745678022708,-6.855527954174878e-05,-0.0009215634872693501,-0.001483614877937689,-0.001026443929955434
2012-09-05,-0.001479985950867037,-0.0004048909528139852,-0.0013340559354977266,-0.0003187847376108738,-0.00025968899076050765,-0.00027606388712892187,-0.0008506449220168077,-0.0006581777279844935,-0.0010283207503174463
2012-09-06,0.014380337592533403,0.0029707361146047743,0.011619240718665595,0.00018589698399334949,0.0009105154949271676,0.0009557589630305468,0.02029688099121696,0.009457042813348693,0.022198950400315276
2012-09-07,0.008878422542556646,0.0025898357152859225,0.005910424746581595,0.0012368045155729634,0.0018977564385037043,0.0020822803298234925,0.0038953759823896483,0.0028741177412076706,-0.0014378896335942581
2012-09-10,-0.007046219769754187,-0.0020527166853258325,-0.009128485883332527,-0.0017876524732747187,-0.0013021940172495998,-0.0013942355333199483,-0.005681487289669551,-0.003268575976392598,-0.01281829355327413
2012-09-11,0.004755380740257856,0.001152419519005478,0.0017158774239642636,-0.0003934526877838606,0.0006467172848624787,0.000685560244111371,0.002787432392500122,0.0009589239748490149,-0.0016054846582730375
2012-09-12,0.00223577445319881,0.00014721254613473116,0.0017858297974882333,-0.0012694545782100943,-0.00025618346345304926,-0.00024311687739226833,0.0033352958167665037,9.167770425974435e-05,0.0029228875092939255
2012-09-13,0.013748611463775989,0.004282697993932369,0.014934194560517412,0.0036467218348035933,0.0029759834520975254,0.003201786831990964,0.015236226202049119,0.010407177537423965,0.01355067452825165
2012-09-14,0.005481126431406426,0.0004969974183120086,0.00584484543896637,-0.0020327707398656897,-0.0004019420037404887,-0.0003403381747058477,0.004434474314406023,-0.0009316443248939574,0.008912778790145737
2012-09-17,-0.0036968188318654426,-0.0008831211871062354,-0.0033468406640197734,0.0002754430781989201,-0.0005329675897692411,-0.0006265007115349428,-0.003395890891226938,-0.0012940861286079891,0.0004278564819766295
2012-09-18,-0.0015984142096360202,1.889086802355491e-05,-0.0013089895175118801,0.0009310085134807497,0.00025042967844380866,0.0002636479888204633,-0.0008184076057948797,0.00047442617748585285,0.0008547336703610409
2012-09-19,0.0009747765770324155,0.00040333557474444035,-0.0015896597725255034,0.000746410306103528,0.0002249024450455027,0.00017736942343744846,0.0005459411216233168,0.0012381279616486053,0.0018499941477212456
2012-09-20,-0.004214893402822401,-0.001154526729960823,-0.0065987682885632355,-0.0005990710492575861,-0.0008893847530362965,-0.0009933181575930983,6.813062655108837e-05,0.000258373071435236,-0.0009939677473673747
2012-09-21,0.0010808070110843947,0.0005022924611117726,0.0009740413593218343,0.0008887474600421999,0.0004875918771983617,0.0005106219626185588,-0.00041779506560502,0.0005743990427002219,0.00028440454657863157
2012-09-24,-0.0026391335974255197,-0.0005261688608478738,-0.004852548421084005,-0.00015614306800478534,-0.0002467974500709579,-0.0003211623653754794,-0.0015084410461926323,-5.746834864483238e-05,-0.0058441524258961985
2012-09-25,-0.007715011555693653,-0.002023711213182436,-0.010740123072228847,-0.0009057403329547166,-0.001071366161552018,-0.001156832673512763,-0.010641631753272929,-0.005058132484367116,-0.014052117478036918
2012-09-26,-0.00526061930744976,-0.0009762514034781074,-0.004301268179513381,0.000413760807001263,-0.00021396269894325426,-0.0002569803267081924,-0.005621301376870558,-0.0017837685079035023,-0.008144287470860156
2012-09-27,0.008807678032973245,0.0024372016916875323,0.010411832836746219,0.0014662704165566674,0.0014622679529915426,0.0016079448540450313,0.00942148251261643,0.0048666033380787704,0.013783005400842319
2012-09-28,-0.007093493799234832,-0.0014729399703816396,-0.003993853327151461,-0.0007404323620880544,-0.0005318566603043809,-0.0005430137002923317,-0.004632339253536122,-0.0028161512686700418,-0.00824466471371832
2012-10-01,0.0029372755309328234,0.000846294860627534,-0.002658545606834772,0.0003159423091093177,0.000433688275242091,0.00039060254833530824,0.0026395441713367163,0.0023310780933005343,-0.0014581954233604533
2012-10-02,0.002261802929269791,0.0003313400585051552,0.0035495625791434286,0.0001628310457943396,9.995925034571716e-05,0.0001350606700420557,0.00103919650879436,0.0003775941751031093,0.0029211514253280058
2012-10-03,0.00031659503387215793,0.00027865906431467913,0.0025646999866508757,0.0011163800276310365,0.000262534451676677,0.00029084610687579726,0.004082797572149577,0.0028402584782891704,0.006407439758529421
2012-10-04,0.005591884712257832,0.0012052877783791539,0.0033557879999443828,-0.0006393098359692741,0.0004519086139834506,0.0005004276079818927,0.007168153046097414,0.0027247855662318634,0.003472857131584739
2012-10-05,-0.001079897364044382,-0.0010445179785817055,-0.0028684754436049706,-0.0025763352438161217,-0.0010794649936801994,-0.0011117788806564977,6.829870255020687e-05,-0.0017558888069474994,-0.005335058912573132
2012-10-08,-0.004386571215921167,-0.0008639249273524428,-0.004008403164894516,-7.201562437846952e-05,-0.0002464657247910763,-0.0002813239361168563,-0.0034210069939333287,-0.0007822094623475694,-0.009133155139699811
2012-10-09,-0.008426940714886358,-0.002386234198477468,-0.00712082297637283,-0.002818881669315671,-0.0013969714398570409,-0.0014455618740878973,-0.009887413510272225,-0.006770242068305999,-0.01594727722571676
2012-10-10,-0.0022268182614934824,-0.0005409097468936278,0.0002635915009146228,0.00028102511971358904,-9.079065933769653e-05,-5.9574441800596774e-05,-0.006380358359582283,-0.0028717141505442715,-0.005055228297327519
2012-10-11,0.0031339289035006344,0.0006839401048472484,0.00019768811151439338,2.8179452854000263e-05,0.0003599730074631703,0.00037092506653385246,0.0005582733992168798,0.0007054593806723173,-0.003138122565094714
2012-10-12,-0.002062871408084599,-0.00037130419966062027,-0.004464841125323033,-0.00028503952014484463,-0.00024392507749775727,-0.0003410024908304248,-0.0032781530412306914,-0.0019255482385905646,-0.0004496685062568284
2012-10-15,0.0036730538929079675,0.0007272778610706269,0.00010093387025200077,0.0004827720866948641,9.648309385668759e-05,2.7878529136111432e-05,0.008328125893031224,0.005091668997572461,0.00734829755843025
2012-10-16,0.008926090101685531,0.0019938840341747767,0.007807656091167241,0.0003869836788558858,0.000849179310527793,0.0009241989539972213,0.01013321133474765,0.004192518287399569,0.014143629865702279
2012-10-17,0.002691768466669936,-0.00019039461814105254,-0.0009495904424968982,-0.0025188974507874113,-0.0007780888936310057,-0.0007888522430951829,0.00453485105039908,0.00023212292287030662,-0.0005874209221065074
2012-10-18,-0.002751687339079927,-0.0008628381408770199,8.084884327694275e-05,-0.0017280496032122002,-0.00035844588495976393,-0.0003105136963008209,-0.002598884351901809,-0.0022746645542333806,-0.011604014495415482
2012-10-19,-0.01071965785099843,-0.002726062836301296,-0.012365175853104848,-0.00190766161951569,-0.001358715122062852,-0.0014835846475658044,-0.016664918432399922,-0.00843600498853885,-0.023926098223829628
2012-10-22,0.0022628472787532892,0.0001222967239767055,0.00038321395138179613,-0.000730065264269517,-0.00031905886041053817,-0.0003227137652617002,0.0001395458354631618,-0.0012560338372325948,0.005176445268304519
2012-10-23,-0.011985459266060657,-0.0024900688533055003,-0.011080890423144705,-5.022786568215965e-05,-0.0010823711909673669,-0.0012450113594513975,-0.013875873341712475,-0.006448328642364975,-0.009542446838242125
2012-10-24,-0.0014270045021312161,-0.000634859621088592,-0.0023681497992555523,-0.0013299693160560414,-0.0005636934741273414,-0.0005932394129872508,-0.0028286272190575223,-0.002551803335294201,-0.0035171599529303377
2012-10-25,0.002825191098405507,0.00028723285756164046,0.0016371892234077524,-0.0011611524888955477,-0.00014187988059178233,-9.716833709806332e-05,0.0029072182703353544,0.0002689656339270785,0.0
2012-10-26,-0.0005619066283697499,0.00044457415207680735,-0.003193689057946574,0.002305674164781433,0.0005274657941413483,0.00044886620406557186,-0.0005657130697001023,0.0022180771311742647,0.0029158639990105595
2012-10-31,0.0014379130953840087,0.0010210701963134917,0.004897848453608011,0.0015369687827342113,0.0012793509295261215,0.0013893252702726136,0.0,0.0016503912297431492,-0.006121162873106045
2012-11-01,0.007068782800285686,0.0015063341950385656,0.0028988684534985995,0.0006154251756607899,0.0004022204508317644,0.00036346076358087455,0.010470620752348836,0.005433759257822883,0.014164675835157459
2012-11-02,-0.006709883339846438,-0.0019920880938156817,-0.007639981439267932,-0.0016657080502100801,-0.0012669313150340702,-0.0013936555077450033,-0.00889172439925734,-0.004989731589311688,-0.01062713201201304
2012-11-05,0.0005664134450866776,0.00043185269895662515,0.0003018781178385499,0.00128349100390035,0.00031112229933061286,0.00029299817207339984,0.002048646656481967,0.002188580124653061,0.00659856469292186
2012-11-06,0.006478026380206068,0.0012551811175704184,0.007712040974374977,-0.0007500115740393698,0.0006517732613207539,0.0008581994600885054,0.007825215363850946,0.002876990990392951,0.0018289775712969636
2012-11-07,-0.010239015626354908,-0.0016561257026229178,-0.008815690193674829,0.0009200782511335795,0.00011353798344402148,0.00012564155149936808,-0.022663898746104305,-0.010334864698169657,-0.02358479039654815
2012-11-08,-0.00692861005171491,-0.0014312259807848385,-0.006935435719842978,-7.000437651673476e-05,-0.00033888905924962445,-0.00030420967051852704,-0.012024191385763383,-0.005365501976040119,-0.015739318861293317
2012-11-09,-0.00024442409071830844,-9.75748287657661e-06,-4.8375615519310024e-05,0.00028077771171076266,-7.132546707356907e-05,-0.00010210737606601179,0.0008699360269237566,0.0005518845958142365,0.004274892153812049
2012-11-12,0.0002610346728062464,6.594031967323157e-05,-0.0016350873858737773,3.9889780543811636e-05,-2.8895865771066482e-05,-7.165615269277766e-05,0.0007959584573993261,0.00073382089586852,-0.0001577305965472231
2012-11-13,-0.0034023516291591693,-0.0007289249865988753,-0.00306604499104181,-0.0002640116452801879,-0.000257489435024295,-0.000271634064216211,-0.003471569466462765,-0.0015658576714545173,-0.006937788077247098
2012-11-14,-0.008189752106926022,-0.001972117890562751,-0.010926506128328744,-0.0015768972296953093,-0.0010592284608964874,-0.0011582910201230544,-0.0134990015000378,-0.00785823405986318,-0.011750076224376182
2012-11-15,-0.0010724791977880423,-0.0004160690375757558,-0.004753022817956089,-0.0008648252126518145,-0.0004498633670875538,-0.0005440773649466785,-0.001691743124764944,-0.001182654023375534,-0.003374087255481828
2012-11-16,0.0004036707708827607,0.00025707717368366796,0.0033527349275274325,0.0008043610878743023,0.00022533970699989224,0.00025168564576279835,0.004937662740523541,0.0031630736615571057,0.0043528384651891905
2012-11-19,0.014111409566888403,0.003481973168099254,0.015734254444091652,0.002267138558554044,0.001856701173578089,0.0020089888317203946,0.02023888911964744,0.011065771187510263,0.0237561098024468
2012-11-20,0.0011245323346917575,-0.00022202079329605116,0.0021552568120419393,-0.0013424755928543176,-0.00040441411466615214,-0.0003766075682369268,0.0004308280773586137,-0.0014265792040661091,0.00031366279169575684
2012-11-21,0.0007171772541727459,2.014695520052004e-05,0.000250458029180509,-0.00041537390553061243,-0.00014102174072215653,-0.00014365170598884801,0.0018681385071852574,0.0005111439065159625,0.0020372602584837196
2012-11-23,0.012058813617440706,0.0030756864909113517,0.011239592997934242,0.0019303136400350101,0.0017528588201218421,0.0018811108379245946,0.013624800712337404,0.007883571135456804,0.015173563954901992
2012-11-26,-0.00019084395296809634,1.3291903942308145e-07,0.0018168749654950368,0.0009638888579356945,5.635818412145981e-05,6.009201041122786e-05,-0.002122298870513517,-0.0006021450516390777,0.004313973767085422
2012-11-27,-0.003989727061235742,-0.0008104940487144436,-0.004510350068965857,0.0001693798870610631,-0.000367159934506335,-0.0004397518728343737,-0.005104790337838616,-0.0021214994519433727,-0.003375193533099008
2012-11-28,0.002939953528977464,0.000817996402495851,-0.0016133492756188758,0.0008054737917434692,0.00014264725500609976,-2.182359853932848e-05,0.008052496985972546,0.005318883539958412,0.008620575687748877
2012-11-29,0.0050383020639632025,0.0013645051257186872,0.00513433817190326,0.0012594620710294918,0.0008524222166665122,0.0009079815117765431,0.004665920861659956,0.0031945149062776873,0.005952451559776639
2012-11-30,-0.00020532363272919604,-9.234375847418418e-05,-0.001715868364671459,-0.00032342728023603635,-0.00013288523495556045,-0.00018865807818158883,0.00021108681455395129,5.26624027482518e-05,-0.0016690356779748283
2012-12-03,0.0002543625683106985,3.9660997119512084e-05,0.0011101640482621107,-9.148116850784887e-05,0.00013076891438055914,0.00016576348515100252,-0.004924797172893514,-0.0031060365598931713,-0.0019757291243786
2012-12-04,0.00023888748209580294,1.5359702822505472e-06,-0.002585006603590935,0.00025090743615882236,-0.0001227390374915122,-0.00022114708933916575,-0.0014135002507945638,-0.00013974715947064824,-0.0006092710018191783
2012-12-05,0.00035520280799206105,0.00018932735797250189,-0.006231058245090959,-0.0017294435191602675,0.00013746193270458562,8.950416609132539e-05,0.0017700286636563867,0.001385918513936213,-0.011122343356143927
2012-12-06,0.0031829873909706126,0.0009164826558273542,0.006779716386146013,0.0017284344337284742,0.0006620120253970767,0.0007440274864598279,0.0033918443564104894,0.002255934511966075,0.0064707952451346085
2012-12-07,0.00017210060180193083,-8.81832327009711e-05,-8.729941525106389e-05,-0.0020356286859062782,-4.4848102939004056e-05,3.0089862983232607e-05,0.003028971736542374,0.0006849077217122045,-0.00597041592940073
2012-12-10,0.0015603238040191,0.0005089928763560914,0.0017497055253581587,0.0009894988706889666,0.00036647378807579085,0.00039506633965661426,0.00042117766287264047,0.000619790571508996,0.0029263260224781096
2012-12-11,0.004244188551912706,0.0009913749565294613,0.005975160609174122,0.0008330400309535087,0.00034010439220585745,0.0003305915471426044,0.006808441574355895,0.0033318818407758214,0.013052698211742264
2012-12-12,0.0005467095387369877,-0.0002689318321700393,-0.0018072965025343307,-0.0027251758222128003,-0.0004618170203017361,-0.0004713396953438269,0.0004880709984398379,-0.001382365677764833,-0.002122360766572573
2012-12-13,-0.004627004484664996,-0.0014625144921960006,-0.00791811169589538,-0.002795922191733738,-0.0011102773041742108,-0.0012362884060201904,-0.006131906826484013,-0.004478853002451972,-0.0078990564508582
2012-12-14,0.0003104505328231501,0.00020161670742114226,-0.004138576860404101,-9.909248783105609e-05,0.00029238262524070924,0.0002716358069416525,-0.0037159335919338954,-0.0013657100921522381,-0.009493127641997612
2012-12-17,0.003870703663611209,0.0006665053660784424,0.007768150833093342,-0.0007643118314920115,7.90335806590269e-06,5.720814095465531e-05,0.011752220613953757,0.004993112504729076,0.013294187709950389
2012-12-18,0.004887085437126595,0.000556071454519017,0.007359066129549431,-4.1529799057247786e-05,-0.0004268895951510994,-0.0005107095853037421,0.01112889445866605,0.005220856367962789,0.0152556649894251
2012-12-19,-0.0009719113187467422,-0.0001499451661304957,-0.002773176936190675,5.191204762538612e-05,4.3020622756799374e-05,9.199666204626275e-06,-0.007429500411601064,-0.003991217212656174,-0.004357611525355631
2012-12-20,0.002621593739313022,0.0005116467847814587,0.0029238445742326355,0.0006485812638670139,0.00015869669645095328,0.00012636976105073847,0.005752239812869542,0.003755937774713226,0.0
2012-12-21,-0.004845087641199565,-0.0010233187501897893,-0.004158656105974408,3.6847335096481706e-05,-0.00017411701584818656,-0.00012794939418068278,-0.009076770886641716,-0.004479701322870316,-0.010517078798900181
2012-12-24,-0.000985327913556836,-0.00030356032464977026,0.00010102137640429317,-0.000698180676470392,-0.00012629873982850806,-9.032094594877031e-05,-0.0030817675050547333,-0.002272310252733208,-0.0019938042286358204
2012-12-26,-0.0018442712357643483,-0.0004041908488683077,-0.005213549470154658,-0.00031958616409401004,-0.00011348765762024727,-0.00013397433045530199,-0.004214595392685538,-0.0017456688462841763,-0.00875993332089997
2012-12-27,0.002498642027585227,0.0009169608362535775,0.001353851792835555,0.0012427845236558112,0.000814827397713577,0.0008526898306542058,-0.0013407167307356582,-3.192677417301349e-06,-0.0015503608074507458
2012-12-28,-0.005715872560314011,-0.0013740239191253852,-0.007238016706901551,-0.0005263047803306133,-0.0006792681215020926,-0.0007474149694624697,-0.010808099376576452,-0.005611038130183014,-0.009627122797783438
2012-12-31,0.011818637306315657,0.0028109256450922562,0.014480938914527262,0.0008417106066224184,0.001333504502007255,0.0014632026041654905,0.016996556519822903,0.008109025105656795,0.021165871353890253
2013-01-02,0.012778079832802504,0.003196850939765071,0.01905884764069172,0.0027456465930383285,0.0014282392176515133,0.0015444052131318576,0.02563019995908511,0.013742739544735642,0.03178273374795215
2013-01-03,-0.006084096602555759,-0.0019366764364227866,-0.004478227818391073,-0.0038506931038997353,-0.0014569264290889695,-0.0015501687353032061,-0.002259101635704086,-0.003373092178394128,-0.005208054005156226
2013-01-04,0.002308052206099015,0.0005995921949455273,-0.00032172311589772013,-7.466653094761945e-05,0.0003208873043169753,0.00029813160361960133,0.004391434505312208,0.002877753249559667,-0.0032909184703054928
2013-01-07,-0.0022335714838246368,-0.0005659316768512612,-0.001979254058602664,-0.0008800643939198549,-0.00033376365301884814,-0.0003731639902934125,-0.002732934196195358,-0.0014442937772427555,0.0002998009957138059
2013-01-08,-0.0014955407021873257,-5.0032078820352864e-05,0.0016525276396222761,0.0006118905803551189,0.0003122426708149254,0.00037250626437852774,-0.0028769334386177237,-0.000745589142337025,-0.0019502366744186261
2013-01-09,0.001825267895515505,0.0007391972231587738,0.0017115105808415524,0.0006691753853585444,0.0005591231855177129,0.0005625840909018035,0.0025413536541047943,0.0017450632556685658,0.0037583318237182084
2013-01-10,0.006549145512745207,0.0013634029532893276,0.005324189425747087,-4.3459399594189286e-05,0.0006122013420539638,0.0006916793672158484,0.007949525381423017,0.00359243680003041,0.005990418936653974
2013-01-11,-0.00020824399145305712,-2.224486938766174e-05,-0.0022464988626282787,0.0006754418788701628,-2.680995819199778e-05,-9.085173043855795e-05,-6.770709465575564e-05,0.0012322235398462213,0.0013401662464753716
2013-01-14,0.0001267127815465559,6.414076347045504e-07,0.0014248198296779467,-0.00016803790291320203,0.00010035678832089699,0.0001532913455828942,-0.0006799981402210165,-0.0005579979421530601,-0.004460226221221331
2013-01-15,0.00039582357889966704,0.0004008708684381055,0.003443575720066484,0.0007966606770245934,0.0006098849094765108,0.0007055813324572626,0.0006804608523351963,0.001381308687243605,-0.004928331897941285
2013-01-16,-0.00084227353491366,-6.195097833843343e-05,0.000551120896425888,0.00046820336578296196,4.22866868072609e-05,4.030198992343317e-05,-0.0001360127250809029,0.0004414615782647878,0.004051863649635612
2013-01-17,0.004120733490202096,0.0006459963710557226,0.0039206477850335176,-0.00064586290893275,0.00011876677108652165,0.0001757996191324458,0.006460206150510794,0.002042179071954856,0.004783713544497692
2013-01-18,0.00031160306295616646,0.00025842693102790605,0.0006258512502149724,0.0008170753438717168,0.0003143304445589977,0.0003256347553177005,0.002230010676642191,0.0024609810633527533,-0.0022316939288091753
2013-01-22,0.002112876412933794,0.0008114303770017403,0.0038114397836636936,0.0008608284516181445,0.0006921673723465084,0.0007545863279945749,0.00539331985409186,0.0035806223032920992,0.0016402530305017482
2013-01-23,-8.418854596511585e-05,6.277919988966529e-05,-3.5024054039998275e-05,0.00035350447547586965,-1.9493814655013642e-05,-5.2876534503815516e-05,0.0016098007526870184,0.0011560462113150882,0.006103040549344518
2013-01-24,-0.002115158056147399,-0.0008476607849253222,-0.00629937202172866,-0.001114032431925361,-0.0007009501874052889,-0.0007856977708131399,0.0002676432410377849,-0.000504751756650629,-0.013759482735636985
2013-01-25,0.0033186338610825864,-2.7489820500790727e-05,0.0014147632886011123,-0.00155200240079165,-0.0006336139773976484,-0.0006395692123685134,0.005621904853437387,0.0007654731089916677,0.0051007289226434605
2013-01-28,-0.001624012662686098,-0.0007625565720808858,0.0006198980262120458,-0.0007168787698858688,-0.0006250841273507731,-0.0006140062272846226,-0.001197949928141595,-0.0015407015025831745,0.0022386391215587498
2013-01-29,0.003506319542184146,0.0008812714690822868,0.002928512743443957,2.2795262402042086e-05,0.0005092047377530794,0.0005610008275062163,0.0039311056960762425,0.0017926207947545352,0.00014861249536646248
2013-01-30,-0.0016982750501450415,-7.93610391066851e-05,-0.0013500827533042036,4.267269352381962e-05,0.00017061309338178322,0.00017549497404983243,-0.003915712615907618,-0.002159284327842889,-0.0020846529183550233
2013-01-31,-0.002941453342343414,-0.0006104012753192801,-0.005284568875766924,-0.00016526304986619756,-0.00041930434664096746,-0.0005188577877581646,-0.002465516588553651,-0.0011630649773540958,-0.0022379723085252934
2013-02-01,0.00545728849841796,0.0010891573354432217,0.005328954552728709,0.00012101811316519865,0.00037139684728150274,0.00041245321287763643,0.010287182366734537,0.004899145569161329,0.011814198391993491
2013-02-04,-0.0097754443381307,-0.0017212297793274091,-0.0030776584712201936,0.0004924132141877038,-0.0002671227728464823,-0.0002165147409057417,-0.011240597943925401,-0.004595965932289633,-0.017440191304517905
2013-02-05,0.003080856634961045,0.0006220198019283431,0.0018612458015638004,8.883626747980818e-06,1.473172102663608e-05,-1.8020095014869894e-05,0.010097832208793678,0.0047023980309672045,0.014741250586036925
2013-02-06,0.00029974418939637815,0.0004851229722622197,0.00023039963523774354,0.0009671924272616206,0.0006192718197266522,0.0006667410080072322,0.000728072158141746,0.0016288444595222717,-0.0032610339360087393
2013-02-07,-0.004123565885651449,-0.0008813463325453134,-0.002019617882832372,-8.351247861594746e-05,-0.00051314407511191,-0.0005660437008033843,-0.0013228797607232057,-0.0006044289609749174,0.0008921960565428932
2013-02-08,0.0052137003622618125,0.0013999879689994262,0.007455601856154338,0.001447635275552391,0.0008304736916605391,0.0008581258829017202,0.005564309666229006,0.0036352575233813923,0.010252536263240852
2013-02-11,-0.00224676347242642,-0.0009413090690112674,-0.0015957292633279312,-0.0008636963953054268,-0.0008878449853712931,-0.0009828238811812056,-0.00019743989233700354,-0.000532334517904905,0.00029405532184245686
2013-02-12,0.00289352078850705,0.00038388799397423166,0.0016110710622677011,-0.00035651823040084294,0.00015908597474219337,0.00022383206225473826,0.001646968803857396,0.0005748133888899335,-0.004116694468763837
2013-02-13,0.0006803922824011311,-0.00020648478072781884,0.00015068021656607414,-0.0013178181630900006,-0.0004823473136596898,-0.0005390391761612484,0.0008551372315335204,-0.0008777870887382023,0.0035434066207729042
2013-02-14,-0.002183263182549649,-0.00015310791725213426,-0.002663858121199553,0.001496818826604807,5.566426577431892e-05,-2.092458574542668e-05,0.0009201740032138694,0.002248283783851047,-0.00029426744525662407
2013-02-15,-0.0036141052875757664,-0.0009808924875517517,-0.00419377692841306,-0.0010186835953775704,-0.0008053969434490733,-0.0009555953897955777,-0.001181586675365165,-0.0010863016601328416,-0.0029433521133823692
2013-02-19,0.004605223194572979,0.0008817945082580292,0.005597103196891903,0.00038368330010931837,0.0003140873842336413,0.00033171340631263764,0.007494071148247183,0.003866101971388342,0.007232144365312054
2013-02-20,-0.010574143372477555,-0.002717237821130528,-0.013596331318085103,-0.0017832582003957133,-0.0017547198620396108,-0.002013701378662772,-0.012462927294102477,-0.00665799824315816,-0.015386481094684323
2013-02-21,-0.006405185258246778,-0.0010269332972889977,-0.005907276968209673,-4.511997073400995e-05,-0.00012531027230699494,-8.665201795825538e-05,-0.006078974550017269,-0.0028545320688338847,-0.010715972145870056
2013-02-22,0.007265042114084809,0.0018270299779563298,0.00856884553644538,0.0020160958652614153,0.0010965937080012903,0.0011650474499544253,0.009772529633816918,0.006334553788783763,0.010079777898495124
2013-02-25,-0.011863611904932918,-0.002066420812598205,-0.011023791731766583,0.0007895974427668555,-0.0004772476055098198,-0.00049787618627722,-0.019026947127233962,-0.008333340922406991,-0.012362559084965308
2013-02-26,0.004848932284101236,0.0013286511951582291,0.006668972932415866,0.0005945323782640056,0.0009798440785852337,0.0011342439936788855,0.00684589196711527,0.003305039845694136,0.003770234575344311
2013-02-27,0.0071696054597868136,0.001569109167101205,0.004973593509472265,0.0011336677911899455,0.0005386601362528548,0.0004564942714605344,0.012598107343655629,0.007314401535847444,0.01021665794481641
2013-02-28,-0.002388029535772285,-0.0006501554422258477,-0.0031966301022057454,-8.063639175298676e-05,-0.0005081666270805656,-0.0006084213761372748,-0.0019752512856791027,-0.0006200578607098707,-0.0020819813166562673
2013-03-01,0.0002120604958959948,0.00040301873474826483,0.0023355313203617008,0.0014900512047583234,0.0003967004799702902,0.0003785399047732557,0.003298495168379434,0.002975230647405099,0.004172459097141479
2013-03-04,0.0015223007128723624,0.00018426080775137515,0.004679809907847903,-0.00016695759273713934,1.2821843143164338e-06,4.7915536949850324e-05,0.005324949702265824,0.0022482277615681365,0.004452219740774588
2013-03-05,0.007570324240969396,0.0017058128069288416,0.009264538595911018,0.001180283740375733,0.0007808729250100164,0.0008170301941841293,0.008958213645072544,0.004963210081421711,0.01477554000981618
2013-03-06,4.4115223480932965e-05,-0.00024057561031021787,-0.0011785704918045893,-0.0012148927592316226,-0.00027305075582381537,-0.0002363328741991282,0.0013613359006603432,-0.0004446510990114769,-0.0024752298265598993
2013-03-07,0.0009491587021395504,-0.00025636179149109845,-0.0015216343158326482,-0.00153030572104071,-0.0006107828800638592,-0.0006801351297696071,0.0018126676915533046,-0.00043154673116362676,0.00262765748181204
2013-03-08,0.0010629101480252867,3.4595125377068214e-05,0.0011544858137324532,-0.001499744138346859,-0.00018968325669344033,-0.0001754849074546705,0.0042642167990019075,0.0005147119050816773,0.0011646075190601124
2013-03-11,0.001197787646978714,0.00029079348437118354,0.0018727585794179745,0.0006968537382084791,0.00015685874511410806,0.00017843575638141685,0.003795358925859249,0.0024742292365058046,0.002908007779027999
2013-03-12,-0.0021730514480248686,-9.589516832706552e-05,-0.0013686853064660055,0.0009320459201154409,0.00034662146959730795,0.00040571632032735153,-0.002242952396424691,-0.00026363538163056517,-0.0036247019116842916
2013-03-13,-0.0016974959222769113,-0.0006009035473923574,-0.0008161481941050786,-0.00035800170526536666,-0.0004857397148089517,-0.0005044761048224372,0.0014130233726352692,0.0005122500766560711,-0.0013097515908653268
2013-03-14,0.005796222691918951,0.0013571603901082311,0.0038819932589146356,0.0009030038882659442,0.0007197555475037742,0.0007455620575296808,0.00532368521308868,0.003319505468348572,0.003351408189994576
2013-03-15,-0.001549645259706329,0.00010867136267460606,0.00021936807873675806,0.0013729261002069903,0.0005003981362780472,0.0005401089643303543,-0.0013200482153723492,0.0005880976462347215,-0.0027802455104249946
2013-03-18,-0.0038984168768362304,-0.0003918312191393639,-0.001294763436126073,0.0008002267726801155,0.00024548618751235303,0.00030832888924615075,-0.005518525961401233,-0.0020156480047339165,-0.002189529558960124
2013-03-19,-0.001481015214793901,-0.00015848151170930072,-0.0017824929208649395,0.0008770644406364701,7.727657805758483e-05,9.195392373343385e-05,-0.0023233442297646567,-0.00015801957149231345,-0.0019016108194819248
2013-03-20,0.0025984155891434304,0.0002565086210033732,0.0031258421082785356,-0.0006336301427717784,-0.00021927489895556362,-0.0002504661855855217,0.0069853339491086075,0.002647443925967841,0.007035185041457392
2013-03-21,-0.004824480631564669,-0.0008636959751169423,-0.004579617599152037,-0.00011629306406996052,-8.569446294029947e-05,-2.9188635431920195e-05,-0.008542598597757634,-0.0040923870474664,-0.011352038823345345
2013-03-22,0.004644657445838568,0.000947673620110487,0.005033690536240579,0.0011909447981240753,0.000304990539176468,0.00027799619609055425,0.008032745684878995,0.004961327688781847,0.009715808310873708
2013-03-25,-0.004543525794995151,-0.0009474495642916978,-0.0017977650712323384,-0.00031967751042953375,-0.0004157927231067208,-0.0004185639771789107,-0.004176748927728902,-0.002210642673172766,-0.003644876415074272
2013-03-26,0.00427339375761561,0.0011863799039622904,0.004923114544245256,0.001567796899952483,0.0006992180505347945,0.0007080962947593332,0.00800240538734509,0.005209814888260525,0.005414190902937266
2013-03-27,-0.0002642185584404544,0.0005008157639247341,0.0020958406050342205,0.0019366563969703103,0.0007066916367015123,0.0007584657729475504,0.0,0.0017129220120091974,0.0013097075476307118
2013-03-28,0.0019884839237030954,0.00036784990291009837,0.0011726417930531647,-0.00033628938922230204,2.6810390962474972e-05,-1.840823270859247e-05,0.0030732278708653915,0.0011012273782245586,0.002470841965624082
2013-04-01,-0.002831090565154535,-0.0004434395649187618,-0.001228490408721645,0.0005291017651115727,8.978133643242056e-05,0.00013878544076069185,-0.003957520834895201,-0.0013203705116211228,-0.006814419595760124
2013-04-02,0.002419559891178492,0.0002897043039032712,0.001471480269776608,-0.00025299067069249647,-0.0002801473736997415,-0.0004223792257284413,0.00493471319087857,0.002177804832826802,0.00788308333230714
2013-04-03,-0.005908490504776214,-0.001412487364013258,-0.007258327686927116,-7.246533894866923e-05,-0.0007568019768334426,-0.000881235628157877,-0.010139450382909754,-0.004426275435149297,-0.009124565486597014
2013-04-04,0.0025025221237291295,0.0010758533096125577,0.006147513921248158,0.0023792695165291643,0.0010824861465171661,0.0011634792237287138,0.0040588432516008854,0.004031784343448633,0.00029219779573752547
2013-04-05,-0.00036827974385294143,0.0002527220907703738,0.0022001596689658707,0.0009247871825797318,0.0007816263301393412,0.0010044143858726111,-0.0044913354100715175,-0.0014220182932791856,-0.008329998403716288
2013-04-08,0.0017389019218012084,6.109977260824097e-05,0.004537102009858825,-0.0004489313122877518,-0.00022703828216404836,-0.00020811488497634678,0.006767150584549464,0.002731613264197776,0.005305016307552757
2013-04-09,0.004521013694720244,0.0011338898206838532,0.004283724300442104,0.00038637323779822097,0.0006890701137378663,0.0007516511684730887,0.0034569540171713875,0.002219513429961406,0.00674276728734946
2013-04-10,0.006249927844684072,0.0011001498650235328,0.006649701153382015,-1.1333593810260166e-05,-4.4511573853567924e-05,-0.0002025478256320593,0.012248565110151155,0.0056970354265555275,0.01951097023742121
2013-04-11,0.0025700456387098168,0.0006687145636514132,0.0025679130034732362,0.0007859645734811572,0.0004988949367320403,0.0005542507590038041,0.0032774244698570154,0.00242212614383521,-0.0004286448410083521
2013-04-12,-0.00679016738343507,-0.0016082940812700763,-0.008825078807015836,0.0009610091680141125,-0.0013831478047595166,-0.0018399565419988538,-0.0024495566837861027,0.0007141735195742782,-0.0007141868876066049
2013-04-15,-0.023952889675287706,-0.006282146508033085,-0.033375770193764615,-0.003118902640298673,-0.004852646153626054,-0.005805345891246856,-0.023174235703369517,-0.013101851539752548,-0.019731383941026137
2013-04-16,0.011156885796879921,0.0025192194140896524,0.014273461688158639,0.0010133058669377268,0.0014462126786095916,0.0016380452054775185,0.01476296654301601,0.0076654791771089345,0.013273314830251959
2013-04-17,-0.012120094905966355,-0.0026706153588276485,-0.012212537742217377,-0.0012207807570335757,-0.0012310931369184123,-0.0012608505016394192,-0.014611602127897694,-0.008049997361753988,-0.019576522621151615
2013-04-18,-0.0015625037898189624,-0.0003320479346494465,-0.004194467353396295,-0.00047696335555564976,8.127226633928552e-05,0.0001788719461071209,-0.006253540503858734,-0.003512811966576588,-0.013801856573106619
2013-04-19,0.008126120761207774,0.001962036389549402,0.013464026516875754,0.000974112810827398,0.0012640858395899152,0.0014343833421257334,0.008693565876698228,0.004955236602960599,0.013697294727367026
2013-04-22,0.005079708143937537,0.0014732393365324337,0.0069124996028120484,0.0009766540143448619,0.0010777832581185685,0.0012142925007142874,0.004437559745453568,0.0028754914995073786,0.010280054381970105
2013-04-23,0.006925423906049868,0.0013853072485307133,0.004724361177457469,0.0009190077455302236,0.0004498820520340729,0.00039473192721103885,0.010309236575714698,0.005914731583078681,0.009594282558951006
2013-04-24,0.003801874579959408,0.001007090908750785,0.0027482262493068914,0.0004068934234163057,0.0007860821879531828,0.0008918299079022633,0.0006339506330390599,0.0005648004075362278,-0.0004319175871062564
2013-04-25,0.005031150130310337,0.0012754431717381036,0.005209395674675122,0.00034336361363138806,0.0008806003105423081,0.0010631333780820827,0.004053632545955921,0.0019981669436479315,0.005330451411135417
2013-04-26,-0.0014050410476629297,-1.8053003411045895e-05,-0.0035601718879405514,0.000995607160078275,0.00013716822200526442,6.019007380835567e-05,-0.001766376117564139,0.0003630216588054033,-0.0031527564750025716
2013-04-29,0.007977608214381269,0.0020443341181428307,0.009058837023074242,0.0009545730519674002,0.0013412425356817078,0.001470834356375776,0.006698572595076113,0.0038825239962618054,0.009199510272297484
2013-04-30,0.004056065827438788,0.0009230174085639712,0.008300612897157389,0.00021215511814595724,0.0006108777746160738,0.000721469472162397,0.002385990280765693,0.0013661311643979421,0.007263540224651255
2013-05-01,-0.005421542975659942,-0.001078282694629152,-0.0073419027306918395,-7.995177857402229e-05,-0.000587471092171477,-0.0007504224264343107,-0.008767837695234926,-0.003999052414488573,-0.0046661343718023
2013-05-02,0.0055974100796420114,0.0013778935812546167,0.008854649359774125,0.001153708597489313,0.000783212093285656,0.0008681310284172426,0.009287186759625143,0.005580206821815704,0.012644073654104693
2013-05-03,0.006256222116534888,0.0007505891539992093,0.0066115505875631525,-0.0016301891987784691,-0.0002202973203686453,-0.00019098329464509582,0.010140807874677416,0.0027301796635094615,0.011784457550306326
2013-05-06,0.0014211320218416297,0.00030887411085299253,0.0037502896114138527,-8.313867215903656e-05,0.00016293802658227008,0.0002036066982180128,0.002540707771309769,0.0010356537778943736,0.0038823414603255113
2013-05-07,0.001272215970854255,8.921797684327532e-05,-0.0003196129392238219,6.606597620925018e-05,-0.0002113398103865555,-0.0002942316411771933,0.005069012007314022,0.0025398832365580892,-0.0005524248733359549
2013-05-08,0.0060357173314324886,0.0015923882182242721,0.0026535602811481596,0.0010244753744752533,0.0011338392011808196,0.0012491142842059322,0.004550589082218615,0.0031927257460668823,0.0048371547747048105
2013-05-09,-0.005133858069700369,-0.001300094551747294,-0.0037292266385735204,-0.000566678494451768,-0.0009930653763941034,-0.0011316896006224075,-0.0028158986919836204,-0.0017658454335929756,-0.0013755251674933966
2013-05-10,-0.00037081442513439206,-0.0005121014079911776,0.004555547297990496,-0.0018154444699498063,-0.0007080443601756047,-0.000754734817211328,0.0032540504622120547,-0.00030645904787228234,0.0060596850639482724
2013-05-13,-0.0024421053958245545,-0.0008213218663143336,0.0025352160982914443,-0.0006909228580398264,-0.0006630586466329228,-0.000692647910950715,0.0007950607889983807,-0.00022508627101863754,0.0012318377991196172
2013-05-14,0.002271642490949074,0.00033232270942486013,0.005611573260319638,-9.125703815064407e-06,-0.00010505556125477985,-0.00012678675761308304,0.010334497479871363,0.004636995382925834,0.005195405833924527
2013-05-15,0.00020426512363202294,0.00015773195205788325,0.005838820608014961,0.001962470305063317,-5.1237727596498667e-05,-0.00019651715346715966,0.005385857221280155,0.004298816614318303,0.0020405568644568106
2013-05-16,-0.0020612629920943393,-6.370354266905764e-05,-0.0034372178255583988,0.0012968048415401357,0.00017016329656391595,9.538711492832933e-05,-0.004695431296287689,-0.0009767928072998409,-0.0010858032040678145
2013-05-17,0.0017240963183980328,-0.00018696212838920963,0.008031688976130654,-0.0007243830362408299,-0.0008516427661859568,-0.0010146943609564325,0.00967745190472602,0.0037196414074376427,0.00964842546023692
2013-05-20,0.0045507227694522425,0.0012609285175386965,0.00031621555013784794,-0.000273700903109589,0.001223048161656412,0.0014969891411425863,-6.007737690461035e-05,-0.0003295122975289244,-0.0014811795813270967
2013-05-21,-0.0005293390713767736,-8.16278512962614e-05,0.0029761740125945316,0.0012927679509112933,-0.00013883248489031147,-0.00024702502200417176,0.0014373485697796173,0.0019006500799317449,0.0010784226913915784
2013-05-22,-0.00938936757904683,-0.002944891182347674,-0.014699492069644517,-0.004595261073022009,-0.0024422466618913992,-0.00264388376934004,-0.007417553960003542,-0.007620375158364556,-0.008751741371099686
2013-05-23,-0.0019640086353708936,-0.00011046532247232312,-0.008931599740456016,5.20875709859022e-05,0.0002106295061291874,0.00025420735654719574,-0.0028923695738022337,-0.0013540733421463123,-0.002309535377730265
2013-05-24,-0.0026909936984941805,-0.0007718427101012892,-0.0013869925492409141,-8.608626452507581e-05,-0.000599975203970909,-0.0006636206174524861,-0.0008466875450581224,-0.00036645196424727594,-0.0005440638974626433
2013-05-28,0.0008244688215750947,-0.001000941965653768,0.0005149564173010678,-0.004074545502602095,-0.0015878638350042636,-0.001655847326058872,0.005989024915796115,-0.0009790974080778397,0.006538356318134264
2013-05-29,-0.004842349250356963,-0.0008321634809459831,-0.011484583432105271,0.0005852914257735257,-0.0002885693453533424,-0.0003373869352738267,-0.006494302451446665,-0.0023812062881267398,-0.004736764601929955
2013-05-30,0.003392505477403676,0.0010246734099035825,-0.0006664841001432667,0.0007580996128063955,0.0006976801073096399,0.0007400087808490437,0.0036921941970420313,0.002284873106641226,0.005303517279126702
2013-05-31,-0.012897585760917037,-0.0033067794064363908,-0.011852893723969676,-0.0034659475615011507,-0.0022796338371546894,-0.002507530763012907,-0.014351917969877004,-0.009821817664314201,-0.00919825047685452
2013-06-03,0.007451589671622225,0.0020820651803242812,0.004015125193800192,0.0015828716157486257,0.0016203271433154532,0.0018027446846395308,0.005506810273685048,0.003910212254772161,0.0017746055527378957
2013-06-04,-0.006297809610393312,-0.001641096640488129,-0.008423350427260261,-0.0018181669880610355,-0.0012668112741379867,-0.0014250865212444219,-0.004807369752320323,-0.003927669473628163,-0.00517818194316455
2013-06-05,-0.008361168271921404,-0.0015562181782166828,-0.011420552963676575,-0.0002605887827335947,-0.0004444229974382854,-0.0004524337647182437,-0.014000873706294437,-0.0065963194397622715,-0.013013596380087922
2013-06-06,0.006379439739833727,0.0014947836795449307,0.00998642605429106,0.0018605624587260062,0.0010626160429268558,0.0012180677375929361,0.009052808365892728,0.005945859665622038,0.0048576118728378415
2013-06-07,0.0007401706562430999,-0.0003592442784543515,0.008033699618556822,-0.0016413254508138575,-0.0011004048623508567,-0.0013034001535808803,0.012720515848764657,0.004520046137704625,0.013673869020698115
2013-06-10,-0.0022595456182103323,-0.0008624842744346022,-0.0032575082084709966,-0.0013927616123532,-0.000722773386381674,-0.0007297091045030291,0.0,-0.0009796734051004466,0.0004093682876109561
2013-06-11,-0.008735010944195374,-0.001990767271598249,-0.011947116006525763,-0.0011126944836051056,-0.0011463203909125538,-0.0012618506716864117,-0.01031587381803456,-0.005265479956146587,-0.009942905699182658
2013-06-12,-0.00454273609654442,-0.0014114571025149918,-0.011700598367969838,-0.0042982034207825585,-0.0009810344141385854,-0.0009906908881436298,-0.008276828618761,-0.006767559941815797,-0.011556511740954067
2013-06-13,0.011455193993600931,0.003390155307382961,0.01840774082885859,0.007592830633929595,0.0024424595111187347,0.00253565961805765,0.015208551625564226,0.012162680158698664,0.012665710923564832
2013-06-14,-0.0037611704515473684,-0.00023589596851984388,-0.002449181245980879,-0.0005720808743101085,0.00047121867854272995,0.0005486939612382911,-0.0062721627452755335,-0.003256038176318901,-0.006597117925459028
2013-06-17,0.0044872147279799825,0.0008650446928410528,0.006568271343946165,0.0005147202329835281,0.00020206030578519122,0.0001642538668913051,0.0077217268595568544,0.0036987736679665885,0.00968454556171161
2013-06-18,0.0027176275611161477,0.000567959025945279,0.006925257490337349,0.001524268025308377,6.067414707935346e-05,-1.7131352088215228e-05,0.0079055886754551,0.004547731665564759,0.008220867949367827
2013-06-19,-0.016971202582527455,-0.0055072513845190645,-0.019417290696616928,-0.0107164615110045,-0.004421842690735111,-0.004651202119313282,-0.013816947715479477,-0.013774560606722629,-0.011143680548133084
2013-06-20,-0.028302121501812424,-0.007039840443345763,-0.03094230789350613,-0.008151981899581478,-0.005077535792667721,-0.005697543969093632,-0.02477829976279544,-0.01680082689463659,-0.023777144238983472
2013-06-21,0.001125344955645589,-0.0008046258712382629,0.003727345481268256,-0.005042775978484742,-0.0008575751446671096,-0.0006609309094966905,0.003210081699304146,-0.0022891465956636336,-0.005310093430006213
2013-06-24,-0.009804493275931081,-0.0026860446296146138,-0.008375158547986249,-0.004303364385469793,-0.0017578227160842982,-0.0018155711659710652,-0.012636089811255857,-0.008605258025716312,-0.009938944365536662
2013-06-25,0.007824752857702452,0.001569799839059985,0.011483328586490926,0.001541488452550754,0.0007642725362165593,0.0008229016753194907,0.009614187591493017,0.005316589270242394,0.007313681697682872
2013-06-26,0.002930499693400325,0.001022917934446834,0.011586102090672231,0.004502360118671639,0.00034748748566941777,0.00010312479777208808,0.009901331934673685,0.007579797626385643,0.008968994599049873
2013-06-27,0.005265092052885961,0.0017769005755334235,0.010830560598283249,0.004321114863532056,0.0013155208209459875,0.0012803247620630253,0.005869427221615764,0.005680001739517199,0.004233249576797826
2013-06-28,0.001018692754201427,0.0002198230497803209,-0.0027482809970354,-0.00158914057201619,0.0003469558170443223,0.0005015796688746614,-0.004097201177456822,-0.002943466507099889,0.0014052741400438773
2013-07-01,0.005772669236593309,0.0017002705974139478,0.002783782354246378,0.0016592758993740292,0.0012329482145506663,0.0013182153482587014,0.005860016697379233,0.0036971611934941986,0.006173814251423826
2013-07-02,-0.003222008812552017,-0.0005304820814769043,0.00604659420837573,1.782213290704304e-05,-5.626319352330985e-05,-4.402860925799431e-06,-0.0009295442573244994,-0.0004103135337899206,0.0004182297970785065
2013-07-03,-0.0008046949742482717,-0.0002976471516006672,-0.0009380423516794092,-0.0009507242917243467,-0.00029570279589380817,-0.00029553330121344823,0.00043355195127370294,-0.0005058664225744379,0.004042381845309473
2013-07-05,-0.002584474256406226,-0.002234319703030855,0.0033364166186285685,-0.006562389072189029,-0.002818014312876612,-0.002991284365181821,0.0107891566728191,-6.92591921239152e-05,0.007635841748521166
2013-07-08,0.0051103657689581345,0.0019780677557470336,0.001943100404656321,0.004559303271738327,0.0017263123954310926,0.0017937445151688402,0.005704887839405703,0.005768660784275986,0.0009646400838088098
2013-07-09,0.006467210093416886,0.0015922279443720821,0.009539054016177495,0.0010986883507242418,0.0011449368125213688,0.0012976309191627955,0.007197060441136216,0.004964138045594035,0.00605618889052173
2013-07-10,0.0006552677268966151,-1.5276924704214385e-05,0.002535985226366433,-0.0009237572855421696,-0.0001272639999956781,-0.00010129858521420855,0.0003635369756496143,-0.0011985714506841463,0.005746525356761012
2013-07-11,0.02184300235668909,0.006251088463162483,0.020348073781905313,0.006066980380264627,0.004595017565227883,0.004897088209878702,0.013620696086024564,0.012183613082825069,0.019861577302374922
2013-07-12,-0.003353249047570109,-0.0011431209971690284,-0.0006316438711492579,-0.0003816033232502872,-0.0009473884486812787,-0.0009819541581980332,0.00041753463173499483,-6.0132749192367445e-05,0.004401269126254936
2013-07-15,0.0038486077775426726,0.00139295173792892,0.0033508813070695755,0.001861088016778777,0.001076666225015245,0.0010881016205342704,0.00382058400843599,0.003551794444308678,0.0022575423334307843
2013-07-16,0.0007616688375696537,0.0002607647647203095,-0.0009933518605852543,-0.0003884057039187131,0.00032498871500219565,0.0003754269779284572,-0.0037461443255930593,-0.0020667890884895506,-0.0013245313354807164
2013-07-17,0.0017160641849980468,0.0008362076002719782,0.0029774017103825256,0.0020124057633676873,0.0005658830700766538,0.00046994394356286734,0.0025667542861984582,0.003296162515198056,0.00252072487067867
2013-07-18,0.0024013838185669486,0.000248914811164994,0.003486724647705561,-0.000757677283464596,7.517189840085058e-05,0.00018205816874609774,0.005477798781048149,0.0014379615325379905,-0.0025143867933542507
2013-07-19,0.0007569447102532921,0.0007948310162623957,-0.004052094737688737,0.0019847292145472933,0.0010234321021953148,0.0010822669439799594,0.0017762986522269486,0.0032408045897937094,-0.010349306564004568
2013-07-22,0.006400364991301534,0.0016350330254541966,0.002787837273244649,0.00033713051703837256,0.0013766799344348607,0.001630206211245125,0.001951084090337396,0.0011395173217705636,0.0029490530531204318
2013-07-23,0.0013684117305388683,9.831663350875693e-05,-0.0037810304306500784,-0.0009252020333593729,4.972795560811489e-05,9.969122344008573e-05,-0.0021239730416469094,-0.0017456277749575914,-0.0073515219637362295
2013-07-24,-0.005738116110023853,-0.0021972636664105124,-0.0073565616490358495,-0.002839303457268775,-0.0022469063930133067,-0.0025115038686412145,-0.0036660214532066027,-0.004877219368444888,0.003231861099514566
2013-07-25,0.004512179332809001,0.001583684088079177,0.0036240828273462478,0.0012837522857394679,0.001270718043782665,0.0013378314993599421,0.002433235717899107,0.0020533564379753215,0.0063091666071917185
2013-07-26,0.0003524388990649783,0.00026602303368645103,0.0026842587507623704,0.0006247576232456234,0.00025024351511360697,0.0002597115252929346,0.001065400697371599,0.0009924278280430728,0.005335383210531397
2013-07-29,-0.004377248073407418,-0.0012241837762451593,-0.004331454774407063,-0.0012183389166374042,-0.0008780355175708817,-0.0009336300227845913,-0.003074924610203089,-0.0026720427030023845,-0.001857862581277292
2013-07-30,-0.0011708292828514527,-0.0001857873000368603,0.0009541963233285211,9.41781386975611e-05,-0.00015007404333829022,-0.00019304637008954456,0.0,-0.00011633734288797638,0.0053169461244426675
2013-07-31,-0.001038223722241468,-0.0002446221792931909,-0.005584267944047925,0.0003674642752713321,-0.00038372243252725313,-0.0005112311490637799,0.0007120390839645552,0.0007018921810607147,0.0018513641527160285
2013-08-01,0.004414078693121168,0.0002448664672092105,0.004924809344595686,-0.0009441813180633345,-0.0008177895153988518,-0.0009468505141596266,0.011558303542929638,0.003501437556574342,0.010162172826663207
2013-08-02,0.0021088429835912376,0.0014481953908253428,0.0007255850347047538,0.00340465606104062,0.0012784658611305112,0.0012019008435476158,0.0016994324941685957,0.004361650093034826,0.005618226900551582
2013-08-05,-0.0024920873401801415,-0.0008453597156290051,-0.00031037233364922576,-0.0012503443597781567,-0.0007077045240766282,-0.0007446445200231835,-0.0014625540632824396,-0.002121195171859372,0.0006495246309539127
2013-08-06,-0.005709225683789772,-0.0014956373167211775,-0.004955762423198965,-0.0009910805596491786,-0.0010386348038709456,-0.0011580978482478544,-0.005682668364359933,-0.0033416720463136417,-0.005972607984783274
2013-08-07,-0.0011846819330652014,3.533558267210246e-05,-0.002948804694233309,0.0005065020393102415,0.0002916023562700154,0.0002837590337547713,-0.003240253362615575,-0.0005005229186882953,-0.0018286529041943167
2013-08-08,0.008333599762773534,0.0020066111529560924,0.0035432769930220306,0.0010106306331632024,0.0013807543932881305,0.0015294232304495685,0.003664590880748886,0.002784361776748622,0.0049728494998919626
2013-08-09,0.0011270126292165154,8.632055326086946e-05,-0.0010200250519216542,-0.0004416178270864283,0.00011316979394306593,0.0001761458444111621,-0.002885154083652419,-0.0014530206483391534,-0.004036939623300095
2013-08-12,0.0009668471931746041,0.00019682221142666766,-0.0009630652342175125,-0.0005670611613085095,0.00021706027459890092,0.0003108550077577606,-0.0011819847541880701,-0.0014941462212474787,0.002353340671074733
2013-08-13,-0.0006920498990175566,-0.001025693906298856,0.0006789309203085602,-0.0021446209798990767,-0.0015898341633195077,-0.0017672157698078571,0.002956823140398246,-0.0018581063443129078,0.005608922607170719
2013-08-14,0.0007226191072825983,0.00017099994637693634,-0.004326831915505714,-0.0004967190119087796,0.0002510338309140163,0.0003037081831854404,-0.005129522437850809,-0.002727677071723103,-0.003761573213412417
2013-08-15,-0.006339920762422072,-0.0021032880724834438,-0.016022752364451595,-0.003955565911223297,-0.0012560068905300907,-0.0011751957872850852,-0.01398597445901828,-0.010604222950063982,-0.016925030968109156
2013-08-16,-0.0030365052427481923,-0.0008396421922890662,-0.0063171786393755,-0.0013538095038710658,-0.0007781757389401678,-0.0008799394981318511,-0.0033058385644630928,-0.003536873570037679,-0.0003972950640249717
2013-08-19,-0.007301038331141341,-0.002049089348977343,-0.005816837746908573,-0.0020659374077247553,-0.0015271296620227928,-0.0016223822913250209,-0.006391926665447301,-0.0055478389654818145,-0.0017219211067107665
2013-08-20,0.004451396672299961,0.0015835925043387843,0.008104036972101892,0.00230167825204335,0.0015118578650804991,0.0016709958970183604,0.004915751718938655,0.005117187231382181,0.004379523865992718
2013-08-21,-0.006783537689913764,-0.002278645865313238,-0.004306480447481735,-0.002846877899666153,-0.0016869238454343045,-0.0016905653884681687,-0.006159763065476387,-0.006209933201951245,-0.0034357500267111485
2013-08-22,0.0071992307885377724,0.0013923808208031498,0.00879432553053905,0.001091601322355104,0.0006310095827701874,0.0006977778433052238,0.009114919014561185,0.005280854308669668,0.009812013550727805
2013-08-23,0.007323737447840533,0.0020634089859835614,0.006094706012837826,0.0021423079529779357,0.001681340607844866,0.0018588117652213667,0.0033722870762040724,0.004274120931388005,0.006695923973381701
2013-08-26,-0.002168249652605892,-8.040056296406767e-05,-0.0018334535009106342,0.0003431099058940994,0.0002729086279806712,0.00029101038166813944,-0.0037207811350672415,-0.0014272660999090935,0.0005216752233294653
2013-08-27,-0.009996021043906001,-0.0016444574039335418,-0.015682701203563427,-0.0008351028118779078,-7.981015374270369e-05,1.971601806739506e-06,-0.01608427729689821,-0.0073235005128856594,-0.02046670958361041
2013-08-28,-0.000134463152951626,-0.0006074747932421681,0.0017686543200604824,-0.0008925643593181575,-0.0008605895997085529,-0.0008970609654017818,0.003550816513778532,0.00044597475145422157,0.0038593554214041426
2013-08-29,0.001385077477489959,0.0005656400892896299,0.003787270532775923,0.0008609250173214846,0.0003018134379271268,0.0002474100924938312,0.001586470497665582,0.0013463888105280254,0.007026813323323555
2013-08-30,-0.004828076228167028,-0.0011768668634432764,-0.005537760579189655,-0.0010462447249490262,-0.0008864678804848742,-0.0010083920239032447,-0.00316756660912354,-0.0026487017682193118,-0.006451118739586925
2013-09-03,0.005114086788268244,0.0006220447395247597,0.002430706541902284,-0.0010135236443550685,-5.735716415947983e-05,-1.0463380526479628e-05,0.0045216067550759576,0.00038064369048871173,0.005697881931576054
2013-09-04,0.003869277098101931,4.416714109187653e-05,0.009316208410052677,-8.761187709810142e-05,-0.0007370705461434416,-0.0007969970752398205,0.008273205024796892,0.0035975164239805692,0.010671735283042105
2013-09-05,-0.0019671505534845273,-0.0016301043077548063,-0.0008295912680813425,-0.0023740463919203415,-0.002107303188192596,-0.0023184741161910404,0.0012672172250394187,-0.002307095972015484,0.0016946435092330958
2013-09-06,0.007115573638896144,0.002619030044838544,0.0032758276525053365,0.002009828624714327,0.002451471572270769,0.0026419036336065016,0.00048171699523069655,0.002720517961839919,0.0011714765036499042
2013-09-09,0.009626287822994618,0.002529228667518979,0.012303232722957112,0.0023883905862711564,0.0016500578317184401,0.001748480140390557,0.009576049593764902,0.00654186285316761,0.011699180583708113
2013-09-10,0.0026784301585387315,1.99349486217521e-05,0.00503601770986902,-0.00031798880190652995,-0.0007235959220216865,-0.000862802234380033,0.007397293913872227,0.002593077543223799,0.004882430540034566
2013-09-11,0.003313901401275278,0.0013329940866198416,0.0020182408234618527,0.0015214944110539769,0.001202016374142835,0.0012392146963938235,0.0031383723659665907,0.003897916207380978,-0.0019181140579559441
2013-09-12,-0.006501631290434503,-0.0015999495036010788,-0.00248898484020033,-0.00022932678274307266,-0.0013902069124884224,-0.001657355572127049,-0.0026562810196452125,-0.0015613172076498053,-0.0006407814465209105
2013-09-13,0.0028500035018908646,0.0007120982312019957,0.001822127022087501,0.0005321908148901953,0.0004501786096300394,0.0004693137475445206,0.0022494397570609337,0.0018745361003455882,0.0006411923106572903
2013-09-16,0.0035782921334516706,0.0013725700480367847,0.0031388355830929125,0.0011170736726129388,0.0010329298451345775,0.001003563618454482,0.005787223879790027,0.004365083032371727,-0.002690542168130694
2013-09-17,0.001142058871120415,0.0006704288729374284,0.004162686408348997,0.0016355399655949999,0.0005601108685646249,0.0005479480956143501,0.0044623941286043856,0.003486752351472433,0.006679639792816827
2013-09-18,0.022597157105928238,0.0069180082622644565,0.015798526337343813,0.0056884486000631715,0.005683992637042482,0.006166638553723111,0.011574476739985018,0.011901472139494499,0.011994359497192741
2013-09-19,-0.002305200974672695,-0.000941932634255532,-1.5797513743153092e-05,-0.0009332391430285806,-0.0008113274832405892,-0.0008185277204014476,-0.0016760716276181808,-0.002381813894877453,0.002396035687041609
2013-09-20,-0.010207884898894761,-0.002398527825169524,-0.007308471359940886,-0.0005329912964931352,-0.001789186572635689,-0.0021059189851753137,-0.006991694347207256,-0.003831413057476041,-0.0034323089612260382
2013-09-23,-0.0014951417791187272,-3.6567267920830314e-05,-0.0038325239006887554,0.0005082624345658373,0.00010494196685900974,2.8099539139797212e-05,-0.004627454137432818,-0.0012896012513680202,-0.0020250319637503678
2013-09-24,-0.0017902860862047637,-0.00015623614831342315,-0.0023457248252308745,0.0007712431091219975,5.2409133179370126e-05,3.4041037410120114e-06,-0.0023539752265109293,4.626836893975757e-05,0.0
2013-09-25,0.0007748775289415363,0.0005698346854685465,-0.0018686275482362883,0.0003389518358704839,0.000782923644854815,0.0008681704447297358,-0.002889953344648699,-0.0006262005773596726,-0.0034255518798478324
2013-09-26,0.001502444274219735,-4.909091376932497e-05,0.00574553321944837,0.00020652327614012565,-0.00038966336771587234,-0.0004029512617062728,0.003845236016366549,0.001429014561081388,0.007765245079296879
2013-09-27,-0.0020250779589333833,3.5638638205316204e-05,-0.003222851816639746,0.00022814973847032436,0.0004610695196804011,0.0005006102462551325,-0.004596697671536032,-0.0022009672384767217,-0.001263127719872137
2013-09-30,-0.005140017304473637,-0.0009656791837795072,-0.005063518903460549,-7.057324414795325e-05,-0.0005295908553621049,-0.0006424879683617706,-0.005328651498504811,-0.0025119642468180285,-0.002403288521212854
2013-10-01,0.004011691191199622,0.0005314612121506972,0.009675191763147439,0.000832739606285876,-0.0002606695381902229,-0.00037690524526636426,0.007916482214269438,0.003815957119051382,0.010142498480369744
2013-10-02,0.0032903740483126074,0.0009806264540010226,-0.00017236613893640705,0.0003667163191879312,0.0009528265100417814,0.0010980129251408443,-0.0009446687757207473,0.00010620898378217996,-0.000376438439614879
2013-10-03,-0.006132202544619806,-0.001470601965619483,-0.011569431673540142,-0.0014438613153301087,-0.0008729533352575684,-0.0009757582019067162,-0.009221221342525232,-0.00495663408094695,-0.01167643149116293
2013-10-04,0.0022556878301588043,0.00016131118834607428,0.006062515896832934,0.00048240905593964717,-0.000371155338856968,-0.0004293744939576948,0.0075768017115329656,0.0033964097419575765,0.008638348583468236
2013-10-07,-0.002143372255979714,-0.0004919143644145363,-0.005938295293564599,-0.0011462615009097954,7.145636016092638e-05,0.00017843768032066443,-0.008644601558163822,-0.00483805698218287,-0.008312451506077956
2013-10-08,-0.008497220344688187,-0.002714993959098483,-0.01454628416327491,-0.002901466135887335,-0.0018277838154938672,-0.0018773157405928946,-0.011646635612902134,-0.007158889933877498,-0.019303876563253497
2013-10-09,-0.0010603105295899165,-0.00016323838383410936,-0.0009131205225394188,-0.00033978499423111436,-0.0001792997588856875,-0.00025328486006131903,0.0007251140812887247,-0.00028454215572561045,-0.003107993820201549
2013-10-10,0.012825063002867806,0.002887809171456513,0.022206424589546758,0.002651011341527179,0.0013156069899686817,0.0013389504717252467,0.021557687964904204,0.011964270072271488,0.021174418779893456
2013-10-11,0.003256997140863034,0.0008679737091164183,0.007734480065971483,0.0014027304398249642,0.00038358113695641764,0.0003416707319690778,0.006443377923006199,0.0044639461720672475,0.007886986020620546
2013-10-14,0.0027439199613729175,0.000248676850644397,0.004515680740767033,-0.00016287702188278624,-0.00018711190260367114,-0.00017386624022163865,0.003993622067708147,0.0010748249896654193,0.007067901468784887
2013-10-15,-0.002488053816291092,-0.0003297321323946423,-0.005190619943056278,-0.0005943781789614673,0.0001030788420714417,0.00013609374275039239,-0.0072535194844567386,-0.0043042484577679755,-0.003885174092032817
2013-10-16,0.007707567063426424,0.00239806159988294,0.013896511921613685,0.003237712710673046,0.0017683438613844901,0.001856952118634925,0.013965798961089071,0.010337531542687475,0.01132327724257376
2013-10-17,0.011173808931548374,0.00326280271328145,0.00802469633891289,0.0024629798055540056,0.0027280557793687953,0.003022420729126142,0.006683508375236347,0.0062949306976767885,0.005723091419650661
2013-10-18,0.00321138896992388,0.0008410617745920437,0.00889342267724095,0.001730845260077008,0.0002686627713591918,0.0002131060404157758,0.006754094774751973,0.004123870375204775,0.016204841685521387
2013-10-21,3.243489880514719e-05,-2.0362547178750422e-05,-0.0003312587660058709,8.28344580852841e-06,-0.0001358610545938077,-0.0001731521725927735,5.7257222301876354e-05,-0.00023452228637744859,0.002191339457016328
2013-10-22,0.008328432761839887,0.0029353870945628396,0.004755653456213241,0.0026686847418174353,0.0025440755059196467,0.0027084628749427606,0.005791465026112608,0.006244932464553507,0.0014573900857977051
2013-10-23,-0.0055288132403086745,-0.0014346016205966754,-0.003942280872017365,-0.000652508488796543,-0.0007653314137685398,-0.0007667608489714828,-0.004788564758444691,-0.00221473250212847,-0.006064289230566344
2013-10-24,0.002954692130258831,0.0005658302636774761,0.003007859290290988,4.96991394630552e-05,0.0002583692114702169,0.0003189641894788805,0.00332216954167186,0.0012040637298943026,0.00439254796198818
2013-10-25,0.0036644024970452953,0.0012254210434365215,0.007172452789468107,0.001439398556379841,0.0010456584394500869,0.001152001920940616,0.004567529926896574,0.0034569577440624515,0.007168660859212528
2013-10-28,-0.0005730364408935104,5.176432290344992e-07,-0.0007467771158364186,7.22708298740371e-05,-5.742421527218212e-05,-0.00010616506636014269,0.0015913614642164564,0.0005841667442923208,0.00024076853889654082
2013-10-29,0.000625996080964606,0.000202762666277631,0.0016081083286587923,0.0008714667985217638,-6.651138735134131e-05,-0.00016101618850153696,0.005333739500102519,0.0037725731142712027,0.0016883442359465484
2013-10-30,-0.003669119842434873,-0.0010156423444389832,-0.004070559719714203,-0.0010776015686070608,-0.0007575510600052606,-0.0008147487293390086,-0.004966753129922341,-0.0040463335339156505,-0.0009631565843635226
2013-10-31,-0.004928758253243607,-0.0011795864786462512,-0.003234912521010386,-0.0005928212545873384,-0.0008986463373874186,-0.0010347017404729686,-0.0028364207581075274,-0.0021813589264120183,-0.0022893322911784475
2013-11-01,-0.0016461681292801926,-0.0008888274980383572,0.0020974900977841866,-0.0012756041554090277,-0.000866199707177902,-0.0008612593017501059,0.002389431170246814,-0.0007272936833579882,0.0002414976166302818
2013-11-04,0.0032732024965378835,0.0010178409900099474,0.0023602002665085117,0.0009861966517346282,0.0006695876439502501,0.000659045581562484,0.0035184524841933573,0.0029094587628944787,0.0014491471649800136
2013-11-05,-0.006746838463898452,-0.0017032919056529927,-0.004110931506759341,-0.002493925672493069,-0.0012925254325973912,-0.0013993292915354116,-0.0031667767024685656,-0.003719009416330854,0.00108475153645049
2013-11-06,0.0031603300139789146,0.001029941823565086,0.0016589310692204132,0.002037027080331958,0.0007837170250445228,0.0007964665390040429,0.005105511719103006,0.0042824318774175125,-0.00024062468984764607
2013-11-07,-0.010965201482462111,-0.0022862257314023213,-0.015070112779814872,-0.0016857229328663278,-0.0011103119299129961,-0.0012246164370882532,-0.012643121617467501,-0.0065402322120965434,-0.018794974947175302
2013-11-08,-8.419554387616005e-05,-0.0010304279444529052,0.008172890247934692,-0.001536020824666666,-0.0018625146125193295,-0.00205778341861663,0.013491393436396493,0.0035289371982460986,0.013506705521169282
2013-11-11,-0.0007256355052380531,-6.141024493792514e-05,-0.00036155349084744925,-7.423823647528157e-05,1.930592376978168e-05,2.6953830870243363e-06,0.00016928311331887436,-9.392413426118182e-05,-0.0015750535807538268
2013-11-12,-0.0036261907451854867,-0.0010461232589548618,-0.0010596194889725707,-0.000725717730509537,-0.000896695233698278,-0.000998711404782454,-0.0020305182601583205,-0.001577958280364072,0.0015775382880831579
2013-11-13,0.004409575593999319,0.001329957111353818,0.009372875081312654,0.003150540064286186,0.000953166552384913,0.00100199707958026,0.008024781811796222,0.0064886706840580465,0.012115765207033613
2013-11-14,0.005961365095148763,0.0020686904126192385,0.004624576499783867,0.0028856248929595425,0.001753189930057618,0.0018576784674396935,0.004988823328780256,0.00492563500799581,0.0031118912379870522
2013-11-15,0.004444743076496711,0.0009408222593878228,0.0032445288000233496,0.0005467296194185944,0.00043870001060262483,0.0004526116052938105,0.00435116211004094,0.002316736077485215,0.001909100270307551
2013-11-18,-0.0016756963588195153,-3.120790986944218e-05,-0.006545791968128113,0.0005458453241012856,7.874740416508417e-05,-5.017693307261448e-05,-0.0034991868547223914,-0.0007220293533693992,-0.00976645375284435
2013-11-19,-0.0028932405117477935,-0.001102243470975382,-0.0033906430012745972,-0.0019002070856159424,-0.0009480040881647829,-0.0009772361881036098,-0.002173391851907236,-0.002785434586299664,-0.00288628170280536
2013-11-20,-0.008426580529688138,-0.0021309691905421362,-0.004575538559277739,-0.0024506477871551772,-0.0017659091497794993,-0.0019901529953575453,-0.003128179658582919,-0.004066879067415898,-0.0024128950603632404
2013-11-21,0.005078143105792352,0.0016029656870418239,0.008847388997852142,0.002208856632284063,0.0010701861749744781,0.001087807262741533,0.008068889124783984,0.005228108505426756,0.010157626606309478
2013-11-22,0.0028150469749120624,0.0006112092594162943,0.0034574134448225593,0.0019002346420417431,0.00022791632500191678,0.00018997070623308362,0.005002320256120907,0.004158447028302778,0.0053861800361720835
2013-11-25,-0.001746797480287851,-0.0003024306105204615,-0.000331576898460938,0.00015766041301748705,-8.981580868363218e-05,-8.41260029017167e-05,-0.0009954003286783975,-0.00029428881692392984,0.0023813804061363353
2013-11-26,0.000241619939454476,0.0002286793862256757,0.0015687404169171788,0.000985844711595572,0.00011412203716641661,4.778079793431147e-05,0.00027650118282807057,0.0010193500019367316,0.005226107584368922
2013-11-27,0.003263052595545262,0.0006327858730134873,0.005421610212957458,-0.00015361627371922,0.00024777423074815016,0.00027374315719801254,0.0024353955642391067,0.0005857317090961717,0.006971641241000803
2013-11-29,0.0027114720116056786,0.0006781475593536788,0.0004314179222961699,-0.00010170546454888897,0.0003516757469463109,0.0003534140392027434,-0.0006626041895827495,-0.0006340546984397304,0.005984232438868364
2013-12-02,-0.008795519378960826,-0.0026768939363586465,-0.003323748487232034,-0.0022842615331313443,-0.0022250204307154606,-0.002414910752613367,-0.002596693235603076,-0.0032640944943589587,-0.002916037941979144
2013-12-03,-0.002604062941546253,-0.0002728812444074085,-0.002456279734599203,-7.183293021597128e-05,0.00010884766012569437,0.00012357204941729492,-0.004320267169712899,-0.0019239928134824897,-0.000818791325309598
2013-12-04,-1.6187084413530496e-06,-0.00029620772713962547,0.0010243528159761903,-0.001656335045855219,-0.00011780659480471068,3.369516297092524e-05,-0.0001116277222854567,-0.0018582967544852015,0.0009363583670718434
2013-12-05,-0.003773049212160595,-0.0009228586599567823,-0.0015949746266150644,-0.0012711824564296537,-0.0006577626005862536,-0.0007247119444512284,-0.004395370174875901,-0.0036428389135737538,-0.001286436911497435
2013-12-06,0.008500025146020097,0.0016944125513101392,0.008806771107950888,0.0010411564897988834,0.0007684328174248113,0.000809730409054681,0.011176917522905505,0.0070593148961991085,0.007261608640614092
2013-12-09,0.0030670126758072513,0.0008134173790296188,0.0036166354055831977,0.0005602431243302971,0.0006720719055460474,0.0007695184365605973,0.002542579418755908,0.0020051805041673477,0.00406989161496174
2013-12-10,0.001133476417136126,0.0007580106535485989,-0.0022246066533817823,0.0006874887207500598,0.0009792153586635078,0.0010829820325677275,-0.0035835474943527457,-0.0005010959838695492,-0.0006950161740570948
2013-12-11,-0.010922493963512081,-0.003026399629615795,-0.014249073242701377,-0.002290298648566133,-0.0022169444945837917,-0.0023986885215958906,-0.011230931613743445,-0.00828351978160817,-0.012863552349124063
2013-12-12,-0.006619167724660773,-0.0019352666520582801,-0.0034661477137284914,-0.0011155189020256272,-0.001634549418245828,-0.0018087014433963238,-0.003301428306948906,-0.0031307251645208965,-0.0025826345118827865
2013-12-13,0.0011553092706277118,0.0005172102712013022,-6.902181506323074e-05,0.0003796917705228418,0.0006193094846558506,0.0006990987543224631,-0.00011200355171681053,0.0005319045241451646,-0.0012944615445645846
2013-12-16,0.005753859756701876,0.001248111729951162,0.005393915456970991,0.000593048869742343,0.0006203172418204616,0.0006449743436980259,0.0062322943156361,0.0035283476276685723,0.005538957236084441
2013-12-17,-0.0028555616487588122,-0.00029810476179639885,-0.001148659299782244,0.000415109274541709,6.441476378196433e-05,3.62911901649811e-05,-0.003180258985886586,-0.0006347987070591775,-0.0019926046536787867
2013-12-18,0.00973230446894814,0.0020302983548240424,0.015022249919252419,0.0010707332601955471,0.0008355341652390472,0.0008644215458277838,0.017072413965315114,0.008701670679193325,0.011626645333713048
2013-12-19,-0.006739413933778615,-0.0022265127524929134,-0.004337742486705552,-0.0013549495107971973,-0.002116464437021348,-0.0023612700355270183,-0.0011560121144637003,-0.002354853139548791,-0.002786350529640602
2013-12-20,0.0044779491233288594,0.0010075831266804106,0.00762701472021774,0.0011271908710529701,0.0006932724590275941,0.000793697363840658,0.005816664459699972,0.004739258187089526,0.010183912370028247
2013-12-23,0.004500868945199602,0.0007804079124329595,0.006751510446475109,0.00015666782600480956,0.00010145005924274302,7.962711876439063e-05,0.00534262594183077,0.001970277224615562,0.010520201576122323
2013-12-24,0.002993251525553268,0.00021319658159107727,0.0012383940413988272,-0.0007507172326363399,-0.00017653351584115697,-0.00014006701713531713,0.0021912319483770037,-0.00020268892559952644,0.00045708058679383434
2013-12-26,0.0014696205110913197,0.00027000347873636077,0.0035231678957587504,0.00030100454874158435,0.00013281607845018288,0.00017501015242226016,0.005084011908589314,0.0027526675105086205,0.0033166399297424043
2013-12-27,0.0030329549532388945,0.0009318729023470476,-0.0006040879011214169,0.00013106273116137527,0.0006979111466611108,0.0007237274119582004,-5.4220228396517633e-05,-0.00026848329299559146,-0.002507615014133213
2013-12-30,-0.00011996105305579766,0.00018688364787094948,-0.0006002963795617398,0.0005794628920838402,7.385018733039419e-05,-3.69880550369546e-05,-0.00016297759135142087,0.0009608867571848954,-0.0014851643673207127
2013-12-31,0.0025919457930864915,0.00023186971712353265,0.003450780935150058,-0.0003460496483826937,-0.00021936447903459074,-0.00021631943446658323,0.004732769731309094,0.001116704683551749,0.006522689543508431
2014-01-02,-0.008313822029274947,-0.0011679038984991194,-0.006978915666589543,-3.742853509249412e-05,0.00020005907540751545,0.0003404304125593023,-0.009584006421573643,-0.004329132668385529,-0.007845102554663086
2014-01-03,0.0004211571538256054,-0.00016967743698762105,-0.0018660143898614923,-0.0006361858906429282,1.5154628782942801e-05,0.00014042639437494793,-0.00016432233808394425,-0.00033604795621673873,-0.007218720987617111
2014-01-06,-0.0006242016800010978,6.232867597273134e-05,-0.0016306453496736123,0.00021447462730460435,0.00034206613738298533,0.0003919134247951446,-0.0028972766012885787,-0.0006593376990074494,-0.003693625324921679
2014-01-07,0.003742945462100522,0.0008735771779517787,0.0067057915229467024,0.0010867886449059672,0.0004231157787442097,0.0003960997532350685,0.006141458332858729,0.004312737255233623,0.0092679057580205
2014-01-08,-0.002258409014706209,-0.0014199882857101188,0.0003810323630727974,-0.0015609304640648509,-0.0014923701046137133,-0.0015473246596201945,0.00021805041729017205,-0.0018237847462765607,0.0021811948851264695
2014-01-09,-0.00044435048129727676,0.00022298403750975563,-0.0012664575904574496,0.0006326973309336971,0.0003873957191540829,0.00040531437147024464,0.0006540086450128602,0.0014329171590965087,-0.003321859874131361
2014-01-10,0.008914474173959288,0.003018508881788704,0.004440297636894841,0.0027138227891253365,0.0026532790225904388,0.002807579318382172,0.002722483892312999,0.004990504443755275,0.0032179793208475527
2014-01-13,-0.006327462991414927,-0.0011315683132762334,-0.013347461272563903,-0.0008288569292513511,-0.00023337979941964837,-0.00021329312909231684,-0.013304566481408764,-0.006837973677183219,-0.01477670846203416
2014-01-14,0.0068640867280416245,0.0011554344956985771,0.014356874664845469,0.0005831315000177014,0.00015650785748937788,0.00011787696688321026,0.010897073656045864,0.0049821580351372425,0.019067331252788478
2014-01-15,0.0031711424738342727,0.00041812205560228747,0.006333429177436172,0.00029587962711352976,5.479816286413339e-05,8.469027822237586e-05,0.005390420516122596,0.0028764951322112573,0.008214941817490162
2014-01-16,-0.0001939121242268062,0.000294436500763239,-0.0002883405738835373,0.000638095976519337,0.00042663507000990675,0.0004431486384612343,-0.001299533067850911,0.00032902255831549084,0.00011271832369130763
2014-01-17,-0.0022504597685632393,-0.00032308811948816613,-0.004347312528903938,-4.658475421916944e-05,4.3245681242415476e-05,7.689762997085552e-05,-0.004229643624319546,-0.0015890124303087599,-0.0056570580031830575
2014-01-21,0.002479536283207211,0.0004068251972874326,0.0060539018851939646,0.00020022659632308885,3.7913413881571906e-05,1.9239028700801064e-05,0.0029406527299069563,0.0013247848966714488,0.007623630892774402
2014-01-22,0.0018013202139382676,-0.00011038847605385922,0.0022304206397863284,-0.0007518805560020981,-0.00041482025995427804,-0.00041525308219846795,0.0006515623657741276,-0.0007196498824695888,0.0025973577799807135
2014-01-23,-0.0016626430713260493,0.0007240868388048834,-0.005462476452225193,0.0012685312520550724,0.0014350130577378884,0.001565377944575743,-0.008193419571228211,-0.0022235100631859636,-0.003378961403659564
2014-01-24,-0.015330666248899755,-0.002836104445469647,-0.021611951167660872,-0.0013100004362169345,-0.0009895068087558967,-0.0009968950012073294,-0.02133557047742418,-0.01111127543731002,-0.019665222866737886
2014-01-27,-0.0057047613792496395,-0.0015543193223130209,-0.007359952761354951,-0.0014440306272117823,-0.0011941570969563773,-0.0013010313294616895,-0.0049194534616071595,-0.004154613206315193,-0.009683930001497698
2014-01-28,0.004788795895304061,0.0010416179882432985,0.0036095773570687293,0.0007490237828407524,0.0006567043109310958,0.0006959637683614188,0.005954569164790646,0.004122655885014693,-0.0005824506165014176
2014-01-29,-0.005480610421683159,-0.0003732806373682467,-0.010191498008807417,0.00035226856918445996,0.0005457852285785974,0.0006083577289109875,-0.009605178544937587,-0.003751907369990967,-0.010716080551478546
2014-01-30,0.004037951565371976,0.0007879974285566417,0.0129972092354004,0.0011677600837255802,9.530812511629499e-05,2.4030753381798704e-05,0.010600894428177465,0.00583145847965705,0.018485825549196644
2014-01-31,-0.0025656673531881287,5.759672009611523e-05,-0.004531932421767363,0.0005980241143530981,0.0005844639487623846,0.0006419200877871289,-0.005858941490750724,-0.001856659526019462,-0.002659205134903697
2014-02-03,-0.01270215982028102,-0.0022876169140924303,-0.022175745482580927,-0.001210220847570785,-0.0006718302527884362,-0.0006687188457491682,-0.022505243332704983,-0.011010659237077555,-0.02295113856457831
2014-02-04,0.006810569185997311,0.0013305444015246717,0.007927162861521352,0.00022006737409458724,0.0006288566956555849,0.0006691194236566674,0.007005002582159747,0.002812388357907674,0.0073553550329577
2014-02-05,-0.000558440621504237,-0.0006776124542835255,-0.0012871835197654866,-0.0012698180998640903,-0.0006935659946381621,-0.0006808211308459723,-0.0012544329829432543,-0.0022358769295385116,-0.002590695982487623
2014-02-06,0.010006597728136057,0.0020581352014479304,0.01156647253730636,0.0008307575040940041,0.0009581992239457993,0.0009674953743816772,0.013186958162401119,0.007136045232569943,0.012752192147461372
2014-02-07,0.008562433716897721,0.002225814806728501,0.013613487502161483,0.002060929545304707,0.0014513869663282792,0.0015191893061075456,0.012395973723395182,0.00853358610310057,0.017838573166101268
2014-02-10,0.0005721283078713074,9.772349016369799e-05,0.00490251195532928,0.0002712010821968274,0.0002040398483225967,0.00030869007375904464,0.0018366712820752085,0.0013058022428259263,0.005727330673839015
2014-02-11,0.00974966814455804,0.0016929402144291094,0.009730456500388056,8.626754221294442e-05,0.0006656337530049965,0.0007442454302939102,0.010943605681973612,0.0048988500018974325,0.011389622602416827
2014-02-12,0.0010257147004920713,-0.00022707479820278492,0.0010840027824348562,-0.0006564736413043814,-0.00042226081097370094,-0.00041247394531069713,0.0004947870465186188,-0.0006191194934069745,0.0019142524780857428
2014-02-13,0.004953865725940633,0.001773064142539275,0.005798552578203243,0.0018884852707448622,0.0014869604864373187,0.0015464093385879033,0.00516298483738753,0.004995280623286685,0.007418274310489359
2014-02-14,0.005189194814738147,0.0011054139791204357,0.0037824026787369497,0.0002431254931474427,0.0007362511043845867,0.0008392979484248864,0.005518698093592178,0.003102739517769096,0.002008036667365598
2014-02-18,0.0027367279072440524,0.001034185330261912,0.0034201331852893153,0.00099322998408731,0.0008512675448432579,0.0008830128378921987,0.0011958089742616362,0.0016843444179256287,0.004899919213509074
2014-02-19,-0.004890823725478891,-0.001450259577829003,-0.005528061356056266,-0.0012679518820752516,-0.0010576092442136898,-0.0011028927007717226,-0.0066225362374906505,-0.004812495898415078,-0.006870267992082568
2014-02-20,0.0038885295578756306,0.0009219825605043902,0.0038128059577462055,0.0004023442322304772,0.0005515543377143067,0.000597329732730485,0.0059015403095514785,0.003183868757423364,0.004685889796355758
2014-02-21,0.00121320112187801,0.00036322447871518315,-0.0005110004173817354,0.0001969662966962742,0.00031265137142095795,0.0003226712978088571,-0.0011410371562146082,-0.00020379691227880774,-0.001332541151758071
2014-02-24,0.004200580046872804,0.0009155096100423503,0.004847451297198382,0.00035015246981496054,0.0005822377494286812,0.0006639412505387757,0.005547118110585503,0.003012815644090375,0.0053372767479369365
2014-02-25,-0.0016531229343969148,-0.0002399049899767064,5.2307715396899515e-05,0.00046693706842870346,8.673942613786139e-05,0.0001269635096766517,-0.0003788157647396373,0.0010970985188478903,-0.0011058582945860929
2014-02-26,-0.0014405187881070688,0.0001913376640528404,0.00011643006020110592,0.000836055397523123,0.0003400659612030803,0.0002914312546360276,5.403490041699932e-05,0.0011711648797213313,-0.0008857408344378204
2014-02-27,0.004489086641991203,0.0009421520058798773,0.004168962194436261,0.000697422416216557,0.0003737967298705539,0.00034369367118017915,0.005247536948580045,0.0036650531164226477,0.006488031102882097
2014-02-28,0.00027935852756479974,2.189513383838625e-05,0.0023916258008680226,-0.00010389227451293237,3.5873897345644256e-05,6.598613221721956e-05,0.00252888829911857,0.0011719451654413112,-0.0011058476633263314
2014-03-03,-0.006069439635871039,-0.0004683256319905241,-0.005678543469982463,0.0006042438145274099,0.0006847067281925182,0.0008535061060614825,-0.007031485402051341,-0.0024028176797002082,-0.007416367542292912
2014-03-04,0.008495787007528403,0.0008112515588347849,0.013587764273562425,-0.0007011028030082102,-0.00040177345251843984,-0.0004125432627164296,0.014055281077552939,0.005592074046953935,0.012712968352719844
2014-03-05,0.0005857467489234036,0.0004530081978000075,0.0012154062242895791,0.0006291212517667445,0.00042729202886500773,0.0004238241101572427,0.0009063833342224381,0.0009723355889362981,0.0027531245278771266
2014-03-06,0.002994166557452549,-8.321048773518111e-05,-0.0011077527683896033,-0.0011350816134832005,-0.0004944928377667609,-0.00048153837676514024,0.002290203382007139,-0.00024460346498378013,-0.0008781378750318813
2014-03-07,-0.006166674646550109,-0.0020628251418922023,-0.003961270521436653,-0.0015115427438488803,-0.0017718673020110111,-0.0018767191104730719,0.00042520875913987233,-0.0013932898641732922,-0.004946546546546582
2014-03-10,-0.0030089181517221064,-0.00045963645421698285,-0.0009179451749763423,0.00021037022804049066,-0.00017438683109405329,-0.00019965661994914008,-0.0005312348969879199,7.884108095690401e-05,0.000883928874879869
2014-03-11,-0.002026791230765985,-0.0003267020347860327,-0.002450032678126505,-0.0002994422732086675,9.009227501113216e-05,0.00017297170397262125,-0.004942398058963571,-0.0025685632706629567,-0.0043040371629222696
2014-03-12,0.0022298426835871154,0.0009662978382854757,0.002212886624544909,0.0012623398792783599,0.0010513657546487181,0.001154332176852152,0.0002668265340131093,0.001743868767559275,0.003768230132907835
2014-03-13,-0.00889117718475771,-0.0009963500038421959,-0.011068558346512086,0.0003391041351540169,0.00012146369445335642,0.00013479040956691066,-0.011212999918037703,-0.004325647100326998,-0.014134091929151271
2014-03-14,0.0009509624460474102,-3.915110863747117e-05,-0.0033290249296585805,-0.0006010817583048952,1.929124887938039e-05,8.111412666265555e-05,-0.002808020451108284,-0.0016258960890626886,-0.006832779753819906
2014-03-17,0.004446036949156384,0.00037218653687588293,0.007538409698064706,-0.00015633441513164092,-0.00034926564290374903,-0.0004190342277456472,0.009043870845839574,0.003727569495479538,0.008797265832798384
2014-03-18,0.005133475561870931,0.0013111784767439552,0.008261330532007161,0.001658921504644406,0.0007132053654770003,0.000659589240854633,0.007137480216871328,0.005241761664136393,0.012073304825900966
2014-03-19,-0.011917102213834444,-0.0040790383153190505,-0.008099477760214161,-0.003714394847736963,-0.0035995394031632893,-0.003790647903603769,-0.005329233525646848,-0.006924639513468811,-0.005412497355827828
2014-03-20,0.0015546661041898962,0.00042841306442793623,0.0037922375891428104,0.0006305139421172983,0.00024922528152511024,0.00024164387372639092,0.005839965957133542,0.0035700128398359677,0.002776574669075549
2014-03-21,0.00011538163535444409,0.00014751584196007298,-0.004546928153929897,-0.00027039053644706333,0.0004216653366570778,0.0005094535282224358,-0.0038784826572956232,-0.0015721478897282246,-0.012033144333861157
2014-03-24,-0.003223311300645239,-0.0011198491403717342,-0.006462161556263108,-0.0008683426712034568,-0.0010778560566249529,-0.0012202869368603026,-0.0041354690164390195,-0.0023132452497515617,-0.008763966523223532
2014-03-25,0.006456057004414749,0.0013069847310610832,0.005050676094363184,0.0004040504238316524,0.0007582664194301365,0.0008065920001681353,0.004745775357712256,0.002593094895827216,0.0032872604112821335
2014-03-26,-0.003992039563548323,-0.0002061549492963298,-0.010273724564288192,0.00039376559305505295,0.00016420826643162004,4.7771155550801996e-05,-0.007191734590285992,-0.002596656306672668,-0.012879856894269404
2014-03-27,0.0013426173990856798,0.0001373675042374349,-0.0017794013713006724,-0.00023150885942462696,4.0286160274237404e-05,3.5739656347894286e-05,-0.002108820460934413,-0.0008577935311244963,-0.005608803207959756
2014-03-28,0.0035461018331909037,0.000500774297365996,0.003985072378497321,-0.00035917898685466345,0.0001381729100129356,0.00016557716545514568,0.0049298593888167375,0.001499020178698443,0.00195696000922152
2014-03-31,0.0034652532235288714,0.0011762744708434555,0.007820467296426005,0.001256191058812295,0.0008136862064077183,0.0008011540166838658,0.00819436639843607,0.004926692065581964,0.007122290263389841
2014-04-01,0.00558478944819808,0.0006147551198901166,0.010492759071813471,0.00030689690036706657,-7.62493204138707e-05,-7.105743537397264e-05,0.006630872739572302,0.0031369421638714036,0.017566149066778003
2014-04-02,0.0013311944631745215,-0.00015464333802836573,0.002535040812641581,-0.0008446593132687116,-0.0003151386097076356,-0.0002617696951751952,0.0033466196246014768,0.00027422697454620526,0.0025782665564519913
2014-04-03,-0.0022087779333435434,-0.0002813937671454717,-0.004097189254372952,-0.00010246555367498057,-5.361091127429078e-05,-8.225252219192742e-05,-0.0013234345445277684,-0.0005212280528957469,-0.007938284482436053
2014-04-04,-0.0027499679041391597,0.00022957623093620982,-0.014548411612160604,3.1202496722471917e-06,0.001046058813162536,0.001153621998371933,-0.011822059233866145,-0.004668503095948432,-0.02659810182221589
2014-04-07,-0.0027912574370961758,-0.00046790353466775715,-0.0074909098801623965,-0.0005271357429971032,-6.352550586144507e-05,-6.781768657819468e-05,-0.011051547331590195,-0.005651579831151977,-0.009493856193968142
2014-04-08,0.005543935385901921,0.0013207384005007317,0.006552826803563727,0.0006299131188458595,0.0009240502633938164,0.001003446501527172,0.004123048414742758,0.003012299847309663,0.009234651945132955
2014-04-09,0.006901600586951718,0.0017752608675923266,0.010662990797733665,0.0013809629008655175,0.0009740582348243582,0.0009438056735851134,0.010750672386709903,0.00633993199286544,0.01714118904783213
2014-04-10,-0.010764304911217177,-0.0016485198667937208,-0.022758233362286485,-0.0009343015929079985,-0.00028122237687423866,-0.0002766747926159903,-0.02100579189488383,-0.010999381567206834,-0.03097219833232212
2014-04-11,-0.004432213302767217,-0.0009580573774539705,-0.009470480549778346,-0.0005803765027103267,-0.000475824873857973,-0.0005024047520424789,-0.009008594793451397,-0.004553001597761968,-0.011633427434309618
2014-04-14,0.0037160632270099225,0.0006746020370523055,0.007480979737368842,0.00031854173598622215,0.00036160340318989125,0.0004347733052285779,0.007878601843325228,0.004051487628083421,0.00784690468578586
2014-04-15,-0.0021482338475268857,-0.0002618710295467675,0.006449605285691454,0.0006923423600458873,-0.0001764961027441699,-0.00022110492051104918,0.0068872054799249405,0.004582303372327707,0.003303008019908793
2014-04-16,0.007378434770335678,0.0011515735579539568,0.010777529127803694,0.0004367944207108533,0.00035011058641408086,0.00037368154131609086,0.010477765834541852,0.005640279972088633,0.013286580946725968
2014-04-17,0.0005172579781184871,-0.00041097571258965845,-0.0005153761212066417,-0.0010035719763188487,-0.0007379982008847182,-0.0008110321316894885,0.001396917167821199,-0.0014208234720877024,0.0002319230439826736
2014-04-21,0.001433530252060871,0.00034011063821300964,0.005504232255282175,0.00036041908576313326,0.0001596040268678364,0.0001636266800330731,0.0034869170268050365,0.002023464009240598,0.007424681651668097
2014-04-22,0.002033135133813122,6.005864603492071e-05,0.005441581275075557,5.259381489572819e-05,-0.0002505914154982179,-0.00026270074127211394,0.004544727744969501,0.0025872476813152555,0.007945604491711
2014-04-23,-0.0027291628186224396,-8.712970418963836e-05,-0.0052639350104804715,0.00041356243285040517,0.000250166711183681,0.00022699130012780519,-0.0023418697661091725,-0.00040613852693863043,-0.008797024506236428
2014-04-24,0.0028932263092242448,0.00045978865423828267,0.005467658207144707,0.0001259195895692027,0.00022933837041365368,0.00028915809036231894,0.0020273717752785636,0.001107378841824159,0.009566603603403223
2014-04-25,-0.004723636755516232,-0.0008272425242094743,-0.010463690418924781,-0.0005867921507129113,-0.00018528983640217337,-0.00015117836647424304,-0.00819926180723618,-0.004410219672076038,-0.015983808589583037
2014-04-28,0.002018279372717387,0.0003312980527552709,0.00412150601829407,3.7169363115498325e-05,0.0001242793800527352,0.000139144739414625,0.003167407847502579,0.0013214688536811682,0.0032487854398359772
2014-04-29,0.0050124977917249255,0.0009597145927334476,0.005184244108637441,0.0005341312980600622,0.00040210892778276146,0.00039041734191176176,0.004655540872176678,0.003157582750371346,0.007979507898175475
2014-04-30,0.001996731891834816,0.0010611448027564054,0.0029641647248867878,0.0012128348830688263,0.0009021011142194581,0.0008775366644045441,0.002982583275547235,0.0028493449811939605,0.002639004337844142
2014-05-01,0.0013015607719799051,0.0004163155565232034,0.0020831288234157363,0.0005516162857458157,0.00032856577972134897,0.0003280758599329129,0.00010631102152802718,0.0012045228048853346,0.0029750781776221036
2014-05-02,0.0010788684550025048,0.0002127175953403806,-0.0013577727054350291,1.4977143026591864e-05,0.0002523210217132887,0.0003124697939228478,-0.0014338983920395565,-0.00028420379253377257,-0.0018255118074069765
2014-05-05,0.0014172680153163532,0.00042156305836758606,0.0032788753756818768,0.00023845067580086012,0.0003881134749786318,0.00045471944272165005,0.001914343331359314,0.0009211408995100673,0.005257908936729283
2014-05-06,-0.0027714252318445003,-0.000874985052005928,-0.009375550421719054,-0.0009353997173361764,-0.0005818246459080399,-0.0006037960075519638,-0.00870383544798703,-0.004785438026941168,-0.01296196286301654
2014-05-07,0.0014801615220397402,0.0005697838388498133,0.0036268894935864247,0.0006981033411220662,0.0004149584963513844,0.00039017587914090654,0.005889265741870098,0.0038495872959850466,-0.0028796906687588164
2014-05-08,0.0006457790639842198,0.00032476701346584314,-0.00034294174961280177,-0.0001637024485796612,0.0003308577931815382,0.0003404918979337257,-0.0010647429124109875,-0.00021468009498348817,-0.0009242010742941398
2014-05-09,-0.0009338474804419266,0.00011250357258616275,0.002210593554389748,0.00018063522203196297,0.00019235240206091287,0.00019180987694009024,0.0014920486337544059,0.000582851584342787,0.0036998361027307247
2014-05-12,0.007442254826341857,0.0011815356783257392,0.01110520041048043,0.0005574530673696535,0.00041842710995161316,0.000462403805315829,0.009736221737114636,0.004790936010679617,0.016475124107692807
2014-05-13,-0.00030994568484168976,0.0003906618531758876,-0.000649615974964442,0.0015914648714244225,0.0003808655433010122,0.000319272769172157,0.0008957550678403425,0.0020896243951976424,0.0006799834286717044
2014-05-14,0.0007781571020377716,0.0005988154781034112,-0.003912644208614853,0.000955129943773475,0.0007877722734274899,0.0008451029395215523,-0.004738087590249851,-0.0010359199308072908,-0.005210265456023655
2014-05-15,-0.004612173042480614,-0.0006639831175677081,-0.0067737933074175595,-7.682098349030051e-05,-0.0002009979690635075,-0.0002470608883715676,-0.008780062744135786,-0.003836065452349733,-0.007855663288444337
2014-05-16,0.0036346363926735388,0.0007132930865266891,0.005846439216847123,-8.261429281702905e-05,0.00037014139921960675,0.0004019574127342358,0.0034687260955210686,0.0012161148073467722,0.006540404232421526
2014-05-19,0.0006188737906292839,0.000274273051130296,0.0034514070362594,0.00029904435620456903,0.00013023570286646135,0.0001057423991406259,0.00366865198306221,0.0016908155925978012,0.006955094827858277
2014-05-20,-0.0033190328261337937,-0.0004307510940651662,-0.004583504811221397,9.673492953061708e-05,-2.8191118117934096e-05,-3.4509432322631366e-05,-0.00630437398064343,-0.0026177219210422953,-0.0036227569305596896
2014-05-21,0.0036301722670775347,0.000649038828980012,0.005884449549186183,0.0007658941343600895,7.741532425926479e-05,1.1715190078767103e-05,0.008424382912172623,0.004410986129642546,0.009545505060353898
2014-05-22,0.0010346947528451006,-5.674183427822725e-06,0.002400614510957822,-8.232807650295747e-05,-0.00015903413383559686,-0.00015600315866944297,0.00243176869702344,0.0010332545359169145,0.0043894957612296
2014-05-23,0.002117128391892025,0.0003719662477293031,0.006286731404476804,0.001187655367193823,0.000239310166050533,0.000279317774288018,0.004008777429964416,0.0032186417589008236,0.0072844178072695165
2014-05-27,0.0014157248120087813,0.0004744733441771282,0.00891202947786111,0.0012258981992316381,0.00011540600500384022,1.63658994119003e-05,0.006146568835606381,0.0038102192969232127,0.012461255709285801
2014-05-28,-0.0014591618132779422,0.00011989935943904832,-0.002778691705941202,0.0017866926532056856,0.00024339372423674667,0.00017088952475019325,-0.0007310172544805482,0.0017461595853673884,-0.0030769710048202947
2014-05-29,0.002465247336218949,0.0003629187543415325,0.0050559534451953105,0.00032895813951525305,3.844272364196478e-05,3.173966901378554e-05,0.00517321615928501,0.002611101511727543,0.006393530029408456
2014-05-30,-0.001282153984710177,-7.537920938600555e-05,0.001574088061972372,9.824032538517353e-05,5.555694978174655e-05,5.896446148597488e-05,0.0016113329964744239,0.0006655635941916606,0.00010950446382262946
2014-06-02,-0.00042926138703460424,-0.0008237633754791263,0.0006517264891229642,-0.001702809956829225,-0.0009355905966014783,-0.0009442175324881473,0.0011413376821041155,-0.0011283944472895028,-0.000985707833479177
2014-06-03,-0.0005105184442845769,-0.0005109184768072072,-0.0004888490282202981,-0.0018481447144657957,-0.0005302160076259115,-0.0005115664058247759,-0.0005178352032829681,-0.002303528950726442,-0.0004389537123585807
2014-06-04,-0.00047468731548045405,0.00018418447642274796,0.0027138641317288187,0.000261723611129496,0.00021983397403819624,0.0002173120107977283,0.0020224950904965677,0.0009177843815289125,0.0037286976243775527
2014-06-05,0.007842203379750291,0.001685794061275984,0.009614973708512083,0.001564616161484129,0.0012249906735267403,0.0013613858204619472,0.006521894389057481,0.004528634334775611,0.008414330297151995
2014-06-06,0.003400036504138336,0.0004329237710398624,0.003404293770782063,0.00037553832030680096,-3.472863259581438e-05,-7.070520482241037e-05,0.004783066409780767,0.0026000835799224074,0.005742387583079767
2014-06-09,-0.0015361536992885005,-0.0009141719336296372,-0.0023268290726395913,-0.0010978963546500742,-0.0009802249398452867,-0.001040293311550644,0.0010235823206869998,1.289673637239197e-05,-0.0007537981550469475
2014-06-10,0.00015640217098384865,-0.00022117342640419086,-0.0007431379797486535,-0.0007044222603436621,-0.0003036560264499284,-0.00030733211537471207,0.00010245540234543604,-0.0006387203973747552,0.001724861214867035
2014-06-11,-0.0021895081822886405,-5.513553526022439e-05,-0.002010317942298883,0.00019694836090615632,0.00017783783398257682,0.00016496677842113555,-0.0034766879696332964,-0.0015447384060182355,-0.00021530410463510563
2014-06-12,-0.0010783015358849617,0.00019864085844330267,-0.006979876932542604,0.0001733965278098612,0.0005493960269737378,0.0005972837739991291,-0.007080051567031398,-0.0026873917586838084,-0.009042823592298688
2014-06-13,0.0006774733313239554,-0.0003532047951361753,0.002905953820068188,-0.0004186215025589212,-0.0004563166241939801,-0.0004210762622250749,0.0030490481740481634,0.001038972079197005,0.0029332596859665827
2014-06-16,-0.0013824224523928648,-0.00043811347596274633,-0.00032960215902393597,8.945430552334576e-05,-0.0004444507916626956,-0.0004969347088523215,0.0008239252636168537,0.0004930660943280077,0.0008665384514399133
2014-06-17,0.00013704071789310163,-0.0007794511535874853,0.0018378361239035626,-0.0016572924584087184,-0.0009114867516719767,-0.0008949341573252399,0.0027794381177375094,-1.477778902252429e-05,0.0005410949397866016
2014-06-18,0.006228751302353924,0.0020679179648032237,0.006585562091173766,0.003981716434788715,0.0016758182545937494,0.001709828855262476,0.007339577003713682,0.006513982970488618,0.005624761397401867
2014-06-19,0.004639868278425225,0.0007727621280989134,0.0018234242393961057,-0.001004309516631499,0.0008070615010888244,0.0010668632291717646,0.0011209974195220962,-0.00033477745917887285,-0.00064558553823435
2014-06-20,-0.0002698880994407459,4.229713646944587e-05,0.0019694230589776774,0.0008706872461139347,6.38633881562093e-05,6.122496764393382e-05,0.002030058916578703,0.0016870553368681866,0.0011760930294280048
2014-06-23,-0.0007928816499985338,-0.000159967647261992,-0.0008493921703521832,-0.0003206376377289768,-0.00011353639769845063,-0.00011767695055152066,-0.00030610223298999095,-0.0004554282544955245,0.00021577253012816655
2014-06-24,-0.002154878501093403,3.515040799502878e-05,-0.002665720184781383,0.0009388717698874551,0.00039722901371770793,0.00040959190677524094,-0.006024305235540206,-0.0019986731440696723,-0.000970361251322438
2014-06-25,0.0011784196103041533,0.000404734613275217,0.003965286107846129,0.0015319567176415537,0.0002473404483183585,0.00023015109973419443,0.004519886057362088,0.003097909015047338,0.006365089660613998
2014-06-26,0.00017496559308493483,0.00034059361734944764,-0.0002567861743399318,0.0011381249621925363,0.0003333778966081741,0.0003101569103589049,-0.0007157764083998153,0.000615446003947535,0.0005362002412003797
2014-06-27,0.0019783668244424198,0.0005953886780245565,0.004053870489463965,0.0006597216950031742,0.0004726591967234244,0.0005062901982677264,0.0019443090241419991,0.0011657928011270283,0.004392514067713238
2014-06-30,0.0010857549772086278,0.00036606549020749986,7.957661928481704e-06,0.000415411293638603,0.0003856554108725438,0.0004379096612107552,-0.00051064223316033,2.8197242545369193e-06,0.001706529102183385
2014-07-01,0.004834023253456383,0.0004880856343526149,0.008150068815511065,0.00015214447976172248,-0.0001071103284978331,-0.00010181347697562017,0.006693452200592143,0.0027059414833527726,0.010967811470364852
2014-07-02,0.000714753856933765,-0.0003220373353274399,0.0006155196157850445,-0.001606147549493422,-0.0005277465993245433,-0.0005389556572575141,0.0010146325085749197,-0.001010217039185097,0.0016849633147786314
2014-07-03,0.0018525090765005607,0.0001687225561316556,0.0033940157258144613,0.00023069886400043852,-0.00022445146034255286,-0.0002903206046573576,0.004918531311791208,0.00215568048809664,0.006309391054176938
2014-07-07,-0.0027764245889801927,-0.0005578256954970047,-0.0020496295711156885,0.00023581015094650777,-0.00022602641987897918,-0.00020722982758643186,-0.00348201772402712,-0.0011427180137720822,-0.0030300707380703784
2014-07-08,-0.0048987593109362385,-0.0005604143614968315,-0.006879976020722265,0.0002745864960455178,0.00012631316643650945,0.00015662674932222302,-0.006429621591844015,-0.002066143447646729,-0.012053314788693092
2014-07-09,0.0034927508185675915,0.0007622552789212644,0.005077417328087197,0.0011351708736306865,0.0004960981230961448,0.0005298869743362022,0.004484224990683794,0.002766098030589692,0.007426180797090121
2014-07-10,-0.0026025420820889366,3.9289518538676606e-05,-0.001947231239380026,0.00032293752965454107,0.00048753590829507564,0.0005492020246097791,-0.003957026769009886,-0.0015273739926118198,-0.0031591252897127386
2014-07-11,0.0011252866833439386,0.0005048133157939614,0.0031556454405163113,0.0021298899204648556,0.00043373315575524947,0.0004393668642604755,0.0013753209264788513,0.0014829330996969483,0.006443785220120013
2014-07-14,0.0008750845734367868,-5.91048266351696e-05,0.0053886151575459045,0.0001429764709471107,-0.00045609238423321443,-0.0005731149978068054,0.005035187891570647,0.0021291045049204376,0.005983098096889572
2014-07-15,-0.0025577975687622683,-0.0008707665687608194,-0.0019980921780932263,-0.0013622844565926396,-0.0007717663633447358,-0.0008130364699683897,-0.001872498900813424,-0.0014730727869177855,-0.0034434534976673925
2014-07-16,0.004053524329859484,0.0007263947391880985,0.0037045008072881637,0.0021867725741895666,0.00040751292843675934,0.00043637791419811424,0.003701845981125329,0.002804542476028578,0.0039790890475865925
2014-07-17,-0.00629483320903642,-0.00024778735747408936,-0.010868794166003549,0.00021946697179226144,0.0007241853607193948,0.0008027011167422112,-0.011366234139339015,-0.004524485636341344,-0.013244356613014374
2014-07-18,0.006291814100008943,0.0004837580748058521,0.012409891134964055,0.0023924073785342418,-0.00026419665946059764,-0.0002614778991970613,0.010219061970311305,0.00529168087733526,0.015852383776296497
2014-07-21,-0.0015106059712459404,-0.00017012189935246839,-0.0019795387720017354,-0.0003144455409943924,-2.9492961832334785e-05,-3.846135151660332e-05,-0.001871078402197024,-0.0010078030544423042,-0.0012479480435890755
2014-07-22,0.0034570261137337375,0.000702085441365812,0.004917500665569994,0.0024465781760777206,0.00033070060250985523,0.0003104751552643754,0.004357886073070638,0.003115257574970587,0.006353840793069443
2014-07-23,0.0016553068643406458,0.0005979552197708722,0.0038326246113123867,0.0011046821611270573,0.0004422025905900137,0.0004393790112062749,0.0022198452923196665,0.0012945631817942323,0.006417625508000624
2014-07-24,-0.0006423390579375925,-0.0006537131404439229,-0.0006979724000133131,-0.0028949792916221607,-0.0007926733307379306,-0.0008532980528992427,5.010383360248838e-05,-0.0015820848756415234,-0.0011315807381953036
2014-07-25,-0.0018850369223235228,-5.1349759136966e-05,-0.0048186757440377625,0.0012690429351820058,0.00026654677366020816,0.000295787468171267,-0.004681271767471129,-0.0012806177914151868,-0.003912351071150844
2014-07-28,0.0010112562963053174,-0.0002224513392807117,0.0016754441130555828,-0.0006787039188901925,-0.0003069409698267599,-0.0002735771070317391,0.00040468270018823027,-0.00021911897566413168,0.00031007387298176425
2014-07-29,-0.0024778132256831195,-0.0002460190763484189,-0.003379565818703095,-0.00012639069783998804,-4.048187516815446e-05,-8.293222379847156e-05,-0.0042972458943023595,-0.0020411505477186775,-0.0017568287598503929
2014-07-30,-0.0020959770645508882,-0.0010429331588884445,0.0012297570528277118,-0.00435751846408033,-0.001056294508691025,-0.0010739092304918856,0.00015236118034689383,-0.0027251265496413676,0.0039337568780997145
2014-07-31,-0.013825515974520022,-0.002317226664619927,-0.018961048644153586,-0.00644267882413218,-0.001138140457290108,-0.0012592604814122264,-0.019748376422944913,-0.011980658004487927,-0.020210242204456996
2014-08-01,-0.0006466391406697641,0.0011227986924693405,-0.0031789751025525443,0.0030497673366073697,0.0014459314227818368,0.0014676109769979108,-0.003055433504645988,0.0005560500421231576,-0.0036834805466678944
2014-08-04,0.0045813468687393695,0.0008939026345108853,0.007024860370419914,0.0025800581366178573,0.00045914638061617975,0.0004680133087928761,0.007220681476292512,0.004523792946614669,0.006865990022728363
2014-08-05,-0.007779973660460424,-0.0013905863997284971,-0.008979964179823384,-0.002428490156189552,-0.0007298536052820527,-0.0007749296379643742,-0.009696500826704035,-0.005579028107877973,-0.007658380538030474
2014-08-06,0.0006427451024312665,0.00037751091871033904,-0.0002569095204412232,0.0005793677731083204,0.0005146920945436552,0.0005937191778898771,0.0003128546225659168,0.0005387356163010789,-0.0007403634254100622
2014-08-07,-0.0029896887913877235,5.6897054628635146e-05,-0.0033379754529736516,0.001454665263294519,0.0005183618594601924,0.0005470390474917597,-0.005415046065147644,-0.001451556022901479,-0.0031740095302589255
2014-08-08,0.0051666782863635605,0.00046672472708105006,0.008691520547663893,0.0027124599876732994,-5.142594291958813e-05,-2.804465419803555e-05,0.011568900681204974,0.0065662545720387,0.0072175958162323806
2014-08-11,0.0034580632288962907,0.0006282666468176098,0.004773429811256079,0.000994808557488197,0.0003096266250746669,0.000324471541456364,0.0028980663841629006,0.0015486705147947514,0.005900915115178318
2014-08-12,-0.0005388664675353587,-0.00016028499815426796,-0.001043444207239964,-0.0013090191286806705,-0.0001488835388290455,-0.00015460364056334156,-0.0013930563991398914,-0.001412123492562364,-0.0004191214730222548
2014-08-13,0.005390689099691939,0.001565322802567152,0.009841544782172914,0.004888216502661909,0.0012718321776623528,0.0013425018303040836,0.006768808111897728,0.005374474516765038,0.0105845588696174
2014-08-14,0.002723330946886619,0.0008002293696703827,0.0038249189784991325,0.002972659623149373,0.0005491048025560493,0.0005389149050454502,0.004721825912230804,0.0036448213165116102,0.005185582866922278
2014-08-15,-0.00021675906948041818,0.00017457571641742636,0.001652958198260544,0.0032147132402142115,0.000138860454397828,9.335175146814115e-05,-0.00020431949376165104,0.0014726613670473698,0.004848761212533859
2014-08-18,0.00510320069699466,0.0008311503005228947,0.008397839064949203,0.0006174957989697435,0.0003017627610059088,0.0003202256760774602,0.00837928912490371,0.003791212968414246,0.007700348886900965
2014-08-19,0.0016547789631879387,0.00029398575160994065,0.004744634654155272,0.001102092077008255,7.92802365968341e-05,7.338040770626201e-05,0.0052186216086045345,0.0027394365413095805,0.005603248803644156
2014-08-20,-0.001011959787317546,-0.0010060481380967934,0.0019693254307585296,-0.0013888548011303861,-0.0010168773399838855,-0.001000037484786564,0.0026721465615384687,0.00045110512599897973,0.0
2014-08-21,1.5560359445773676e-05,7.225790860936126e-05,0.0016649411063623493,0.002274810763542882,-5.099793100367136e-05,-0.00012204360638827859,0.002915379782787886,0.002599529682592659,0.0020265615846910556
2014-08-22,-0.0019616344812616797,-0.0005093062792350429,-0.0016090376766664583,-8.815999577645178e-05,-0.0004128778704580899,-0.00043868176144709056,-0.0015537439847396195,-0.0009062641327560108,0.001516847204244387
2014-08-25,0.003644955396810251,0.0004124336740355998,0.003006848204828672,0.0020358207647145944,-5.102770182719698e-05,-9.286904882622095e-05,0.005070463542571568,0.0033800683956068263,0.0035334429736595396
2014-08-26,0.0017943215359039928,0.000559092317729816,0.001051387565653942,0.000137358343943402,0.000505433848169992,0.00053726309811195,0.000649264666648719,0.0003198620421495869,0.0010062289078616171
2014-08-27,0.0020765023052143595,0.0006677566639429947,5.016625327548628e-05,0.0017713687956346566,0.0005287953983139966,0.0005223793878343661,-0.0003993169774618721,0.0008440029797318282,0.00020092578869057576
2014-08-28,-0.002030150179986527,-6.841151366486176e-05,-0.0006906162047743293,0.0006294453708357026,0.0002205112645497417,0.00025370333280025554,-0.0005490466235594793,0.0001905672484955554,-0.0011052901033502538
2014-08-29,0.0012678445506255627,0.0006528204114738997,0.0036927380279652517,0.0011334779396806904,0.0005810115234186784,0.0005973288445252996,0.002848067307451352,0.0017669633437353385,0.003721838925515808
2014-09-02,-0.002870417942327331,-0.0015105851727704065,0.0009984335993733781,-0.003974734070487027,-0.0015911633904903367,-0.0016731057628921945,-0.0004983874411956801,-0.002807750020214938,0.0029065902328979654
2014-09-03,0.0035746955933921493,0.0008166596348948931,-0.002087144679335781,0.00010564735397672873,0.0006227631055945208,0.0006491938530494553,-0.0005481545060855852,0.00022938338428822504,-0.005896223556456692
2014-09-04,-0.00299292962083453,-0.0008352937700385419,-0.0016856693260930088,-0.00276919047618617,-0.0006972613158168329,-0.0007383091579497616,-0.0014468093682632466,-0.0022696411177151677,-0.0009044322224075474
2014-09-05,0.004258717589885097,0.0010962085425398603,0.005928336414386579,0.0017858893579506293,0.0008769764410089381,0.0009500149421363287,0.004495382582670127,0.0028519539746656797,0.005030640169644496
2014-09-08,-0.006524327960023002,-0.0017664142296790475,-0.00048323217378565264,-0.001124226785799931,-0.0012811467791453701,-0.0013174247724525578,-0.002585586446261945,-0.0019956136476104724,0.0019020126430706608
2014-09-09,-0.0040797294099277044,-0.0014035599645065753,-0.007084885401021625,-0.004174957979935001,-0.0010796588672757784,-0.001091293489684171,-0.006331266092803434,-0.004722535227636669,-0.008293106627280555
2014-09-10,-0.00044320586821161513,-6.0653063564678725e-05,0.0016564050550170076,0.000590767418070466,-0.00039749794646694244,-0.0005017887958806337,0.0037628942082439387,0.0012444364442675232,0.008261909997367978
2014-09-11,-0.0027076543415020236,-0.0004659597708572403,0.000292715548040669,-0.0005888895083686813,-0.0002781256165105838,-0.00029964863081104437,0.0011494811765795365,0.00018654877668377071,-0.0007997103756129942
2014-09-12,-0.00727974713233542,-0.0018838539722957402,-0.010434396162676237,-0.004488662032127054,-0.0016965017030874474,-0.0018743413039032587,-0.005841491711298441,-0.005019254254715578,-0.005100592177329721
2014-09-15,-0.0016298429312902947,8.699823061912946e-05,-0.005148869812510898,-0.000451929180024889,0.00031237375759493786,0.0002984766146360924,-0.0007531843812651484,0.000287308392581266,-0.009650079915617726
2014-09-16,0.005060199205193271,0.00148661658680346,0.008453468429339151,0.0029537624583202333,0.0010884480260741505,0.0011281615985963942,0.007538555167141192,0.004403497624367046,0.008729234202031089
2014-09-17,-0.002901262620144303,-0.0014402536139357291,0.0011003830512970277,-0.000974080852408277,-0.0014164632485951082,-0.0014538912399111631,0.0013466396623313948,-0.0001969112153480876,0.0015094366938481762
2014-09-18,0.0027139830962095474,0.0006181759434684365,0.003504088548475298,0.0020130952994365406,0.00019104936106241848,0.0001502473452560071,0.005330017002563192,0.0029396622549703755,0.007535304378929686
2014-09-19,-0.0016973450245053932,-0.00019841420109122936,-0.00038267406894592335,0.0019740646916443895,-4.016385787743945e-05,-5.856681265610371e-05,-0.0009009142625137079,0.0009624805351996288,-0.0006197769920593954
2014-09-22,-0.005370253123338972,-0.0004801175981344105,-0.008391184214867585,-0.0019975159975062808,9.572466276050859e-05,5.434811002543802e-05,-0.0077228029772288265,-0.00380598563882379,-0.00930166910210084
2014-09-23,-0.0049462259544502275,-0.0007004978605883289,-0.004803724773970929,-0.0005342469492183751,-0.00010695588657589513,-0.00010460253228732336,-0.005724745635169004,-0.002584715001999999,-0.0027260215250892728
2014-09-24,0.003818098694012919,0.0003791412345691499,0.00700661839767979,0.0017782218997310151,-0.00024305823049340818,-0.0002826048539571837,0.007828190759099352,0.003558707072172363,0.010731052814591857
2014-09-25,-0.009832774491121615,-0.0012434573327640077,-0.015928643032649542,-0.004142028967161468,9.213400837416053e-06,1.648686989832776e-05,-0.01613559404273024,-0.007762940588890612,-0.02103388847472898
2014-09-26,0.004193533592622503,0.00044049417090662185,0.010086501690054758,0.0021783905289389635,1.5714247816042578e-05,6.160368831274634e-05,0.00794560731558458,0.003876931884255568,0.010640581336079258
2014-09-29,-0.003958312011325495,-0.0003501513750704426,-0.0015321165103413332,0.0012990274156763752,8.549532114970948e-05,8.226630551514706e-05,-0.0018193718312011775,0.0001937306679884801,-0.0013161322894164051
2014-09-30,-0.0024797858846638066,-0.0007416979953971267,-0.0014418666652180308,-0.0009830878244665084,-0.0006455806914315996,-0.0006941134065036418,-0.0026323211520413725,-0.0019217003417022818,0.001418870238213632
2014-10-01,-0.006355766963500386,-0.00010180243266664623,-0.011800647018572164,-0.0005272663077831486,0.0009398702265570706,0.0009697440242225181,-0.013551805226611813,-0.004698594290915368,-0.015993123925613584
2014-10-02,-0.0028247915133240435,-0.0007425367384798128,-0.0002601324970830887,-0.001788828134860029,-0.0005381892289162174,-0.0005398104711068991,0.00015416016388303255,-0.0011232898750137086,0.0
2014-10-03,0.0013290963842114288,-0.0003538588823362801,0.009636647853798547,0.003915833137688117,-0.0007967935036896105,-0.000847275266177185,0.011009496679984299,0.006402093761313686,0.009875505855914568
2014-10-06,0.004906141384077634,0.0016754701701448746,-0.0008321182002258331,0.0004075848931240314,0.0014707146656214054,0.001522260659059162,-0.0011702969148733589,-3.3855260195532824e-05,-0.0021396040193953914
2014-10-07,-0.008601288321099965,-0.0012125620304209717,-0.013438251043992211,-0.002607421206256011,-6.502782740580582e-05,-8.644026516013703e-05,-0.015436307633696189,-0.006930116733728564,-0.01418897800256913
2014-10-08,0.01411501445680116,0.004061991545618472,0.019128550115628643,0.005257139082064903,0.002944543941560192,0.0030654293639265614,0.017489057596158153,0.011834788801113187,0.019467636421958368
2014-10-09,-0.012547405452303834,-0.0027957166533119186,-0.014361516710161224,-0.004629529710936788,-0.0012636304934481543,-0.0012345920759018404,-0.019832911844066214,-0.01255160891168771,-0.016150323151410073
2014-10-10,-0.008824931315866907,-0.0013763260325238694,-0.014300045501832776,-0.0015745930357810324,-0.00017204680350149757,-0.00015982088200993853,-0.011414551720240196,-0.00519037550189155,-0.024984321797444475
2014-10-13,-0.0007188599557879118,0.00013996470551987022,-0.012518253746120424,-0.0019387927590461863,0.0006137622427614194,0.000653121294412416,-0.01642683481966334,-0.007552665017532909,-0.015671533051176856
2014-10-14,0.003347268713158806,0.0012413760182966673,0.004061400212240159,0.0011063432773521038,0.0012009972970451546,0.0012767525771423855,0.0015473202485927207,0.0017285552246534726,0.0001076346447463905
2014-10-15,-0.004723178068434261,0.00022785624697337596,-0.006028449619492986,0.0007379552708972195,0.0009824210379144778,0.0009725321228856681,-0.006766024442290575,-0.0016071567532564665,-0.006453793219208581
2014-10-16,-0.0037694374456806053,-0.00127630338736874,-0.0024545827391608726,-0.0013313769032498237,-0.0009068164378500662,-0.0008775164527427419,-0.0008581815101836865,-0.0016360672995929487,-0.006279070923001395
2014-10-17,0.008231034113876731,0.0011398310768229423,0.010072074864281548,0.0014138084676743748,5.585988848805071e-05,4.5734658034634445e-05,0.011810530870086877,0.005657334904672977,0.01318234478399738
2014-10-20,0.005938975495943915,0.0018965764880967027,0.012941197291627064,0.0028414493841727303,0.0015406791343689937,0.001637033108174443,0.009710099966210306,0.006272800135889428,0.014946344912614817
2014-10-21,0.009923699171626516,0.0019760000248788337,0.02006447995751584,0.0035186592926310187,0.0007963199258081215,0.0008389629360371876,0.01981085550456463,0.010516598464060787,0.026273778286549643
2014-10-22,-0.005371676898791021,-0.0013157897385411336,-0.004787676247616426,-0.0016656119574150615,-0.0007793488855287356,-0.0007938893189472916,-0.007111097209110517,-0.004332491139075899,-0.005161147707755553
2014-10-23,0.005027436219684893,0.000605278632429251,0.012145359186381427,0.0012635193916973864,-0.0001331118197228658,-0.00012717720511135652,0.011625091031661317,0.005178106492341473,0.015045852302434826
2014-10-24,0.003441676794227539,0.0009935154606182893,0.006099199437024119,0.0020089667247152063,0.0005467944268766565,0.000527270692748312,0.007694912615126892,0.004925288220744513,0.008178354429710488
2014-10-27,-0.0015524984648616655,-0.00020062771140802414,0.0012894269013015729,2.245133953242189e-05,5.571716779274874e-05,8.577923651050911e-05,-0.0013740771784882533,-0.0003999415879068876,0.0007098623565973128
2014-10-28,0.008509247972790382,0.0015187140973836769,0.011413400289031587,0.0018347005257651427,0.0005096896822090743,0.0005240410409047958,0.011469847887915385,0.0058459595044331215,0.015097868093084665
2014-10-29,-0.005381605889658081,-0.0022274363276806545,-0.003244471566618879,-0.0019130785603511786,-0.002070843613724502,-0.0021478083230575093,-0.0015121211356187159,-0.002236104899836452,-0.0036938794839330713
2014-10-30,0.0027133770117731652,0.0009033061163618856,0.004680252243594317,0.00172999935177888,0.0005660498730233993,0.0005440776178804725,0.006410869170652145,0.00426558358115338,0.0021042811435991737
2014-10-31,0.00494360686893244,0.0009171830344399889,0.012607346835370892,0.0020434160201617765,0.00010309129714911692,6.519766920340495e-05,0.011435162377157804,0.006231620851039705,0.013797117478242527
2014-11-03,-0.0028410632957293147,-0.0006035186111049604,0.0032160142235489585,2.7792549672740746e-05,-0.00024796208536679025,-0.00021442898500801207,0.0005455335365078806,0.00018273299237317575,0.0029588723086078073
2014-11-04,-0.0008677207567934391,-0.0002879501061828846,-0.0023467446027757442,-0.0008517347136274057,-0.000147690972556917,-0.00013320065190420977,-0.0034691892234104404,-0.0021354099129041095,-0.003343025187935944
2014-11-05,-0.001321755026512661,-0.0003911694813218958,0.0021177130306899716,0.0008300487047818716,-0.0006501881755295313,-0.0007617310540307676,0.006316399523545124,0.0038968888384967038,9.846761827336792e-05
2014-11-06,-0.0023711609185109502,-0.000782883728278806,0.0013423933605579092,-8.055364708021692e-05,-0.0007294124801398693,-0.0007619604232412232,0.004002655184793147,0.001190513489273099,0.003156498457561163
2014-11-07,0.004559485408531565,0.00182452448222519,-0.0002268083029967613,0.0020106261115753325,0.001844338254298604,0.0019508929797769582,0.0009353075006730549,0.0031084837186649483,-0.0008846460890435948
2014-11-10,-0.00011445171123681099,-0.0006819318282234861,0.004308603629484469,-0.000707382825637485,-0.0010303502748805465,-0.0010812017502041687,0.003147623371277497,0.0002665280141465787,0.003542949567322262
2014-11-11,0.003038640175802895,0.0005627055718780025,0.0008772814567316344,0.00024935479617659267,0.00033683571287735866,0.0003781920652184299,0.0009805230923183306,0.0006293288830333895,0.0031386430156965517
2014-11-12,-0.004252459367172462,-0.0006630577703750217,-0.0012204573246628338,1.6194232435295496e-05,-0.0003474132552049547,-0.0004095929637305372,-0.0010774185511155387,-0.0008015813233771675,0.0017599016086906616
2014-11-13,0.0017452957073257694,0.0006682256329469333,0.0032479835718732795,0.0008817999927073914,0.0006051134109330464,0.0006370741034957067,0.0011276983231696125,0.0013241839034903355,0.004294288201674323
2014-11-14,0.0036166730010907524,0.0011548103668155055,-0.0002639260668386219,0.0009341110527597739,0.001064910080537289,0.0011267573224213847,0.00024485583873112837,0.0009795326235363191,0.0031096465055970857
2014-11-17,-0.0007821312943730439,-0.00028068105157293144,-8.683910068686207e-05,-0.0003660478679214077,-0.00020996988823414626,-0.00020026844638288942,0.0006362869941534122,-6.938506312596397e-05,-0.0030032324343605143
2014-11-18,0.006369884961871321,0.0013607579303441624,0.006175657188100584,0.0014503457033112732,0.000803603635964911,0.0008611539763312276,0.00577387406266805,0.003937466032948183,0.007482651236930371
2014-11-19,-0.003488606623117774,-0.0010451830389500666,-0.004221438913533357,-0.0011488036262318065,-0.0009907745194275013,-0.0010902076768707246,-0.001605265851773785,-0.0020237893366885445,-0.004533756638490982
2014-11-20,0.00136358753851655,0.0006320078379770973,0.003145034050811744,0.0010345712238544603,0.0006978758831827493,0.0007602037914059259,0.0017542952286326852,0.0017770937764675925,0.004457055681500899
2014-11-21,0.007856710807878238,0.0019280078686343106,0.004141866547634755,0.0015414061589499142,0.0012325411888806563,0.001275777780937203,0.005350315263629168,0.004026535494269842,0.001929013525794554
2014-11-24,0.002687111585251138,0.0007594548452405428,0.004955667679157726,0.001130476955453299,0.00046766428014630217,0.0004701138315477253,0.0028064698906322683,0.00214926984063842,0.007798491736171309
2014-11-25,0.0005450556990366641,0.00031901034787779335,0.0006675496794608393,0.0005970504355659301,0.00038355079713231586,0.0004013156919206501,-0.0007237768140397893,0.0005337804990149446,0.001528464573510746
2014-11-26,0.004781855655451394,0.0012748795940790627,0.005528006133550456,0.0011678615546605539,0.0008402706661215689,0.0008762744197627088,0.002559059171061806,0.0022218390342794475,0.006486120421862918
2014-11-28,-0.0062422299715485996,-0.0008810917072705097,0.0015126965316194384,0.0009777771966567818,-0.0003968387403474917,-0.0005074137553901397,-0.0021191992402413984,0.0002461288049580633,0.0046435559154800465
2014-12-01,-0.0002745067722556031,-0.00026686673106534903,-0.007846853592309138,-0.0022096054908707988,0.00032650055109262,0.0005016349009603427,-0.0069499470625298265,-0.005169178665163704,-0.011319703737663778
2014-12-02,0.00042425391695733664,-0.0004219352590890009,0.00542421719760313,-0.00016804279200359042,-0.0007644397425837353,-0.0007826937396186991,0.006463742579714271,0.0021326469272053418,0.0040073130078510655
2014-12-03,0.0017840376856268195,0.00010980463442243254,0.0020788982788321106,0.0005255996859558195,-1.767033715691811e-05,2.7381352111324392e-05,0.003863553129115571,0.0024892921060774473,0.0018057286563188946
2014-12-04,-0.001043971188771311,0.0003759999117514514,-0.0001247162860661099,0.0009546263025829606,0.000603934480985476,0.0005938929547112304,-0.0011064696452641742,0.0007119347192668342,-0.00047424773827919875
2014-12-05,-0.0015496296644720298,-0.0019978636900970237,-0.0003260756073287796,-0.002446118473039216,-0.0023445578839619285,-0.0024203363562711466,0.001637197470871543,-0.001261156430885535,9.479951407520559e-05
2014-12-08,-0.0028212153068405818,-0.0005920205314861431,-0.0042666979160407275,-0.000776536247868581,0.00015006576829135405,0.00025120343241086956,-0.0066826663200313385,-0.0026949209080876254,-0.007117129416549628
2014-12-09,0.00015692108968934522,0.0004911410845685249,0.0019056424996013919,0.001385312418432273,0.0009741039584158994,0.001105005363655692,-0.0006772056838773022,0.0010760455671855538,0.003154099108547914
2014-12-10,-0.007547066483965607,-0.0010554656870924459,-0.012871778706589265,-0.002258266200480693,0.00010873054902334275,7.966263037498918e-05,-0.01603144854371108,-0.0077693010522954025,-0.015720592205965
2014-12-11,-0.0013299999947608112,-0.0006195508513123434,0.004280940231791261,0.0005038615060386046,-0.0005777200535534216,-0.0005703009048154798,0.005069785743281763,0.0023193742103990067,0.004742972215199037
2014-12-12,-0.01051643306129609,-0.001481441376998205,-0.012541215518526763,-0.0007193143411625436,-3.774963906191922e-07,-8.858721196737198e-05,-0.01616148849004284,-0.006294764190053908,-0.010886354769105377
2014-12-15,-0.011903661975680055,-0.003383799691796041,-0.00949990137706996,-0.0033655467649025862,-0.002647066086433563,-0.0028556718586522064,-0.006869498438834665,-0.005544264153877323,-0.01032414846440699
2014-12-16,0.001261128772904095,0.0007951014254381066,-0.00986663599542864,-0.0007262623185298414,0.0009259094256580629,0.0009302190289412265,-0.008019559646618157,-0.002631717302077099,-0.016041700784111157
2014-12-17,0.010358130246280165,0.0015807634111714144,0.019740613064083954,0.0020864504884172018,0.0002492026831331358,0.000386372139061992,0.019604775139767217,0.008604533265728858,0.018203446811732027
2014-12-18,0.012565154926669039,0.002402300357736567,0.020811459098109702,0.004041332234784263,0.0007387581512242038,0.0008354730861629015,0.024728546306377774,0.012321758956848556,0.02406695257353908
2014-12-19,0.0018276861469290755,0.00019894134427866033,0.003348464276444191,0.001867219580535357,-0.00013576592154875187,-0.00015285815112610227,0.004255306120170221,0.004026580485036349,0.004399943549827201
2014-12-22,0.003227159016976785,0.0010186496193944439,0.006216812580996174,0.0011044676854005883,0.000600183900105173,0.0006114192557077676,0.004599811800202636,0.0027544658446966987,0.0024923890600754284
2014-12-23,-0.003327894760630982,-0.0019432602656848726,-0.0014340873665850654,-0.00299610311343361,-0.0017948821119848821,-0.001784838747470253,0.0013498731397738606,-0.00250494265313631,-0.0035378138487115462
2014-12-24,0.0017420619249549406,0.0007596003479665005,-0.0004670860164741305,0.0005264333044784757,0.0005302379082283284,0.0004963990213287716,9.609215148187467e-05,0.00034530456583050127,0.0008634795232966841
2014-12-26,0.004522415858536779,0.0008716506333233145,0.004822266323224185,0.0013415582531669126,0.0006183942650119002,0.00073669089246644,0.0032248386644795346,0.0024709851299410824,0.007095101041897589
2014-12-29,-0.002367655275545459,0.000390782793356252,0.0015778415837946957,0.0016729016313441287,0.0007499367111231815,0.0007223957558711896,0.001343235672515597,0.002167009992209934,-0.00019035931765720715
2014-12-30,-0.0016666346604688428,-0.00014732984091474013,-0.004933616874737257,-0.0009553427429795455,0.00034969551570206565,0.00040846535367679266,-0.005366090143216429,-0.0027790415807369896,-0.006665665473653104
2014-12-31,-0.007402938233585402,-0.002046908977657636,-0.011479323576902128,-0.0023417208661830006,-0.0015663564588957973,-0.0017513947833806898,-0.009922753154778419,-0.005505770699716725,-0.010256866781713114
2015-01-02,0.0001516901266066207,0.0011016360908247386,0.001668815170670151,0.0016998448954521372,0.001610609851091088,0.0017189510570798517,-0.0005352706026700016,0.0017292663796968347,-0.0030021656047467538
2015-01-05,-0.009309731497414032,-0.0018854980300359904,-0.01186178271319447,-0.0024028178747002686,-0.00018065141838037122,-7.059607217377992e-05,-0.018059755607034877,-0.008310072791407282,-0.014668997148065133
2015-01-06,-0.001970907107453161,0.00014198081556017115,-0.0069197351229032915,-0.00033614085883421524,0.0010000663779806027,0.0011160335267168414,-0.00941908396378921,-0.00281275808724545,-0.013407847147607899
2015-01-07,0.008189126381544787,0.002461029036744833,0.013179099477897971,0.0037723240418425785,0.001513282584337361,0.0015885079337167873,0.012461239058221274,0.007375696287159839,0.012890921014008905
2015-01-08,0.009076898918626036,0.002131542068209324,0.015502624651875808,0.004308070658389781,0.0006852448784048445,0.0007008509694737513,0.017744752732310243,0.009081210922346782,0.01913925912084946
2015-01-09,-0.0016559666251596997,0.0003262693512377989,-0.005758633166636103,-0.00019890351684595853,0.0009738223228448526,0.0010229906178055143,-0.008013226252874373,-0.002940525296548437,-0.0065827666872037005
2015-01-12,-0.000582268452507695,0.0003360204654424237,-0.005789808708382296,-0.0012892843277331173,0.0009454500615941914,0.0010518524439383412,-0.007833972443464288,-0.0033507256145065005,-0.010426539055650053
2015-01-13,0.0011450085074134907,0.0006618448210470334,-0.0015458154619450168,-9.522640678536665e-05,0.0005286747140623952,0.000490211482027554,-0.0028124844078321054,-0.0013269866363048346,-0.0002954749836092674
2015-01-14,-0.0013463972958790817,0.00026006797650665733,-0.002863582990353588,0.00022324268219243225,0.0007847892210245222,0.0008261168337681941,-0.0060371783295731785,-0.0017940556116935904,-0.0055160985643404326
2015-01-15,0.002320697003156691,0.0018906124309089616,-0.008335639973475556,0.0006348660965809263,0.0024425552531638214,0.0025717735675277287,-0.009160695526914231,-0.0020629341405404445,-0.012975419796384502
2015-01-16,0.009137952080145817,0.0013131972197230242,0.011649804595000752,0.0006259719854151148,0.00015691512107233557,0.00032229421883206124,0.013114663489587564,0.004810956862911156,0.01174098742969143
2015-01-20,0.0037279924882244824,0.0006708601151092332,0.002368097291396154,0.0023488960805907234,0.00024438148610856524,0.00026839857926328435,0.0021323630103489144,0.002196329431402034,0.007935065461980972
2015-01-21,0.005263510806453066,0.0010350227129179409,0.0039054270419518647,-0.0004349869065039265,0.00020210129462084272,0.00020680850823824983,0.005048144382373332,0.0011214774297059417,0.005116974614019831
2015-01-22,0.009844159955787121,0.0023112185929150615,0.01691319871015664,0.004270696026416046,0.0012423139270299826,0.00143487400441167,0.01487103257740885,0.007962804248040054,0.018503735593940585
2015-01-23,-0.003206586712078644,-0.0001378631724114533,-0.0018677212425467706,0.0021026123590591433,0.00029159587780901836,0.00020667992601183061,-0.005483095160179863,-0.000745274328082495,0.0022113056869372816
2015-01-26,0.0036692000602416104,0.000413714736716325,0.0021722128700709213,-0.0007915559519435897,-0.00019682069919599147,-0.00017966217179459637,0.0023421897269448877,0.0005044046824680149,-0.001151338584610917
2015-01-27,-0.0036693137922143996,-0.0006719989765216324,-0.015526981445853244,-0.005340022766398671,0.00025211367265906635,0.0003104299197060988,-0.013190677398160933,-0.007425872908186783,-0.025926355855155347
2015-01-28,-0.007954877216334089,-0.0011531637486778977,-0.008495493500490767,0.00024678367809464027,-6.498628885731204e-05,-0.0001846766738192145,-0.012824333963380452,-0.004630888757027293,-0.005126628544657952
2015-01-29,0.003386766422363458,0.0004926628142779829,0.008200301894401584,0.0014361903966252146,-0.0004167393611483563,-0.0005051095718221713,0.009243337472449653,0.004073684823135512,0.00961177006852032
2015-01-30,-0.008168710311966169,-0.0009623381471766182,-0.012315061924775623,0.000575689055556181,0.0004913289745140375,0.0004313223782510604,-0.012574815328773026,-0.004016628801455739,-0.007753328954756333
2015-02-02,0.005262009176494348,0.0010785996412044268,0.007827139457021503,0.0030105764077202916,6.0712952037610216e-05,-1.087976000165027e-07,0.012384079439943463,0.006844489460823578,0.00870428339228968
2015-02-03,0.00928171277579397,0.0014232061248867882,0.011348141144418438,0.0002437204884313194,-0.0001956452989869764,-0.00017007953246804227,0.014461308022008845,0.005232809596207649,0.009609936450091672
2015-02-04,-0.004304866190324776,-0.000882810092596897,-0.002702063754318024,-0.00015957429043280907,-0.0002661363603146776,-0.0002775345247961609,-0.003807975548531628,-0.0016393208567900893,-0.0008741241094737395
2015-02-05,0.007558747504442474,0.0015767592667434104,0.00990105534393382,0.0015078912899169684,0.0006280838726257136,0.0007404881611604939,0.010094801434994416,0.004611394386101657,0.008651418411056433
2015-02-06,-0.01420631514847348,-0.005725054646936734,-0.009351722458152079,-0.005234350492788642,-0.005253706995359209,-0.005602561634345249,-0.002764956753920078,-0.006141867263702472,-0.006071533081133507
2015-02-09,-0.002593946694139947,-0.0008059277060721347,-0.00446677278075929,-0.0009493293489329025,-0.0005084319019165043,-0.0005363163741969177,-0.004475657586878401,-0.0028790848945514152,-0.0031999462120747557
2015-02-10,0.003960021825110035,0.0008250725518027966,0.011167760591593221,0.0014684688320518613,9.309452127683841e-05,9.251993361107286e-05,0.010653018302394957,0.005404347578453878,0.015564299889571753
2015-02-11,-0.0027775145891739323,-0.0005680525099608802,0.0011308919096024335,0.00021602763850121285,-0.00046558753405637025,-0.0005617277394020677,0.0005799795569967348,0.0002031986915539401,0.003639715907208352
2015-02-12,0.011285964404993387,0.003085341553277485,0.01088493378104141,0.0021626369344680675,0.0018264177275308909,0.0019355510102094693,0.009617140046564776,0.005960133602715808,0.011643431485627742
2015-02-13,0.0030049637635054297,0.0005698736091999322,0.0038422493940216715,0.00023092881154968136,2.656485681043556e-05,1.3890300515466587e-05,0.004116269226593028,0.0011802625633397148,0.008584907902424277
2015-02-17,-0.0027686226920290583,-0.0013220595917340762,0.0005403099766357661,-0.0015215439189071537,-0.0014832392455618225,-0.0015868465549334332,0.001573267968530745,-0.0018194535798831545,0.0009354595875861182
2015-02-18,0.002933875889235449,0.0018294266122959473,0.0023851503542312307,0.0017924056348604788,0.0018447848801788755,0.0019136552477828285,9.527725372349138e-05,0.001924760137270909,0.0014019168283549988
2015-02-19,-0.0032545796522144054,-0.0014157721220766641,-0.002403107212658259,-0.0008019575452136911,-0.0015375538793278138,-0.001716563606787152,-0.0007140266130462036,-0.001421346057089568,0.004945770394940929
2015-02-20,0.005058350492154532,0.0012066748107589754,0.006971921291998481,0.0009718405580253757,0.0005554938449471367,0.0006025413785205466,0.006000451193572731,0.0034391662267713933,0.00668592179615457
2015-02-23,-0.0004415029820782311,0.0005428440155701064,0.0018767797209652032,0.0012759152108137162,0.0008827492491376198,0.0009395824636546479,-0.00014184456851018545,0.0017001335039630082,0.0010143918327154555
2015-02-24,0.002355566716710323,0.00134407358998182,-0.0023040881738233716,0.0023590248671858066,0.0008778507553841581,0.0006972853023117459,0.0028408886656774435,0.004317658873785223,0.0007373262286261006
2015-02-25,-0.00028038247319752405,-3.010878321084636e-05,-0.0013179951218450787,-2.8347653172478342e-05,9.884029474987763e-05,0.0001212056219918108,-0.0008500883268263149,-0.00015548155761775732,-0.0024861066569917822
2015-02-26,-0.0021434746340992525,-0.0015153374794432978,-0.0004307114678163901,-0.0018069135028288914,-0.0015884311408875117,-0.0016338076903161774,-0.0011811431519598292,-0.003039274444267678,0.005077009730909632
2015-02-27,0.0006674921330916723,0.000553091139653648,-0.0017341966455470075,0.00027762821599221145,0.000763175787458323,0.0008178142229861532,-0.003406219539610178,-0.0006962130153849303,-0.004408718505049203
2015-03-02,0.0013637348078495543,-0.0004644407102205403,0.007330463592912332,-0.0007716840816845013,-0.0009145871074831866,-0.0008723471930165769,0.006313461855944613,0.0009260030497955712,0.00904071158040809
2015-03-03,-0.004747379735775741,-0.0014658937316148163,-0.0039243768220557935,-0.0014039921650576426,-0.0009332885572337167,-0.0009559761171222633,-0.004103918172174814,-0.0033474232677577426,-0.004662888975355384
2015-03-04,-0.004471311281189735,-0.0009616212622653691,-0.005067471078312354,-0.0004875723739673671,-0.0005199945913585192,-0.0006188593278680264,-0.004215475737901264,-0.002284454728977631,-0.0038578315347124192
2015-03-05,0.001597362256597196,0.0006973480486252686,0.0017005343595306894,0.000564866496377163,0.0005469352174155363,0.0005593209977444259,0.0010940498837417323,0.0008868721461399647,0.0017522804292651184
2015-03-06,-0.016688143535082547,-0.005586407341038248,-0.016501015561620633,-0.005365329081523472,-0.004586298174398321,-0.004981950880285537,-0.014064734983725069,-0.012568402868815805,-0.011321801282344501
2015-03-09,0.002823595508856757,0.001344184778993812,0.004323142625717593,0.0019954807425297465,0.0012224217264565017,0.0012769824673816515,0.004144706768310247,0.004340337429200757,0.0028863555088374238
2015-03-10,-0.012192223218079112,-0.0028779255346473853,-0.01409553038350686,-0.0027067192424191644,-0.001046439626145368,-0.0011083253499225565,-0.016222074980435708,-0.00805299221033351,-0.018566804583606267
2015-03-11,-0.0004850672726023523,-0.00014082984384876132,-0.003056834369584298,-0.00031296138201166677,-5.305495233549902e-05,-8.658400624854539e-05,-0.002341714085925206,-0.0006707407796285637,-0.005770069671638844
2015-03-12,0.006425550092274045,0.0020249604040003316,0.011226617909120981,0.002680220889234256,0.0014264602301248576,0.0015612485102210138,0.012714600654991193,0.007933959861418052,0.006564724158824253
2015-03-13,-0.004441183664264821,-0.0011699016335958313,-0.0042959301556293695,-0.0015137558452949448,-0.0005264021995999375,-0.000527171993503739,-0.00613280461645449,-0.004264764306688908,-0.004348070718956709
2015-03-16,0.008795088577160156,0.0026306315806172774,0.012557632772422826,0.003777252210396889,0.0016123355363820274,0.0016922610704644913,0.013360665265761185,0.009363180901394357,0.012910807293053939
2015-03-17,0.00017090799505614502,-2.351537319041696e-05,-0.0006317874115014836,4.04370088892847e-05,-0.00011341807167408269,-0.00014850840754636048,-0.00297259681426687,-0.0009509804240410782,0.0015932316756930298
2015-03-18,0.016369301459539534,0.006522084073401454,0.012974887920832472,0.006542140085000119,0.005385222301170416,0.005634282129448026,0.012021744057183925,0.011803198692121883,0.009824638981256406
2015-03-19,-0.00635603046109823,-0.0027045687112270543,-0.0013282906461234742,-0.0024239766554245263,-0.0020684928514383954,-0.002058493682575659,-0.004561478594839352,-0.00461978316089553,0.0014827742569989422
2015-03-20,0.013716803384064771,0.004309724254666038,0.011258550018707236,0.0031492781957608244,0.0032136601061519623,0.0034809685003598105,0.008826475554977176,0.006913486204529945,0.006473022917164339
2015-03-23,0.0013569328072012166,0.0005827684505902904,-0.0017994962604230686,7.592018370377634e-05,0.0005717565680540363,0.0005941462911793498,-0.0019479969286978482,-0.00064589292934117,-0.0019350659197271414
2015-03-24,-0.0015046650901769953,-0.00017259982176296405,-0.005430624722130036,-0.00016272109915236037,9.526263454781693e-05,2.9066942025922934e-05,-0.005619323512707997,-0.0021320590164535204,-0.003600190956462579
2015-03-25,-0.00941034415426632,-0.0030737462330442168,-0.01844844607496921,-0.00498019776615688,-0.0020671194872885833,-0.002198138424182903,-0.014653851892595382,-0.01047237994766894,-0.02288559293994752
2015-03-26,-0.004575548198784774,-0.0018240887661102087,-0.00338285047894938,-0.0022238103591923518,-0.0013250153225809116,-0.0013158742329455158,-0.0023814274820028736,-0.0037049444440596345,-0.003413250885698882
2015-03-27,0.0016298611174398864,0.0010295297593723607,0.0027565432619815083,0.0018856142872701225,0.0008993549194132619,0.0008746725879496288,0.002289662568242923,0.0029441200849688737,0.00399627759141441
2015-03-30,0.005384587949199833,0.001473179045807983,0.012351722197060551,0.0025079041305118123,0.0007098115195980923,0.0007609741234076275,0.012199796979205368,0.007199446897213823,0.011467169250663822
2015-03-31,-0.006609493823234283,-0.0011446946503948395,-0.00948271699650809,-0.000965090564543272,-0.00019747296206555032,-0.0002962746067194837,-0.008739516152806881,-0.004164275488037817,-0.010587871201521826
2015-04-01,0.004567874525815102,0.0015493417481538992,-0.003750657571011789,0.0005193780312478384,0.0014046930193765408,0.001487900755879804,-0.0035360765456570187,-0.0001634604381872888,-0.0052080166741999
2015-04-02,0.004195390763864049,0.000841323283899732,0.0032876435901649037,-0.00018991820077399963,0.0002861885355770695,0.0003401179663271565,0.003597202902499541,0.0009626246735326997,0.0006662052633927829
2015-04-06,0.007892323447708726,0.0027232148725254784,0.00806655898957472,0.0023187136110046124,0.002105577589927672,0.002258961747182924,0.006733339793157711,0.004518254262106525,0.008180891494173892
2015-04-07,-0.0038776144793674907,-0.0014960133308065068,-0.005436691757425855,-0.0006863685424629101,-0.0014393783324777557,-0.0016071941796975756,-0.0026462787320749026,-0.0012362062790366585,-0.0016980558493270292
2015-04-08,0.0036227704305054355,0.0009409337276706113,0.004786686729892151,0.0008225696460904094,0.0003012731600617757,0.0002853471155478939,0.0033768627178916155,0.001629735971494503,0.007939594882851342
2015-04-09,-0.0014136949181013936,-0.0008592256320384406,0.00011629044062200222,-0.00048242445386892374,-0.0013416981227158953,-0.0015319312457143797,0.004423653831868268,0.001021886780172343,0.006282539412884924
2015-04-10,0.0028456628205361686,0.0006039227670918616,0.003700112325535387,0.0007037207623557478,0.0003266649743415757,0.0003973716488868869,0.005457049158452243,0.003174628287555807,0.004100422394678782
2015-04-13,-0.0031872503289567056,-0.00034448217490302393,-0.0033487372625293004,5.875877041620058e-05,4.5446181915389977e-05,-3.3342836414937575e-05,-0.004522903386577459,-0.0019216289047898863,-0.0025059735505548186
2015-04-14,0.002472264631070053,0.0011431062754765635,0.00029399468215202823,0.0011800908222276453,0.0008503579363522425,0.0008315277490008159,0.0019130328359882043,0.0023276870126538564,-0.0028844944243396897
2015-04-15,0.0033027243462503413,0.0008993746500082403,0.0028485698509787107,0.0009123802874037075,0.0004166122713732656,0.00041666201736393434,0.004487078505832631,0.002919642716575994,0.006252169629101356
2015-04-16,0.0010080870326493574,0.0006295351781939195,-0.0001792977214609765,0.0003811508498155649,0.0005295451884968352,0.0005211740631023779,-0.0002850049711595748,0.00012064339398455741,-0.001390934519082787
2015-04-17,-0.00782510268404561,-0.0023498703680703893,-0.011816562686954633,-0.0018789507985629336,-0.0011583845434777213,-0.0011698052776091027,-0.011503619052593561,-0.006123808436884563,-0.01560035028614215
2015-04-20,0.0021026712446813784,0.0005381424892977506,0.00998698702397001,0.0011644870902051553,-2.1222591038447575e-05,-4.898012275490746e-05,0.009136898323657716,0.0047371496325489225,0.014998751564651913
2015-04-21,0.002983168717669137,0.0007058120595821959,0.0015742184974183772,-0.0005037667582187096,0.00039100572955651724,0.0004439510234198426,-0.0011911394965093969,-0.0015587778864813808,0.004274619457570683
2015-04-22,0.0007821163635940811,-0.0005742242015281137,0.00458324261984364,-0.0009179681478380171,-0.001143498432184274,-0.0011884839438757668,0.004913878485190093,0.0006466305700571075,0.005460297087693133
2015-04-23,0.0040453172139076655,0.0015565488628510756,0.003055522524583691,0.001401117297997218,0.0012554809775125908,0.0013132542050103425,0.0025163932309730797,0.0027305245278454976,0.0037733250411393637
2015-04-24,0.0026791172512538614,0.0012231915915823612,0.006823735511301457,0.0015549007429334198,0.0006887825970800445,0.000612429447050912,0.002320352131945702,0.0027914203412847463,0.013570753058750995
2015-04-27,0.003426889886610229,0.0005786776313979946,-0.002951548882015803,-0.0011006650496950153,0.0004387389621047513,0.0005570364517802543,-0.004157661883569808,-0.0031310228798809418,-0.002533147332567598
2015-04-28,0.000884620544338635,-0.00031228696726158,8.269545202263218e-05,-0.0008252011654644746,-0.0004918459817570991,-0.00043846953829912807,0.0031787185058449463,8.973164739089785e-05,-0.0019952825508018357
2015-04-29,-0.00782257406031355,-0.002210194655611616,-0.008079347238698032,-0.001471269524916126,-0.001678700583657607,-0.0018761942175568617,-0.004114444458008015,-0.003952860335838508,-0.006270394971864213
2015-04-30,-0.009464068597397983,-0.0027536677812111067,-0.013528637082936867,-0.0019444602957698195,-0.0019421765604073593,-0.0021787386664082965,-0.010020721567950308,-0.006174249039351091,-0.01572961549685503
2015-05-01,0.00453463882989619,0.0007358643578689566,0.01117544197616845,0.0004505071405822499,-6.247716050337482e-05,-8.628076951210269e-06,0.010841531365310297,0.004364012654968404,0.013193769604088246
2015-05-04,0.0018134538031444655,0.0003997248056428489,0.0020106835689822035,2.8839885533478166e-05,0.00024587178574388135,0.00031299891616753397,0.00284735196005248,0.0009170721000381118,0.0016503271901444627
2015-05-05,-0.010508041963554322,-0.003188464915220159,-0.015365061210535751,-0.0025596450981313413,-0.0020135212392232414,-0.002161829127672318,-0.011451817208889326,-0.007623735752022723,-0.016295646019419574
2015-05-06,-0.0017445284633470198,-0.0010246893538686799,-0.004831140320320131,-0.002011795871641511,-0.0009245776688329876,-0.0009316422541495306,-0.004116814194593865,-0.004420743782069511,-0.006886967912230868
2015-05-07,0.0013424369467504777,0.00048171192103469795,0.006941427404696812,0.0014010530598149414,0.00043997996794062604,0.0004986718972787888,0.003989382678544651,0.004092275313929216,0.005997255212744523
2015-05-08,0.01331217250815242,0.00485750595814638,0.014282228393055929,0.00345061864556806,0.0034006882200232624,0.0035292946155587313,0.013166132634562011,0.00943077110836299,0.012482675935839405
2015-05-11,-0.0058114385908826244,-0.002705609791858166,-0.005605559143448985,-0.002797517838480078,-0.002569230028397259,-0.002686172082304586,-0.00477236293167127,-0.0067874240564513265,-0.0038642819959671115
2015-05-12,-0.0011227552262919101,-0.00023664946658226145,-0.0036611514932789317,-0.0003537879952823116,0.00020949808307263007,0.0002793451279044801,-0.0029913507140741924,-0.0015049471370155486,-0.004525818032435014
2015-05-13,0.0025293205841643573,0.0008291208202717179,0.0020562814923473735,0.0002360882945450601,0.0006236207475754899,0.0006597952506825942,0.00019043973227805822,-0.00041131641041178643,0.002041425114061912
2015-05-14,0.01052352645891676,0.0037308429270329155,0.01425204789558876,0.00297992219337658,0.002790425923658609,0.0029654365059348245,0.01042750890371047,0.00764005417125733,0.014629606573753007
2015-05-15,0.002949899154713947,0.001166002612011633,0.0005805583625611303,0.0011477818597364921,0.0011818516542000058,0.0012700015374271215,0.0010838038866640698,0.0034914561233702662,0.0
2015-05-18,-0.002856960148702139,-0.0014231890756690778,0.0014921405890129728,-0.0008056548629061576,-0.0013249530540676107,-0.0013292410226943454,0.003106867565864757,-0.0008036870050134217,0.0043804963901479255
2015-05-19,-0.0032807116103589057,-0.0015218253126122224,-0.0004681908985397343,-0.0011118115887950998,-0.001515708938354744,-0.0016178581185064948,-0.00032841177091458285,-0.0019480056237018992,-0.0010904232007208359
2015-05-20,0.0012467656297400274,0.0006814022149191054,0.00047151087967552005,0.000479820998674277,0.0005919561581460689,0.0005886834190268663,-0.0007042921491763332,0.0004305394422052181,0.0006367997042353579
2015-05-21,0.0017887004976555342,0.0010918324477448035,0.0038306929644203007,0.0016388608135054412,0.0007986173126066242,0.0007298410430052576,0.002912340692937443,0.004112358895742651,0.005181412003952612
2015-05-22,-0.002933800102763486,-0.0013991058910963984,-0.0035282718196612273,-0.0011554050385944553,-0.0011095622112022364,-0.0011147072769161557,-0.0023886143722376962,-0.0023363438288196213,-0.0009949041822432392
2015-05-26,-0.010933999220482419,-0.0025460916986679107,-0.01417145097575471,-0.0008490265563363437,-0.001170661288805156,-0.0013462362128028693,-0.01075195194748102,-0.004049282177018049,-0.011496456324301185
2015-05-27,0.006560267930191765,0.001934594857152037,0.013465386069121562,0.0017822764689150415,0.0010925096888886568,0.0011750105083682327,0.009492164267878467,0.005480231556309445,0.016117359915403195
2015-05-28,-0.0018649402794432238,-0.0001233694697089755,-0.001359543305238922,0.00023383040011923508,0.00019057125601717561,0.00017178029474575478,-0.0011281134718331698,-0.0003092722404131717,-0.002253239410107577
2015-05-29,-0.006072504836892765,-0.0014875883091672879,-0.0077697525097902434,-0.0007735818169398853,-0.0007606489956286108,-0.0008566972483627505,-0.006212889769952934,-0.003522181039179618,-0.005961293512954491
2015-06-01,-0.0005625013717313729,-0.0007243353420269148,0.0016699577334643141,-0.000678729933525455,-0.0005946134383422046,-0.000492413620790478,0.002036612928632664,-0.0005352381450985703,0.0033620920782837516
2015-06-02,0.00036929623357045255,-0.00046888018446398594,0.0006755042037132118,-0.001301032219287445,-0.0007710715379293804,-0.0008035205666130254,-0.000992708749430915,-0.003364066318023141,-0.003169781759455259
2015-06-03,-0.0017570532619558708,-0.0011908910606043376,0.004869763750990689,-0.0009927257084194378,-0.001593160726109134,-0.0017288472185579364,0.0026495340309204973,-0.0017741944425980784,0.002998014913507596
2015-06-04,-0.006664575211799633,-0.001451395512690054,-0.009362428303195223,-0.0006067414320288887,-0.0004940972774748227,-0.0005705157375385049,-0.008446447501034182,-0.0032103962254730395,-0.007608780343324351
2015-06-05,-0.006646478022167569,-0.0027501872881095174,-0.005161369072220305,-0.0019715693393953836,-0.0023770242974871965,-0.002476902115921895,-0.0017134360090567125,-0.0038988091185793968,-0.0023730383233990793
2015-06-08,-0.001735304091218534,-9.98920847054811e-05,-0.0066147823752274034,-0.0005337565361089795,0.0003205082668305819,0.00031149882658404015,-0.006149742701662908,-0.0031528205969142266,-0.010155564185319488
2015-06-09,-0.002815498387279125,-0.0012863492055359416,-0.001399754477981241,-0.0008719941290802335,-0.0010947865195789497,-0.0011274088294739304,-0.000143702746667973,-0.0013937146512512655,-0.001663522787241356
2015-06-10,0.011605711392528641,0.0028751661059190545,0.015808765484830893,0.0011296558171554189,0.001271710766785259,0.0014044673757413974,0.011993253402485582,0.005672316241524887,0.013702292263038096
2015-06-11,0.001572120190254774,0.001075887542243769,0.0024285600273685265,0.0006198928877357017,0.001065425540380026,0.0010693604327625048,0.0032234633663696943,0.0050729307091009895,0.0014613404649030937
2015-06-12,-0.004104706452369381,-0.0013789692838142495,-0.00896632585384149,-0.0010953295612822452,-0.0007768883473333586,-0.0007898253996599611,-0.007654898664718024,-0.004846580234153907,-0.008207771135897657
2015-06-15,-0.004159550641688206,-0.0007148697729669454,-0.006304648354498668,-5.676196711940876e-05,-1.2304588970236496e-05,-4.4887845327608224e-05,-0.004285468227962053,-0.0016266502040383083,-0.004965554990012944
2015-06-16,0.002192257030648568,0.0011537424776894211,0.004259586252399127,0.0009697561649436309,0.000998611755451277,0.001028916934541875,0.005451834108929798,0.004798217203771065,0.005452343184479291
2015-06-17,0.002951203117709631,0.0013787144560320206,0.0008284487088474992,0.0008421767376169298,0.0012492313367236383,0.0013326654568897125,0.0016171413829828563,0.0011986317068176954,0.002757170748190152
2015-06-18,0.009574706238430661,0.0028457987827983683,0.01314112596582901,0.001489815581206458,0.0018850380665951707,0.002076566375222144,0.010399372607576174,0.005944359491406468,0.014573798396473103
2015-06-19,-0.0036495908644107408,-0.0006274183101469171,-0.004874033961298488,-0.00024244784542685408,-9.278384092820639e-05,-0.0001790031294762069,-0.004439186805857198,-0.0005673944603907985,-0.0049438744502288134
2015-06-22,0.004473430795405594,0.0002126016877388145,0.011871125560664123,-8.356357124965699e-05,-0.0011696488035638193,-0.0012846908190058013,0.005122945736879325,-0.00027816906493049976,0.007371019213572083
2015-06-23,-0.0009446005005413709,-0.0005994366639696497,0.00015434449005756506,-0.00016229545270308248,-0.0008531952824228937,-0.0009438779615993068,0.0007078576616434962,-0.0007796219003571533,0.0008130177334306765
2015-06-24,-0.004254831998482191,-0.0007620121586817233,-0.006806021821609467,-0.00030949088772020674,-0.00013296940143833392,-0.00020730129397965273,-0.007262457637538522,-0.0032247609401913316,-0.005144929392893904
2015-06-25,-0.0022675817172157437,-0.0009881654289410234,-0.0014534455935757591,-0.0005505781850146069,-0.0009363122816130034,-0.00101318682411338,-0.0030406581474315963,-0.0028179420549714444,-0.0019960066351847328
2015-06-26,-0.0016154918173550388,-0.0010980326545842508,-0.0016497674808183824,-0.0007965448167742979,-0.000836529276292914,-0.0007678898101965252,-0.0001904131107731688,-0.0020142554381979323,-0.0066364172796331555
2015-06-29,-0.01534421236264124,-0.002695705146476536,-0.02646840918285325,-0.0008432003064752485,-7.461346262717156e-05,-0.00023404019803282194,-0.02097085460003445,-0.00805426323168521,-0.023611368096508767
2015-06-30,-0.00022094047936907634,-0.00018155645807166307,0.0007759035767900144,0.00023769348553118725,-0.0003532846563559562,-0.00038682161321111245,0.0020937301971144517,0.00013458836509760833,0.0035618672164636767
2015-07-01,0.0035438988261968347,0.00028018225611358804,0.007979864300371347,7.014835883755604e-05,-0.00024892485335816894,-0.00012572717472059724,0.008015168283506346,0.002679035112690035,0.007938877698740132
2015-07-02,0.001132910750660708,0.0015415434416795072,-0.0011489410528349323,0.001323853298662063,0.0016047568087796506,0.001587564127376748,-0.0009155893791632508,0.0008687178443825715,0.0002778335881865601
2015-07-06,-0.007032833570345247,-0.0012042161967768534,-0.008330396121256967,-4.779110657637127e-07,0.0001521286196086142,0.00018281092718144254,-0.0028457515067304984,0.0011289816104247709,-0.0023158123439920297
2015-07-07,-0.000539619871476444,9.41272128152936e-05,0.004023171273665662,0.0005158699702291162,0.00027917608590014237,0.00032188881919281525,0.006288638337396124,0.0048240047728228585,0.0025071471405750945
2015-07-08,-0.010494151051196858,-0.0020563318473036485,-0.016433144508306456,-0.0009067500579023413,-0.00023663263952814346,-0.0002916365336182731,-0.016777385782324905,-0.00842772640607691,-0.017412395909528477
2015-07-09,0.0051537192923494235,0.0004721702211967216,0.004754484401438219,-0.0006741210459606517,-0.0005666445841725487,-0.0005532267970118632,0.0018090600656022193,-0.0017190920139777965,-0.0005654082043635711
2015-07-10,0.015260924408900247,0.003310890039718283,0.02158586044473127,0.00023702790945640082,0.0008809523344835537,0.0010205038320480763,0.012591573472111373,0.004825278697387764,0.015278638637213682
2015-07-13,0.003601603993040848,0.0008131170696299098,0.010711230054575104,0.0006875714217316949,-4.917697845034516e-05,-4.0707459320275094e-05,0.011037384312265308,0.005644597889497706,0.017556564815096598
2015-07-14,0.0037790375508930593,0.0016443017269874775,0.00545440383715151,0.0008677478352369676,0.00112574668320242,0.0011264912095697089,0.004337910805759737,0.0038794020187054566,0.00657286941206392
2015-07-15,-0.001839689604112834,-2.8407834801515547e-05,-0.0004947010863748791,0.0003455167576057267,0.0002961591572812262,0.0002602624823297285,-0.00033196954693215375,0.0012864564914218757,0.0010884999551898922
2015-07-16,0.006084741198754937,0.0015359795152005608,0.01077929892774082,0.0004447046410360537,0.0005733313975737203,0.0006389847098379317,0.00802392577372113,0.004740266451415015,0.014133163945301508
2015-07-17,-0.00042945445404828536,-0.00016915888257500064,0.005658581940651484,0.00034052862888150784,-0.0004515605162964522,-0.0005352341342511627,0.0008480481454207212,0.0005555484439995325,0.014739769349583876
2015-07-20,-0.002720218406766925,-0.0011638874119911477,0.0024799450571171286,-0.00039345985282830887,-0.001371252437917623,-0.0015156535491158763,0.000517654210441254,-0.0004601578185431491,0.0034335150440869544
2015-07-21,-0.0017790787195105084,-0.000357786693250696,-0.0022122001876636425,-0.00010803589214479956,-7.981866018963651e-05,-0.00013186404351110442,-0.003951123168596804,-0.0013454331857278862,-0.0006141985659888771
2015-07-22,-0.004613893427353446,-0.001325830984333782,-0.006335259193366636,-0.0005976997236981028,-0.0005721577435896727,-0.0005841063218695681,-0.001794684707610572,-0.0006143156119409428,-0.011324575194929465
2015-07-23,-0.005015321038977432,-0.001282360239276831,-0.00371285254178907,-0.0002981811127655318,-0.0006759027840677635,-0.0008218555678999615,-0.005630006796526921,-0.0018388966068634597,-0.0037295464484395913
2015-07-24,-0.0050324100433407955,-0.0013374024180795266,-0.010075143413625814,-0.000630189367533359,-0.00016222006179722115,-9.612084900010532e-05,-0.010372102901526348,-0.005928935333854681,-0.009803842745813585
2015-07-27,-0.0050992964231395725,-0.0007963419959473887,-0.007484840046682016,8.173305015858406e-05,0.00010926152715967419,6.513723336122192e-05,-0.005817194087030297,-0.0022099768088381247,-0.008280877323368019
2015-07-28,0.006459091687564483,0.0016559791992370545,0.010549984933709317,0.0006678653475574728,0.0005170026495497316,0.0005594201075080932,0.01228280465905307,0.006277366045984674,0.00862223271134921
2015-07-29,0.003807181889316725,0.0009647443473709595,0.0041695293708935415,0.00024778656047284045,0.00042599398939633835,0.0005018252236669302,0.006879503469025883,0.003611664601202917,0.003779402916894936
2015-07-30,-0.0016915346904136722,-0.000629077640902029,0.0011554501127052567,-0.00025637447011133926,-0.000707106729355633,-0.0007927463879687311,0.00023703221392268325,0.0005891146446319925,0.004751462611982449
2015-07-31,0.004505728743436725,0.0021912299623350604,0.0007343917050195828,0.000858693069740628,0.0020852122534769832,0.0021664462494973657,-0.0015176736001812907,0.0013749292833754902,-0.0011598009605222614
2015-08-03,-0.0025857943321815234,-0.0003522086315435922,-0.001843033725708931,2.9026658786628717e-05,0.00016913021219935585,0.0001536278604252675,-0.0033731729336624605,-0.0008440725242568332,-0.0031266046451525753
2015-08-04,-0.0013219366245612037,-0.0016830626800581297,-0.002264889294578776,-0.0015634110807779661,-0.0018751719903677068,-0.0018919888649491217,-0.001954353296387157,-0.0032216594102470273,-0.0018815944423514752
2015-08-05,0.0015428891668665386,0.00034937509416404177,0.006097940810870158,0.0005358502644115899,-0.00022583637096768602,-0.00028591053920519905,0.003295354432644615,0.0004694116237818698,0.007720439449794059
2015-08-06,-0.0027429173807436017,-0.000610877816877505,-0.009188750720226919,-0.0007432793946717554,0.00013853141091818398,0.00015410131427627037,-0.008187876520788784,-0.0035946319054074513,-0.016035604694405126
2015-08-07,4.669070471852166e-05,-0.00010595532926460649,-0.0018032781654124808,-0.0006106900031181972,8.946665726350389e-05,0.0001303520861928309,-0.0019195166178466172,0.000424749318170381,-0.0012675819202070393
2015-08-10,0.007083432661696964,0.0018654762519993689,0.012121363735880073,0.0012416253476431667,0.0007209147623538542,0.0007916215776716207,0.012599228563921594,0.005882075445944315,0.011422566461644301
2015-08-11,-0.005635536094586884,-0.00047946236640659153,-0.011622482399404936,8.549277186903483e-06,0.0010008740420725856,0.0010300764232778357,-0.009023273353601091,-0.002812652341085281,-0.012817314638581934
2015-08-12,-0.0007966754902895579,-0.00016309635211085095,-8.756708914630865e-05,0.0002582516760903473,0.0002559593648783549,0.00036596935206417095,0.0011982315270295807,0.0005670861696662178,0.0034502207023161535
2015-08-13,-0.0028696139805929333,-0.0014668251077059318,-0.0022798104545964544,-0.0009166558687705139,-0.001309936779873397,-0.0013437140307144767,-0.0012445710287188883,-0.0017978659228566037,-0.0016285341223500893
2015-08-14,0.0014419255225660587,0.00013969508316778801,0.001723264577525427,-0.000157864514067538,-8.03818694248953e-05,-2.4135860058694736e-05,0.003642259957984173,0.0017695699931499181,0.0015408855576706237
2015-08-17,0.0008552769110884479,0.0008792667746984032,0.004923394885829361,0.0013102619015549584,0.0010184335962327077,0.001092513511637008,0.00558702337338568,0.004069950680492604,0.008325010070667105
2015-08-18,-0.0031702821352413454,-0.0010410978764844364,-0.0048585637801125715,-0.0005726440612976948,-0.0005415564625913917,-0.0005261232251770394,-0.0028965648345860018,-0.002378980929625024,-0.005115601239484957
2015-08-19,-0.0038363006719110125,-0.0003297620432890989,-0.007277798693826269,0.0001245317282819593,0.000739189092366394,0.0007343866267324026,-0.007905751696486218,-0.00231460206116574,-0.006584935273418746
2015-08-20,-0.010006637842709958,-0.003252788289438498,-0.02463887354949012,-0.0029364859728208638,-0.0012892564936686872,-0.0012729807927112703,-0.020881244477888306,-0.011394228175577734,-0.027694372737317896
2015-08-21,-0.016815588412154487,-0.004377071486134124,-0.03280949281851161,-0.0029813327447565903,-0.0015587722546856902,-0.0017468044037857646,-0.030102474000111012,-0.016189490489564796,-0.043705768771948206
2015-08-24,-0.025448217094596135,-0.007354542241716731,-0.03703139409666899,-0.0036577469876525157,-0.004174307157179128,-0.004663927236996484,-0.04210718340526709,-0.023885382049814097,-0.038476589618874235
2015-08-25,-0.004744850161773503,-0.002154159494242772,-0.0051661568083132,-0.0012168389731122566,-0.0023583467472885365,-0.0026384182695414126,-0.011767739157097834,-0.00907833698585765,-0.0037580561595305095
2015-08-26,0.017036204792927955,0.004508116899029289,0.04008428737908058,0.0037864431862173285,0.0016984189657779706,0.0018859038630056517,0.03839372322985524,0.01929679982192538,0.0503622979923557
2015-08-27,0.014744938880981957,0.0044362775094956754,0.021550080851533496,0.00264544406409849,0.0024376965877059864,0.002632654840752905,0.024735352727952797,0.014161653304058108,0.025332403911155987
2015-08-28,-0.0008315485840061281,-0.0004769837351931267,-0.001507651919683638,-0.0004217258570920881,-0.0002716543423751347,-0.00022108631022351566,5.045535497516518e-05,0.00010697936230786185,-0.00018935056984981102
2015-08-31,-0.005548233041001828,-0.0021155807675176854,-0.008787614495266225,-0.0014212351529964452,-0.001702976967929526,-0.00187668414273954,-0.00807935453548203,-0.005447209256796852,-0.012403361597383866
2015-09-01,-0.01852487311646964,-0.005104838567081163,-0.029351303378255,-0.002785398668954823,-0.0022101920571489164,-0.002405280468344594,-0.029847557240288536,-0.0156486549313005,-0.03125253144425655
2015-09-02,0.010083710755508797,0.0031085421430858233,0.0214037951166932,0.0025820381763057066,0.0014518695564918697,0.001529710776763122,0.018981265952221493,0.009825044835368977,0.028203699161306606
2015-09-03,-0.0003272918347322453,4.894604169750288e-05,-0.0018004137577673708,-0.0002121629334164752,7.583701017663697e-05,4.354915366744192e-05,0.0007162906790010304,0.0014362634300363261,-0.004908624315520749
2015-09-04,-0.012806180527717093,-0.0034573235232393,-0.014887391684295896,-0.0012207597667106707,-0.0017874011826887978,-0.0019935895537826803,-0.015137076313903819,-0.007532044020826087,-0.011896603878279066
2015-09-08,0.017774555098137634,0.004799277230382648,0.027173766146358913,0.001668602427839172,0.0020758689528994623,0.002254972693425783,0.025131282784971676,0.013277499864329023,0.028190920957370524
2015-09-09,-0.007475882579741329,-0.0024077484499911298,-0.011512949919619235,-0.0011758626872582102,-0.0016804947072661099,-0.001870322503197505,-0.013371868262582742,-0.00796913047565232,-0.011233530312875328
2015-09-10,0.005802094124808602,0.0017890258398647752,0.009240181509483409,0.0009886382051348091,0.0009284267514765856,0.0009748373297380946,0.005441791527250661,0.002392676709430745,0.010879627028838934
2015-09-11,0.0031577659625152037,0.0013853184344728648,0.003515838760486007,0.0007357880819469902,0.0013329647129868677,0.0014664900149669734,0.0045443972434591196,0.0037905449162471197,0.005524691596449527
2015-09-14,-0.0030888786829316624,-0.0010266064926975594,-0.004647319202776533,-0.0004747170020697963,-0.00048788253824711997,-0.00048667985852658094,-0.0037107417538787546,-0.0018788276493523271,-0.0030313043239671433
2015-09-15,0.005290553823993492,0.0003240401375879072,0.011229383663300556,-0.00037279246847086333,-0.0007645626702257749,-0.000654147377888091,0.012499389239495118,0.004448979442264026,0.011781272142125987
2015-09-16,0.010849075220526656,0.003070544977358268,0.007995572329544213,0.0004437251116190961,0.0018113052771050562,0.002010916003964877,0.008666685525977824,0.005173664258634241,0.005634400024993491
2015-09-17,0.0033934135077346864,0.002830460497851141,0.0010705688296821247,0.0020261314947597436,0.003219667804110378,0.00333402743689958,-0.0022477048874566252,0.0018531987570859416,0.0003734190548509986
2015-09-18,-0.009965602582499063,-0.002415290576253134,-0.018634905610980655,-0.0007650319135736742,-0.0004994389016030182,-0.0005082622383473934,-0.016341940928487064,-0.008126931242269275,-0.014222635054699562
2015-09-21,-4.1248378789567226e-05,-0.0005703013565541863,0.002536416117226121,-0.00024481010451912863,-0.0007539230092781128,-0.0007037800111211342,0.005167506205489891,0.0008707401831551608,0.00313213866735218
2015-09-22,-0.013777325815922385,-0.0034327643004191727,-0.017362196978911597,-0.0005634475699589801,-0.0014275039827300808,-0.0016287134800821452,-0.012979399540766767,-0.0059218519542572,-0.014950340523685712
2015-09-23,-0.0012154740429074903,-0.0005584015371305999,-0.0008987741103991514,-0.00034549932495417276,-0.00024038402891630534,-0.00015890844758115327,-0.001598755258196416,-0.0014086138618523982,0.0007682482757636055
2015-09-24,-0.00014300424209171035,0.00033012535210023906,-0.003610008921935111,0.00026122804566889137,0.000677863414372166,0.0007238072945152907,-0.0036155692918905524,-0.001583695742404032,-0.0036474676223555713
2015-09-25,-0.00027077915074754646,-0.000523744193049279,-0.0018834395093103027,-0.0008332225307648336,-0.0006189649201029598,-0.0006154026625549184,-0.0002594489029010827,-0.001198108144108513,-0.008477860853512542
2015-09-28,-0.015610854705985592,-0.00395457968273463,-0.024967555822597458,-0.0014320195691449762,-0.0017450107678380847,-0.0020165618476886684,-0.02509698023237772,-0.012830157034407328,-0.02846881112993349
2015-09-29,0.0017095701063445236,0.0009758771933494216,-0.0008537470291992684,0.00023852024355357714,0.001019293445286945,0.0010679835699218458,0.0005848178603995446,0.0017439966306448,-0.005200483446386794
2015-09-30,0.011771151350189428,0.0036669640994128586,0.019689321802210953,0.0018153785162193464,0.001744539862543499,0.001772077134055692,0.018658602242606737,0.011151731487805292,0.02302199904070168
2015-10-01,0.002110168055198901,0.0006941159712222319,0.0024555704361223685,0.0002881662225726402,0.0004486445702744283,0.00048463108194407497,0.002609016594476987,0.0018736797995424243,0.004520611171702216
2015-10-02,0.015271091887204194,0.005602579294863714,0.01642009989229818,0.0025826211713756188,0.003988130179093047,0.0041888947506622904,0.014937822327494299,0.010877016806308551,0.01751146691831118
2015-10-05,0.01111933828188722,0.0025970686739156387,0.017020165543749455,0.0005701937801730597,0.0008989058321697658,0.0010746348692765246,0.017794831109490428,0.00848142810932949,0.014325260421937935
2015-10-06,0.000946276501083103,0.0002157500321205407,-0.0017735581770075798,-0.00043341962297625277,0.0002944196284583631,0.0003387665296187073,-0.0034262420380291037,-0.00127402956589223,-0.004739341685148668
2015-10-07,0.00828559110667304,0.002124511429486553,0.007567291738380666,0.00018241995772716457,0.0009339338049421109,0.0010445455738312681,0.008190493855699144,0.0039033953773150998,0.006000055353675426
2015-10-08,0.0046458592880451,0.0011431193147955583,0.0068870454865849915,0.00013614936737213468,0.00035283424754946064,0.0004077229273292269,0.009026636623643558,0.004405416812832071,0.0039763098687672915
2015-10-09,0.002531345553146699,0.0007005143039551774,0.0017105685960248445,0.00024381163131997357,0.0006181232318882449,0.0007148356993919283,0.0005963439778102764,0.000581606707952387,0.004526055667705586
2015-10-12,0.0002451217953250627,0.00016603531367234011,0.002772430514145041,-7.635103397953756e-05,0.0004099536674117227,0.0004919775446275925,0.0009439356441141022,0.0018938263778469856,0.0024406480702194866
2015-10-13,-0.006394861648374722,-0.0016427621774773628,-0.006665816283828854,-0.00011444065605391448,-0.0006081347039686068,-0.0006615295258562246,-0.006302337008330494,-0.0034446626181630566,-0.0064613673579339
2015-10-14,0.0035359110092254334,0.0021018822650388444,-0.004058730665290063,0.0011532849554366457,0.0020627802919042657,0.002095081244907826,-0.004793532035844206,-0.0007201620368016497,-0.0016023088436293298
2015-10-15,0.010192831000202745,0.002534715446714522,0.015443624082650041,0.000555339426799569,0.0008968230910722554,0.0010169197555038815,0.015354277739988209,0.007859076404748177,0.01642617491902154
2015-10-16,0.0005378935156922441,-0.00010231588069932132,0.005000834035976741,-0.00014229229802765293,-0.0002680781500854326,-0.0002441706638131571,0.004546242167922765,0.0024218604262075723,0.0041791571219076395
2015-10-19,9.27390323053408e-05,0.0003494976877839289,0.005296813205712977,0.0006380030975331326,0.0005454728629473981,0.0006285675703969023,0.0004917075974031349,0.00011593417256383862,0.005734519393823856
2015-10-20,-0.0012055238940766435,-0.0009474885480972089,-0.002644371891794872,-0.000840591548731911,-0.0007647314127230612,-0.0007112532826300831,-0.0012776678451318357,-0.0021230378016819026,-0.005149937424209772
2015-10-21,-0.004827198950495845,-0.0010164736255878245,-0.005655240872078179,-9.76262367030712e-05,-0.0003689463447596902,-0.00048507369088981263,-0.0062037537945028864,-0.002415118988868566,-0.0061009370318246825
2015-10-22,0.009906450819896804,0.0033043920124991057,0.01663464376000349,0.0016792827101135474,0.0018980440684434933,0.0019854983746462234,0.016893625544301072,0.010619095558366317,0.020367791831567894
2015-10-23,0.0049555869985270645,0.0007053877133065066,0.01362034371958127,0.0009127481418199312,-0.0006565715143980606,-0.0007115166097531283,0.010961760597133274,0.004461094259857844,0.027983447305995668
2015-10-26,-0.002002224791566839,-0.000429262105117965,-0.00077206961281548,-8.716353281182712e-06,-6.187492339028605e-05,-7.845629061839354e-05,-0.0024578232585565907,-0.000495692376631447,0.0006205447983640422
2015-10-27,-0.003112183710270938,-0.0005105984673830278,-9.251900102528058e-06,0.0004063898798030923,0.00011137946791658501,0.00010551825939380058,-0.0019319181804875463,-0.00020685278554399746,0.002038326865926532
2015-10-28,0.0012139958815510588,-0.0005602584483984586,0.008057657428390867,-0.0005491134948784925,-0.0012734659176582646,-0.001285361326997062,0.011373998931015095,0.004919633037676173,0.008312455154138254
2015-10-29,-0.004177245422871833,-0.001976409298640829,-0.0011378918407043538,-0.0007519262892454185,-0.0017767407875676354,-0.001838216539783228,-0.0005739920373126761,-0.002722263431618694,-0.0015787677603227301
2015-10-30,-0.00232220822923486,-0.0006667978834021091,-0.005330295619756248,-0.0003229609899874569,-0.0004882856652452005,-0.000600569595385279,-0.004309728866146001,-0.0018962638215426816,-0.004480031027704889
2015-11-02,0.008748682272574035,0.0021611528555673418,0.01345115567260891,0.0002914946390054154,0.0009297196180488665,0.0010985257172499222,0.011831095010943704,0.006154431270492704,0.011294516751859884
2015-11-03,-0.0012813049643697417,-0.0006063598947670949,0.0005996046981123532,0.0001363347311472203,-0.0010155856905320637,-0.0011937781302734248,0.0028990715024490576,0.0007848052883174714,0.0034900722751110003
2015-11-04,-0.004013299000995957,-0.0018764761115452784,-0.002035433408696326,-0.001033155095646659,-0.0016712167189521304,-0.001760985507565242,-0.0030330761263787087,-0.0022716330543359146,8.707397282137208e-05
2015-11-05,-0.0018738933603492658,-0.0006374389495676924,-0.0006998448318868977,-0.0004462798484264896,-0.00029324938727526284,-0.0002867332387733734,-0.000998251822883267,-0.0008990329451430412,-0.002695325697570028
2015-11-06,-0.008840238645067548,-0.0036028600051644178,-0.006178157520769768,-0.0009664463279194639,-0.003468301673749511,-0.0038164844763157804,-0.0005236396508038199,-0.003029352558051813,0.0006976938677067945
2015-11-09,-0.00927841676150199,-0.002971956055641903,-0.01138067424516315,-0.0013298789155528142,-0.0018712890250334345,-0.0020055631641185106,-0.009331387027753935,-0.006293007187306891,-0.010628349745829158
2015-11-10,0.00020735053047639157,0.0005513784739572603,0.002131773194541677,0.00021645948080947452,0.0007918586667956307,0.0008572214191114325,0.0023067951599582415,0.002144387808223837,-0.0025532370237468793
2015-11-11,0.000354249638130859,-0.00011219957859833962,-0.0018519745268337896,-0.00034356180356298345,-0.0002251993198438452,-0.00023366113929155924,-0.003931639789157337,-0.002547661342942881,-0.0012360488997269492
2015-11-12,-0.007944159464218493,-0.002165660385328889,-0.010852286616664458,-0.00064063031972674,-0.0009224285351038164,-0.0010039603804837868,-0.0139599819181917,-0.008131359776103766,-0.009722508023099485
2015-11-13,-0.00786824709182896,-0.001614249247339162,-0.014630629373339341,-0.0010939031821777852,-0.0004372709029931911,-0.0005887205530427648,-0.011228117823151251,-0.005148726205547294,-0.019635852812269983
2015-11-16,0.010118592684568392,0.0030909746613423782,0.014144927577236366,0.0014331096457013504,0.0017396275542882497,0.0018642908325056926,0.0152070325721827,0.009538347134011587,0.014384495309243572
2015-11-17,-0.0011772157714358444,-0.000545704508111115,-4.298286311040976e-05,-0.0002562101463190696,-0.0006829754117447332,-0.0007694241292075678,-0.0007295754384021302,-0.000549172512443618,0.0006284898711765852
2015-11-18,0.00853833799251605,0.0023469027612803696,0.015794454096262706,0.001559198319366978,0.0010739273089576192,0.001179579179877082,0.015865882542936527,0.009247652222616424,0.019194370632695135
2015-11-19,0.0041757153547516065,0.0011187740531809728,0.0005404953062165603,-6.64789316070437e-05,0.0008050000851694524,0.0009127834180911315,-0.0008622014135730716,0.00035538755389202847,0.0007041071073987659
2015-11-20,0.001169748893605929,0.00031871665626624266,0.0066495126314514204,0.0006338731405938796,0.0002669840650016176,0.00034261189862862495,0.0036440628346812165,0.00164898020788494,0.006771690748903714
2015-11-23,-0.003563416230130555,-0.0009891365072105874,-0.0011894903655402622,-0.00035010583901314105,-0.0005242968864312825,-0.0005712895670094116,-0.0011467941909480972,-0.00015764631071813297,-0.0028827771123044466
2015-11-24,0.0005580588467675638,0.00018055309714548192,-0.0008666905253131765,-5.765070938176576e-05,0.00014033999447486632,0.00014107389895568278,0.0013393898922768877,0.0011801424072239114,-0.0008757809993493737
2015-11-25,0.0008087159199676223,0.00039386058292870726,0.0010962811471028919,0.00020852426182308337,0.0002654119456332261,0.0002661662700818518,-0.00014307123282153444,0.0001410815178988406,0.0008765486640143205
2015-11-27,-0.0012755389163481277,-2.23838043487286e-05,0.002750506229765428,0.00037940133797035225,0.00013261038131058198,0.00011577088678416773,0.0011463904005608594,0.001101730608249261,0.0014019439170358527
2015-11-30,-0.0005525464914889031,-0.00046026225903506946,-0.004151407059433234,-0.0005508183858613619,-0.0003914756150330673,-0.0004054921698490482,-0.004151440117888927,-0.0023340750063346183,-0.002537140958695394
2015-12-01,0.007035814653303635,0.0028469045911052398,0.010581791959722756,0.0016945969333752734,0.002248689723466161,0.002382935537191581,0.009535622604604166,0.007838217940227092,0.00999828322401397
2015-12-02,-0.010681343084333328,-0.0038691744604294055,-0.010622577548077761,-0.0014296431664120382,-0.003053178309719754,-0.00333327766801965,-0.010204995720231369,-0.0072357452060478125,-0.006165165527923122
2015-12-03,-0.0076413099689892185,-0.003018896318359946,-0.015528352067275547,-0.002039815365817688,-0.0021264208644498424,-0.0021817839711466614,-0.014002764316180971,-0.012597118400601185,-0.016950689388869455
2015-12-04,0.012594797713644445,0.0041613835226644875,0.020970753415178057,0.0026353572727885353,0.003048293570190367,0.0033711871588967815,0.019502779738882925,0.013117494994035916,0.02337562141942473
2015-12-07,-0.005978372117568798,-0.0016439394216670733,-0.004791038474423637,-0.0005670774288404345,-0.0009278363188939265,-0.001060182229080886,-0.006058545858437903,-0.0023501334833264664,-0.004516065147267434
2015-12-08,-0.0055784272342375854,-0.001686898809797659,-0.002827374861849411,-9.111436924014571e-05,-0.0007583658819953797,-0.0007696543468992872,-0.006719565372792946,-0.003789242488781567,8.715412955728752e-05
2015-12-09,-0.004388849006673932,-0.0010316363548917664,-0.010307938421553111,-0.0011611932881638333,-0.0003798853097448948,-0.00045883910750266096,-0.007779282997833925,-0.004027395197642629,-0.015179485849851404
2015-12-10,-0.0017988226573330312,-0.0009796200229095285,0.001391755832604761,-0.00011227749036117785,-0.00101663079527119,-0.0010693568919153654,0.0025807733893588036,0.0006533871187132049,0.004517804652337976
2015-12-11,-0.010346522743931845,-0.001894835591474999,-0.017320011034848804,-0.0011056622089820986,0.00023494209999597862,0.0001913471364730565,-0.019380715745424104,-0.008284516620262796,-0.023015907337346486
2015-12-14,0.0008240312702412156,-0.0009183318598669525,0.005974868911596298,-0.0004096222103158366,-0.0015329595603556614,-0.0015460986095779256,0.0050523698998024,-6.941950654905295e-05,0.007581708308074919
2015-12-15,0.00574601572047497,0.0014926813255783655,0.008820884304384867,0.00045409694038177004,0.0006606714470106639,0.0007525327835935321,0.010497611014467445,0.00516739413511273,0.0060918058189471935
2015-12-16,0.012309392978489013,0.0029678001044827944,0.01572158175314509,0.0006692778463646752,0.0014893294273906053,0.0017784635249272324,0.01463198592021997,0.007624872164828308,0.01486932144005193
2015-12-17,-0.009822102049967382,-0.0027156492071830846,-0.01287536765440507,-0.001384985871345797,-0.0015233090295299705,-0.0017480741853597105,-0.015238263361951665,-0.0074480233265943885,-0.014563675709065138
2015-12-18,-0.006486046166260615,-0.0010797204090316006,-0.017083765494189856,-0.0006540485603392218,0.0003453092434069867,0.0003043730149960148,-0.017814976458539244,-0.009123822065321556,-0.019182411225283524
2015-12-21,0.005799125790179554,0.0016757487206559985,0.008485278135804467,0.0009527269089228696,0.0010277860043066136,0.001149041022448194,0.008249013979945152,0.00504882689930869,0.011107784576980473
2015-12-22,0.0035552924840951713,0.0007957871700544821,0.007043175740645575,0.0003895479291322311,6.919632084812198e-05,8.663615341466136e-05,0.009074388119839183,0.004204728839673852,0.006573918111820287
2015-12-23,0.008872800471352985,0.002330399203698041,0.00998387693198354,0.0003764793143710112,0.0009277132552516829,0.0010265841954202495,0.012383489904605804,0.006429012637546758,0.007425113774576886
2015-12-24,0.0005191776866149755,0.0004990880922922172,-0.0007286533579502418,0.000349767355502207,0.0006511249889451135,0.0006906931974877876,-0.0016507041935971412,-0.0002459496218668645,-0.0001775371828569572
2015-12-28,-0.002302960946119496,-0.0010013200679439773,1.7243109223712232e-05,-0.0005779086127730381,-0.000720469269918171,-0.0007241612870246181,-0.0022851486947772504,-0.001285928952835445,-0.0005327061237153652
2015-12-29,0.0052559751974398375,0.0012325022090363558,0.012667607215170129,0.0012614229313983485,0.0003736090046802974,0.000486997991162351,0.01067233037672044,0.0042175004143884445,0.015728948191275016
2015-12-30,-0.006503149836898904,-0.0017256483046590371,-0.007105173608513475,-0.0006715393620486621,-0.0008754625681509668,-0.0009773935653655487,-0.0070879019166441015,-0.004095606573108014,-0.009011325004662396
2015-12-31,-0.006647251917829463,-0.0022855227088226827,-0.010702642635231775,-0.0016273518432328145,-0.001368683510733781,-0.0014519327763934595,-0.010003449465332825,-0.005518894149114907,-0.012447835789281103
2016-01-04,-0.009596387360123238,-0.0018131007881060097,-0.016392778384395863,-0.0008305464869964982,2.402171109207068e-05,-3.742444903197153e-05,-0.013979556872744436,-0.006587768922894583,-0.021098007619278825
2016-01-05,0.0014640142883581152,8.977268880942238e-05,0.004010763380792833,-0.0006966950442853081,0.0002741747254522373,0.00046204941882119015,0.0016913116962535835,0.000882733780803297,-0.0017350692193623951
2016-01-06,-0.006150527347625782,-0.0011356402065691316,-0.009348307326670448,-0.0003172117554672482,0.0003462632704149547,0.00038070406902761223,-0.012613770062354313,-0.00498235234871737,-0.0096061136495047
2016-01-07,-0.014553046083173204,-0.004232786765172358,-0.02604388142933589,-0.0038751853208169873,-0.0017756354951451447,-0.0018842737313866653,-0.02399192387400706,-0.013559640002975382,-0.031313300032775326
2016-01-08,-0.006626433544209796,-0.0014275046134725592,-0.010354880117835145,-0.00025478224865712576,-0.0005706683351521281,-0.000742667171451364,-0.010976329501950155,-0.0054893959668990385,-0.008200598606182496
2016-01-11,0.0005897860695048235,0.0002654798725615346,0.002763373647154856,0.0003634794726956022,3.523867979677538e-05,2.0819850675318417e-05,0.0009897478048095376,-0.00071574500001754,0.003076654264508427
2016-01-12,0.0031779811746144946,0.0013029245421598448,0.006508030209308715,0.0019917809594993015,0.0006404257691331359,0.0005484187497745399,0.008068636013279784,0.006608107839424417,0.011597898901974046
2016-01-13,-0.012230381971662254,-0.003263390520864433,-0.02666303198288431,-0.0035898284527004247,-0.0011818132326223967,-0.0013117973656823429,-0.02494083155405602,-0.013174450397708249,-0.034489309518946576
2016-01-14,0.0062841750750993975,0.0020336819536611113,0.0145786731025834,0.0026336780952181896,0.0004972936058587384,0.00038344004476380234,0.016416615555918,0.008759214183506425,0.02129507034654088
2016-01-15,-0.017316451583346243,-0.004352155352523902,-0.022401837724073295,-0.002839964568256556,-0.0012276922440876855,-0.0012774752344390469,-0.021465800352032938,-0.010747296575292796,-0.031036614329599366
2016-01-19,0.003639031586654561,0.0008478177780622258,0.00246481929757784,5.132452437784283e-05,0.0003440652419790211,0.00039159932528206855,0.0013309922862925205,0.00023564486241270627,0.0021816676416384073
2016-01-20,-0.009371168639390054,-0.0020662568377234156,-0.011778433947817924,0.0006469938707719444,-0.0006367125338636571,-0.0007978684566120694,-0.012815130894755167,-0.005437221610196521,-0.00306734625763716
2016-01-21,0.004402527662160603,0.0010763904318736811,0.0037465294801336648,-0.0002106841938511332,0.00041849015988067195,0.0004871629792168488,0.00560200299534519,0.0021993796845001445,0.0009922631900909362
2016-01-22,0.017095600734834956,0.004720658301526674,0.025339599617312407,0.003068291519294345,0.0023204852633236543,0.0025536350405968283,0.020515307562933627,0.011000240048722508,0.028953916843836414
2016-01-25,-0.00771737341873057,-0.0021804217185299084,-0.013245103897951797,-0.0015513842908951064,-0.0006982579229786148,-0.0007029744904492464,-0.015116738304432054,-0.007494676614027992,-0.014840154579556564
2016-01-26,0.01278338854943321,0.004131813757415068,0.013251356479776648,0.0015585584240219805,0.002804595204216104,0.0030713369833034816,0.013643311336955177,0.008255315192726724,0.00899889932135678
2016-01-27,-0.0077081774841574495,-0.0022475092404012492,-0.018181094700834295,-0.0028671433871973726,-0.0012159995697466547,-0.0013676657543090324,-0.010883036760573006,-0.0060665777894403665,-0.024914919779226108
2016-01-28,0.0033354894417776237,0.0010763221141576599,0.0061375615995597505,0.0018546784921439337,0.00015562595682513947,2.5575047902823653e-05,0.005209015985921273,0.003574504966106705,0.01411770116470068
2016-01-29,0.0157159058995349,0.005797873429485675,0.02222146676200932,0.004024492439497841,0.003973636860080165,0.004169648856642769,0.024377382509555456,0.016453453313938937,0.020882677424081786
2016-02-01,0.00010786376347319636,-0.0004007199571870069,0.001260362208673355,-0.0002952594659897742,-0.0003026534677471734,-0.00020245543712098723,-0.00036097478552721274,-0.001160964375671292,0.0026886441755897827
2016-02-02,-0.014347268138871534,-0.0030395316092947508,-0.017685892819057865,-0.0010479727614755975,-0.0005390606045923975,-0.0006797746509626903,-0.018022275708174607,-0.007696123167995566,-0.021644929163691318
2016-02-03,0.008250737451022404,0.0023731736798465256,0.001847428577305828,-0.0005173781618293841,0.0014712361032330535,0.0016186096331654502,0.005994307111416353,0.0030343493346731355,-0.0047969514291545945
2016-02-04,0.0034442197601658544,0.001240854296670468,0.0006997512764220865,0.00040199274021980727,0.0010714231275122691,0.0011621391849068589,0.0015687737017378023,0.0019050966992388797,-9.869434426335033e-05
2016-02-05,-0.010534439536701787,-0.003433671633134901,-0.025209781586857386,-0.004340930383851089,-0.0016448895515991247,-0.0017040844393776582,-0.019049969379175247,-0.010596017012660488,-0.03472667227312354
2016-02-08,-0.011514314691320693,-0.0023312085198125,-0.017240110646719486,0.0001429763750488977,-0.00045522871735947934,-0.0006539810317283123,-0.013461608822700089,-0.005129792572507341,-0.015287593415746925
2016-02-09,-0.006077747192640422,-0.001963266849651094,-0.004860958269756622,-0.000532039382431965,-0.0014877529372507555,-0.0016611847254705886,5.4407395335021036e-05,0.00010582914959989322,-0.0031050546029601778
2016-02-10,0.0032778061887918236,0.0010970048342767791,0.0025482475299582657,0.000498933787093437,0.0009872655083447495,0.001100752295624645,-0.0008629365381068732,0.000695148487022254,0.0038414953966143806
2016-02-11,-0.0029205457019755568,-7.773163193681092e-05,-0.00859558314231967,0.0009985116568725846,0.0011974047397186765,0.001355629128890036,-0.013008210021098976,-0.005859889017669966,-0.0014478061540104115
2016-02-12,0.009988216500545218,0.0018446880685959852,0.016653067035821322,-0.0003281874085105379,-5.2508113374887426e-05,4.6832357758683967e-05,0.02061666324340572,0.00902811923317137,0.015225114256342431
2016-02-16,0.00992849145262022,0.0024575105255576933,0.019464683245561137,0.0010862022283870743,0.0003980674853355956,0.00034387234013383175,0.016878369361825518,0.008863752114382027,0.022546611315895193
2016-02-17,0.011573719105329925,0.003514210412470814,0.017389816388360096,0.001872078312633586,0.0018486536523082617,0.001989056273333315,0.016334821486618578,0.008844644364223959,0.022647703646865747
2016-02-18,0.00046590098573074377,0.0009076385061035233,-0.004355477948877845,6.411102777033029e-05,0.0018050615453070306,0.0020512717572242515,-0.004095819987112392,-0.000652459161519724,-0.01141454739897052
2016-02-19,-0.0007167162507168517,-0.0007619551580721406,0.002126691277772561,-0.0005588495779489217,-0.0007581741043107512,-0.0007431853847531024,-0.0004684130536015685,-0.00028273914868881387,0.002960563455788545
2016-02-22,0.006306540946017805,0.0019462172902685794,0.01422668971366031,0.0013651246613587966,0.0006990138202172567,0.0006536776654707374,0.01447884684824996,0.008343191559138492,0.016235358107126174
2016-02-23,-0.008368269275275323,-0.0023574616785979217,-0.01223926471301694,-0.0011372986128607102,-0.0006218734264592483,-0.0005519640152541155,-0.012629267976418168,-0.006885006812536747,-0.016460119893982106
2016-02-24,9.59491680202767e-06,0.00022924337709593522,0.005454658596834689,0.00098302327170775,0.00025142338152380904,0.0002637929794142503,0.004575220991806406,0.002761872984908259,0.009549292175216717
2016-02-25,0.00908636739083045,0.003159361689447111,0.012816510282205457,0.001212791500935353,0.0022315962430929683,0.002430626289069993,0.012112246986119235,0.008504083247647913,0.009848792028120723
2016-02-26,-0.003907326062452447,-0.0022418614113046765,-0.0024412679630197403,-0.0015293440181250353,-0.0021463746010122443,-0.002218761980289714,-0.002301392397146773,-0.0033101786369930477,-0.001255195274940335
2016-02-29,-0.0005441013050290684,0.00016296797498503498,-0.007534663344607599,-0.00014040130170525945,0.0006232349778785274,0.000675476392456481,-0.007842430054932237,-0.004124513230650212,-0.008991818045595346
2016-03-01,0.0177610895096461,0.004098513159304214,0.02789676375222559,0.0010004271734331623,0.0012668542389554498,0.0015200083418186272,0.023506563519156476,0.011142350044020987,0.03209762794962545
2016-03-02,0.004280084551758646,0.0010953141039301434,0.003359631161476956,-0.0001820785359108777,0.0006763531898795732,0.0008121633151398725,0.004492794996571403,0.002080609078681109,0.0003781984356852064
2016-03-03,0.006246473463352541,0.0021220484559894438,0.001836856017020719,0.00021757527951841573,0.0016829825305231818,0.0018653651046295506,0.003919162978242907,0.0028657374169313806,-0.0018898106394029668
2016-03-04,0.003152578537682052,0.00024225202405975032,0.0014737937741714981,-0.0007907853401579321,-0.0004411139779467667,-0.00042831596906244435,0.00325385500123887,0.0006985908978643617,0.00037869334122309084
2016-03-07,8.155549288258908e-06,-0.0005518408440459489,-0.0016402053465019587,-0.0012574068159491888,-0.0005078134265834527,-0.00042937620668070877,0.0007980838022392245,-0.00028153723818292076,-0.006151047831816192
2016-03-08,-0.007655192786971602,-0.0015877684974904731,-0.00972637663197835,0.00027925738844083,-0.0004067150075836312,-0.0005717058335357521,-0.010917593637426504,-0.004520733889633757,-0.008284420078446653
2016-03-09,0.002299582224856156,0.00025927038974482564,0.0056556737581778815,-0.00014582547810737534,-0.00032984438038707875,-0.00032596550394281554,0.004939559624523193,0.001367110476423239,0.006432935339204304
2016-03-10,0.0007178599493294947,-0.00013155437548030942,-0.0010179023237972017,-0.0006262382695293656,-8.416498801353676e-05,2.0063545842851998e-05,0.0008024687425776111,-0.0009388119017820699,-0.0015263220671479782
2016-03-11,0.012196117116439444,0.0029541022030545906,0.017928709104990035,0.000769640467595215,0.0008900360725933835,0.0009976337162892358,0.016137166139512216,0.008601717957064431,0.017485164659169383
2016-03-14,-0.002563030926152044,-0.0006803440786314109,0.00018821854303348494,0.00025518180612884667,-0.0005220915165577086,-0.00062753711139064,-0.0012822514793230377,-0.0004895933988918686,0.0016904352482376428
2016-03-15,-0.0035884338604771854,-0.0008020340940099403,-0.000702048290482865,0.00022096221273569785,-0.00018258056422359772,-0.0001830142255558977,-0.0016296693728066192,-0.0010621464085579639,-0.0003750011863463687
2016-03-16,0.010993494421428876,0.004817900776368228,0.008296876454760332,0.0030747297423279127,0.0041162301363928165,0.004372759564397733,0.0057872848817099865,0.005578120790029011,0.008909464914162335
2016-03-17,0.006792864757237451,0.002030924317958505,0.005139966458407155,-3.7860088291325626e-05,0.001186802961982631,0.0012982019544807584,0.006343892418577912,0.0042832515931135896,-0.0005579731245621833
2016-03-18,0.0005836501984589648,0.0004152073062019141,0.0013127379061232043,0.0005343307424043803,0.00023239678425993857,0.0001630766444911919,0.003929264722794645,0.0030717743769832647,0.0015671469894618095
2016-03-21,-0.0022224414380246603,-0.0009153717585419232,0.0003035839652284749,2.6582049111558852e-05,-0.0010014495886900509,-0.0011357232558226347,0.0014192407499180604,-0.0002453219672631854,0.003911737206467647
2016-03-22,-0.0016927390717636226,-0.001004675184860629,0.0010102899384979074,-0.0003586782915441834,-0.0007804370291368923,-0.0007456887817506236,-0.0005374693958187793,-0.0011510438952396648,0.0030615427730178446
2016-03-23,-0.008194048083760588,-0.0017792968217313976,-0.007015830660433831,6.255123201311565e-05,-0.0008500471523915786,-0.0011103055552327435,-0.0065994977509272745,-0.0022345697904721613,-0.008231819826105213
2016-03-24,-0.0021147875812386812,-0.0009607527010341657,9.558211355066597e-06,-0.0004481173160027286,-0.0007408390664647513,-0.0007489930410224728,-0.00044281829997039335,-0.0006641434686487317,0.00028010263389099954
2016-03-28,0.002918004989118781,0.0011144407459842704,0.0014813805754122578,0.00019080653251972636,0.0009594953232147682,0.0010584583505336787,0.0005907155896838212,0.0009339197133629649,-0.001398820333031403
2016-03-29,0.01259175281762171,0.00541718706006422,0.014475818869970274,0.0039006672531734215,0.004581636028792846,0.004899768690088151,0.009250028043979786,0.00827519348789402,0.016058438788306706
2016-03-30,0.002727430429318858,0.0008074744894538574,0.0032994584460550144,0.0004717692587483348,-3.6237609664201775e-06,-0.00012412927149895342,0.0043879179614843,0.0021337632307168253,0.0048699211581457735
2016-03-31,-0.0013562024759436048,0.00011231708247224586,-0.000312256121391085,0.0005940586878200901,0.000728588156688905,0.0008033121477386807,-0.002426858448473568,-5.7555886915168214e-05,-0.0014631334347977587
2016-04-01,-0.0012113197402586322,-0.0006420599245394103,0.006684293350616635,0.0006587845772610407,-0.0007169694796611281,-0.000766855581334877,0.006812050965924632,0.0040271973714087915,0.010622997624654573
2016-04-04,-0.002584701768974192,-0.00022011092082600982,-0.0031020684231789627,0.0002655886618032579,0.00011962237609324661,3.686325062280619e-05,-0.0032381663075247147,-0.0015132078398949669,-0.003805904096302992
2016-04-05,-0.007925950004633397,-0.0019425797308846254,-0.009160018287372824,-0.0003472434252900768,-0.00037142855302991714,-0.0003641003991692267,-0.009987615801012595,-0.004516084765178297,-0.009641729027621615
2016-04-06,0.006633874782370001,0.0017010885305443284,0.011410701691056513,0.0012569084394524568,0.00040369985642714864,0.00040164760132716394,0.010921226659080352,0.005753969081123966,0.01644037528126585
2016-04-07,-0.007846137434385437,-0.001716989108199121,-0.011785733158148204,-0.0005592743729683082,-5.6417915147117624e-05,-4.188979885516353e-05,-0.011965960404436427,-0.005257826278674013,-0.014367230547504994
2016-04-08,0.006594732268034864,0.0018092938768605737,0.0018889234278895994,-0.0003010915020621452,0.0008098904784634708,0.0008616931227007907,0.0026963906600532273,0.0009968763225096655,-0.0007335198404704313
2016-04-11,0.0027906876662507725,0.0006319443024605235,-0.002813802847803515,-0.00041125034817476354,0.00045276008073728125,0.0005475353708946255,-0.0023470059146066813,-0.0014825344409980315,-0.003669689129703557
2016-04-12,0.006980068952308264,0.0017484311201108678,0.008522170653251485,0.0002994800322788262,0.0006065617250779182,0.0006983633405642624,0.009312695551786598,0.004006570267323795,0.00837951508518242
2016-04-13,0.0062282564231351135,0.0016352523045005838,0.008255789991931132,0.0006740191608105609,0.00023103459688803937,0.00012044857793478412,0.010101101303976456,0.006384750097814293,0.012784169146282665
2016-04-14,-0.002937347402824134,-0.0010011531620322727,-0.0010395614188185094,-9.848821775786783e-05,-0.0010212568626662094,-0.001181758594921474,4.7905035556849995e-05,-0.0008984263781847274,9.041757901218084e-05
2016-04-15,0.00040583597824580576,0.0007706068471494712,2.100449936080816e-05,0.0005394790797614448,0.0011684733654893863,0.0012731455087440537,-0.001105928493530861,0.0005075418708162322,-0.0025246567235558404
2016-04-18,0.004360158431725264,0.0012398817154688339,0.005906792370508207,0.00029511346328901143,0.0005243930015973892,0.0005677684146418436,0.007027258775711642,0.0038624543315086317,0.005332747275308636
2016-04-19,0.007438064100293253,0.0018284699941107192,-0.0010801642160547312,-0.0008908787778673044,0.0008978194705522176,0.001046294313082789,0.0031537783786781404,0.0012757430587311664,-0.006113663604707442
2016-04-20,-0.0037689318613006693,-0.0019038938162517338,-0.0026591612493286508,-0.000776213914652108,-0.0019996139139410716,-0.002178085180286191,0.0009529542786623768,-0.0014081813905720648,0.0008141813042505941
2016-04-21,-0.004923668178808789,-0.0017935685282471265,-0.005638338765659254,-0.00027117398423365507,-0.0013563394852133075,-0.0014879859096905165,-0.005378408405232293,-0.003920424956299027,9.063823484201095e-05
2016-04-22,-0.0031036382954246367,-0.0009470493923651231,-0.0039510748499903495,-0.0013045603768834044,-0.0005070234967441967,-0.0005150370755283122,0.0,-0.00042822040193083203,-0.01509256833091921
2016-04-25,-0.00071519221250417,-0.0003903182766389457,0.0009317498294305424,-0.0002550520006626005,-8.903486292994312e-05,1.4143656490023552e-05,-0.001722536742656322,-0.0014782347436644594,0.0
2016-04-26,0.0030946126685546744,0.000614976943712178,-0.0005571046232830706,-0.0006986877410567016,0.00021760607069995,0.0002979040331960063,0.001485991975141543,8.293459133656132e-05,-0.004863367864738621
2016-04-27,0.0019763122594043756,0.0013225269320662543,-0.0024489059154615116,0.00020757578643526225,0.001289931506020561,0.0012854970825131253,0.002058362522197932,0.003400999930778346,-0.008022061084165477
2016-04-28,-0.0025366955528911355,-0.00027106764877716263,-0.008858583110898722,-0.0003097530830715781,0.0007036943701558618,0.0008135475295819363,-0.009076285358004643,-0.004175572981298548,-0.012084175706500777
2016-04-29,-0.001059393488186557,-0.0002066549419795777,-0.006110470186127849,-0.0001288538258323325,0.00024053220856961273,0.00030815966599180924,-0.005398647427504399,-0.0034159218755984468,-0.00526921804066105
2016-05-02,0.004114447210365352,0.0009855938489547545,0.010053069742135188,0.00030315568252928666,0.0003947622506331743,0.0005267549760030251,0.007948624180684982,0.003662163824273261,0.009459165852456985
2016-05-03,-0.009334847476801224,-0.001742878023905789,-0.006864578266496503,0.0004474394384802865,4.5264647571784985e-05,-5.128176681224214e-06,-0.008703222382169806,-0.0029596119902402687,-0.009276791657285344
2016-05-04,-0.005117308341544512,-0.0014349160516433628,-0.0018835616187223886,-0.0005331934721775949,-0.00036835566391144216,-0.00029808457625382303,-0.005577949268987026,-0.002650923881446373,-0.006431226800423739
2016-05-05,-0.0002645141828242715,0.00032568742008829,0.00039536719789655926,0.0004093511415530573,0.0005157687884412783,0.0005199365930054772,-0.00019538337008406792,0.0009630332630146236,-0.00028536839747717035
2016-05-06,0.004074111923579069,0.000977575177635002,0.005820673406564839,0.00010941505015989336,0.0006517320566230638,0.0008438637774861961,0.0036589361106267315,0.0012658107281311496,0.005331809475466187
2016-05-09,-0.0027990559272259574,-0.00032628307581372695,0.003639788695389612,0.0006276999415284479,-1.4591334984492832e-05,-0.00011055379112878683,0.0008263072646861325,0.0012502949467791957,0.0028415359839670806
2016-05-10,0.007397084028077764,0.0023899928277784513,0.010409600864231967,0.0011754861303452757,0.0012163145359392123,0.0012484695142931917,0.012433999093802717,0.007384534739543537,0.013694555203460412
2016-05-11,-0.004683624294109069,-0.001680065014868812,-0.011625204939119359,-0.0009202040339232184,-0.0011248501034029268,-0.0012564961963188515,-0.009354483242370204,-0.005027481231866677,-0.009037280416037241
2016-05-12,-0.001993928529071629,-0.0011073048969791857,-0.0005178938499294269,-0.0009211757247672718,-0.0009618849582155367,-0.0009622210083601278,0.000290217350067401,-0.00090900103575136,-0.004419076330180682
2016-05-13,-0.005789007390806236,-0.0014384389054822207,-0.006741457301114734,-4.5427693975999005e-05,-0.0004657083876519331,-0.000533479464832871,-0.008714219023611025,-0.0037183814966027413,-0.0036834611902812897
2016-05-16,0.007058719418705776,0.0016686257312729315,0.010851984276216408,0.00035455290273624513,0.0005494819419898697,0.0006763296025171187,0.009865466898756559,0.004447370206808002,0.012512305706736448
2016-05-17,-0.006193766363047442,-0.0022855955939259116,-0.012448594116826363,-0.0012525146938087658,-0.0016317097491814524,-0.0017802881866896608,-0.00933348068983797,-0.006151456331630687,-0.012544519800747778
2016-05-18,-0.004159253915264637,-0.0028175447556120794,-0.0015148946346052663,-0.0015681452542528986,-0.00330512799450742,-0.0035608871028890484,0.0002928193177917926,-0.003058171106117779,0.0036026287846819827
2016-05-19,-0.004880928710304179,-0.0012682880221670536,-0.005660134926987161,-0.00012699673675820676,-0.0007006224985507991,-0.0008366941677345674,-0.0034647924198999425,-0.0016819307277926216,-0.0051953929464084725
2016-05-20,0.0055178799923221574,0.00194313743303616,0.00853949871617608,0.0011146676961316312,0.0012196594426446914,0.0012839184363772657,0.0063171134183566124,0.004046200559199897,0.011014925254500652
2016-05-23,-0.0015894532445386816,-0.0005123900660450094,-0.0010572335339904745,-0.00018202113130767628,-0.00030081684499309245,-0.00032688345321043384,-0.0013626443593094395,-0.0005649339673659984,-0.0013150116039503112
2016-05-24,0.009082399980197794,0.002299303324146077,0.015726392218043315,0.0007430041811617429,0.0005187550708227549,0.0005171033927237985,0.01296252118622454,0.007135183566054431,0.020032154124934642
2016-05-25,0.005306821119172415,0.0019476407791411713,0.005644579931574582,0.0010386017658407546,0.0010461655975685822,0.0010237351724506842,0.00678288759149881,0.003919048302615841,0.007191375947913636
2016-05-26,0.001883886612605915,0.0010879885992463136,0.0016779212210264168,0.000832482601262557,0.0009152843099214167,0.0008894110593017507,0.000286621033861012,0.001396975159614808,0.0029294065237983613
2016-05-27,-0.00028098596112230455,-0.0005021424015496608,0.004880124592338582,-0.00020352511091575689,-0.0006542529433537292,-0.0006582687581563487,0.004299549479440001,0.0018487977855840962,0.005202626255892628
2016-05-31,-0.004760487638760194,-0.001050181478797893,-5.391450409939891e-06,0.0005980381252267679,-0.00010825093020174589,-9.727951545058951e-05,-0.0019027395379590528,-0.0006886524815026875,0.001906926687085475
2016-06-01,0.002606339340793583,0.0002916145625597006,0.0010156089070209977,-0.0006278419463469004,-0.00020301598635238046,-0.00018644301736696648,0.002049079849596458,0.0011092541632436112,9.081028207424957e-05
2016-06-02,0.0028663606073211366,0.0015756158023858863,0.003051618096336825,0.000983599722970819,0.0013388012195106268,0.0013507836256070353,0.0030436406247988934,0.003067438994625491,0.002084282286500816
2016-06-03,0.006936058333545985,0.0035861511413742587,-0.002340581476952117,0.0014003707574034856,0.003600628132532131,0.003831288589766783,-0.0029871609081955075,0.0018379071885687365,-0.004702756881665993
2016-06-06,0.0012644973087097807,4.9442531735076514e-05,0.002029967320603833,-2.0665464409065054e-05,-0.0004230648438528809,-0.0004799168037946355,0.005088632583009511,0.002036896630949551,0.0036347183717726494
2016-06-07,0.0033454730085381657,0.0012127231299492753,0.0007533284382145791,6.68554800983341e-05,0.0008640530331652809,0.0009120344000796207,0.0015612749159148454,0.0015160214571042128,-0.0025351702495646222
2016-06-08,0.0043378677398631105,0.001555361424524282,0.0032578762627695212,0.00027404260383923074,0.0013654562739595644,0.0015637536249226702,0.0032597517110584118,0.002413836885136522,0.0017244004148333492
2016-06-09,-0.003530589524178351,-0.000755163971675416,-0.0007486794798769498,0.00018865159657722696,4.947572417580352e-05,0.00010711424155242827,-0.001365589092831021,-0.00020754738458150486,-0.0016309437807321414
2016-06-10,-0.012569007479123614,-0.0031869540626221606,-0.00926105910399163,-0.00028699278230837137,-0.0009595098189373032,-0.0010155474948976056,-0.009477632647363787,-0.00427934653448026,-0.01134402490799924
2016-06-13,-0.005368554817945502,-0.0013354121883729605,-0.006360419283420533,-0.0004242202103827374,-0.0001837141510621813,-0.00013355632722864965,-0.007711642454214074,-0.003805194098577088,-0.00835306149982673
2016-06-14,-0.004973339490375014,-0.00143007277979361,-0.0013135335075500543,6.38727474692039e-05,-0.0006404190505685365,-0.0006676718591816245,-0.001967140713863502,-0.0012781158438528615,0.0
2016-06-15,0.004305942652893002,0.0021719694989854746,0.00022634892881613828,0.0009826430922178773,0.002091700230070016,0.0022324290518846933,-0.001393578087444447,0.0004089937315033983,-0.0028696929822762396
2016-06-16,0.0011898476356411868,0.0001087463760187664,0.0035209539200047836,-5.9642676619844784e-05,-0.0002541093569401891,-0.00028777764834033874,0.0029842866611267116,0.002205399187426108,0.0029707422833264996
2016-06-17,0.0031278109583830573,0.0007220959332949985,-0.006464865413054713,-0.0014232581455069894,0.00041714125325180483,0.0005351274947049567,-0.0037244134993009714,-0.003588290765156506,-0.011721380011035065
2016-06-20,0.008910344148717159,0.0020130580240544376,0.005340917541020241,-0.0003241016928428777,0.0002514622948698266,0.0002503001789937725,0.006440178701394128,0.0020728994264315806,0.0062917395919828145
2016-06-21,0.0016590464881143766,-0.00010082725587555764,0.0031707570779028983,-0.0004949476908343581,-0.0008637884706797818,-0.0009847789346134458,0.0028385140058644343,0.000782876364585401,0.0031729434830660708
2016-06-22,0.0006466953313643765,0.0005109606478319482,-0.0019197519940882038,0.0002580056396210345,0.00048389018107591344,0.00046226775359122733,-0.0016309676218767555,-0.00017502060118935472,-0.0024185284587464606
2016-06-23,0.011769163030273411,0.003040262861227976,0.01187098731892151,0.0005956433511443069,0.0008681163158226525,0.0009027370544008246,0.013022371119670861,0.005839022897183635,0.01426679011227261
2016-06-24,-0.03540615451378905,-0.008472205986430895,-0.03246724473987276,-0.0007179157232423557,-0.0009526058100948569,-0.0007482621351859831,-0.03590918832942225,-0.01603748105013523,-0.0411879966289429
2016-06-27,-0.010039677352259312,-0.002196253459707604,-0.014768291002394001,-0.0004715932420524611,-6.554463257957704e-06,-5.045008295856784e-06,-0.0179096351354181,-0.006977268854243329,-0.01984794181990779
2016-06-28,0.015678338875149845,0.004936037577803232,0.020195216507381833,0.0022997513362236106,0.0025910835838306805,0.0027214214347344627,0.01803605880221215,0.010420068281199828,0.021913040748972712
2016-06-29,0.012601879907736495,0.003365061948383039,0.016246586933994535,0.0009539237454867736,0.0014811830435863611,0.0016875025775483737,0.01702746321702775,0.008299484741822004,0.017710412912324447
2016-06-30,0.010865874481132819,0.003817806197038868,0.012138549359552308,0.001731020174572782,0.0024341343518448646,0.0025948520097043666,0.013645433533375106,0.00897486881482834,0.011569909950221335
2016-07-01,0.004096295215284549,0.001616485506369829,0.0028692445502950603,0.0010580432667948486,0.0014267552801181876,0.0015713666951427297,0.002100704904153705,0.0023207048292958193,0.0050215688483117304
2016-07-05,-0.00665984165059934,-0.0012727686960254108,-0.0029142982228662516,0.0003755999931674759,0.0004832575166365604,0.0006387328861549188,-0.007193379914192333,-0.0020455658065927766,-0.006106866182517434
2016-07-06,0.00019221385881360486,-0.0001492668129980653,0.004638542118788763,0.00044434733385556255,-0.0002286137624226244,-0.00020659795602952834,0.005997992856692891,0.0036158797972259456,0.008192290282328818
2016-07-07,-0.0031196014912724833,-0.0013327018021861022,-0.0012749792471825488,-0.00022776276135108282,-0.0012463799963371976,-0.0013826752524917529,-0.0006202056862780747,-0.0009053576364744495,0.0029546912080535837
2016-07-08,0.012093333561322472,0.003824193602658399,0.015239356669740856,0.002445261795113618,0.0023811648295055665,0.002631814945725175,0.014890660013208823,0.00969388210526767,0.01546678823247949
2016-07-11,0.004158163449671038,0.00018644630335059082,0.005663094298088284,-0.0015488676304689173,-0.000778495482593768,-0.0007549807823453562,0.0035269545378808775,3.420472727287769e-05,0.005711703872930629
2016-07-12,0.00464979707321717,0.0006701152203413854,0.003423006519659712,-0.0015355601631993035,-0.0006369745224841507,-0.0007665867844218702,0.007263393570171139,0.0020589553712036406,0.005048137704224631
2016-07-13,0.0014465380598245136,0.0007977720852291503,0.0012104548172898425,0.000666758982779785,0.0009852287091824757,0.0011246093960722036,-0.00013976911779201018,0.0009243728595340563,-0.002421756148705212
2016-07-14,0.0029731357137459096,0.0001468307947403198,0.0002705465013889013,-0.0007267504467990539,-0.0008775373686799042,-0.0010196742406345287,0.0055832742246513245,0.0017583385930645806,0.006833202050137155
2016-07-15,-0.0028162959373600536,-0.001372919675894988,-0.0007831029873732493,-0.001861463773716024,-0.0011491324431486835,-0.0011674845233155544,-0.0013415995229869582,-0.0023110459885116717,-0.001607244660790097
2016-07-18,0.003158381521132928,0.0013168167045187825,0.004256063334033765,0.0012272317942594502,0.0009345243595642745,0.0009744212833502248,0.002687386084167631,0.0015367397365397932,0.006618759704563937
2016-07-19,-0.0028127389388467967,-0.0005006846413694714,0.000264048746015296,0.0004460909650822618,0.0001594659388551497,0.00020943181181628907,-0.0010167586352082258,0.00042038308406724067,-0.0036428505403658384
2016-07-20,0.0025092913726483122,0.00030401491031748173,0.0055601673206150445,0.0008732909972232398,-0.0005334930594615296,-0.0006499882425128189,0.004163126720065247,0.001742616219238388,0.011682662012501899
2016-07-21,0.0005214068138376416,0.0007716753771623123,-0.0008932197586833014,0.0007779381271172774,0.0012006152585178622,0.001347944137020984,-0.003777264561634852,-0.0014446966484694215,-0.0022916721530050754
2016-07-22,0.0019271960978249922,0.00036057655038783355,0.006065335612326258,0.00020014784037534206,1.0905324926309298e-05,4.80964962833718e-05,0.004485087240613916,0.0024257569407132172,0.004152606855648111
2016-07-25,-0.002298243970511687,-0.0012009019879070998,-0.0012444654913800215,-0.0006135917192716207,-0.001107539947198787,-0.0011830818554341026,-0.002715904487123888,-0.001973071931651184,8.778723312952152e-05
2016-07-26,0.0017211000497871507,0.0005718912402671724,-0.0014062645587847138,0.0004638737604826265,0.00031512852373514534,0.00030040175468835467,0.00046160589449750766,0.0005249370495797937,0.0011440142319487645
2016-07-27,0.004221607240395116,0.001939936183791996,-0.0005047116534300723,0.002987386114287974,0.0016207231131032055,0.0016712592521033725,-0.0010608971536224532,0.0010164041484898353,0.006942410503898877
2016-07-28,0.0011276421875395753,0.00036833348279733806,0.005311731769362058,0.0006942845403374056,0.00032156130069229983,0.000397231638381101,0.0011544170239645712,0.0009119581948789424,0.0034910602342717034
2016-07-29,0.005840800984598887,0.0028681971414773345,0.006233936155838196,0.002343978652185115,0.0026719727092953715,0.002885415907096599,0.0016145190569829548,0.00247329386742148,0.0021743486510332755
2016-08-01,-0.002185316998088788,-0.0010038772141390594,0.0028377549984376018,-0.0005654992038876614,-0.0007227304995909637,-0.0006670984089385523,-0.0008288273445368199,-0.001860477455626685,0.005293598764277707
2016-08-02,-0.0037564451873010347,-0.0016237836360611367,-0.010699060293594558,-0.002259233883370302,-0.0012699985536085766,-0.0013606148193348396,-0.006407238740273158,-0.0048451364479221186,-0.007596468386896649
2016-08-03,-0.0007532987717226226,-0.00012126810725129849,-0.00038239408632679975,0.0007798530082276961,-0.00023325320128978014,-0.0003487862253376665,0.002922399049849478,0.0019893257386855556,0.003305305468790598
2016-08-04,0.0019308548827453845,0.0011365011038060497,-0.00023047728670983836,0.0016633094118140282,0.0009067406050509309,0.0008616414229082092,0.0010641929918269177,0.0015871267115928037,0.002861060084532463
2016-08-05,0.0017235544649138168,-0.0007653669234472864,0.005809778207178786,-0.0013647624430139739,-0.0017687419291310426,-0.001886791529643327,0.00817879550820555,0.002556961433748132,0.009596290801271001
2016-08-08,0.0010432744414665684,4.90577185008334e-06,0.00012284272475704405,-0.001166669479526261,-0.00016622872855809323,-0.00014587506839536246,-0.0005956572740972721,-0.0005978551629497453,-0.0011130291978656004
2016-08-09,0.00436683943440223,0.001883476067546896,0.0032131713052741765,0.0026629194992896787,0.001573172440926762,0.001660731115220306,0.0005960122931552014,0.0017884886818901866,0.0023144893332964767
2016-08-10,0.0010218205654218134,0.0007278940206684709,-0.0019588229525555156,0.001022943718232831,0.0007934621662165701,0.0008133203309893821,-0.002475142399702923,-0.00041195359812687166,-0.002565910940384941
2016-08-11,0.0015496824125072813,-0.000561173621493321,-0.00191977933856802,-0.0019365542770091026,-0.0014440696746750442,-0.0016065366672887481,0.00464052572327045,0.0008460843950254047,0.004287823748378994
2016-08-12,0.00011410103372099369,0.0007394658615547754,0.0017834983300022914,0.002313693594858584,0.0009349719942315586,0.000934307474069928,-0.0008686101490229525,0.000906115084301952,0.0006825384756870001
2016-08-15,0.0023875745359257417,0.0003628684555565595,0.0018892362728616192,-0.0007347659926182415,-8.069313095384252e-05,-3.702704492426546e-05,0.0028837182003709216,0.0005514199265942486,0.004266465022060961
2016-08-16,-0.002255908932919979,-0.0011178702667742832,-0.0080195311770537,-0.0022878972049885436,-0.0009550708515135321,-0.0010293252612554025,-0.005157833288716662,-0.0037750715647441604,-0.005522549459945458
2016-08-17,6.165964372261882e-05,0.00020749411842451226,0.002702620522805492,0.0013136500352116946,0.00030829073760859325,0.0003506351363487825,0.0018813001288338072,0.0017723712623580424,0.0017941077775041059
2016-08-18,0.003415433892819628,0.0015213842049626764,-0.0009113888564799495,0.001210582331409807,0.001126795484903355,0.0011218393527416795,0.002244127042475119,0.0020603775094117753,0.0002561611824791754
2016-08-19,-0.004871884986900188,-0.0022790937938146063,-0.0029294644966216315,-0.0021614942559594614,-0.0020308234227551215,-0.002173414802633029,-0.0014624031197932874,-0.0022316452926984046,-0.0002560955807323628
2016-08-22,-0.0008065270558452089,6.486889140952093e-05,0.002439543131711047,0.0014563728823624863,0.000330603857677595,0.00036382476977290677,-4.568742357524691e-05,0.0008654512847417678,0.0007675761645020707
2016-08-23,0.001390597341191948,0.0004964436252540201,0.0013488837282037008,0.00038196616480294703,0.00027765849893413236,0.0002828598015188358,0.0020136254996774294,0.0011722083567028132,0.0017893816352922975
2016-08-24,-0.0033700973378190963,-0.0013044900507563737,-0.005369073765874745,-0.0017239685074549032,-0.0010874644817532582,-0.0012530679282706976,-0.005115060779020242,-0.0032134788888472246,-0.006464688096343818
2016-08-25,-0.0008397684503935259,-0.0005500943313084589,0.000990584726344888,-0.001348153674394631,-0.00041388065970304034,-0.00036247509294989096,-0.0006883886775517212,-0.00105621763226698,-0.001626688054991332
2016-08-26,-0.003921616041560352,-0.002025331087269212,-0.0037151700695647254,-0.002031754251381449,-0.0018572437677293072,-0.0019572157801963684,-0.0018833813128682486,-0.0026686102327106932,0.0014577294262150264
2016-08-29,0.0041201105012104704,0.0019350393675742535,0.005437766274014049,0.0027561466429677135,0.0016919540616419592,0.0018037346932457902,0.004924527140188317,0.004605656187473026,0.0013701732144242307
2016-08-30,-0.0023429289618255808,-0.000686441452183017,-0.002396357756834345,-0.0007642945087301003,-0.000548391924599329,-0.0006803936450406115,-0.0016489808244196658,-0.0010253315459750091,-0.0032496212333037455
2016-08-31,-0.002367458686963644,-0.0008343276921403593,-0.0005850602835881505,-0.0009127236709078479,-0.0005230663563063727,-0.0005306959030153518,-0.002844084981186934,-0.002170669459732999,-0.0010291833191270472
2016-09-01,0.0031550944206955307,0.0012745035660167762,6.28989405948284e-05,0.0015661263073097186,0.0009128654099982718,0.0009185584022105972,4.617905494863628e-05,0.0006557417975117865,0.0025759956678736984
2016-09-02,0.0082231993261592,0.0022608203433068597,0.005654243934066906,-0.0007218487099820228,0.001295918961855811,0.0015205103820607115,0.004507908479487233,0.0016601102199382478,0.0032556098203933015
2016-09-06,0.007536270802151337,0.0030432575207124677,0.006174694779474582,0.0041904231882022025,0.0025785062756331486,0.002824131696176288,0.0030224046755868983,0.0036775812918430706,0.006232574898237475
2016-09-07,-0.0003659936217806914,-3.195041640724483e-05,0.0026095631726348323,0.00029966567177730496,9.286332547397969e-05,0.00012189559763764457,-9.13343988467874e-05,0.00015880818301594601,0.0005937911117872563
2016-09-08,-0.003974753624258022,-0.0020771603669865525,-0.007700402085974315,-0.005365452336021,-0.002015949621338534,-0.0021854122804778595,-0.00228324055840734,-0.0033329228329399925,-0.005851305908782578
2016-09-09,-0.019394208236454914,-0.0066613746717245036,-0.030686070263280473,-0.010823592853318173,-0.004631723232870731,-0.005157650082061345,-0.023934543602889602,-0.01627095294935012,-0.025164191087916676
2016-09-12,0.007047849125845853,0.0025602485497754216,0.014802407609931954,0.005338216186962214,0.0016205770152173424,0.0017409638400111764,0.014347115198165117,0.00891217060294221,0.017938500518914102
2016-09-13,-0.013882053470353706,-0.0047103460219004665,-0.01641769094428202,-0.005618838164148627,-0.003295745597705687,-0.003646242938294097,-0.014375445126395103,-0.010091176927559451,-0.008940154527217414
2016-09-14,0.0016889600930531097,0.0010529499398347893,0.003115700440423346,0.002898410137106106,0.0010402637306549437,0.0010939431987283966,-0.00037535928418819253,0.0006879487593789262,0.004770548805854258
2016-09-15,0.006510175419705812,0.0024840466470563223,0.009821376708755495,0.004097513081521331,0.0014234150686602636,0.0013950782240591036,0.009993175786680242,0.006063069933286908,0.015538930911322524
2016-09-16,-0.005169937856852694,-0.0016676617277992481,-0.000791716920905474,0.0006790816733932471,-0.0009221445498698562,-0.0009472999004293647,-0.003865662271813619,-0.001877386629702936,-0.0004775505331117147
2016-09-19,0.003075429974706654,0.0006115367618703819,0.0017852839645322188,-0.002041898342346388,0.00032763476485396775,0.0004617843903801659,0.00018774433141088842,-0.0005774281707642525,-0.004348106328590728
2016-09-20,0.0006300280366981622,0.00013520485440444302,0.00018171145962024386,0.0015280026330207563,4.551761561956527e-05,3.9965346983733725e-05,4.663423870732153e-05,0.0006450170371007266,0.0018838763963995309
2016-09-21,0.011475008294940749,0.0037199728354829847,0.011295818111287308,0.003973268263869767,0.0025373575199491927,0.002838743055844377,0.01124586224151547,0.007367015148099201,0.009829275964966522
2016-09-22,0.007549990219029995,0.0023987894259080737,0.011513875233283786,0.004648802883470924,0.0016764236558528705,0.001905562813511177,0.006301237083051525,0.004965216996190318,0.00795587177762691
2016-09-23,-0.0038428138552905216,-0.0007186110218644765,-0.002476113335062392,-0.001167226690504918,6.14478490632204e-05,8.003513749737674e-05,-0.005479551230315627,-0.003109339723398224,-0.006381725928831017
2016-09-26,-0.005343800937693929,-0.0010075931855683157,-0.0040529143692317506,7.900509630512748e-05,4.475165853498652e-05,3.011104315655629e-05,-0.008102308939656577,-0.003700346872361697,-0.008366431801906993
2016-09-27,0.0016883979615077431,0.0006427002764587855,0.0009787437505685039,0.0033242734309634455,1.2388471852737956e-06,-0.00019506727953080594,0.00620826787158002,0.004385892650412961,0.00988567769627946
2016-09-28,0.004703091089167484,0.0012873990970463922,0.004910921864728534,0.0003413023889918738,0.0006257336854569137,0.0006969045805320316,0.004963405421776423,0.002784274968958909,0.0016878068528347612
2016-09-29,-0.008096574121423925,-0.002196973970128736,-0.010014014550967433,-0.0017419393393977027,-0.0011544570144666005,-0.0013399813052111455,-0.009047253209025996,-0.005163382137421202,-0.0072450381011544
2016-09-30,0.0032749478285312595,0.00024682117624495113,0.0018243334163288967,-0.00018393366523049472,-0.0006773022722135467,-0.0007550412418979343,0.007546177976708979,0.003489791695505712,0.007467790136453267
2016-10-03,-0.0027750119085154187,-0.0012182623034555137,-0.008374422149958335,-0.0025948224403843354,-0.0012916317303583967,-0.001516032776068973,-0.0024041453995813367,-0.0023731864420984197,-0.001431887618759009
2016-10-04,-0.007358305596379215,-0.0032123419540556627,-0.006929859673320316,-0.0040851577644786165,-0.003267394518961012,-0.0037504184800700494,-0.005097770052679196,-0.00488792368585894,-0.0015185779427636659
2016-10-05,0.00048315324856071547,-0.0005143477788934084,-0.005426558830386284,-0.0013381827521233443,-0.001176556352529023,-0.001386221803778398,0.004425352155110751,0.001742987596486318,0.0035483697204405917
2016-10-06,-0.002670427177819512,-0.0009476350825294855,4.045502278859914e-05,-0.0016996632451843352,-0.0007945754480344069,-0.0008904508378539955,0.0006954606546427655,-0.00041371521741384587,-0.0005054219806192028
2016-10-07,-0.0031097938637229625,-0.0005867653990417627,-0.002242075888550784,0.0004407421232248567,-3.533977216710797e-05,-6.443378753493989e-05,-0.0034295926197431825,-0.0014818950461331205,-0.002189458692593238
2016-10-10,0.0035451978719054722,0.0006462872436812261,0.006057056715073354,-0.0001488782777536769,0.00015002465938937515,0.00028124696327172613,0.005208456669105299,0.0020728500987299324,0.0063305667698276835
2016-10-11,-0.010851635441197136,-0.0033952044003132073,-0.012099556725601087,-0.004159496820817119,-0.0019587666801830364,-0.0021370346207,-0.012629526397926139,-0.007703451805157641,-0.014259373112958773
2016-10-12,0.0007530897019786093,0.00032730483278119307,0.004531352844098961,-0.00023412088813987215,0.0004807444725399637,0.0006269246889570963,0.001311999225792837,0.0007850800982870577,-0.0008510101455694308
2016-10-13,-0.0011539401669335265,8.927356827012658e-05,0.0011011911802210682,0.0005283548894911918,0.0006008196462074418,0.0006988693827830643,-0.003275365922399187,-0.0011242339431116787,-0.003576869742535349
2016-10-14,-0.001065734232834385,-0.000726840270263517,-0.0012287555607897876,-0.0019058917456493928,-0.000891028696357686,-0.000987748472170609,0.0005166242018181944,-0.0009296233982365412,0.0011967094467615347
2016-10-17,-0.0007728206171001453,0.00043740541718064054,-0.0008920952167632347,0.0008292907468994124,0.0008257348067532695,0.0008532981527478636,-0.0034723130465811325,-0.001202537833868147,-0.002731787606371272
2016-10-18,0.007905833462216311,0.0027109365239529675,0.00734782243599626,0.003883046119016203,0.0018144039432434066,0.0019518062475801716,0.0062621320711366835,0.004540788234061932,0.008902350268553016
2016-10-19,0.0025135844335642064,0.0008008650356521677,0.0013670287113954909,0.00030417490102323155,0.0005861232555578489,0.0006746945892268515,0.0026673798853438235,0.0017765291135444917,-8.457845261067298e-05
2016-10-20,-0.0013313964145797949,-0.0007905967012334535,-0.0017595157425923504,-0.0009816707478387597,-0.000754235506969973,-0.0008025415222546314,-0.0018668015264278193,-0.001479956142200886,-0.0011881472080513822
2016-10-21,-0.00031528518037706756,0.00014238929189716682,6.677257444124597e-05,0.0018144640109333935,0.00016115180992511434,0.00011843283895157638,0.0004676567880366189,0.0007157417984451782,0.003738262270538195
2016-10-24,0.0020216622425328853,0.00034835883297746495,0.006535191997853273,0.0023288279755763076,-8.795262885518043e-05,-7.077923622467656e-05,0.004252702194362579,0.001999177089868021,0.012018662191028318
2016-10-25,-0.00032882931619798716,-0.00012630942677003239,-0.0026537838437879846,-0.0010145863115384106,7.277653035611636e-05,0.00013346754770787318,-0.003350504641907337,-0.0020809506300356003,-0.0031783945099739253
2016-10-26,-0.005536607884538178,-0.0020874461512869584,-0.008375698442385207,-0.00345405608223048,-0.001712962211264585,-0.0019157115628673465,-0.0020080008015651574,-0.0020732845014099915,-0.006795847638046637
2016-10-27,-0.004832920247327225,-0.0016690760670938776,-0.012880480439972851,-0.00375278800964906,-0.0015070621909745521,-0.0017818619685454617,-0.0026667547197570807,-0.002978531572021244,-0.004561380883234656
2016-10-28,-0.0002805999902497322,-8.258053189543209e-05,-0.0021856004326106107,-0.0016040320922102245,0.00015383015393097228,0.00022936003422147083,-0.0029553469282589395,-0.0016972095230397802,-0.006279888498256447
2016-10-31,0.0025002137812800296,0.0013205218408121314,0.006115047437676543,0.0003348943387582982,0.0014381966510737506,0.0016356324529680755,4.699327130341935e-05,0.0003569651753707406,-0.0009394687884415331
2016-11-01,-0.005165512757045143,-0.0016466654331825758,-0.013196661380689369,-0.002039280049532508,-0.0011198197949720441,-0.0012999267364293304,-0.007245114043275103,-0.004317429204405973,-0.007521770985748022
2016-11-02,-0.004674636528387566,-0.00084753117853116,-0.010248983509129166,-5.4830921962620366e-06,-9.345492075450971e-05,-0.0002008763989831627,-0.006018700572377189,-0.0023758404656294262,-0.00800958968220411
2016-11-03,-0.0022946081132794957,-0.0007202752815528251,-0.007934625264732697,-0.0031220339394951455,-0.00036656040839115524,-0.0003949122074373614,-0.004577201752881677,-0.002977044458612987,-0.009810930504875137
2016-11-04,-0.0025016804562649764,-0.00020493717275826828,0.0015420898503897273,0.0005347689399073374,0.0004922194576522099,0.0005661558432783487,-0.0011015942564422954,0.0005595586800621888,-0.00350703708839184
2016-11-07,0.011903420576714407,0.003119287977925164,0.02090267667033599,0.002507657896262875,0.0009458558737216534,0.0009877541008493688,0.022057038842749455,0.011543000475043213,0.02375703407208074
2016-11-08,0.0025313050244725435,-0.00011089469534550638,0.005607229276967553,-0.0008144234029494669,-0.0007179246269395304,-0.0006644790771604624,0.004504143146115247,0.0013269627899463326,0.006531943504572313
2016-11-09,-0.0044259568649584625,-0.00303342546155543,-0.0021124232262403056,-0.007547055539364903,-0.003373617550987267,-0.003482782879527883,0.010601598422056435,0.00045404931227392437,0.004611195266847945
2016-11-10,-0.009574051062899868,-0.0035616052869399555,-0.012620618785915357,-0.006739394061055434,-0.0029580813249137946,-0.003298706413421258,0.0024959055291584598,-0.0007967813363079883,-0.016149729414120517
2016-11-11,-0.006543608813223063,-0.0020562408773140205,0.0020732730029832964,-0.0010037590120940414,-0.0014427206822039658,-0.0016159068337170347,-0.0023050197438978515,-0.002206967192959991,0.00043208228607216626
2016-11-14,-0.0024200026962364323,-0.001930977816205985,0.005490045018602122,-0.0056126634397874985,-0.0015073110031250886,-0.0012810327062684824,0.000785471112595193,-0.001743357078493517,-0.01010372193814979
2016-11-15,0.0060075743523301485,0.0020161115862331676,0.003691531111319285,0.0030064996889087136,0.001038688165241556,0.001035873692348986,0.0078029267471757535,0.004812995574027201,0.013870705600231403
2016-11-16,-0.0037151319039272586,-0.0010479288369651476,0.0008305165874660568,0.0017301268964262635,-0.000604711137481567,-0.0006759729857644121,-0.0018785131055941706,-0.0008043325489520776,0.005937371447453987
2016-11-17,0.00044661867308711726,-0.0002683848111970856,-8.724295352308726e-05,-0.0008215769390996201,-0.000857972907472351,-0.001010618881861672,0.005140307708255687,0.0014923706758035364,0.0072701396548660036
2016-11-18,-0.0047940664828303205,-0.0020743940490032062,-0.0008152997398881547,-0.0032993382552543773,-0.0016127175634141646,-0.0016527978105486303,-0.0022371339099126475,-0.0030693031199284775,-0.003736328478548989
2016-11-21,0.005822647890242299,0.0017314412192477174,0.004521223991250367,0.0026557682434389775,0.0007855136008901315,0.0007997538440277784,0.007551463387349688,0.005010675134720081,0.010398909963424297
2016-11-22,0.004971129953835492,0.0014493571399253433,0.008486600896244716,0.0010971067142654385,0.001056739373043741,0.0012636066767201415,0.001953213452483782,0.001572802202322102,0.0030372750092046985
2016-11-23,-0.005753878337091839,-0.002372343438439726,-0.003187425057328579,-0.0029225527335291026,-0.0021400814211798925,-0.002380385229392721,0.0005440127011899776,-0.0010164704560669917,-0.004037437205148597
2016-11-25,0.0024711902950155856,0.0006167472038026206,0.004322072657082434,0.00021572969823349645,0.00018821198999458797,0.00020720234156608886,0.003715344928309605,0.001995504160307071,0.003209192704200392
2016-11-28,-0.0008622341777403997,0.0004763668497173308,-4.8537208082218075e-05,0.002056921119855884,0.0011417706431715781,0.0012737123022747313,-0.004694904979130388,-0.0012226619410912855,-0.0022726955670306914
2016-11-29,0.003325895382700248,0.0011472425224786996,0.005571517883806419,0.0013281373677356892,0.0007796652010776312,0.0008437175811004087,0.0019504524461331219,0.0016063662272677451,0.00345892776407708
2016-11-30,-0.004948895032812968,-0.002346563268908657,-0.00987351973222364,-0.0062560230231549895,-0.0022700979777841254,-0.0025208243461804646,-0.0023993492599222455,-0.004022248991528286,-0.012106868269338378
2016-12-01,-0.0063819727640546855,-0.0025832681180435126,-0.013468169513698065,-0.005862119207330214,-0.0020490907218753407,-0.0022291499366178533,-0.0036755000606452093,-0.0037278903502578073,-0.017276915775964907
2016-12-02,0.0038105702478686164,0.002157649590827871,0.0048537989968137785,0.0030738819476973755,0.0021141878115409143,0.002254074203741124,0.00050118929722065,0.0020016515853501743,0.0019923559540222513
2016-12-05,0.005993665250689693,0.0017462735245651019,0.007254290806427943,0.0014555148457999407,0.0008266768634941138,0.0008705083791151539,0.006008493420335936,0.003598367882112058,0.007778440129000197
2016-12-06,0.003563076774035334,0.0009410153849498393,0.004165092756077238,0.000656174829972711,0.00047367420462562926,0.0005453946531144283,0.003167727709787238,0.002004234458635512,0.002401349393676311
2016-12-07,0.011306874508193539,0.0039915624715599115,0.01567689079570625,0.006596270444916587,0.0027722884898481854,0.00305020564873794,0.01308069062629369,0.009185859926452404,0.012662659383389396
2016-12-08,0.00015086811637975899,-0.00022713356705316817,0.003968117059209756,-0.0017574081377592758,-0.0002914893038502977,-0.00021954520794268708,0.0024484719484172413,-2.854623657893695e-05,0.0017740931087104617
2016-12-09,-0.0002835790766169032,-0.0004743152025065432,0.0038813672033279896,-0.0014156596020153279,-0.0009119186058025216,-0.0010244381835929673,0.006040282144361253,0.0016197540321946933,0.007843620320165057
2016-12-12,-0.00047263765334774974,-0.00029102460922079856,0.0006245199827287426,-0.0006164231890115299,1.175855257158119e-06,0.0001298681344025474,-0.0011477315027685897,-0.0006214673579984722,-0.004518902305177153
2016-12-13,0.005180601456092844,0.0015290405790992475,0.0061386041185584475,0.0034201846709405815,0.0005724193010855108,0.0005391408384121215,0.0066742843568607935,0.004275212240004316,0.012609533198010059
2016-12-14,-0.012727009617139854,-0.005686965742604573,-0.011249409709603775,-0.007588354756280937,-0.004883869405714822,-0.005267274349790199,-0.008253926663578492,-0.00827630840546631,-0.0020756673111812507
2016-12-15,-0.0017057163229487289,-0.0010559007558603572,-0.0008687674929202143,-0.0013188630886876251,-0.0013649760134691166,-0.0015723083969423162,0.004116617943888512,0.0014096278336190825,0.0015808046469518722
2016-12-16,0.0022500256448593154,0.0011332081346807116,0.004032413121494404,0.0004122194905541647,0.0013531912616398158,0.001593654217493765,-0.0019555737199062895,-0.0007027417830631336,-0.00370715615874051
2016-12-19,0.0012227398078302183,0.0011484629926437192,0.006380599412072427,0.004461533845191388,0.0014431113585520777,0.0016041936737271282,0.002177415389147175,0.0031365012163418714,0.004096986051353779
2016-12-20,0.0012714865600921422,0.00030629696164310294,0.003211527749732674,-0.00020729948787374347,-7.922618568040053e-05,-0.000127215400249312,0.0038575271516656517,0.0015204004032333069,0.0038306920081327966
2016-12-21,-0.0017539977834829833,-0.000238850743652987,-0.006934542598928525,0.000153649087321546,-0.00018235446357120618,-0.000379274504654502,-0.002782818034581691,-0.0010592648256171756,-0.0007467523128117382
2016-12-22,-0.0029423111683434338,-0.0007505528355633383,-0.0021464188611823396,-0.001062124221269552,-0.0003605073977334877,-0.00041697406632382216,-0.0017271108249377054,-0.0012211640615221633,-0.0028223991467187792
2016-12-23,0.0022266894511153114,0.0007447053151781653,0.0015968224106138876,0.0010155443526070986,0.0005450718754989576,0.0006123308639457261,0.0014639480238947122,0.0012679954038390252,0.0006660054500227108
2016-12-27,0.002235788667854291,0.0003437078615829669,0.00340709719668746,0.0003344016005563907,4.999559923047995e-05,0.00016055862551547708,0.0024812567881602465,0.000946077458539193,0.005158039189341546
2016-12-28,-0.002292724475145395,-0.0003504648025519928,-0.00718888714702904,-0.00011097149541199495,0.0001557904965829577,8.862470180876263e-05,-0.008264776821194753,-0.0036107275210490327,-0.007780157559677869
2016-12-29,0.006395470777118673,0.0028169931553050677,0.0043303524906132046,0.0021775731649042083,0.002586299977199927,0.002860239442483793,-0.000222510424189859,0.0010726996313662233,-0.0014181968108973875
2016-12-30,0.0001936867354545553,0.00044002966754359027,0.00023415981830086485,0.00010425300592038893,0.0007324131965868049,0.0007947176809669381,-0.0036549394492055853,-0.0010466606687593088,-0.01027493994736639
2017-01-03,0.00494455626051896,0.0010568902875885793,0.006384621669982975,0.002256083504691189,0.0003655030446444513,0.0005238780217069728,0.007649786532923697,0.004435271432505524,0.008946724048378485
2017-01-04,0.006127963629836818,0.0021906361472530246,0.009255379456560294,0.0029055148235000027,0.001642685978588459,0.0018630250185402365,0.005949098798713637,0.0040587334711211145,0.005437516398110631
2017-01-05,0.00627646149672541,0.0028140969697111164,0.003389744615669461,0.005425750207046362,0.002490090595539785,0.002679110264279304,-0.0007943025334659071,0.002061344362912637,0.005657682476124748
2017-01-06,-0.0014093994853585645,-0.001196089202036843,0.0042566088955473536,-0.0011074090942408965,-0.0013999150920679382,-0.0014534521142646195,0.003577595070593409,0.0003163266222405703,0.008769817297998195
2017-01-09,-0.0008773987243272399,0.0005124333247570414,-0.002933254457274273,0.002691570373028721,0.0008311403480173783,0.0007887292154829529,-0.0033005214789536552,-0.0004715639903381879,0.0032805948010785624
2017-01-10,0.000506737273607484,-0.00013355021820199797,-0.0024728914738004104,-0.0003468398675836551,-0.0003525592462215818,-0.00038953643169500044,0.0,-0.00018953708200656138,0.002207193961777376
2017-01-11,0.0032464516411263903,0.0012959099429358328,-0.0007640013029224359,0.0010737818275727634,0.0007873113600310175,0.0007461066296699324,0.0028256909863553226,0.0021513321723464025,0.002691600147955331
2017-01-12,0.0014046474841239189,0.0006712264296600656,0.000862757359470252,0.00028933199122033876,0.0007163569440618667,0.0008094868805701883,-0.002509636398378201,-0.001280770503121277,-0.0015457056888433796
2017-01-13,0.0011424962664078478,-6.891546547083939e-05,0.0012812288795181859,-0.0007013685924046601,-0.00035288154486387026,-0.00031726369357543816,0.0022955323647322334,0.0005063853287641142,0.003421959098443228
2017-01-17,0.0024367295155158413,0.0015935526212573715,0.0011058818189839718,0.0031006611764978083,0.0019427100071528964,0.0021718392306541478,-0.0035233073714073804,-0.00011178745511037898,-0.0030044094237344776
2017-01-18,-0.0027388216348359744,-0.001869868163957685,0.0019306804705947638,-0.00415205737925073,-0.0019180826145278565,-0.0019589698646351925,0.0022095783147286774,-0.0015156074307935738,0.002036044882217203
2017-01-19,-0.0028891382477237277,-0.0014332754840535003,-0.004958233062230264,-0.0034207832952474703,-0.0013392432840393883,-0.0014505788471600779,-0.003704462118586549,-0.00374402996482851,-0.0004875176236397438
2017-01-20,0.0028872682275097516,0.0013346174965837268,0.004481933353864895,0.0013947236210857194,0.0011344518202976999,0.0012375355630976166,0.0036740472869940533,0.0023997392106393724,0.0021955943553546575
2017-01-23,0.004966420833158474,0.0024195889975414824,0.0031234065445608543,0.004222868616986206,0.0022365504055496263,0.0023792646033841615,-0.002602301600942547,0.0005210213387019755,0.0008114969844108533
2017-01-24,0.001449183136380535,-0.00015161992697259252,0.004098459674517335,-0.0007983751328109756,-0.000698982580836881,-0.0007196094472520611,0.006412058905862494,0.0023308725534420625,0.006728835168780201
2017-01-25,0.003535715533548908,0.0005315264588292081,0.003234043849787353,-0.0011466045094511517,-0.000593536676605346,-0.0007359608894315293,0.008655322387599584,0.0032473444841059655,0.01006574391174797
2017-01-26,-0.0031772250654964113,-0.0008147851575114645,-0.0005339309052801301,0.0010053922788396269,-0.0005168827454632627,-0.0006627651006455616,-0.001045095721777356,-0.00010473799164365925,0.0010365396449159014
2017-01-27,-0.0005914883084275239,0.00014511893877776425,-0.0033258003171420074,0.0006380714229758499,0.00016028095561334383,5.702941930808598e-05,-0.0015703292811806158,-0.0004598388738656508,0.001911515472286407
2017-01-30,-0.004703449771523221,-0.0014779669015051074,-0.00708888908527177,-0.0026634708314641903,-0.0007405722887147707,-0.0007768862901958921,-0.006201362037498437,-0.0038630706700414808,-0.007790328449099326
2017-01-31,0.0035319966164682505,0.001534212983545628,0.0019508173909061517,0.0022811289607999755,0.0015718308237448748,0.0018068992045950035,-8.8053071647054e-05,0.0013113465032143778,-0.0020028663056741447
2017-02-01,-0.00028031759013562486,-0.0004945647411160792,-0.0017656280689817738,-0.00037646325164954577,-0.0008854119141512827,-0.0010431291129055307,0.00039588337499041337,-0.0005235841599477692,0.006903734302744491
2017-02-02,0.0022612436786848306,0.001007350305321674,0.004361752169229921,0.0008107293693119444,0.001076188336802944,0.0012712681426817406,0.0006587121253209816,0.0005490536374486946,-0.0008768273943435823
2017-02-03,0.003403626707973581,0.000950202466935605,0.004682193635439533,0.001705177042981595,0.0005281357604116666,0.0006323742062835302,0.006892856808631942,0.0044596740587158675,0.00287240692071955
2017-02-06,-0.0003646708310200255,0.0009868843822937387,-0.0005242861682551764,0.0033463502628173717,0.0015501999582690448,0.001652445794115912,-0.0017877465703101114,0.000806328144972544,0.0011936781303594213
2017-02-07,-0.0005296950443836046,-0.00017438343549658342,4.388828799428701e-05,0.0012747340356111803,-0.00020234517899730964,-0.0002678926127770431,4.37611497823287e-05,0.0007421278054726699,0.0036557525849063577
2017-02-08,0.0034834885481187247,0.0019868062306404215,0.004074652010095384,0.002872089574432844,0.001948042286155461,0.002080412267662672,0.0013102942513709692,0.0024177013057531845,0.0016628837817043163
2017-02-09,0.0014836193298079974,-0.00046924316261302113,0.0036035015642747557,-0.0021440015813932005,-0.0011203589799335836,-0.001136391811042879,0.0059329301800554735,0.0011679110321652602,0.0036362611469848982
2017-02-10,0.00292851426684934,0.0008465339742711818,0.004946658302986744,0.0006628182400628718,0.0005358321155410875,0.0006584424261865459,0.003945952308105349,0.002109867528389661,0.003307832147907197
2017-02-13,0.0018482800323289944,0.000321397465165671,0.003490427571267317,0.0007949042598595158,-0.00023326925360432065,-0.0002908833493313212,0.0054427124913229985,0.002677151073910524,0.005652805116191928
2017-02-14,-2.9724266434349476e-05,-0.0006618923707910084,4.9433698610597946e-05,-0.0010350464504715194,-0.0009613783583925699,-0.0009794043496561173,0.003995473861765353,0.0009851257577424607,0.003356554234194453
2017-02-15,0.0026481682440452135,0.000505060555239137,0.0020925612688615916,0.0006145322119699519,-3.0463122469229683e-05,3.6418343833062366e-06,0.0052203875656833265,0.002413484071957242,0.005913186707818818
2017-02-16,0.0020786202542277797,0.0012419294422379983,0.002031858001450532,0.002138755757664586,0.0013326492119445472,0.0014402401327729976,-0.0008514696262919008,0.0010577993195417927,-0.0003095101592489602
2017-02-17,-0.0006850888803029641,0.0004734411171105971,0.0028195787769040226,0.0026240446479537196,0.0006630389002813099,0.0006196612672448467,0.0015764212007349787,0.002005848297616304,0.004332657398052442
2017-02-21,0.004176272574506736,0.0014259564159673365,0.008242572259535817,0.0013501236204183991,0.0010071981523509283,0.0011688610570352587,0.005955146449862836,0.0034254373975695254,0.004930319047903531
2017-02-22,0.00046564972182511064,0.000365104891960617,-0.0013369887101929733,0.0009192998243735313,0.0003255409249819759,0.0002929643369408827,-0.0008881791801034211,9.36276310669605e-05,0.0003831978267361258
2017-02-23,0.0020989742907963705,0.0011777741854832045,0.0006905098223578374,0.0008229501192255036,0.0012830944800271966,0.0014269795978651136,0.0006772701404982318,0.0014547407045863423,-0.0037547235788656375
2017-02-24,-0.0010797832853174146,0.00044631583487836487,0.0029021109924767634,0.003154474399283065,0.0010195951725899056,0.001117332466322357,0.0012688811811096823,0.002593711700477679,0.0019230996798005329
2017-02-27,4.94111983084692e-06,-0.0007304235613366141,0.002909924521160438,-0.0016975137830972265,-0.0009204729187077273,-0.0008840047073249862,0.001562895202211756,-0.00046265664988083544,0.0012282589418564083
2017-02-28,-0.0027767001495144,-0.0012044183939668674,-0.004517887236649322,-0.0012260818164510049,-0.0009350811183390668,-0.000998793772923057,-0.0026990726184557,-0.0018255922865314496,-0.003067036466963713
2017-03-01,0.00537729109880333,0.0007520089266274422,0.005954212100626051,-0.0003530563627242051,-0.0006025042530279088,-0.000596820956499951,0.013997159088775302,0.0057580160339014315,0.010921413416686399
2017-03-02,-0.006541903116118235,-0.002961257604257335,-0.0054333702683195245,-0.0033943229663538138,-0.0024576052633830964,-0.002644903304726946,-0.006297443901086108,-0.00496466690648073,-0.005021215018968794
2017-03-03,0.0024467588363592196,0.0008780243128880736,-0.0006804047691907237,0.0010045000758232964,0.00044222671458441924,0.0003877097573486934,0.0006296425514913384,0.0007570318924661221,0.0018350316390776111
2017-03-06,-0.0028967488289903384,-0.000841145411842407,-0.0032752919860727435,-0.0008250857319412092,-0.0005840801739137717,-0.0007238544194397531,-0.002977856578023519,-0.00189409021218342,-0.002213325430596824
2017-03-07,-0.0034363898039850393,-0.0014520486679313483,-0.0031638600875861424,-0.0014835372523913284,-0.0012391631824233626,-0.0013802463589260689,-0.002986974867654979,-0.0023821322227566416,-0.0016828076349628684
2017-03-08,-0.005075215972251255,-0.0023809306342539665,-0.006927615676987115,-0.0017791962851778232,-0.002301083222698508,-0.002562484926746487,-0.0018564788225381434,-0.002440115119012933,0.0017622360926086156
2017-03-09,-0.001689057410523942,-0.0008820861932659074,-0.0041854617070221645,-0.002037112219060555,-0.0011719005720809417,-0.0013890700055698701,0.0012681625864177093,-0.0003745756197530703,0.0007650691634850659
2017-03-10,0.004136752649446012,0.001743321209446962,0.0017473571497844066,0.00279650066091336,0.0011620778097196406,0.0011433833677793517,0.003504346817920556,0.0029520357470838206,0.004203357049060941
2017-03-13,0.0030712600659445373,0.0004297825380582974,0.0015847619788972528,-0.0011378799183686217,-0.00011819064302854205,-6.170407136846908e-05,0.0005046590726425215,-0.0006933471869003257,0.0016743546801887277
2017-03-14,-0.003950771344483096,-0.0012296495634722272,-0.0021644176061615455,-0.00013558151028928168,-0.0006783003673082709,-0.0007546544324745524,-0.00382654280708572,-0.0018818036370952052,-0.0024316295536230825
2017-03-15,0.013270470754837968,0.005991587143545127,0.011217099219965151,0.007956338226399875,0.005124857342859623,0.005520831661375773,0.008653403049029729,0.008697628163204851,0.006169749805550406
2017-03-16,0.0027769935494286998,0.00014505247752064632,-0.0014450812027307581,-0.0021036049559797396,-0.0003734394157215298,-0.00031527911428441365,-0.0019668838869473237,-0.002286733636049699,-0.0006812146090369176
2017-03-17,0.0010294284442219429,0.0008088509748719843,0.0007916863870107886,0.0016411270731022329,0.0009338745395821604,0.0009931267365375829,-0.0017561730473244497,1.3808297785808528e-05,-0.0003493180836207088
2017-03-20,0.0014400947580143248,0.0009526492166184737,-0.00021489231254578824,0.0018532369785058233,0.0009460202547627143,0.0009695425802167145,-0.0010966851278065848,0.0002972801501539801,0.0009115669069015286
2017-03-21,-0.0037469093339186302,-0.0007593687696488603,-0.011137290028901545,-0.0027509376366368285,0.00022013412765756275,0.00023872683146232648,-0.01283958149642217,-0.006356041284085885,-0.015173706788384145
2017-03-22,0.0020752670173878013,0.0009591324102090278,0.003209776934681209,0.0034001418266304388,0.0007174158295731613,0.0007333363274214385,0.0023531249162924706,0.0021693084802250342,0.0067791353667525645
2017-03-23,0.0008056484336109206,0.00016574972877915183,0.0009864678042062675,-0.0014978144616418076,0.00015481573913010439,0.00022626268275180078,-0.0010672079026982084,-0.0010573927062744032,-0.002524840506047177
2017-03-24,0.0006753569845427996,0.0002371349625472311,0.00027407957373595256,0.0010010701299901688,0.0001614457539962304,0.00016742309474098745,-0.0007262378709396167,-0.00020179161190147428,0.0020708602734809123
2017-03-27,0.0004877701204033742,0.0005145637011926485,-0.002488069624929783,0.0021255724960542958,0.0004747980368624888,0.0004244783713761372,-0.0010263201857314552,0.000387464273328547,0.0016080314639130844
2017-03-28,0.0017290117629012928,8.51215400601515e-05,0.005885013019512752,-0.00025477927396031397,-0.000406093636226363,-0.00037823813943438784,0.007276864547498985,0.0029418782507856863,0.006114293575990359
2017-03-29,0.0018512955937659598,0.0012004992300533055,0.003888918798309837,0.0033561433004374495,0.001204689090895415,0.0012770957413418022,0.0009348750792996796,0.0017060555369291647,0.004633736889863682
2017-03-30,-0.001537405097230677,-0.0007787768328769312,0.0021500876065300625,-0.001316751406692874,-0.0008003614763915446,-0.0008519868285661871,0.0031841963784244864,0.0007524017070758716,0.0016635763808761084
2017-03-31,0.00032959209959619265,0.0003437969489091568,0.0009230988072582778,0.0010700678651251745,0.0005579573430582409,0.0006395436524201004,-0.0023279300635977718,-0.0005897857872287517,-0.0006794348500164249
2017-04-03,0.0009395969352674061,0.0012175295412341957,0.00017297225705501995,0.003067935724472485,0.0015083552726870722,0.001566127717951561,-0.0017388805759358528,0.0009479604065832374,-0.0006042981627261135
2017-04-04,0.0007451540045591211,-6.705482377178299e-05,0.0008178785426358658,-0.0004458607347969043,-0.0002195024255519813,-0.0001778746759674433,0.0006373023113406262,-0.00019396787876171248,0.0015870576455954133
2017-04-05,-0.0019084256110662391,-0.00045997123711621934,-0.002026159009927839,-5.7169337338629355e-05,-3.482977624336089e-05,-3.103452879320351e-05,-0.002972683978382462,-0.0010059654364372984,-0.00407470523842568
2017-04-06,0.0008071546285384201,0.00037499297595114476,0.0026832629138303313,-0.00021900822262261178,0.00026069369491881004,0.000276780178553649,0.002811076199170648,0.0014029307078356858,0.0005299110766248116
2017-04-07,-0.0006832837587419371,-0.0011940149979889902,-0.0005637829376976544,-0.0022409005135949345,-0.001206859636256441,-0.0011255628284458918,-0.0010193577310133595,-0.0018293645146393311,-0.0005296304195989698
2017-04-10,0.00024503779819473137,0.0005519811993468275,0.0016368895912210368,0.0013230947411327985,0.0007391078915316154,0.0007929222269321108,0.0005950942397976444,0.001076150242358168,0.00037861343156242455
2017-04-11,0.003685029569343521,0.002100034766075596,-0.0008103870087373655,0.0016347928512582758,0.002243502241361354,0.0024610188729448294,-0.0011894806265259072,0.001137622467425462,-0.004317796039975619
2017-04-12,0.0001687777450594935,0.0006582833626817789,-0.003713524779329072,0.0007296072850420585,0.0009573479755331511,0.0009900247663076024,-0.004382047157361235,-0.0013782062753646082,-0.0040319862089583935
2017-04-13,-0.002536437692112681,-0.0003022028538643022,-0.0046282457199444795,0.0006914492822661872,0.0003500266104521777,0.0003517658516858719,-0.006494879040586099,-0.0026678804493072477,-0.0039718672125382826
2017-04-17,0.0054053149656532505,0.0015746670244007883,0.009290951280887177,0.0016652201354822123,0.0007780182700944101,0.0009033438668686081,0.008859909779194597,0.004624723792537113,0.008282584781420965
2017-04-18,-0.0013599166819524848,0.000555609663439266,-0.0012418165087474554,0.0033125036485942313,0.0012072130449417443,0.0012504147506719812,-0.0029839148622197165,0.0005193835071382173,-0.0015213954851037714
2017-04-19,-0.003039794471041741,-0.0014445195912522295,-0.0003820946457034655,-0.0012182215381641194,-0.0013145939262633344,-0.0014232126199205863,-0.0018387667384304196,-0.002150213407191622,0.0015998219931190327
2017-04-20,0.004604429742597454,0.0012388454460989437,0.006585649948948435,0.0012718109712406354,0.00039955453114519986,0.0004469800185645965,0.008138813030040826,0.00393804047932079,0.00836546399993865
2017-04-21,-0.0004315942667387457,0.000149789747214454,-0.0020952061562457894,0.00023650216733834937,0.0002845548192135194,0.00026327353385984187,-0.0031868281177949154,-0.0017168262598053013,-0.00022613040697339049
2017-04-24,0.009599349552703387,0.0020059438670022934,0.006946218576146409,0.0026526717708403678,-0.00018165485034248052,-0.0003315696500194702,0.010997839152814048,0.0057355051952711015,0.012069613914645005
2017-04-25,0.0023997648823231,-0.00019757034853500456,0.006054887272668594,-0.0009870028547982628,-0.0010234725759067727,-0.0010484172867565524,0.0058187398770479515,0.001429497714554426,0.007230812359868333
2017-04-26,-0.0015249067133281968,-5.7449039245667485e-05,-0.0023014336660658274,0.0012658484353875552,0.00024749590314109005,0.00019846793598305213,-0.0006285517287395459,0.0006693881276330737,-0.001406180606201346
2017-04-27,0.0002317837851803593,0.0003336397064370523,0.0022325233692229033,0.002466360896548279,0.00017781363974957702,9.537769741624924e-05,0.0008389670015709338,0.000766768139043666,0.006002562043470494
2017-04-28,-0.000991753055914734,5.368342012143291e-06,-0.0022050685418276055,0.0012824341306986995,9.158710602507432e-05,-5.240982219320174e-06,-0.002179381914480527,-0.0009006809692887626,0.001767709845457377
2017-05-01,0.0020708911882818606,7.248741910244892e-05,0.005773438162558396,0.0015971891624105064,-0.0005077918272394276,-0.0005197612998754898,0.0025200609824451714,0.000653533549113424,0.008898037954018667
2017-05-02,0.0027543761123815973,0.0011542089054252865,0.0005033620330488109,0.0019356058083676007,0.0007672313968858292,0.0007379640723287796,0.0003769403778428604,0.001050513945464826,0.0016762625077293425
2017-05-03,-0.005643547609307451,-0.0024533877484018327,-0.004393820957816794,-0.002454648378857501,-0.0022721221982748424,-0.002574793615925024,-0.0012146876543915885,-0.0015537191184595892,-0.003201391537242415
2017-05-04,0.00011830799940682641,-0.0002967167589874343,-0.00032652846987815605,-0.0013625089599502026,-0.0007361221489687645,-0.000894415354296046,0.001174041512761237,-0.00019244148928041817,0.0003651542512836947
2017-05-05,0.0063958126818806455,0.002220943259959406,0.004877524151169716,0.0013732706241477745,0.0014535048465571787,0.0015877687094953902,0.003937178769042093,0.0024485263911878685,0.0036481942428405745
2017-05-08,-0.003499054531890687,-0.0015247451986884633,-0.0005385377085577109,-0.0008620985637985894,-0.001299536273759798,-0.001392482714423237,-0.00016689817455295408,-0.0010725857048653512,0.002181337966820962
2017-05-09,0.0003855554526064342,-0.0003460282953308136,-6.765466906599737e-05,0.0004960197559917834,-0.0007455814141883454,-0.0008591362510251832,-0.0009179455965766525,-0.001013517752603721,0.0034826384321668957
2017-05-10,0.0026304769703908407,0.0009518428187151723,0.0025140126486324177,-3.3469267402621314e-05,0.0007047751971081778,0.0007946086232546654,0.0017957712069889276,0.0009260140938308194,0.0005776422611440957
2017-05-11,-0.0006906368177547372,-0.00010884047300707191,-0.002133791947428695,0.00019676239807342775,3.082265883736526e-05,1.2850512586795401e-05,-0.002042648320385254,-0.0009241006738510257,-0.0007947093253798387
2017-05-12,0.0026645387503918387,0.0018320997392396936,-0.0005741838976259056,0.004076037196960403,0.001659621884411375,0.0016091975031301115,-0.0016709172261325511,0.0010428383739576645,0.002242580768856639
2017-05-15,0.004065414800345581,0.0011798217535933068,0.00406721129066971,0.0007218322530308022,0.0005807811207399195,0.0006609717965659021,0.005523270550561676,0.003039574820659978,0.003173660970018588
2017-05-16,0.0025001298328442517,0.0008206055685365415,-2.820370040084157e-05,0.0023493515349902135,0.0004038806611733436,0.00038145198613846867,-0.0009154272678387754,-2.1207401829469413e-05,0.0041718897080611494
2017-05-17,-0.005746453379953979,-0.0006531311481336164,-0.016542756772425872,-0.004096531777160535,0.0013300069956946694,0.0015121831795292331,-0.017743943494717418,-0.007426485785830655,-0.025426882397076356
2017-05-18,-0.0005464048818368164,-0.0003566239801966361,0.006218817702961953,0.0029164012071691546,-0.00046476310887131895,-0.0004890355951124456,0.0040285614174873086,0.0022749943784444943,0.008746069898114994
2017-05-19,0.0073952401276704575,0.0024212548071766383,0.005364675436948048,0.0013249046085917681,0.0014439176193811881,0.0015782952834499254,0.006503899007940905,0.003749890557673146,0.004225635014075024
2017-05-22,0.002544045916295917,0.0006314316866214943,0.0061762018103084055,0.0022854840754594863,0.00027032399186039606,0.00038281454791010757,0.005077487022043581,0.0025711549853886045,0.0084154725888963
2017-05-23,-0.0008709370914138823,-0.0006714785038459316,0.0014550994036449947,-0.00131540301812519,-0.0007920391690641328,-0.0008412089217371644,0.002212804315972594,0.00026645701798687317,0.0010075069789143853
2017-05-24,0.0032860030750602276,0.0016097250739458408,0.004401796592474609,0.0029764075765838826,0.001443602781435246,0.0015688024905188651,0.0023327992323562974,0.0022242741505366123,0.00459927569873031
2017-05-25,0.0017584060490962719,0.0006652924578775879,0.005340107034865574,0.0034308930562386075,0.0003115392917141529,0.00030382483059297445,0.004779550369150121,0.003085554703383557,0.008513697813356869
2017-05-26,-0.0004160390460006019,-0.00011453258508899729,-0.0008117458101992582,0.001059969295868945,-9.95237333052971e-07,2.0896065476949618e-05,-0.00020680849862220185,0.00013816310265355196,0.0017729564671422615
2017-05-30,-0.001555425613383998,-0.00012377639589150114,-0.0012540683408553141,0.001916060784499078,1.5763141407203057e-05,-0.00011530078932128235,-0.0008686729264970605,0.000490918827818269,0.0008499363122980164
2017-05-31,0.00019447174850874044,0.00020241922489111125,-0.00012133597495237449,0.00016906088299835378,0.0003013434378221883,0.0003512917624921715,-0.0002484812835665817,3.8663903228783744e-05,-0.00035391601925749416
2017-06-01,0.004492404044014104,0.001323682982274507,0.005771440654311313,0.0010770746057368577,0.0006370098580717709,0.0007242484317673309,0.007952132060521366,0.004546825616068705,0.0038928447202826177
2017-06-02,0.005776352851489375,0.0026789411759876106,0.007973631997457157,0.006943843105182883,0.002293939980596265,0.0024794639830274293,0.003328532502410164,0.0037522104263772744,0.011421692487784352
2017-06-05,-0.0018970926090860988,-0.001199699526537089,-0.0012333521350549545,-0.0011390773618729512,-0.0010968119600508008,-0.001113775826034134,-0.0007370751631963213,-0.0011115457149929572,-0.00020973244617561448
2017-06-06,-0.0004956776241362355,0.0002935001300869062,-0.0038316800695519077,0.0005576471840523778,0.0006973339365686458,0.0007551542745022203,-0.0031968557257118224,-0.0006530146339118457,-0.003973972316305696
2017-06-07,0.0007347937384079864,-7.777571022048758e-05,0.0037098701365355456,0.00024414571928753,-0.00028374246844376503,-0.0002516623320966072,0.0018503247612648988,0.0003627019768024499,0.003919888661469972
2017-06-08,-0.0009727228979335978,-0.0006109963606544255,0.00012428742551451322,-0.0007582357650290916,-0.0007321143653332696,-0.0008264509882033311,0.0004921941034694566,-0.00033798058562062305,0.0010465764466944805
2017-06-09,-0.005359825391438749,-0.0020495872684177883,-0.009226187422031507,-0.00902318418596413,-0.0012008333516949716,-0.0012340100012851719,-0.0015178615346375102,-0.0012835761019079088,-0.02500568627384414
2017-06-12,-0.0017674279611099414,-0.0005699296094644605,-0.00037629497951944114,-0.0018966587893316648,-0.00012117516330155463,-3.91084558687228e-05,-0.00020533397505662077,-0.0001978326112378734,-0.005357764824497568
2017-06-13,0.003937794390877082,0.0012983115285527345,0.005614391121182965,0.002924831175520652,0.0006952179170520772,0.0007432168096805473,0.00488985632245309,0.0030848196872416732,0.008115818915673811
2017-06-14,-0.000820253873898664,0.0003483741310924325,-0.001929652922477691,0.002051051567080086,0.0006191716814843118,0.0005389678862378839,-0.0012673384872053939,0.001318291580748482,-0.0043464411407998504
2017-06-15,-0.004455562234861416,-0.0016606567135719749,-0.0014765824270512218,-0.002641994116072646,-0.0009964593115170332,-0.000984418382660824,-0.0019242746442599268,-0.0018592509505068462,-0.0044360969647396775
2017-06-16,0.0019373592933917634,0.000833708649298949,-0.0021403183488645466,-0.0010516130942354069,0.0005499867594074655,0.0005148312041970081,0.00021816247989847604,0.0003536985724527114,-0.0043388590915312
2017-06-19,0.003539791830629019,0.000605975296004413,0.009910028388875404,0.0036027007901103672,-0.0003799080832518874,-0.00042880259849192127,0.008325069097522064,0.0038783678945120675,0.016721407029635982
2017-06-20,-0.006147845571767943,-0.001685742296459029,-0.006275979675176529,-0.0009181597070478126,-0.000646136294766571,-0.000728405840344167,-0.006744150312306463,-0.003063315749647995,-0.007831410355198076
2017-06-21,0.0014220024085446056,0.0005413944781400647,0.003372044344253249,0.00319950341688223,0.00030845282676362313,0.0003203151160937899,-0.00024660808861498573,-0.00018547966410289353,0.009902340343901583
2017-06-22,0.0006758379908035237,0.0003566883607996567,-0.00010156399152079666,0.0005269450011366337,0.000391637759905323,0.0004360738628639026,-0.00045291456171026034,9.985006282441323e-05,-0.00028435016145222924
2017-06-23,0.0025771745862552525,0.0012161305500639043,0.0027011251468164383,0.001458363216474938,0.0010244513883770677,0.0011063449115249712,0.0011941866151954361,0.0008279355102261928,0.003837976564494472
2017-06-26,0.0013100094402489133,0.00037980319385538526,-0.00012739236041839504,-0.000994868214085438,0.00018281119895018395,0.0001629909896966346,0.0006580207993931442,0.0007286194558432423,-0.004672874682299599
2017-06-27,-0.005158436758985857,-0.0024644959260153917,-0.012207718983756992,-0.009290059095490253,-0.0018493836947513051,-0.0018949510151282148,-0.008056069042553737,-0.006798753556516794,-0.01813925436435504
2017-06-28,0.005872077690553031,0.0021373930941133617,0.00973283098428716,0.004102959783051667,0.0011778047073911341,0.0012258752044609273,0.00895026663735865,0.004990092068395887,0.014417651401949172
2017-06-29,-0.008881016629570972,-0.003530371837415753,-0.0126870007932502,-0.008244584616515744,-0.00253699493876152,-0.0027229833812232617,-0.008788757064078778,-0.006773196414546294,-0.017355167537468352
2017-06-30,0.0001273943003891336,-0.00013095568156704367,0.0008958213285262318,-0.001451871766014313,-0.00029136454919545014,-0.00031025791525198003,0.0018643598367624747,0.00018454956493209375,0.00036339857982525814
2017-07-03,-0.0010105912939564682,-0.0011075774744942852,-0.0008208407851096095,-0.005929988303241632,-0.0011667858696527292,-0.00117892286173823,0.0016957351645554564,-0.000444382286062799,-0.010534495080068762
2017-07-05,0.00013641737633575708,0.000335707736315202,0.0018140083862876397,0.003728859271649365,6.94061679842244e-05,-6.159065302475203e-05,0.0023120385941428623,0.0016933236173288465,0.009838861898435747
2017-07-06,-0.0064948674017769915,-0.002173065987926484,-0.011060543284209313,-0.004233890847768689,-0.0015181858768380631,-0.0017550256597412184,-0.00914453766172496,-0.006262869471796623,-0.009016123158932299
2017-07-07,0.0017827472670381675,0.0004358207404754654,0.007994331230120475,0.002457138773791911,-8.768944782874359e-05,-0.00012294630341027856,0.006485136120106816,0.0032598758422662144,0.010785660220615778
2017-07-10,0.0015412647634356347,0.0008148416679498727,0.0011971867800741887,0.003093566436688455,0.0004615469414344098,0.000365087816462939,0.001073915917755519,0.0011674326268868995,0.006533573951513771
2017-07-11,0.0015265460544476156,0.0007461816040679734,0.0006145169871623013,0.0018380710442972331,0.0005873311364157882,0.0005815155337963245,-0.0007427217732141056,8.302594977616475e-05,0.002812190935927772
2017-07-12,0.008410072083484902,0.003207231031645792,0.010218350711436541,0.006026056216576495,0.0022665085267662183,0.002451135424559024,0.007514855847536639,0.005675695821808815,0.011866472356677482
2017-07-13,0.0018653439508090088,0.000207825792146342,0.001872042331802644,9.56408721822068e-05,-0.0001904327330064895,-0.00017356342177488239,0.0016802324671403301,0.0005959541888822848,0.002203476898844814
2017-07-14,0.006729718890034282,0.0025867534384754047,0.006936505517970663,0.0036705414779991136,0.0019420776064785028,0.0021531086263983164,0.0046640678690568205,0.0033668441413448125,0.007871988241482608
2017-07-17,0.0003829790609234883,0.00037772371782178,0.0017511782912534148,0.0009660361516880539,0.0006442178067867843,0.0007832529516558404,-0.00012205942853527052,0.0004130181408867013,0.0004926097704092136
2017-07-18,0.001954300526519674,0.0010784575018151022,0.002477529412540918,0.004721046499618641,0.000982853449516198,0.0010280281288158706,0.0005294427439499483,0.00177695542301129,0.006680970878432779
2017-07-19,0.003666796716140491,0.001227527287362585,0.006020560578156031,0.002063748020501523,0.0007450109846155974,0.0008400497455550969,0.0054138504902920825,0.0032531708525871585,0.00586840244755793
2017-07-20,0.0008648769518151024,0.0002671431067584512,-0.00021114494157741412,0.000647146490040072,5.3845673987826064e-05,1.8219089387192306e-05,0.0004456488983586304,0.0003799138534629978,0.0013193124316164262
2017-07-21,-0.000315446291016707,0.000384236731377596,-0.0006634226830403544,0.0010017675778917375,0.0007227376469716997,0.0007997355821465061,-0.0008906158618656734,0.00017018515996489864,-0.0004162653201427169
2017-07-24,-0.0003544763877846478,-0.00035221531677612737,0.0013848290670020636,0.001193075357776519,-0.000394905132047934,-0.0004018096895973055,-0.00024295621248948684,-0.00040624837285973506,0.004580150783627612
2017-07-25,-0.0002317283574581534,-0.0008328612093102701,0.00017953063098111446,-0.0045252136165591745,-0.0010825783266768952,-0.0010715600022850455,0.0024310795403617025,-0.0007694302068965834,-0.00255573319246738
2017-07-26,0.005003215964686751,0.002255360396524641,0.002708555665291772,0.0032149553982725133,0.001954377365134036,0.002117468371504404,4.040431631913144e-05,0.0012900835036465243,0.003254690195165777
2017-07-27,-0.002347154827708812,-0.000994916091560251,-0.0026844597560740716,-0.0032547019739396083,-0.0006502392657668052,-0.0006410954844421081,-0.0009296885180695158,-0.0011924555355812528,-0.006281471666105931
2017-07-28,0.0004887187296169273,0.0006460630992147888,-0.0013451571439521185,0.0007965394475347226,0.0008010122823292091,0.0008421304278432477,-0.0011730529321979377,-3.720682013181935e-05,-0.0008336324258365613
2017-07-31,0.00032998414242454223,2.602428698833104e-05,-0.001682298873672521,-0.0013152856339186368,3.088792431468566e-05,5.41783618596903e-05,-0.0005669001319131839,-0.00022978405011920866,-0.004240800990875648
2017-08-01,0.0030828072731780886,0.0013725685291841134,0.002714522447065155,0.002420768248195421,0.0010463928934136561,0.0010788763161955765,0.002228661306173274,0.0023303682423678716,0.002303805759061861
2017-08-02,-0.0007301490143520037,-0.0006270595446633178,-0.0005302865600013108,0.0003497655865916978,-0.0008527403814565298,-0.0009705759885488771,0.0004851190427477281,-8.026210152402425e-05,0.002716995987030568
2017-08-03,-0.0004537303520287754,0.00028277697754915343,-0.0027475402822782578,0.0008691430375109719,0.0005151349373220161,0.0004872558731247316,-0.0019397486513658135,0.00020832357013007082,-0.0038902167178131997
2017-08-04,0.0004516435982857417,-0.00029714539411197354,0.002120921635309886,-0.0011186584231927077,-0.0006102207826721219,-0.0006469554476230705,0.0018222936569571857,1.6534392450489774e-05,0.0018131007887880468
2017-08-07,0.0017397708904710143,0.0008064583982288909,0.0030880079888471555,0.0025939306578113114,0.0004912229097189367,0.00045993487820407484,0.001859100340270814,0.0013426019165556104,0.006335157439399941
2017-08-08,-0.002036609763841679,-0.0007100512403669379,-0.00264178977539431,-0.0011562229726373996,-0.00042549679880565794,-0.00044828434469046385,-0.002460970026494258,-0.0018178869982483636,-0.0017296093382764832
2017-08-09,-0.00040678486129634993,-4.9138573784420765e-06,-0.001212841509932921,0.00032431360273438357,0.00028268477647453165,0.0003855559582651689,-4.0501645263701924e-05,0.000462547985665377,-0.0013170815063613395
2017-08-10,-0.009767199420931908,-0.002615811255170024,-0.015672516589641736,-0.005110295464429088,-0.0007337954571477644,-0.0007809315293128333,-0.014115217112915857,-0.0069618166041016585,-0.021440159692720173
2017-08-11,0.0007821406680065472,0.0011598741615922326,0.002371843393616013,0.0033533704824131455,0.0011293005765169025,0.0010882002819217493,0.0014769729476982185,0.001331236354159536,0.007586877903067224
2017-08-14,0.005975210248987423,0.0012809764571231992,0.01244833297404762,0.0028918350420472955,0.0002735046281620026,0.00041864439070712797,0.009912976585759292,0.004920118954447937,0.012878531334338916
2017-08-15,-0.0017657891191579108,-0.0011063017905046531,-0.00036945753522297034,-0.0016940449451644157,-0.0012057999824944144,-0.0013148568972261572,-0.00012171701372554189,-0.0012721043223067724,0.0006950072945373087
2017-08-16,0.00429605103480177,0.0018457546241822812,0.002183887068073678,0.001822930623874718,0.0015219908255502308,0.0016468698020095825,0.0017445849148058912,0.0017950501022584511,0.0017354115525065605
2017-08-17,-0.007824894800052311,-0.002180480975111382,-0.01566376107202124,-0.004884017751356199,-0.0006424834870468899,-0.0006974749577220039,-0.015591029684193791,-0.007911162650385224,-0.02044624339174539
2017-08-18,-0.0005276141275798176,-0.00033363062506327985,-0.002947475302047844,-0.0001231763625230823,-0.0004926542269507913,-0.0006235621350462632,-0.0015629298835495575,-0.000853064715381082,-0.000707449184261022
2017-08-21,0.002218768407907573,0.0009343341700651423,0.0019482869591226331,-1.4923308014115931e-05,0.0009473363604976855,0.0011091806263925927,0.0007825794564335631,0.0007289904688322448,-0.0012749065961416006
2017-08-22,0.0040568618300347815,0.001110517907542789,0.009666237807404764,0.00398502023885261,0.00010399278291707208,4.2932241018835025e-05,0.010457148840109287,0.005415394316098172,0.015242825196275955
2017-08-23,0.0019164961904272336,0.0014017175795638423,-0.0008134345217009308,0.0009981616572499509,0.0016491021192106357,0.0017778200113902853,-0.0035856972242827023,-0.0007503120698624875,-0.003561656978908423
2017-08-24,-0.0014941101906145087,-0.0012205868019125852,-0.0027316512388478927,-0.0020515538016583302,-0.001231013837368243,-0.0012806210562502642,-0.0023304833016334348,-0.00202515447466653,-0.002943172583348197
2017-08-25,0.0033896991530849006,0.001387823465864061,0.0010577666446425502,0.0003595146876155396,0.0011213703830248562,0.0012148115266256336,0.002335927140828975,0.0020669990485138318,-0.002108666956006644
2017-08-28,0.0011334441515370034,0.0003031032247253722,-0.000295701368515144,0.0016797345014554488,0.00030203786418761877,0.00041740131018227887,4.1164699025042495e-05,0.00040017026178823365,0.0030994978879612667
2017-08-29,-0.0007237708928961197,0.00026809502941146603,0.0018101657542949768,0.002876979962631235,0.00039690636255495474,0.00033655008145000437,0.0011449360185140645,0.0016198622547825936,0.003931943697660811
2017-08-30,0.00229620373663344,0.0009191035248435868,0.007727355316992389,0.0035365589363672697,0.0005851179726037718,0.0006481795634363104,0.004737388892646743,0.0024785147616263313,0.011750652134051798
2017-08-31,0.005662532828960249,0.0020534593963769747,0.00784945097572987,0.004773824201981792,0.0015190337676877586,0.0017389964921897469,0.006016115996600124,0.004220413121295142,0.010715523821951622
2017-09-01,0.0018187128374500027,0.00022417880871166557,0.0006999382769805729,-0.0023879708103210747,-5.518290826479897e-05,2.9165780386241305e-05,0.0014141066902786381,-0.00034235236019845665,-0.0013674353997873423
2017-09-05,-0.0030370666201000283,0.00014679205254776795,-0.00701071717210595,0.00134391046173239,0.001216078270026072,0.0012626998244527348,-0.007181982714384083,-0.0014954158137962118,-0.008972800501424794
2017-09-06,0.0024610201863711047,0.0004839946697061198,0.003103848886000912,-0.0004992891870766038,-8.682942988373624e-05,-0.00010108463228854656,0.003413579830552793,0.0010577448901534802,0.0030408945219666528
2017-09-07,0.005348627516479798,0.002364861652301764,0.002165395001286985,0.003641525996534778,0.0020764879753507604,0.0022578724747841505,-0.00012132570069689486,0.0016555465672909442,0.002342749694862034
2017-09-08,-0.0017163360927195791,-0.0007605277526758898,-0.003768464296236372,-0.0032928388780036504,-0.0005073125657283482,-0.0005103611941655981,-0.0011747635020272762,-0.0009987350978988366,-0.00866178057401712
2017-09-11,0.004508274877895546,0.0004544942811895009,0.01070339311603756,-0.00018212287219413837,-0.0007533782076289274,-0.0007569064166733549,0.010666176546688444,0.00409776379311092,0.011510858939453694
2017-09-12,0.0002273975247890029,-0.00038647251714174176,-6.932194074605116e-05,-0.0008464408504104663,-0.0007800598933360634,-0.0008589190814198976,0.003370573059568782,0.0010754512656859744,0.002399952993932253
2017-09-13,-0.003306562896334438,-0.001319103323106535,0.00022171392161374898,-0.0009313480571097842,-0.001114681668045224,-0.0012299436032180003,0.0004798225367514952,-0.0005183529475022437,0.001367469278757083
2017-09-14,0.001735509883732206,0.0006420215553136338,-0.0008319082794116955,-0.0017921478025903128,0.0006907590516124656,0.000838190469708803,-0.00031989243397057,-0.0001200201604350038,-0.005873493325968093
2017-09-15,0.0013817159875961307,0.00041937436769121035,0.00228391813291004,0.0019327032907161751,0.00013584225755924748,0.00010002472060199461,0.0013462723737729387,0.0012919991328639217,0.0034351213863104135
2017-09-18,-0.0013308469291364168,-0.0011348434847336451,-0.0007477747997430721,-0.003056963194115265,-0.0014383422038483648,-0.0015854196776671995,0.002126963350785438,-0.00025586915552939333,-0.0013106191879751483
2017-09-19,0.001070252506167475,0.0002955377115242276,-0.00022831271682693314,-0.0001938124102083404,-1.3902344536828397e-05,-5.941260817579042e-05,0.0010012623606143745,0.00016605652216516244,0.0017176481460419168
2017-09-20,-0.003006220724818775,-0.0016135781661511164,-0.001626514681765825,-0.002328117584069786,-0.001508325414946101,-0.0016166299641178431,0.00035969315245543143,-0.0005528766241468422,-0.003086664791995819
2017-09-21,-0.001970064481962212,-0.0009697666592235408,-0.003896971118408932,-0.0028806078107914954,-0.0008859243123969827,-0.0009928546791593631,-0.002679079625877101,-0.0021407180052794355,-0.006122704347356955
2017-09-22,-0.0001322908681120232,0.00023125479898617555,-0.0017025466381752397,0.000884041815895472,0.00026876393644589505,0.00022935013378848001,0.0002004191245630338,0.0008208302209214692,-0.0009693822051777268
2017-09-25,-0.0030621290467667175,-0.0002504846908737574,-0.0038691499081229914,-0.0014022713705489753,0.0007875596438296139,0.0009405161425686515,-0.0020444411617430713,-6.275895021785579e-05,-0.01053206893391967
2017-09-26,-0.0018468267674283272,-0.0007987199572974038,0.0016038705090597929,0.00026568307277155176,-0.0007800354474004005,-0.0008893296721860556,0.0006022276937078797,3.3607310767302413e-05,0.002591106189615777
2017-09-27,-0.0010416653901902137,-0.0007813824831943059,0.0033449992567610486,-0.0005675416797744199,-0.0012578694864558708,-0.0014491093017801673,0.003894616491262104,0.0003352394908177495,0.009010372192487681
2017-09-28,0.0017781632130593568,0.0006510683203816245,0.0016863699697304397,-0.00023895408689321527,0.000557631162608736,0.000659652937749346,0.0011996208951434717,0.0006555868871302255,-0.00034592015656942365
2017-09-29,0.003678288028521196,0.0008804564808707937,0.004688085011089529,0.0015230969889413358,0.000123202293954614,0.00010850347899012919,0.0035149421768716493,0.0016593799072812444,0.007201009975150274
2017-10-02,-0.0009299201589195762,9.686935141774755e-05,0.0018282353093937475,-0.000471910699971934,6.618003029626449e-05,-4.132410815484476e-05,0.004338658359880121,0.0021986145257672333,0.0008940936908818919
2017-10-03,0.0028565796202398483,0.000593476729414337,0.0014310083523039162,0.0016469725470590374,8.845309376457217e-05,9.42399855694218e-05,0.002140141733548262,0.0018563542339212805,0.0021292936795047623
2017-10-04,0.0007691637792316753,0.0014291402359991893,0.001857157354696503,0.00012532729668008398,0.0016394833147628403,0.0016909693250568448,0.0011865670251416383,0.0006147520080897442,0.0009595482643136588
2017-10-05,0.0017426398356907907,-0.00073489634801182,0.007005356320429126,0.0025219300504652595,-0.0013600919978025592,-0.0013229787068206457,0.005925111980465969,0.0032182539151534685,0.009792534832066213
2017-10-06,-0.000722947874700397,-0.0005021979611123939,-0.0005704140070765806,-0.0005513929166242049,-0.00042487663021895106,-0.0003949388236633711,-0.001138980596549044,-0.001198016759139442,0.001356407909090418
2017-10-09,0.0010934685670620254,0.0004656346937303055,-0.0006425263055449173,0.0002652006133861861,0.0005837307801101625,0.0007074520013890637,-0.0016510022265120439,-0.0005384611866130712,-0.0011512535908929644
2017-10-10,0.00453920644036911,0.0015736242650493935,0.0019513791803981429,0.0006368179340732619,0.000987857231693309,0.0010590182494289667,0.0026383861391006125,0.0017320216489321548,0.0007455875020154767
2017-10-11,0.0023364759017958092,0.000784161346447494,0.002490239486499467,0.0017268472780405722,0.0005628071191937451,0.0006440794264808633,0.0015709011252587057,0.0013941526619657377,0.0029814424376237714
2017-10-12,0.0004024753060625863,0.00014182920675751896,-3.689847446294728e-05,-6.165923172998073e-05,0.0002764389255744573,0.0003595249109786404,-0.0014900119684418955,-0.0005181339000077331,-0.0018239540357467554
2017-10-13,0.003474204658030953,0.0017463582829793088,0.002551386126476359,0.0033947581514740927,0.0015643085340182048,0.0016685799954153108,0.001217268500105062,0.0020838342991470545,0.0038573018230092515
2017-10-16,-0.0017461254505925063,-0.0012611123497483032,0.0009071093196185522,6.54547107595466e-05,-0.0014188289682473515,-0.0015358657213784123,0.0013335961966336463,0.00012305902129282613,0.00343803729550074
2017-10-17,-0.0017124068421254894,-0.0004922517112213177,0.0010305373983642682,0.00019028744814071218,-0.0003606609732459107,-0.00043550582481255223,0.0007051498232426567,0.00027267140155299435,0.0012764020927260589
2017-10-18,7.427258563264086e-05,-0.0004199460520622732,-0.00030855542639300024,-0.0019032831887085726,-0.0006571018209600973,-0.0006965227063547064,0.0009786579758326308,-0.0004259284952744395,-0.001207738639023681
2017-10-19,-0.001468709452622437,2.0572075009460925e-05,-0.0019657647274250577,-0.0004603540076219547,0.00042192134928764716,0.000437875461232439,0.000273668657795767,0.0005771000800811678,-0.0036948230989813924
2017-10-20,-0.0011085562517288016,-0.0009935887562339788,0.0019988778350575904,-0.0014488265089252716,-0.0013288882424720727,-0.0014436797497166581,0.005160556622308077,0.0014487938357221049,0.0026971589627640125
2017-10-23,-0.0028174518331951174,-0.0008577500413427881,-0.00493114125189463,-0.0016636686543819914,-0.0003756720533581205,-0.000412412160557221,-0.0038895255408227802,-0.0019700191843632347,-0.006522823904410169
2017-10-24,-0.0007431080736516567,-0.0006304274282901205,0.0001879029517254918,-0.0012687257550816602,-0.0008693767536038212,-0.000968588616652128,0.0017569909352288526,-0.0001440379689174067,0.0016924058403648967
2017-10-25,-0.0017593180577083233,-0.000888458444368785,-0.004077481383112757,-0.0024878555230461214,-0.0006875604702813283,-0.0007121284209443083,-0.004950046281253506,-0.0036218608820938842,-0.003784273781245573
2017-10-26,-0.0035741479272080132,-0.0012734622322498686,-0.002387565531174341,-0.0017386533370673664,-0.0011211427236726274,-0.0013196808969251378,0.001292580306405,0.00025074372319055713,-0.003188075393986023
2017-10-27,0.007078975063307567,0.0030945881987475324,0.01583893726377125,0.011473048862968911,0.002174872881566183,0.0022751732111990467,0.00817607098328943,0.006207258049400597,0.029124041195033534
2017-10-30,0.0007224639038147691,0.0007382171441230726,-0.000744171852575831,0.002698964010341572,0.0008220850490205455,0.0008121829964812664,-0.0037248501093051223,-0.0008264576164187366,0.0022478969993049436
2017-10-31,0.0025154702368793283,0.00033610051476592464,0.0021265935051987656,0.0008537930178663843,-0.00025740577851551203,-0.0002817698694282466,0.0015579372229059807,0.0006757167484492631,0.003760240913097679
2017-11-01,0.0013468036960726376,0.0004274197567772774,0.0013379384610838704,0.0003631923364763391,0.0004047490490208214,0.0005074960986236463,0.0013223910699340369,0.0010367443648999805,-0.0003286491880835074
2017-11-02,0.0014776815009771458,0.0007280020071329177,0.0010304115215304978,0.00025252255559777713,0.0007651612607505416,0.0008619542702264172,0.0003880928277777418,0.0007582693081533984,-0.0019066431494879632
2017-11-03,-0.0004571586307668668,-0.0003058407234479947,0.004734177619099436,0.004198243271846949,-0.0004723442741636121,-0.0005508830308746966,0.003338914281075578,0.0026480005204703437,0.009617346558440598
2017-11-06,0.004285466435008489,0.001857593240226274,0.0013885393325432371,0.002142061270424378,0.0015919720982149332,0.0017622236902559152,0.0015476215322340892,0.0014115373254330876,0.0033929541273487462
2017-11-07,-0.001996566206303932,-0.0008163395609515373,-0.0017285251792406504,0.00027967093484954357,-0.0004246381510940434,-0.0003723006598450392,-0.0006952486762300536,-0.0002668090609999795,0.0005852179024747883
2017-11-08,0.0020998412564425407,0.0005658432047054017,0.0026635807312659007,0.0009915690279902979,0.0003478862773026855,0.0004592093422273526,0.0017006039317275512,0.0005319883212801791,0.004028886362984485
2017-11-09,-0.002242393498357245,-0.0007947678486906544,-0.00506035124896605,-0.0020608944347129607,-0.0002906547466719078,-0.00023288352568835347,-0.0036276040179343827,-0.0023289505603755417,-0.0052427581283783775
2017-11-10,-0.0024223691012437527,-0.0013641395651896383,-0.0006533002066742521,-0.003276529103558645,-0.001330762006559826,-0.0013940340310496992,-0.0003099414482682361,-0.0022176182782953223,-6.511328870706379e-05
2017-11-13,-0.0005582689216553579,-0.00019940106235240428,0.00013772837717340985,0.00027010963461173153,5.5369239569499106e-06,8.429285317810526e-05,0.0009297733414534992,0.0003697361365690795,0.0012362862642305572
2017-11-14,-0.0006578061624247707,5.755417623315085e-06,-0.0015276555606672897,-0.0005067900662636104,0.0002049564735129004,0.00019163757293341074,-0.002322545339937032,-0.0008306823185298339,-0.0036393471869762273
2017-11-15,-0.003637233533765294,-0.0011980191038652684,-0.004809021479366158,0.00017916708639451626,-0.0007427186539429151,-0.0008909538953608036,-0.005005243141514293,-0.0015712048724223968,-0.004696402605799066
2017-11-16,0.0066740200549680025,0.0020759138038314983,0.010014699851124555,0.003430794747144136,0.0010220705329515953,0.0011437121491679587,0.008500954297459673,0.004065800604628675,0.012779299858758808
2017-11-17,0.00026518432005835575,-0.00017863141364579788,-0.0037166414906382936,-0.000213652378086174,-1.8743125108540864e-05,8.109359361541095e-05,-0.0029385422517194115,-0.0012390059334887195,-0.0038173113658170887
2017-11-20,-0.0011843181684828316,-0.0007975468541826027,0.00023152690117786144,-0.0017429622730083427,-0.001062671066297915,-0.0012356554910973832,0.0017063539066566324,0.0003830705048738785,-0.0007798295296428392
2017-11-21,0.005513618201699306,0.0017119228085866536,0.008136614744199584,0.004354183881820779,0.0009308347117720203,0.0010568755969330608,0.006542582519284856,0.004004981962135728,0.010856140427578431
2017-11-22,0.002341259759111788,0.0014843168916359138,9.410753205103798e-05,0.0026769570898238595,0.0014481228302091365,0.001506346036635493,-0.0008841115356045259,0.000743390928810962,0.0012223362852246122
2017-11-24,0.0019766595408792598,0.000566666104162545,0.005215828320132062,0.0008272434510945724,0.00015785820169798815,0.0001521190506879005,0.0023092864910179145,0.0010509847118652783,0.0036607667340622374
2017-11-27,-0.0030167575361609482,-0.0008304633832458797,-0.0015081914671364652,0.0003760804114894565,-0.00033708821877357254,-0.00035253813551939904,-0.0004992419553737637,-3.840239877390484e-05,-0.0004479861676769392
2017-11-28,0.0033485608189472455,0.0012110532732125304,0.005806468633236837,0.001140921741854068,0.0005012711877701521,0.00046376739196058245,0.010144882767932906,0.006178996922262375,0.0025612900828442253
2017-11-29,-0.005347822200825136,-0.00211536987913248,-0.007712578274633388,-0.008788161798961098,-0.0014502678603520473,-0.0015187376135828018,-0.0006085332835527035,-0.0016333300005229247,-0.01743442937418671
2017-11-30,-0.00022938938997412478,-0.0005020292257963404,0.00723923445677776,0.0011427916572020345,-0.0008759884581392062,-0.0009227158321782433,0.008755175665819293,0.004063951558073467,0.008384553826910501
2017-12-01,-0.0012273864377577623,4.5446188947420425e-05,-0.0038860634128337103,0.0006245718638295995,0.0005583259845823957,0.0006091958719051357,-0.002075725177158594,0.0001894574351614781,-0.004254013308575111
2017-12-04,-0.002433702830487587,-0.0012719254397639643,-0.004770921597811439,-0.0048214849866024066,-0.0010877458834124114,-0.0011769267992725822,-0.001210146502955256,-0.0009193789744600434,-0.011521772458022439
2017-12-05,-0.002506727832624727,-0.0009237603172605887,-0.0016560333957081242,0.00035737510085262047,-0.0008352579821368489,-0.0010214958849530157,-0.003596250113625965,-0.0018814810925491768,0.0006544643264538852
2017-12-06,-0.0014020549520483705,4.492475354478387e-05,0.0015019275993295444,0.0023091086659150495,0.00028337384494570017,0.00022642701337760585,0.00018971080713447996,0.0009344358870915226,0.0045155164342221
2017-12-07,0.00040132488989870447,3.1433388706004432e-06,0.0034011051651247066,0.00010004030391445298,-0.0003902050950329529,-0.0005123622056058489,0.0031530861444371006,0.0011738306679271544,0.003387659461707049
2017-12-08,0.004256933562407238,0.0013246938396456655,0.005004125532312845,0.0014600934226429016,0.0006759593407906408,0.00074620761695778,0.0054533039420276985,0.0029744462854724017,0.004414857643933345
2017-12-11,0.0014952845532964594,0.00015809310688123847,0.0041771300912498985,0.0021969539211399262,-0.0002941227264129028,-0.00032412099536393565,0.0030130056121098203,0.0015519709702549861,0.0077569388004845585
2017-12-12,4.1767873798335624e-05,2.5187808655608903e-05,-0.00011033827266684788,-0.000686193359280521,0.00011460943381375944,0.0001856570795691667,0.0017644016738338486,0.0007264313571006824,-0.0013464400380496233
2017-12-13,0.003677592014312623,0.002118104826078118,0.0004113228172748943,0.003041267306389636,0.0019887364333516615,0.002078143673909239,-0.00011192718391594969,0.0015437358279472577,0.0019266428202129315
2017-12-14,-0.0029035676840625567,-0.001173270918251541,-0.0035979577842376325,-0.0009002628435669682,-0.0007698754927436402,-0.0007949929939677554,-0.004086357582188893,-0.002612496782510913,-0.0007051670900881657
2017-12-15,0.003243645058954155,0.0009192393497540359,0.008137760774981824,0.004219194047183679,0.0004279897043930154,0.0005429418115259176,0.008327283783188477,0.004936432434437157,0.01135483370467849
2017-12-18,0.006637616908396668,0.002023499612469486,0.008597283612824903,0.0019828987555356383,0.0010582614422680553,0.001212752332572505,0.006341346370727807,0.0029335714850019087,0.008384183859312833
2017-12-19,-0.004680638589289637,-0.002239125945732244,-0.0038353846264522857,-0.0048007890820111,-0.002093436297935581,-0.002306063899445202,-0.0038405756991528595,-0.0041137210677746824,-0.005925732929233485
2017-12-20,-0.0019464496701211537,-0.0007897563324827146,-0.0016843315965982804,-0.0020280303245592307,-0.000748578118855957,-0.0008399332559900708,-0.00052408577163221,-0.0014761964379967395,-0.0010777554247107801
2017-12-21,0.001749822517289912,0.0005411402255978418,0.0012810417762488748,0.0006879609200012339,0.0002021236281045565,0.0001806506892394125,0.002059987998955126,0.0015270324574946452,0.0001270942125535246
2017-12-22,0.0024520964002566923,0.0006214607905179212,-0.0006564791487155758,-7.684274524918087e-05,0.0004893545562934087,0.0006381743610587663,-0.0002617064301121408,-9.190893855332753e-06,-0.0011428833571873742
2017-12-26,0.0004320616522249196,0.00013750971596584755,-0.0027031726449228658,-0.0014424762185259745,0.0003708356976738367,0.0005085807108988851,-0.0011963876752008051,-0.0005760944858560004,-0.005401102466658925
2017-12-27,0.002133000902615729,0.0012988791907949015,0.00029159747919404143,0.0026075597731188183,0.001290772862446669,0.001350214474165254,0.00048674509757895557,0.001980690257713051,0.00012781126810934573
2017-12-28,0.0026239287612333153,0.0008806199937506636,0.0012666471805910656,-4.037725968198287e-05,0.0006498716426891259,0.0007782355040305333,0.002057622422765748,0.0007597517421525309,0.0012138457566670535
2017-12-29,0.0008018268241151517,0.0004689683681504221,-0.004454093848606693,-0.0012483453739069467,0.0006289397946984986,0.0007009896251125315,-0.0037705677160906337,-0.0016511554452486935,-0.0061893047356601505
2018-01-02,0.007051160815763807,0.001941825641789209,0.010911360388500279,0.004317082886202781,0.0007454745433610732,0.0008924699064068469,0.00715722160048804,0.003021041465371177,0.017527534531126987
2018-01-03,0.0027830249355282866,0.0010037267004223331,0.0074900610855084225,0.004196924730714648,0.00037099912335123635,0.00031140377289732115,0.006324911117828735,0.004252986817741543,0.009716082727889264
2018-01-04,0.002115440274275411,0.00031955193966616655,0.005653090739211715,0.0008055205267265246,-0.0003952716304251778,-0.0005012291322945041,0.004215487451973754,0.0023806072150825237,0.0017499098732902674
2018-01-05,0.00428906973155412,0.0013445876100614338,0.008663642948363024,0.0030828381887540394,0.0005010217562421137,0.0005110201840016129,0.006663503589510844,0.003582512885877948,0.010043147008380826
2018-01-08,0.0005218758646117205,0.00019003284385599173,0.0014348027531143615,0.0011733148023063134,0.0001796730416032677,0.0002382164923773189,0.0018287583255438555,0.0008833007820789884,0.003890491148228481
2018-01-09,-0.002030145486483675,-0.0012587085591833228,0.0015073420906483038,-0.002188254820133294,-0.0015363742428590385,-0.001712897154860846,0.0022630578092095455,-0.0005412711733074117,6.19319861736578e-05
2018-01-10,-0.002687572439318584,-0.0006698182283085579,-0.002390618997625956,-0.0009832654313592848,-0.00039346655129141343,-0.0005006174006103942,-0.0015298601667822487,-0.0010353115433440715,-0.002337688450389952
2018-01-11,0.0037639558256272387,0.0010976571509576007,0.007041980521705496,0.004093012780704168,0.00039739506813121897,0.0004171609213866107,0.00729641944753312,0.004658620218571461,0.006844173638800077
2018-01-12,0.006257020565262605,0.0019278245137014298,0.008422698851592532,0.004724644311660842,0.0009126788714877469,0.0009967834073436226,0.006519014987417915,0.0036689751634910537,0.007349053099163783
2018-01-16,-0.0006089315276023349,-0.00025134718914992653,-0.0020730276834920423,-0.0011169373615183146,-3.164170365589371e-05,7.547143852823464e-06,-0.003418110455750356,-0.0018800130745138272,-0.002857346582026743
2018-01-17,0.004286995497095385,0.0010389456962920556,0.008910027453917151,0.0036528189808722436,9.741854301918097e-05,0.00010194209729194431,0.009531629492621763,0.0048900082350507796,0.010791122774472361
2018-01-18,-0.0018412887058830481,-0.0010521750657547131,-0.000251985708832627,-0.001466016919357081,-0.0011984219972566651,-0.0013513185389055894,-0.0016809030987467999,-0.0022625162919842896,0.00018119185707066165
2018-01-19,0.0035423939018957994,0.0012227676735270057,0.004463145803924735,0.0011756983932295225,0.0007832947400050674,0.0009074638700810782,0.004549837606564244,0.001745323385888475,0.0031358414486806208
2018-01-22,0.0056279674069687905,0.0016197853547098436,0.008954457299842115,0.005370541129455232,0.0007878901247752291,0.0009368109224524102,0.008130369256859504,0.004801875948048298,0.010700749227025241
2018-01-23,0.004483450305077666,0.0021168716230227274,0.0045884599037083924,0.005515231862655102,0.0019174423354989523,0.0021157546227013203,0.00212252326571738,0.002421504884873662,0.00826796501581506
2018-01-24,0.0012503991840577327,0.0001264141125945851,-0.002721352208752346,-0.002386768582835775,4.1393949696678274e-05,0.00015022015700845472,-0.00038791963992779177,-0.0009845661618896428,-0.006489208794685286
2018-01-25,-0.0017921958408562222,-0.0005946706521044197,-0.0004445440841583243,-3.4644044337106146e-05,-0.00045548101331674326,-0.0005657852061917617,0.00042351150289343664,0.001119686769650712,-0.00035626700387014765
2018-01-26,0.005807794840620328,0.0014034658365781132,0.012433002937104965,0.0065999448168438,0.00010069998062878284,0.00011542822195271995,0.01157776403094446,0.005914116083278401,0.01532513259839563
2018-01-29,-0.007674328836795582,-0.002950653577667383,-0.0064992006629671865,-0.004164921687671866,-0.0021769402661522756,-0.0023949591399097516,-0.006629764250053349,-0.005039317912987497,-0.004855781028787143
2018-01-30,-0.00648097018244953,-0.0023123781853754593,-0.008808892793476079,-0.005711084805316399,-0.0014710169360977142,-0.0016143986044372721,-0.01025700348261438,-0.007187922336462966,-0.00823071691297994
2018-01-31,0.0039821702892289135,0.0014004991725709796,0.0022552882264566415,0.002758628173750643,0.0013057245655613962,0.0015882721166360493,0.0004965147496851507,0.0004163672000522851,0.004149559730287633
2018-02-01,-0.004882181383994823,-0.0022205393825276477,-0.0033665005525709618,-0.005527569025757834,-0.0019991530883697157,-0.0021742967017508484,-0.0011350075503374635,-0.002697788693284464,-0.008499963286284218
2018-02-02,-0.01591454858233695,-0.00554687597675898,-0.021711774049144927,-0.01320643220089212,-0.003319677742123926,-0.00360758156253749,-0.021769655968571278,-0.014768774605339367,-0.019945418806728954
2018-02-05,-0.02480712975721115,-0.006621294629424882,-0.0407383685769,-0.016901025316111627,-0.0023085522686981832,-0.002735912336681569,-0.04182261048400404,-0.02221399815289727,-0.03942670491064526
2018-02-06,0.012447983100043986,0.003126838893384787,0.02410190291019744,0.00996830133124197,0.00047518867494840877,0.00041604818630021486,0.019702230518169994,0.009977153750013968,0.026498775989872936
2018-02-07,-0.010132412250354994,-0.003791197919399081,-0.014049523976307321,-0.010646109403686044,-0.0024745180869331085,-0.0025723506991008893,-0.005425078305772435,-0.004427641161383167,-0.012938072369751752
2018-02-08,-0.020737855242231235,-0.0067684684325606875,-0.03882328983009093,-0.028328329958062084,-0.0036168937573569917,-0.003957557328218666,-0.03750901978347321,-0.02213078002477835,-0.04219473101584015
2018-02-09,0.008137549704577467,0.0031063467366857084,0.016106858400840425,0.011021928352847894,0.0021963822420718202,0.0024430454850108236,0.0150217278696676,0.008141975255054792,0.017269492245870932
2018-02-12,0.00872251338765359,0.0025396767580453034,0.016112115059982727,0.012774502519063284,0.0010624737776041824,0.0011562392730949567,0.014684675956582627,0.008603389152987374,0.017745147363952052
2018-02-13,0.0031738962920023887,0.0012047586490118037,0.004571629500346086,0.004728904795491021,0.0010086300645263712,0.001151845212738355,0.00248733529480738,0.0021557604627921133,0.005161122603064561
2018-02-14,0.010568372038569055,0.0021552434664056093,0.017872421731199878,0.01476711260686612,0.00023226173085454433,0.00044032317277892756,0.013496200075159281,0.005631460070068263,0.018723832611963198
2018-02-15,0.008596813613130593,0.0026548105294951097,0.016632930936440644,0.012894178987150626,0.0013459435305725716,0.0014887020043020548,0.012760127658152598,0.007804419308439526,0.01856425088271796
2018-02-16,-0.00018321894227059352,0.00024510528856043343,-0.0023187623157498323,-0.0032837038867044093,0.0004261250775392146,0.0004291250455980234,0.00029285843424942115,0.0011080267553284753,-0.004465562302066739
2018-02-20,-0.007312044319989517,-0.0025857834392718697,-0.004443848368375927,-0.0010948658861355666,-0.0020023150295245106,-0.002302409075695907,-0.006261086636473512,-0.0042135010606946435,0.00200000821519275
2018-02-21,-0.004739376049879724,-0.001798311522429526,-0.0032933082642721354,-0.0031548184682788217,-0.001617303989988457,-0.0018838186612580232,-0.004974467997137966,-0.0041697965374155885,-0.0028433225890076574
2018-02-22,0.0029437044585168136,0.0011757156739429886,0.0005893106787679105,0.0009776879535567113,0.0011175457053200291,0.0012962347910393367,0.0012959189039307706,0.0013284805976213861,-0.0001212770562113441
2018-02-23,0.009803182821881019,0.003705157008125035,0.01812753571977469,0.014362601176334264,0.0024159498746975693,0.0025714718355100284,0.015939825011566544,0.011135472209326027,0.02044877366094977
2018-02-26,0.005957637455573947,0.002193442996848999,0.011809864177699938,0.009729095400692372,0.0012674009579667367,0.0013341300982571069,0.011612188830900871,0.00750047538737292,0.013260554591587148
2018-02-27,-0.013831053081276492,-0.005214102542643534,-0.01572942876789638,-0.01075181990144376,-0.0037915966487160847,-0.004169274698733283,-0.012486406045199017,-0.008823391512989217,-0.012382706172512248
2018-02-28,-0.005711997687815638,-0.0015349667418789136,-0.009450217980371087,-0.004273829916481147,-0.00046459051235212944,-0.0005116341641631661,-0.01013007144046707,-0.0052143970795418566,-0.00641757039972346
2018-03-01,-0.0056869359849277415,-0.0008325524526292982,-0.012808888821899001,-0.011018940453996904,0.0004880180283570033,0.00041099368519600525,-0.014540917513294005,-0.0070647216375161635,-0.016326724761583367
2018-03-02,0.002596338162040008,0.00036350756069487237,0.006594904290459804,0.00666293886956617,-0.0001649208101272042,-7.385976484919079e-05,0.005154848530844136,0.001597982143293503,0.009180593889222877
2018-03-05,0.0050210025481213835,0.0016456074748723481,0.00938736601565944,0.007159383804693898,0.0008838337259753498,0.0009988198539652542,0.011558062670004254,0.006436181546702207,0.011084967254195499
2018-03-06,0.004769981875457677,0.0014365087002508766,0.0045468324797152265,0.0047038389178883575,0.000974844424659389,0.0011705992130095493,0.002535099593975687,0.0014921801004059657,0.0042302830474341135
2018-03-07,0.0008437009799692582,0.00021655216099142279,0.0009971420503085227,0.0005241485632054828,6.657020925533822e-05,5.5615753868723444e-05,-0.0003665775519041681,-0.00022160870224399265,0.0023141888512496767
2018-03-08,0.0016359276819584974,0.0008676062815374933,0.004206233172376959,0.003701944631931751,0.000619004575082213,0.0006011873478406655,0.004839243969053664,0.003740020185458067,0.005505187501557929
2018-03-09,0.008098030194035433,0.0022047856073776906,0.01898552926463104,0.009810529288313274,0.0007913075654779611,0.0008957048702398218,0.01740228177333858,0.009569361860393366,0.019428080144534787
2018-03-12,0.0016406251242186635,0.0009773189211659103,0.0021081630296775015,0.00343293246715994,0.0009278464542646025,0.0009592127641603162,-0.0012549941877012527,0.00017233336601674338,0.00531238033658088
2018-03-13,-0.0047182332681474605,-0.0012101997016231215,-0.009847088808932375,-0.006570759354036931,-0.0002379945369839572,-0.0002230302007629084,-0.0064627146003798375,-0.0032428169553878794,-0.013614050982512116
2018-03-14,0.0004055241133224214,0.00012492225809922582,-0.0017945687805589784,0.00022829784265971964,0.00015573696534137486,0.00015309848857100847,-0.005131579809015241,-0.002310074149569999,-0.00017485096327751748
2018-03-15,-0.0015116953198024345,-0.0004854480772538737,-0.00151603591794155,-0.001984901054510259,-0.0003903981419889621,-0.0004770103824636691,-0.0010899389853156194,-0.0008103186575660396,-0.0008735619611127676
2018-03-16,0.00022562786546077255,-0.0002909726689400572,-0.0012080615119849653,-0.002416244807705262,-0.0003087425084579667,-0.0002462165913384008,0.0010845387741780232,0.00018241028055137468,-0.002973234214239673
2018-03-19,-0.007185366042590886,-0.002454075047236223,-0.016099512528804465,-0.011247845087309118,-0.0013335695759812743,-0.0014112771753069927,-0.013530307193169833,-0.008515372167933626,-0.02133618902586565
2018-03-20,0.00033140225857896657,-0.00033407863013777683,0.004229296153695457,0.00027273355008430736,-0.0006673375838902693,-0.0007459638558408733,0.0017006193857775909,0.00022892593070638026,0.003291369480948436
2018-03-21,0.0015203494995031125,0.0010221346822173148,-0.0013002098546535247,0.0017516195745546333,0.001130895934284599,0.0012514344380332985,-0.0019194122282835124,-0.0008730039220734851,-0.004354208381166624
2018-03-22,-0.01419822474669023,-0.0039554239680820395,-0.026577092758936736,-0.013034500965844732,-0.0015294806975153711,-0.0016936188110998906,-0.024997136233465,-0.013287013291922233,-0.024682266050256585
2018-03-23,-0.009271862241198137,-0.0027132478439283966,-0.023102274554666673,-0.010536137253281267,-0.0010804178505709988,-0.0011373534017275456,-0.02131447267128561,-0.012030113610086903,-0.026351573424809205
2018-03-26,0.016477268446585067,0.0047641962898457785,0.03226880625924368,0.019771331971571444,0.002159286181928962,0.0023972563657120153,0.027358839582653394,0.014875658274019574,0.037158060154891315
2018-03-27,-0.009125933121865293,-0.002133316202564407,-0.02335381690442493,-0.017072947268091776,-0.00031593744140362813,-0.0004067959024670192,-0.017011501054884692,-0.007766542153199146,-0.032359989265949074
2018-03-28,0.00041842720156439655,8.834402118177063e-05,-0.006752611722897472,-0.00924144941533082,0.00030207012884153926,0.0003970336577081195,-0.002954474258747619,-0.0018138675444604774,-0.011503389871695191
2018-03-29,0.007322520867613226,0.002667325453877014,0.016623603972227907,0.010079934315942708,0.0014763044556336039,0.0014651137360163716,0.012777318062979992,0.008332653893389049,0.018314599594565717
2018-04-02,-0.01019328144687806,-0.00299244197375054,-0.02370431325816421,-0.012066093124213317,-0.0011447756348258854,-0.0011748257693380319,-0.021584575176795462,-0.012286846596367983,-0.02885159133224091
2018-04-03,0.0051437346198555155,0.0010775539096537384,0.011603957854549223,0.0031687434351493965,2.912685123049287e-05,5.7079580202358556e-05,0.012816856570363688,0.006139804328205741,0.011253633800342833
2018-04-04,0.005552785793104107,0.001474473093817943,0.010551483024125579,0.008268934029516724,0.0006683130136181894,0.0008246281980796469,0.010699319752519587,0.006039370187195764,0.015769977310365224
2018-04-05,0.0029875507529212677,0.0008640809669432371,0.005925940101408783,0.0011385849353308009,0.00013539707370633467,7.542238218360204e-05,0.007891869041277477,0.0036157546290889156,0.005696721307342889
2018-04-06,-0.0076544901368937185,-0.001708811483981147,-0.02280672315947605,-0.010898373616396808,-0.00013943500486310144,-0.0002126617367659949,-0.022285713987057476,-0.011407451199034198,-0.02502337086708628
2018-04-09,0.003112150628446004,0.0009484091929542284,0.004956440971638856,0.004462295550451108,0.00040471825004240565,0.0004193537885237998,0.0049283341829540195,0.0029668000285451683,0.0070230741845183076
2018-04-10,0.009265067412917327,0.0024896798983442547,0.017134501600205798,0.013682011260166993,0.0008175786595105983,0.0008679379068818882,0.015900053047830154,0.008814142923029511,0.022062830878895268
2018-04-11,-0.0008263181400536865,-0.00014452742589140594,-0.005576632669340927,-0.0011407182348439093,0.00028980738433845906,0.0004120771150294558,-0.005242243240007882,-0.002782284586354018,-0.005768867816603573
2018-04-12,0.0006059432050333827,-0.0005272808835232005,0.009205388578875835,0.003554719251770117,-0.001385804285107956,-0.0016407345495365539,0.00822730715100195,0.0035296803160608002,0.012041422235228305
2018-04-13,-0.00030477903986774943,-8.251582625834656e-05,-0.002765340768936078,-0.0011780643092069057,0.00025089899426270753,0.0003986991591139295,-0.002933304775573853,-0.0014297278700263474,-0.0051784325547662435
2018-04-16,0.0027065165473152027,0.000850239750783103,0.006881175598361877,0.005061043244395813,0.0004920148314407123,0.0005900110871827455,0.008221812478453883,0.004778347693933949,0.0076222791138573776
2018-04-17,0.006524056557731003,0.002226738092323663,0.014665564273136748,0.013587584859819896,0.0013674001439043975,0.0015218013367760239,0.010698325804876951,0.006720682056513476,0.021525163590530028
2018-04-18,0.0018471620039394146,-0.0002735084892638002,0.0019564443062075627,0.0011652165251424308,-0.0007974100611520665,-0.0007751683107661291,0.0007405196907970257,-0.0010730979642985458,0.002046969260745435
2018-04-19,-0.005289895207509743,-0.001963152531562768,-0.006671114585408101,-0.006518698279023037,-0.001514001272656195,-0.0017048955064995585,-0.005547701989528697,-0.00445336034991774,-0.009192496430032726
2018-04-20,-0.007216612526565707,-0.0028543210620654586,-0.010647454211563637,-0.012331931815641298,-0.00213522388186572,-0.0023307183968901395,-0.008479407043679443,-0.006470847553293134,-0.015826828272046956
2018-04-23,-0.0026191420610069704,-0.000997302875554984,-0.0015644506932417125,-0.004005948461960474,-0.0008236981842101779,-0.000935057365476087,-0.0001499103889983644,-0.0004771781198151719,-0.002526300077924648
2018-04-24,-0.00437323797215866,-0.001362798928611498,-0.01486365778110892,-0.011771508586868127,-0.0003575622871081525,-0.0002577302449461063,-0.013467265547445706,-0.00865774164798907,-0.021186973556702182
2018-04-25,-0.002301062700797427,-0.0009409092877211551,0.0007424465119295695,-0.001403631533980505,-0.0008682220816713235,-0.0009670320498592749,0.002471533023593153,0.0006406096191668932,0.0011989236420322236
2018-04-26,0.007710499665624096,0.0027967749179754605,0.013105732810894355,0.012132033766293961,0.0017930039092723794,0.0018911108660913448,0.010165889880717316,0.0072950155490565435,0.021052640128425226
2018-04-27,0.0036855223555260284,0.0014961839792273228,0.0012481500284960492,0.0017732603355390174,0.0014584401572259296,0.0017057949990501313,0.0009386631466146156,0.0012274685614413142,0.0006170734253740928
2018-04-30,-0.004519888152129748,-0.0016543772840085663,-0.007037118925655663,-0.0064299543938459765,-0.0011258620296242684,-0.0012691035370769174,-0.007690613941792379,-0.004253095802989325,-0.007094651128311424
2018-05-01,9.069283982401292e-05,-0.00031560670475455264,0.004719625701674031,0.004854590637685314,-0.00041208040127846076,-0.0003809181155335376,0.0017770552478832968,0.0004599420148298049,0.011433092206133644
2018-05-02,-0.0030129279738900228,-0.0007557752954311706,-0.0045671913385389356,-0.00379422937596023,-0.00027998347624537233,-0.00034233867412969947,-0.00671731879403159,-0.003999062982909821,-0.005897667362378289
2018-05-03,0.000932111780551999,0.000937469312708469,-0.0004312725631515619,0.0016329314611440455,0.0010425014209155836,0.0010755725077190325,-0.002204136772001264,-0.00032145456377615086,-0.00012372349798872584
2018-05-04,0.006116345747007828,0.001864949925464515,0.0133381202804661,0.012383910905306121,0.0010349005491549243,0.001207701147861286,0.012946618558608458,0.007859870393788762,0.0189742461016551
2018-05-07,0.0014838487380580132,0.0005243372015923195,0.004628323121455061,0.005212128663621395,0.00038297648935143425,0.00047033792019876894,0.0033831715999121936,0.0018606686815635088,0.008309238531310603
2018-05-08,-0.0005473884904012861,-0.00026569268237600996,-0.0008581122194539768,-0.0007372050730176803,-0.0003194218626809688,-0.0003741707999724041,0.0,-0.0006555963688216346,-0.0010221868811469692
2018-05-09,0.004545545893605674,0.0010047646187014703,0.008390206696764269,0.005157687001593914,0.0001833378944700037,0.0002592489783130869,0.009665824142779389,0.004875178720264994,0.010898641854838909
2018-05-10,0.007455566743551217,0.002542119325834908,0.009463771468511404,0.00806488332694947,0.0016938371388442943,0.001877265064577597,0.009350804000170188,0.006461320402311271,0.010364460550969401
2018-05-11,-0.0002579459239187518,-6.808330634671102e-05,0.0009759762309064945,-0.0008934233243717159,-0.00015500574551529611,-0.00021476656116508044,0.003051183061541396,0.0018838698426557761,-0.0009431332077848298
2018-05-14,-0.0010131227828357706,-0.0005614212724661948,0.0009211012493144006,-0.0004116590814976192,-0.0007553361259114162,-0.0009015393902528312,0.00047659109584330395,-0.0005679904646697796,0.0017115416858823895
2018-05-15,-0.009696360641431607,-0.00397536504413643,-0.008659450601590108,-0.011425802773995172,-0.0033375774597756906,-0.0037166841165436433,-0.006887284747716493,-0.006354018708656088,-0.011075411728191376
2018-05-16,0.0022668887097887073,0.000486140656822815,0.0037551220715814574,0.003087174991311346,-5.944742466061006e-05,-0.00010243644546585949,0.00420523810157869,0.0017235760391215377,0.006612226507089369
2018-05-17,-0.0018786992415583902,-0.00044848502257553165,-0.0013940268986615757,-0.0021930328959469344,-0.000252527504538282,-0.00030727892890325664,-0.0008447163283711312,-0.0007475319722042566,-0.003846204438381351
2018-05-18,-0.002058692933259985,-1.3203995409709583e-05,-0.003961993188961947,-0.0022424241962132048,0.0005313033322740094,0.000522601607045183,-0.00249979711199777,9.590599141236266e-06,-0.0051689009356342686
2018-05-21,0.005226197290794505,0.0017384289641991998,0.0066095469583073545,0.0035099912076286184,0.0011441747099472615,0.0012912498587273613,0.007517993390382616,0.004826232948705537,0.005613387719549445
2018-05-22,0.0001379596110880125,-3.4567926606530786e-05,-0.0015092245937268925,-0.0009679835300363967,-2.5014590040350354e-05,-1.4524925056588171e-05,-0.002779832010234018,-0.0018435037337979905,-0.0013062508267486228
2018-05-23,-0.00018204609962296038,0.0009390646480167182,0.0015054627925160514,0.005933286884680843,0.0014026787237865193,0.0014946405118293471,0.002750912371294323,0.0034643802200396163,0.008443458460199338
2018-05-24,-0.0008055964064910479,0.0004043070001665163,-0.0015204515725381843,0.002404144105086073,0.0008223690741527347,0.0008856726567118281,-0.0020483187108745193,-0.00022992770944950522,-0.0002950724328271148
2018-05-25,-0.0011342442292940954,0.0004339734054053896,-0.0023315591250648656,0.0004738902709985392,0.0008440766200058898,0.0008075817266202279,-0.002382692595312208,0.00011499363051571828,0.0010029913995244222
2018-05-29,-0.007911855496326715,0.0002363109557683935,-0.013002591745869149,-0.0007733639206661596,0.0022517567773017114,0.002186106239997176,-0.011500894320571886,-0.0026612560608500835,-0.004419540196614502
2018-05-30,0.008227318992834236,0.0015600241651805983,0.01231391649231339,0.003771458525246742,0.00025768299154622427,0.0004898884030277418,0.013344615767509227,0.006265962742458675,0.007161622420285063
2018-05-31,-0.0021975344210313345,-0.0010827085367706496,-0.0031818057407687304,-0.0010052194173544046,-0.0008751932917796206,-0.0009345844181002946,-0.006125891991866972,-0.0038841136709499647,-0.000646341074440504
2018-06-01,0.005319816204989988,0.0008742450762426259,0.011584162907281741,0.007236979612685395,-0.00024181347166470502,-0.00021472932067297045,0.009817822374765584,0.004426593533567996,0.01569922718490746
2018-06-04,0.0035720810739956078,0.0003485064271361142,0.006566296697958226,0.004444677743997941,-0.00026511734209997513,-0.00013742895255339688,0.00475138678053022,0.0014733469027699896,0.009030949040823577
2018-06-05,-9.900317830265645e-05,0.0006021495913360126,0.00138355028480248,0.0032104285560435094,0.0007584867347263334,0.0007546189285409521,0.0007275792431649108,0.0014490347053263935,0.0030978380097690383
2018-06-06,0.0054321363586613955,0.0011442204556986965,0.007977292408548097,0.0028948287202465173,0.0001367333413915075,0.0002044289439502266,0.00836041556110878,0.0034775256820240913,0.005834117384884818
2018-06-07,-0.003673311610740264,-0.00015404600928800761,-0.005062779261633774,-0.004207393784171952,0.0006393307766157769,0.0005894986330476911,-0.00010835665681174778,0.0015928169930523903,-0.008131874372038772
2018-06-08,0.0007919537511174024,4.881581025295567e-05,0.0004176696562072646,-0.0008153240747188484,-5.8444450428463135e-05,1.3138217276109643e-05,0.0029567929811313842,0.0012091138039860283,5.771281438704534e-05
2018-06-11,0.002119463709154148,0.0003638837774408741,0.0016098773491152302,0.0011048083542531887,-4.954104811939152e-05,-2.6517861757263937e-05,0.0013296505203814757,0.00040662131953237394,0.0026942480449643202
2018-06-12,-0.0009144422563002058,-0.000570941730750349,0.0021068278643861216,0.0017503647192597112,-0.00044570560892142415,-0.0004079093253592416,0.0012924978926662778,0.0005423723247255369,0.00526001336367532
2018-06-13,-0.0028179913816041334,-0.001314828953505271,-0.0026300898270098126,-8.130403374209979e-05,-0.0013021280569109556,-0.0014823308854209002,-0.0031907991096969957,-0.002391224929530992,-5.697844932139873e-05
2018-06-14,0.002460088288877057,0.0013514846571033908,0.0037485019721851063,0.006182419616606394,0.0012882703029139112,0.0014035299243618689,0.002517578355904382,0.0027715495446349898,0.010123870145493985
2018-06-15,-0.004964161866575384,-0.0013209691620818269,-0.0034660942225417666,-0.0035908291161529716,-0.0008420205085521881,-0.0010987846681617822,-0.0012759569256666214,-0.0004541276674685851,-0.0034910181986770317
2018-06-18,-0.003499312978747616,-0.0008506963086677979,-0.003422300228211976,-0.0003321590471745564,-0.00028988064337018987,-0.000325937452624745,-0.0020566203049626752,-0.0010398213982450403,-0.0005776404982870131
2018-06-19,-0.0036975953324585678,-0.0007058737800775876,-0.004815556885497551,-0.0006200973761199941,-6.252010755970675e-05,-0.0001353140904744005,-0.003832663695333416,-0.0012415204376629908,-0.002832866607123896
2018-06-20,0.0015415053685693455,-5.883255074856792e-05,0.004404193838670354,0.001427923018997254,-0.00031847586384772163,-0.00021887120656757374,0.0017058138646712795,-0.00027496674057846614,0.0071024233295986505
2018-06-21,-0.004356242310105397,-0.0007407171889945568,-0.008748644472863268,-0.0032637087121408725,0.00019976280551072857,0.00020008040006169338,-0.0062687911762507875,-0.0026998894307465673,-0.00868824344600494
2018-06-22,0.005225513074856892,0.0016764027945862182,0.0017984505626177263,-0.0006342149587538852,0.0010917326649389747,0.001223899302474562,0.0018235228079266363,0.001168944179609383,-0.0022193853702960897
2018-06-25,-0.009625975190053598,-0.0027262781708586588,-0.017202707926570006,-0.010464032203524341,-0.0011382239851839492,-0.001251824425396492,-0.013613010182890073,-0.007592036554416838,-0.022530530911915148
2018-06-26,0.00019155754170818292,0.0001040934580800299,0.0017864539117153101,0.0013666378351510123,1.5905328612828007e-05,-1.663646212699953e-05,0.002214133836963006,0.0015145980075204327,0.004084680207674163
2018-06-27,-0.0068146122606785285,-0.0014681548251678635,-0.012536631826570329,-0.005511989448272517,-0.0003760293454571939,-0.0005407292237875141,-0.008284245068262308,-0.0033846649857086266,-0.013599224572104718
2018-06-28,0.003891681183895664,0.0011283607261164512,0.007415633834182445,0.0031358778337253475,0.0005764006347073901,0.0006558262867875037,0.005717541995104325,0.002987752827137621,0.008601887835882449
2018-06-29,0.004728498711607596,0.001199181019182251,0.004529085000859081,0.001408194070466116,0.0005437899124287796,0.0006386317573072953,0.0014394841378673195,0.0005374117288276727,0.002687145845706951
2018-07-02,-0.003758788970203853,-0.0013059838679541718,0.0016590744150384038,0.0014685517664395956,-0.0011240294846321937,-0.0013240035238389694,0.0021379717150862287,0.0009930073250796695,0.006699720656921038
2018-07-03,0.0014316986090643748,0.0009340255316738441,-0.005994563136724333,-0.002996603598166718,0.0012563255222726463,0.0014630540105357278,-0.0035308993091232033,-0.001070317864199956,-0.011573816998023512
2018-07-05,0.006897270603671627,0.0021832691289127397,0.007821993881345664,0.006198042681321876,0.0013460301378646557,0.001550868225183797,0.008157561623203469,0.004880416496269043,0.012411900948327226
2018-07-06,0.005672314484157025,0.0019786195862853528,0.012350024018809807,0.007335551508167138,0.0011490306109787126,0.0011948161981829122,0.008458590193637594,0.00539081947314008,0.015556596158872393
2018-07-09,0.004464656215607654,0.0007899129503474134,0.010704486472939718,0.0035031221380109824,-0.00024162295818063546,-0.00027484180465120564,0.00900414944006278,0.004355889479929411,0.00899709273724314
2018-07-10,0.0006102949677015967,8.084334282165706e-05,0.0012629994308379633,-0.000249469930786117,-7.918983822663428e-05,-7.284341318747334e-05,0.0035986396490585992,0.0018466066395987912,0.0007334647510592873
2018-07-11,-0.008955589400327058,-0.002425584216498233,-0.008848998629625876,-0.0033693051961858752,-0.0011769594458565964,-0.0013970251602637162,-0.007314569155101536,-0.003577492842306732,-0.005075380191242651
2018-07-12,0.007263737462184636,0.002179293803079857,0.013246044435766251,0.009223795365310867,0.0010910814865050407,0.0012021389641379565,0.009065651039175338,0.0052720475029945785,0.017231480401731725
2018-07-13,3.6189058514206124e-05,0.0002330068231006416,0.0007867838362137728,0.0004104412103822968,0.0001267475474723579,1.9407602475189165e-05,0.000787690920892592,0.0011355089161269583,0.0008359588777013816
2018-07-16,-0.0023190699412142697,-0.0009979674026620246,-0.0024014886830706606,-0.0018806277520728,-0.0008285015861319311,-0.0008900899260540639,-0.0008942218536549529,-0.0011986021675184793,-0.002394014114598275
2018-07-17,-0.0003247645656603869,-0.0003434853334451226,0.005513783244350049,0.0014565213715848852,-0.000733944028670877,-0.0009505120524872312,0.004045257903823707,0.002197668656498727,0.006083402507417679
2018-07-18,-0.0006738076979863197,-0.0003347324175657437,-0.00014326912339693385,-0.0012127651571947218,-0.00036661871731311427,-0.00040987447554334387,0.0021037693211269914,0.0009558609978225998,-0.0018862304198610236
2018-07-19,-0.002129761275841204,-0.00010350976024268998,-0.005945953329505619,-0.0022025158284665765,0.000543113327810935,0.0005951846141383547,-0.003771544537081617,-0.0011864930554146484,-0.00500175750221199
2018-07-20,0.0018700279263216691,0.00021134708581503907,0.002247586985282269,-0.00047998287844013855,-0.00024100358649046795,-0.0002501670986217722,-0.0011431204584626542,-0.0020866419135212775,-0.00022345173043125666
2018-07-23,-0.0021341848195346688,-0.0014086650602671766,0.0007186593498262908,-0.0007214031529430213,-0.0014545905696866062,-0.0015117312204817165,0.0018594649490146775,-0.0008283416370857754,0.003184247810464891
2018-07-24,0.003808670229540319,0.0012379272513654326,0.006555208023861362,0.0024165068701076744,0.0005378686595029134,0.0004858175837619837,0.0050320965642625115,0.0033094983766433273,0.004121074741204378
2018-07-25,0.0068737485446245285,0.0019256418983601127,0.012244066397033775,0.007737388974173511,0.0010151365734286963,0.0012056718559351628,0.00852236439660059,0.004879735085149216,0.013977147024977876
2018-07-26,-0.0057271730975631575,-0.001873903158670856,-0.009246441087788777,-0.009310913131471364,-0.001063191737443287,-0.0011351640797788332,-0.002358775502606214,-0.0018565835675227167,-0.015151639031156683
2018-07-27,-0.0022346055628387905,-0.0006280958035069509,-0.007408036385990116,-0.006372620169743341,-0.0003664772207678881,-0.0004994142293231079,-0.006776651892741126,-0.0034894849329937853,-0.01349638628814076
2018-07-30,-0.0021249633556307945,-0.000826683094459896,-0.008032167074899541,-0.007924164767312293,-0.0004973864564727864,-0.0005101515325867783,-0.005223374752427956,-0.003662077909677981,-0.014131301012266562
2018-07-31,0.005317819378299357,0.0018573671753750564,0.006096193212987576,0.004795984954847888,0.0014455442066580062,0.0016835918676655678,0.004929206872957614,0.0035206778424037746,0.007652244053083512
2018-08-01,-0.0030826420700993174,-0.0010690158855902532,-0.0009683104481194436,0.00012085672344354915,-0.0006489806059112214,-0.0006605865804581642,-0.0016705876110604256,-0.0019443777009271425,0.0037970204069921465
2018-08-02,-0.0024216588564889953,-0.00020529361680854651,0.004946238971798379,0.006689605383506765,-4.389256843033779e-06,-0.00014508223268362317,0.005447922339471223,0.00376134173954855,0.01360658727789299
2018-08-03,0.004343712894207078,0.0016889864828099099,0.0044759067563422406,0.0029458696571324086,0.0013824516338857861,0.0015509715208690206,0.0042845294653017785,0.003605313377923489,0.0030636594978949994
2018-08-06,-0.0016841928343713341,-0.0002974800613166714,0.002316796530645639,0.002537188621405828,-0.0001747604625408151,-0.0002680193603882233,0.003667342841697341,0.0024153164995574265,0.005886366143541322
2018-08-07,0.0034793680559722234,0.0006621234915762102,0.004797098645995041,0.001474685020882707,1.5032887435921089e-06,3.391402733324142e-05,0.003302320638059353,0.001191654588659636,0.0036434304145784857
2018-08-08,-0.0003634457330099483,3.8185758014286364e-05,3.7857989199530095e-05,0.0012117593812914773,6.881218432286396e-05,3.1086101940358546e-05,-0.00042027922584664257,8.653645750000827e-05,0.0012103921684771812
2018-08-09,-0.0010359773169262194,0.000263527029792676,-0.0013748045932033466,-0.00011033229181508292,0.0005540876951216398,0.000511853618505967,-0.0013660127316988957,0.0002834793860693538,-0.0006043319937190095
2018-08-10,-0.009169956165295886,-0.0018220218236534628,-0.009988806001746228,-0.003577909987997054,-0.00027665814176407785,-0.00043014011980846705,-0.006700497031206454,-0.002279391334751569,-0.007640975831805785
2018-08-13,-0.005016243150687033,-0.001798408385570152,-0.005187270144639164,-0.004058799391862998,-0.0014194055950117745,-0.0016483030585552037,-0.0037428432453830984,-0.002349235320349152,-0.0011083039459466315
2018-08-14,0.0020999827419312216,0.0006221248050301512,0.006283818991759296,0.0035905526677594032,0.0003516410641604695,0.00042972562368156743,0.006380423796592316,0.0034022073876564724,0.0062664406716814725
2018-08-15,-0.010125473808621005,-0.0026082301591714018,-0.013543086056607069,-0.010160051844066723,-0.0010569021720204695,-0.0012318550325631694,-0.0074673284222993574,-0.003472444669846869,-0.01223427361093099
2018-08-16,0.004409433852271447,0.0012130766423376494,0.005802075858137697,0.0016426568890207038,0.000598482750763701,0.0006982125377406202,0.008091335968682056,0.004692442368225932,0.003291719702270157
2018-08-17,0.004894250532962896,0.0018239123051925917,0.00353774397592882,0.0022319805187606136,0.0014965180012856652,0.0017260674576012602,0.0035198713500157464,0.0022574542627338194,0.00022255946784510705
2018-08-20,0.0032669123792985694,0.0016413102347072302,0.0013800282092129145,0.0012415997382113093,0.0013916090372010418,0.0014450817292634259,0.0021405650223749184,0.002535609799321168,-0.0008897717003272243
2018-08-21,0.003448103529212995,0.0007373167275405756,0.0048916382622869025,0.0024542433775530206,4.804242497736636e-05,3.371376465475276e-05,0.002345068250406701,0.0008517111208067569,0.0036727160389369296
2018-08-22,0.002066226903530478,0.0008727391164151835,0.002860294388269313,0.003089337622066523,0.0005553968584139038,0.0005093627987373551,-0.0005935387720440444,0.0003889980935628562,0.0038813479376456073
2018-08-23,-0.0054150622124122675,-0.0017450869503402126,-0.004286609520236857,-0.0029231159708889712,-0.001174942984303817,-0.0013372953261628101,-0.0013276068940891728,-0.0008323753657956827,-0.0014361076777167359
2018-08-24,0.008239962688214654,0.0027432817185791833,0.009765698165649137,0.009202352578828617,0.0019495201057173502,0.0022612593668529316,0.006018203264874344,0.003711267898080192,0.009292208707729843
2018-08-27,0.006228679738201596,0.0015017834780897653,0.01007047435624442,0.006199728178966367,0.0003603328210213217,0.0003997371796091094,0.007895224376560872,0.003827752558024461,0.010192696151907654
2018-08-28,-0.0003729177017689133,-0.0005104214958350841,6.763110158998944e-05,-0.0013681195384439419,-0.0004453487125541873,-0.0003780242296587987,0.0004832290311838072,-0.0006039336870038856,0.0014649612943136159
2018-08-29,0.0041357551527026245,0.001233175157698165,0.008009355073969394,0.007586382006441483,0.0006164523830623958,0.0006928191324710951,0.0053807084214057,0.0031202358746472143,0.01153782498016942
2018-08-30,-0.00689307097695526,-0.0014985804019216203,-0.007433502772701563,-0.0017138514479298965,-0.0005300730087472954,-0.0007090097786684026,-0.004048252792872575,-0.0017039315832514004,-0.0017671708508731898
2018-08-31,-0.0016382110595661208,-0.0003321598948988244,0.001518749613838388,0.000535378826089333,3.609522587756567e-05,5.7219972049598456e-05,3.439926621262579e-05,9.829801490965638e-05,0.0012873728050060151
2018-09-04,-0.006701243516586412,-0.002377685539966292,-0.006176268009068133,-0.004056067267894075,-0.0017911989195016128,-0.0019966389895858484,-0.0017221656128435514,-0.0019462858406148183,-0.004286069799543046
2018-09-05,-0.0036952956000564172,-0.0010249726437732427,-0.009072651416494699,-0.006741731191146549,-0.00021695018301564787,-0.000111095528931721,-0.0026914348381490427,-0.0016583537082299961,-0.012913644290038828
2018-09-06,-0.00169044783013036,-0.00011950405642886569,-0.004661736316164738,-0.004290732087551119,0.00039058733860853826,0.000428992948863749,-0.0030101899214767247,-0.000988846281891261,-0.0089397350049365
2018-09-07,-0.005151245543723815,-0.002667297329880025,-0.0033432467040053204,-0.004239174573426596,-0.0023648661337695165,-0.0024983342505829897,-0.0019433030600067847,-0.002963846892848898,-0.0038503917489609574
2018-09-10,0.0019919199015533376,0.0007944296323329896,7.266586486870376e-05,0.0016809557990513878,0.0005469823748846718,0.0005904887385934092,0.0017383330829290333,0.0012791510380057705,0.0033680381240048796
2018-09-11,0.001156300223134618,-0.00024872533205506534,0.004845634488988171,0.0022243256874378207,-0.0006311442231794275,-0.0005902809157171537,0.003297443219162366,0.0005332018946362818,0.007704157520900257
2018-09-12,0.0021045846942951366,0.0007899464348889016,-8.497606868645841e-05,0.0002038344249472937,0.0007030234861051949,0.0008191737107917142,0.0002423144074266137,0.0006156141838856079,-0.0029488285171562767
2018-09-13,0.005015206367264651,0.0016090026680973964,0.009331995110386742,0.004666195397622197,0.0007864976238963129,0.0008085348364391513,0.00591452903196199,0.00352319936286916,0.010680437168417933
2018-09-14,-0.002409565638714007,-0.0011964598931061645,-0.0012961661796046962,-0.002141159436763075,-0.0011891567978020918,-0.0013392376750877,0.00017192051972991784,-0.0006365118482408442,-0.0029264699068065614
2018-09-17,-0.0019607358925241933,-0.0007206909858338264,-0.009695398078003013,-0.005621634238367515,-0.0001719569913925778,-6.683655198088695e-05,-0.005294111148477443,-0.003120938927277062,-0.014402921728811857
2018-09-18,0.002668435247418626,0.0003990645421455499,0.007397005724906035,0.0025803830168381493,-0.0003619463555513199,-0.0004086171304001962,0.005426186387498921,0.0016292868555975015,0.008271592201508415
2018-09-19,0.0014359047179652187,8.078992496046544e-05,0.0028795806368137095,-0.00020613021747241996,-0.0003860642675229977,-0.0004549543613747901,0.001065447582413892,-1.882126223690732e-05,-0.0007655646573371255
2018-09-20,0.008721734450603705,0.003018259047225787,0.009872108574041978,0.006038990178753735,0.0018552692264396488,0.0020253904512315757,0.008103970981376607,0.004949081099554083,0.011056452912623804
2018-09-21,-0.0010615749088795491,-0.0005486840294906997,-0.001604649474687202,-0.002549953242993427,-0.0005269910790689541,-0.0006211862697686611,-0.0009139307886628645,-0.0004002475626080317,-0.005467815794618747
2018-09-24,-0.004118893896047133,-0.0014287243741505607,-0.002528586500343337,-0.00025375356126330754,-0.0011969260625618768,-0.0014151055763011538,-0.0033216697127479433,-0.0024452397225356356,0.002781178171780141
2018-09-25,0.0019867121719112178,0.0005806164710786299,0.0009730901209692956,4.717261487447889e-05,0.0002846463562753858,0.00031398719663816983,-0.0009279806191406781,-0.000952692300900933,0.0013592934535711088
2018-09-26,-0.0015910853045788202,-0.00030803444063649414,-0.00048718125541746983,0.00011033196225068329,-0.0002958908581440313,-0.0005253438924175298,-0.002992148434981301,-0.0005292757620230656,0.0007062564686810546
2018-09-27,0.0008462147882285951,0.00023671963884148588,0.0054841910137528585,0.0027637515306844773,-3.062632557775648e-05,-8.973139115262537e-05,0.0027939411170827544,0.0016915868525824646,0.00846613602184254
2018-09-28,-0.0014204833679679995,7.084207883652666e-05,-0.0014045800620425273,0.0006684743911679927,0.0007989396534747358,0.0010193543984075735,0.00010354160816561375,0.0002576535563253983,-0.0002157516674996529
2018-10-01,-0.0009466535824816791,-0.0006766506218789527,0.002247769709867163,0.0005627730661885805,-0.0009036789004679696,-0.0010174237172112127,0.0034740233310111,0.0011064153288364463,0.002045204158593217
2018-10-02,-0.0017450591184441557,4.132612728770295e-05,-0.0036654481733429064,0.000947396757488324,0.0006478878213337463,0.0007488782721906544,-0.0005826001701461081,0.0006594725484085923,-0.002255612013361663
2018-10-03,-0.0023567743372468085,-0.0016646833697900362,-0.000993503898299102,-0.0022845289848058893,-0.0019104061363354801,-0.0020460020358040033,0.0005487255551082093,-0.002588474129454172,0.0010766320152097997
2018-10-04,-0.009416848813900489,-0.0032846800087169463,-0.01579292557819804,-0.009251435717706103,-0.0019700934951988516,-0.002067721218388865,-0.007815787813559183,-0.005772164725054665,-0.019198917157604245
2018-10-05,-0.004111992388304826,-0.001560131852366067,-0.00787745272099193,-0.006030918152353271,-0.0008647501586800579,-0.0008320712965256747,-0.0055968526231073845,-0.004342212351337611,-0.012227081304012066
2018-10-08,-0.0020980516566024843,-0.0007941396284618651,-0.0021561034248555044,-0.005823569428625608,-0.00037705903106699523,-0.0003580639438554023,0.0,0.00014738359663835077,-0.006106037169142042
2018-10-09,3.226560567950369e-05,0.0003984351592031243,-3.0405473438102356e-05,0.0012480659313446822,0.0005302931966153289,0.0005363398018182217,-0.0014588376291548855,-0.00011304854570974522,0.0032392008716721765
2018-10-10,-0.017151224210173618,-0.00541903687806018,-0.03619243085672133,-0.031189924983110275,-0.0026047639153515575,-0.0028133218814605436,-0.031663942073984375,-0.01876938875967338,-0.04397922172572932
2018-10-11,-0.007398648620667484,-0.0018030860964657939,-0.015812859508743456,-0.007813896778117578,-0.000333223086953417,-0.00038599701840692996,-0.022026404493062812,-0.011346421141248451,-0.012403043562139282
2018-10-12,0.007102682594281345,0.002064786655557946,0.022572702399072032,0.016834098252353324,0.0006192388040098055,0.0005559043793083951,0.013888165684063036,0.0076260403417862475,0.02783010050757051
2018-10-15,-0.0013456849304088814,-9.486473732199508e-05,-0.009241726506380147,-0.0063285495213920885,0.0005229221058033931,0.0006704359505036689,-0.005616851089280561,-0.0030592514133683277,-0.012104085099960082
2018-10-16,0.013632226490561939,0.004140003686087587,0.025403175073493385,0.020581932708747773,0.002156498196579926,0.00241981730713996,0.0218658566854788,0.012793503340345097,0.029092145623764054
2018-10-17,-0.004038148274285731,-0.0014089204553604977,-0.002261462850475411,0.00023232601812105637,-0.000957766909517324,-0.0010017721581553896,0.00017830927476891745,-0.0010730103387810521,0.0003950717425478256
2018-10-18,-0.010719221755524956,-0.002818593223331262,-0.020330376429516607,-0.015644167204026446,-0.0008819402610102286,-0.0009466460948028603,-0.014441028328090133,-0.007830736179075065,-0.02318238545566298
2018-10-19,0.003357674321853443,0.0005371919760482831,0.0012989200553075563,-0.0004611189072114706,0.00013730472034255835,0.0002760087947747892,-0.0005425447082912926,-0.000811611802226424,-0.0009235444355127909
2018-10-22,-0.002165153169415899,-0.0009476724049222318,0.002450797447147495,0.0006106075426358119,-0.0009464382350428352,-0.001144341112556116,-0.004488711945065282,-0.002562644592340737,0.005143767141795097
2018-10-23,-0.0019383460826783777,5.581469102531915e-05,-0.005723441559803187,-0.0021742646107797085,0.0007685778443243824,0.0008642086514319149,-0.005090699047245795,-0.0019237381119720281,-0.0036802387058194608
2018-10-24,-0.015587055941352793,-0.003511137514814572,-0.036902676907848986,-0.031222986420471645,-0.00017349401967853636,-0.00014863865419792143,-0.03029855390408187,-0.015533740176839617,-0.045766657132621624
2018-10-25,0.01119180646392824,0.00311878809780619,0.024831788217418986,0.021725903534354093,0.0013108905869040374,0.0014849218313928562,0.01794034233632713,0.009353320912417692,0.034595499270397845
2018-10-26,-0.00886291970034163,-0.0022064032875441617,-0.01961974546907134,-0.017281016311834565,-0.0009122504909646481,-0.0012145979394160783,-0.01758741456466173,-0.008374107916020052,-0.02572202631627818
2018-10-29,-0.0035387252328651416,-0.0008565767265929109,-0.013941267390458069,-0.012500601193185247,-2.9607466631898397e-05,4.308671523300017e-05,-0.005540118262049365,-0.0032378211658581624,-0.020580783746926956
2018-10-30,0.007732251934902611,0.001953913363031906,0.016422948879577987,0.01153543143133726,0.0007177492567010444,0.000863954864103226,0.014818537479483807,0.007605373526583553,0.016479782050565106
2018-10-31,0.0042079866933241086,0.0007659962973383336,0.015792404273884723,0.013473118723553315,-0.0005311879202106385,-0.0007051473293636755,0.010680914480360126,0.005150052624890638,0.02350526070488912
2018-11-01,0.012504805845237651,0.0042558119519929966,0.016754483891779026,0.012340359813673877,0.00269670715417603,0.00294242954761842,0.010641695212743274,0.0065595930354322715,0.013190354219273281
2018-11-02,-0.0034406738592044996,-0.0023845312658210883,-0.007211567275874166,-0.009389311778133857,-0.002216376916478559,-0.002267656322853481,-0.00592314370004543,-0.005776964721152382,-0.015575775557850169
2018-11-05,0.002467149421820462,0.0011013842457352533,0.0017725826620992576,-9.318814361715469e-06,0.001002700973321183,0.0011386959661399828,0.00551708711767529,0.003477311819967627,-0.002479769701571377
2018-11-06,0.0017636260375968327,0.0003759567707466438,0.005199747331862126,0.00360024291981631,2.4521057503168464e-05,6.270499633687088e-05,0.00632786845230604,0.0033292668952269455,0.007575737433687779
2018-11-07,0.012332723269083187,0.003729157587762357,0.024892355936837335,0.018123018778874407,0.0018168389816463574,0.0020026341588659695,0.021408910885580168,0.012883384320286417,0.031367442607384
2018-11-08,-0.006718719462589432,-0.0021423007157518967,-0.008420405350349892,-0.003463338191201623,-0.0011619610932207154,-0.0011913332843227775,-0.00181490424854569,-0.001652055349146813,-0.006378910577834684
2018-11-09,-0.0069830379488988225,-0.0016577706949949353,-0.014324801954492202,-0.012602094764943554,-0.0005619983319227385,-0.000763922176534779,-0.009767949500120943,-0.004389677675135672,-0.016851931637340778
2018-11-12,-0.011688870467697461,-0.003056837366170975,-0.0224611693718691,-0.01908460760120732,-0.0009804792270861828,-0.00111840326920745,-0.01868530237042365,-0.010088335246040652,-0.03025886892076335
2018-11-13,0.0027868095214282065,0.0008917443812212857,0.0018127362565552654,-0.00028724911075632127,0.0004956908990083483,0.0004893234807893723,-0.0018710384301147132,-0.000799312028250665,0.0008421652492003329
2018-11-14,0.0009105704766630636,0.0008325533972606493,-0.004619830965831383,-0.0024643755292730785,0.0010109591369530575,0.0010649132776455936,-0.006837047275574437,-0.0032455030988055955,-0.0076294892422987814
2018-11-15,0.0045649575644146866,0.0017219469317131671,0.015604846169591808,0.009886943366672847,0.0008809416589637271,0.0008138141107260283,0.010436928336847728,0.006495805582021042,0.017494018340098894
2018-11-16,0.002048353178776788,0.0014441703032146145,3.302958217907463e-05,0.0020404071907461994,0.0016794644620742416,0.0018795636868263518,0.0026005340667065724,0.0027911948144221034,-0.0035099658538564338
2018-11-19,-0.008044890350411312,-0.0019245482994711325,-0.02241016692789937,-0.01671304744647559,-0.000339859600685247,-0.00036963251284659,-0.016914574427872142,-0.009512349507344569,-0.03247776322619067
2018-11-20,-0.011432259951548862,-0.003723399142544803,-0.01888350681744073,-0.012484366875304728,-0.0020417024517775024,-0.0021917417882290984,-0.018506241193108175,-0.011057711894141148,-0.0178944528730568
2018-11-21,0.0066926031053255635,0.001934676352103331,0.008103710348056415,0.004206872354836084,0.0009146895977284248,0.0009668263125540043,0.0034074001912927088,0.0019247754168693495,0.007602399898391399
2018-11-23,-0.005315365973634555,-0.0017099700063640437,-0.007918168698177413,-0.0049837176346918,-0.0008890808745706581,-0.0009358898472503454,-0.006678477155607876,-0.003694562437071463,-0.0072330096553175904
2018-11-26,0.009105095095692484,0.0028249673720489904,0.018116723550981137,0.012898806537411099,0.0012602663454551093,0.0012959684859041277,0.0161443288165406,0.009164534202180174,0.023113427578608903
2018-11-27,4.829141902459218e-05,0.0001436831547626294,0.004095229976722395,0.0004319084677227388,0.00012908652013425586,9.257235882371984e-05,0.0033645384755796037,0.0023946280379136668,0.0033764717214952444
2018-11-28,0.013111837561052895,0.004355334031253335,0.02683633936262997,0.020010270538310865,0.0024224343806508756,0.0026102532264143724,0.02302525762189922,0.013601097968942353,0.032183565492613475
2018-11-29,-0.002252228694225703,-0.0002695679752981053,-0.003924117966115279,-0.0009109290438006044,0.0002799084268649316,0.00030006553178663986,-0.002185064379661039,-0.0002745784308800028,-0.003260470447730812
2018-11-30,0.0008782683799763143,0.0007575125272887709,0.005136838829331346,0.004063961953061559,0.0008417524714655129,0.0009177015562102396,0.006095344322798013,0.004431390809596748,0.007255387799533386
2018-12-03,0.009674921575618781,0.0027650605362729143,0.01632197775044182,0.01289921438982471,0.0014204386100615618,0.0016226853899022602,0.013241312560752894,0.008795135017461599,0.017476973383518946
2018-12-04,-0.015917432089547323,-0.004283259404261328,-0.0325420154991508,-0.022633371541352365,-0.0014574173849186928,-0.0016429593968861054,-0.03240243857155589,-0.017611214126054837,-0.038356881369919105
2018-12-06,-0.00016304045456770564,0.0008992870240681388,0.0003169870532976356,0.0018401521214503596,0.001655312266444309,0.0019180735829147219,-0.001517025085614021,0.00014163903610135865,0.007060011696820245
2018-12-07,-0.010717854649759162,-0.002447653417155471,-0.026242677263311864,-0.012189629620492637,-0.0005061396833776488,-0.00062469846047708,-0.023236244811940976,-0.012790092227767724,-0.03301581161266609
2018-12-10,-0.0029242396348371316,-0.0008202110798682105,0.002798315681631711,0.0018710943749460952,-0.0005871049872577074,-0.0007253553993970591,0.0018972767699716453,0.001363534290025226,0.010472333153391133
2018-12-11,0.0014509028233153439,-0.0004051074478255614,0.0029285499279201243,-0.00012385031716050522,-0.0008081062194176914,-0.0007800729196080103,0.0002271769402899526,-0.0008914322621504079,0.0033117446659718386
2018-12-12,0.005531126847350781,0.0012377980130684615,0.008803410971868517,0.0033838018631434405,-4.644869201977593e-05,-0.00017336381840453061,0.005035306334980394,0.0018881416709340482,0.008800926475246218
2018-12-13,0.0002963038562898214,0.0007160174978773721,-6.346906019208177e-05,-0.0004988129491311659,0.0008486111079056031,0.0008610328226441831,-0.0003389811400923426,3.436923094581889e-05,0.0003030850912852934
2018-12-14,-0.00997729511967943,-0.002654582024137751,-0.019945090053967933,-0.01172124069066627,-0.0009978257276822735,-0.0011391238003464592,-0.018464728206254777,-0.010379069624549753,-0.024348783139037322
2018-12-17,-0.010445298069205088,-0.002540611689948622,-0.018739997001401595,-0.008589773906154018,-0.0012351690121634273,-0.0016559462592898345,-0.019618461211759475,-0.010407010807545896,-0.02265965066259845
2018-12-18,0.003049371184529563,0.001494970196824474,0.0034488675297374557,0.0019709285967986438,0.001429865137864278,0.0015653815435747384,-0.0010963647204947913,0.00037853842792281913,0.006288656978159057
2018-12-19,-0.008860418502608054,-0.0023500660450222286,-0.019125578010208494,-0.010504967448452399,-0.0011134429668622843,-0.0013761017351178475,-0.014975823228297158,-0.007309829101507758,-0.024555067014397802
2018-12-20,-0.0029401853847258403,-0.0011364181072146301,-0.010622610889038715,-0.004350855021017596,-0.00056127544238966,-0.0005159204386171052,-0.016277855945687647,-0.009977420654888486,-0.014495580902989191
2018-12-21,-0.01047938832510271,-0.0028192766365326624,-0.02180005387884436,-0.013448457524246029,-0.0013398791571069867,-0.001612991794978791,-0.02048950585704723,-0.011449220043139183,-0.030993194105526256
2018-12-24,-0.011368773848432224,-0.0028127475056238128,-0.022157260438695404,-0.009611618192479882,-0.0011968027745216494,-0.001504629498963215,-0.02642298485544259,-0.014022506610756208,-0.02479849193614403
2018-12-26,0.02199260106651825,0.005797417786594663,0.04857573087665065,0.025494482792043527,0.0024435848178852413,0.0028725297896015954,0.05052492356250737,0.026450835512275388,0.062439338937395394
2018-12-27,0.001302105004703972,0.0014129427942878765,0.0042959280169080055,0.005829597234152916,0.0015124371540811811,0.0015882815183237405,0.0076772464211343205,0.005500708300834524,0.0038697804553580184
2018-12-28,0.004359636620290817,0.002610078118897822,0.0012651067313837739,0.0017478155635392194,0.0024000677467705157,0.0024469380419019746,-0.00128973610349159,0.0015377357598552253,-0.0005224275382655907
2018-12-31,0.002634327936936365,0.0014437466620339477,0.005826687074157776,0.0056726459497682645,0.0012051663080820086,0.0012398136633713997,0.008758493048613314,0.006643770073546765,0.008432756783473216
2019-01-02,-0.0017060106855582644,-0.00033971426513569104,0.0025330804483238017,0.001722895014927696,-0.00041946169823147734,-0.0006712404236742787,0.001040380316956968,0.0014917695444760877,0.004018973479110066
2019-01-03,-0.007064936433943345,-0.0001525879726764471,-0.0261558934000026,-0.009757047678073366,0.0018704800200385254,0.001973787869864883,-0.02386286939081128,-0.010443390975576913,-0.03267031736038628
2019-01-04,0.017084176333305133,0.0030640980216700025,0.03688538212350455,0.014625064026972886,-0.00018524256529491335,-3.814644486415e-05,0.033495807308801195,0.015633231341940022,0.042785058155520916
2019-01-07,0.003904196181647915,0.0006260856412144771,0.008301605648044033,0.005145328831921065,8.67212770415205e-05,0.00028891130075090545,0.007884617208639755,0.0034098894049978106,0.011905191008161564
2019-01-08,0.0053140742589055205,0.0011342562928484206,0.008089985498729614,0.00355097420218612,0.0004550673781662277,0.0006894506131606377,0.009395401743633292,0.004435316141828474,0.009045511205415746
2019-01-09,0.006687954942793173,0.0023705654474084348,0.010909494018965127,0.005311718812805344,0.0014581687498613771,0.0015390063107778573,0.004673553487580806,0.0030067508790572184,0.008149484947055585
2019-01-10,0.002730436615129358,0.0008462112389493854,0.004714095633119806,-0.00045824720114168063,0.0005529619656390209,0.0006414188941344065,0.003527569614633075,0.0019280073812114342,0.0028603642094964243
2019-01-11,-0.0008653211672336807,0.0004204695597334446,-0.0033511551286175153,0.0001210789233550135,0.0008035153236305547,0.0008324681593536809,0.0003862664062495025,0.0014208409776371223,-0.003658052715319049
2019-01-14,-0.003869853208714653,-0.00121798193449952,-0.008094860828517304,-0.0031465274096502812,-0.0006033546860389757,-0.0006184934213145864,-0.006101088509987362,-0.003898516569287387,-0.008837225601979637
2019-01-15,0.005563108490646352,0.0018807139526308624,0.012843699274549581,0.007313131179980019,0.001102646303276019,0.001210516966601707,0.011460977902915781,0.0064922155310846155,0.01952654751655758
2019-01-16,0.0025646590372400474,0.000626138608618942,0.005331510415573204,0.0015684030932277566,0.0004129699724313533,0.0005676136582492835,0.0024197121486992934,0.0012300458147869958,-0.0001847276626570915
2019-01-17,0.0035605241107048366,0.0009010835656068602,0.006409125565171552,0.003309485575367893,0.00029068921595058744,0.0003564934330297773,0.0075867708165440195,0.0038553541818687007,0.007884549400967833
2019-01-18,0.004678304573040573,0.0006453270939234017,0.008540995834154705,0.002519214054476564,-0.0004995039525976713,-0.0005375309628427921,0.013310215214650922,0.0068113807247843485,0.00989986914629104
2019-01-22,-0.008013647579412047,-0.0016474066244537042,-0.017643524395232514,-0.007194408587830467,-8.017274558844052e-05,-0.00012988102581423748,-0.0135105945516375,-0.0068808646697721965,-0.020030061550084688
2019-01-23,0.0029689894570422352,0.0006755471128250079,0.005062029784152296,0.0003300258559214416,0.0001238634280532396,0.00012162710924977641,0.0020924286750547694,0.0010777837690425225,0.0012970021261391462
2019-01-24,0.0022696339588400795,0.0014078358148904419,0.006584440577264708,0.0017830890463812457,0.0012749243713444456,0.0012635518668421288,0.0005315249540513989,0.0015743695722428186,0.006475229197224985
2019-01-25,0.008941516992478827,0.002332774711921559,0.011763073113520648,0.010000394950942609,0.001326349767975432,0.0017638949348023705,0.008461277391871525,0.004215877024073499,0.011948927463800274
2019-01-28,-0.002973066734144416,-0.0007368704592557269,-0.010630254661598794,-0.004020254841932865,0.00011172271890350171,0.0002797767254588352,-0.007600171237393538,-0.004510021764991156,-0.01235272413311761
2019-01-29,0.0019397050574316414,0.0012270818450013205,-0.003323965912547932,-0.000546891912008888,0.0013619886534403268,0.0015289379638120937,-0.0013269842430588819,0.00033235165688128904,-0.009441520937876868
2019-01-30,0.01155793164206694,0.004636859450739389,0.022023477586915204,0.01302634105615657,0.0031962261720885413,0.0033774985985752467,0.01583078395451576,0.010493226585148757,0.0254377319310386
2019-01-31,0.005615762290962849,0.0027056366704532285,0.011079230371987762,0.007027935306406601,0.002223159961618809,0.0023395198706633335,0.008782381966133679,0.0071444988198108884,0.014968782929666524
2019-02-01,-0.0025044834494765233,-0.0019316680555724385,-0.004781060828367407,-0.002438932638878565,-0.0020156612180579417,-0.0020790009232289643,0.00048124817164318934,-0.0017958554010543532,-0.004222568408034144
2019-02-04,0.0031355221635317575,0.0008014846980158134,0.006987980892170703,0.003359105311935842,0.0002508821106275726,0.0003060212722793914,0.007035937461119746,0.0034393440365230584,0.012422482490190623
2019-02-05,0.006226944117380683,0.0021026323774231237,0.009905720971441687,0.004587749209864411,0.0013171452845924078,0.0014422344183803047,0.004191702682103671,0.003240509071461655,0.008847490652085455
2019-02-06,-0.0041487914428064016,-0.001008670689778296,-0.0069385024174750225,-0.0033323451142352393,-0.0005807602297108247,-0.0008003113523375067,-0.0013183547463713197,-0.0005119736540396842,-0.0029819172102896196
2019-02-07,-0.004833462211902281,-0.0007417462160384695,-0.01129467487149939,-0.004843090310470239,0.0005273687157588467,0.0006251556190278026,-0.00953257122751916,-0.0045831567285667014,-0.013429442116602353
2019-02-08,-0.0004491894844687039,0.00027033556247446633,-0.00026266984239187163,0.0019293937956919027,0.0004927799736025307,0.0005290918292897295,0.0012213325494523364,0.0012484506874046453,0.0019615337031086977
2019-02-11,-0.0015312582736230606,-0.0008463354480062173,-0.0008184282288325644,-0.0016616554364585472,-0.000732498269553513,-0.0007595996385645348,0.0005548245490643033,-0.0002788993225257725,-0.000949092752746683
2019-02-12,0.005684073557143781,0.0016221849558662941,0.012732816330979155,0.009938411318415207,0.0004673411214009262,0.00045441887504238317,0.012859282051010057,0.007186080613109676,0.014786187613631263
2019-02-13,-0.00047235146041001304,-0.0007405409723657622,0.0001857987270807338,-5.498219821991969e-06,-0.0008199735215693059,-0.0007846165831453815,0.003246806515696532,0.0009729746552107241,0.00070220781213437
2019-02-14,0.0014057819947993738,0.0016620173511318823,-2.6234079400503492e-05,0.0016733350542513863,0.0019263162944314937,0.001993773634763861,-0.002218263194558756,0.0005167662964305445,0.0012280247464713234
2019-02-15,0.0063818317893860645,0.0018133927272357183,0.005785627968125939,0.006290134769453448,0.0008961413247287816,0.0011106154162830511,0.010897418759504118,0.006198070050586506,0.004205032939969655
2019-02-19,0.0042074292685120125,0.0020367029537208016,0.003021135260450347,0.005575829232191299,0.0018153819638303862,0.0020252860638499473,0.0017303346127337527,0.0017277103114182787,0.001977454432855019
2019-02-20,0.0010923526398557673,0.00020214464688720157,0.0018509543968864353,-8.902177339557045e-05,-0.00019247716117600782,-0.0002867976077181984,0.002015913637144706,0.001147088039712267,-0.00017429806492008648
2019-02-21,-0.003614140919698082,-0.0017464424748329357,-0.0033121091561335953,-0.005715186818245044,-0.001501535971393708,-0.001647642784074852,-0.003556266089504545,-0.0033232604870035492,-0.0036571824064421943
2019-02-22,0.004870677111238317,0.002262714583518936,0.007633520334102554,0.005847450285401172,0.0018171966110752114,0.0019279865150804575,0.006200235181547109,0.004930937815043248,0.007399939688589985
2019-02-25,0.0009684752119885813,1.1575688196220514e-05,0.0042093510741614895,0.0014504718986435045,-0.0004069317251680909,-0.0005047574213956753,0.0013613151395848178,0.00022676572651438384,0.0036439213368251178
2019-02-26,0.0015450369489231983,0.0010306165302400097,-0.0005581315563630217,0.0007856433661965147,0.000871538718843825,0.0008365990672840202,-0.0007156106505474824,0.0007276297544421211,0.001037208686111013
2019-02-27,-0.003387944677383216,-0.0015732543207209917,-0.0021182571603602512,-0.0025165310504300814,-0.0014408336429390888,-0.0015944523451629417,-0.00042938002519699037,-0.0016478252113662976,-0.0006331008985446251
2019-02-28,-0.0024210390918511142,-0.0011417839713139836,-0.004239829278090247,-0.003072964849481819,-0.0009260059311494865,-0.0009659645601066938,-0.0018628546525066847,-0.002146541955795834,-0.0023041629668609787
2019-03-01,0.0001926304584059848,-0.000787753056103736,0.0055293891101889725,-0.0003219346513455494,-0.0015014678387895162,-0.001752357936262978,0.006243991118037195,0.0025126199901211455,0.0069285455578174115
2019-03-04,-0.0005042763275426522,0.00019845138768797486,-0.001121972869604092,-0.0014625736716598436,0.0004752338515612968,0.00046774078460308684,-0.003637486286177327,-0.0010174066736065121,0.00017228093350940554
2019-03-05,0.0020664408069499484,0.0007416414023556907,0.0016785447202712293,0.0003503415162473432,0.0005396392957817596,0.0005937351399670987,-0.001360415655973557,-0.0006026063649673056,0.0007453214705597233
2019-03-06,-0.0022667311695311193,-0.00010434817947037873,-0.00580918683487916,-0.004164128719066886,0.0003282024232149987,0.0002157628692919503,-0.006056884486288716,-0.0025931496317017607,-0.005671992641422263
2019-03-07,-0.007459784586767467,-0.0015431488251144176,-0.01192919525760199,-0.007460370129202617,-0.0001533863129497537,-0.0002605969034179837,-0.00836510922265743,-0.0037505670645983703,-0.012272283742950196
2019-03-08,0.00017261395238843372,0.0005233393048896508,-0.002812246548828984,0.0019046366262300749,0.0008586025604901379,0.001013008237104809,-0.002000357641960604,-0.0006386788758663002,-0.001516455596267119
2019-03-11,0.008832587593816355,0.0025698413212193903,0.01786223082307266,0.0111809076064186,0.0012193475142789744,0.0013736728886986989,0.014501756655929121,0.008437147174000657,0.020797928730868165
2019-03-12,0.0030021615724284967,0.0014801785606934903,0.004732649581463244,0.003716928533683328,0.001345608164415868,0.0014741636937478653,0.003771067285059493,0.0033581663772523918,0.005494295716328201
2019-03-13,0.005514963962174289,0.0019175664128466214,0.00588718573314276,0.0049359909744146006,0.001228998457275987,0.0014095065627495005,0.006619098561858605,0.003820873633174803,0.007513068581643578
2019-03-14,-0.0013061065446871843,-0.0005164298932829877,-0.0020084270673653855,-0.0018076847174941237,-0.0005800157008179666,-0.0007301242643296439,-0.0006401749045603644,-0.0009547056976777536,-0.001694688082405027
2019-03-15,0.006280598792416436,0.0024521460583212975,0.008598794174303459,0.006482138325154739,0.0015636968132489372,0.0015940723044927927,0.004940465370126379,0.004228106159433043,0.009280613067999877
2019-03-18,0.0023103571608014428,0.0004382359494001168,0.004627269830115643,0.001411775913958656,-0.00012454529296519417,-0.00015104801627627656,0.0036261761515872237,0.0016553291387629164,0.002381611458716515
2019-03-19,0.0012027958898498808,0.00026262228528815313,0.00153744480962129,0.0015788978898660753,2.2096427084116973e-05,3.789783290672748e-05,0.00024789047377593576,-0.00011450799092636362,0.0033622717370245248
2019-03-20,0.001764171920807702,0.002034919950573378,0.000714883770814962,0.003731291031557275,0.0023558428848641315,0.0024170940687251044,-0.003009938239870058,0.0009387418739136352,0.003965053871327839
2019-03-21,0.0039836933621341985,0.0013172115247167123,0.011047251311890957,0.00927678637093014,0.0008896703955970211,0.0010592299418545011,0.011294512997517936,0.006605623219145809,0.015632256650045084
2019-03-22,-0.012474156541279265,-0.0023326704858122643,-0.0223424490901962,-0.01182361402309139,0.00012387627285530647,-6.682555595955125e-05,-0.019246263163524402,-0.008708046261046145,-0.021964093583711652
2019-03-25,0.001277895236702223,0.001329903572267676,-0.0006035609719846522,1.1413601783770867e-05,0.0015239110463372099,0.0016121667009770502,-0.000751569055863599,0.0005714844883932726,-0.001904080694172472
2019-03-26,0.0027024795305461207,0.000724245972335868,0.0054528648310593975,0.0030974635398000384,0.0002571857093443287,0.00029987825740321404,0.007453988053827354,0.004111019393153838,0.004657056509113522
2019-03-27,-0.0024192708101179817,-9.227150096436848e-05,-0.0068088560197348234,-0.0033365366043017802,0.00029580005647643424,0.00014086327801348801,-0.005229195539356635,-0.001966216589247318,-0.006422766533439872
2019-03-28,-0.00033831399143724927,-0.0003010928111062176,0.0037506290154608324,0.001262269039595226,-0.0003689101414308011,-0.0004541080997733383,0.003790395967105953,0.0023011504759842005,0.00230475574445288
2019-03-29,0.00336676863746395,0.0005702607013345993,0.007615965765520265,0.00430555591388072,-0.00011698041255445382,-7.645453677373045e-05,0.006305682185442585,0.0031315686917092094,0.007570938479161793
2019-04-01,0.006212717909909345,0.0007137131900238577,0.013346206100785128,0.006261206473958509,-0.0008066610841230667,-0.0007765883174725443,0.011859153924556942,0.004364117738056752,0.013247581896772775
2019-04-02,0.00255629201245549,0.0013223421962378985,0.0010856207381889607,0.0025813413347308394,0.0012329201413292122,0.001357781005707306,0.0004897100144805044,0.0009693823663164435,0.0037901871285921374
2019-04-03,0.002742895816221307,0.0002630431725870161,0.004313359153374085,0.0020965012489832825,-0.00041010601213021814,-0.0004031756534452597,0.0015736631394085432,-0.0002827862673392092,0.005746179205495583
2019-04-04,0.0007501034709520056,0.00048382618819419544,0.002121497765771108,0.0006824394315101004,0.00043674864532419955,0.0004449642599242015,0.0026533233350276575,0.002017025132083212,-0.0003811042831134426
2019-04-05,0.00330765933231155,0.0010383325181648109,0.0055466426401964,0.003484930153762536,0.0006101747131577725,0.0006936050812989648,0.004840289992947833,0.003118079360047264,0.005171468867008144
2019-04-08,0.0002154807352351156,-0.0001751371541925824,0.0013297705063435193,0.0010652430651778035,-0.0003222740054161211,-0.0003125092439108995,0.0007621025819100069,-0.0001700989009685713,0.002545190932126129
2019-04-09,-0.00237987128960861,-0.0005209242552393968,-0.003855302026803597,-0.0019014646964400253,-1.5147033135719175e-05,-2.8700395681377142e-05,-0.005124446808751459,-0.0024046802404880177,-0.0035111959156060024
2019-04-10,0.004050864130491272,0.0020274658148637936,0.004450208906818132,0.003974250932144319,0.0017822691435440685,0.0019205545978950855,0.0034107855768839013,0.002980793188137376,0.00536654636076439
2019-04-11,-0.0032141167300826063,-0.001678666674773864,-0.0032175871706804065,-0.0033890900087730513,-0.0016147357214621899,-0.001797129906954209,-0.00027719338567211427,-0.0010712799547219235,-0.0023725531861401583
2019-04-12,0.0037243728071447,0.0004443609673285237,0.005886653463824088,0.002558443311880028,-0.00032646229734067207,-0.00022555972211560723,0.006765535698632252,0.0022141701444714904,0.004324093962372766
2019-04-15,-0.0012588349373677244,-0.0002460155919975281,-0.001228866629575253,-2.5176304136520958e-05,-0.00015124890542294803,-0.00025559234607451926,-0.0006544289124977842,0.00013241242180168114,0.00016120939355790398
2019-04-16,-0.0025799577862791034,-0.0014331306369860007,0.003123121856392146,0.0003978993498040101,-0.0018545772953965354,-0.0022440397266027846,0.0006548574701599197,-0.0009608699173286846,0.003443190366112292
2019-04-17,0.00028413684233248105,0.000197974852521196,0.000998683863438373,0.0014542080849038923,-4.5796843412283976e-05,-0.00018892866809968773,-0.002446745069839551,-0.0014023855447697193,0.0034851472601655775
2019-04-18,0.0007850757865956509,0.0006483344881404711,0.0011667105202312366,0.0014869251432127722,0.0008020391200774923,0.0008864719367609616,0.001968807974231046,0.0021316791472239037,0.0012825421280233673
2019-04-22,-0.0012983852217789936,-0.0004780793943315083,0.0001864731386896445,0.0015258370623710913,-0.0005654106636502275,-0.0006942905902224375,0.0008624272407726785,-4.510016952940088e-05,0.002828613608637065
2019-04-23,0.003908766565015278,0.001733721595340697,0.009162646061060122,0.0086357592637131,0.0013939042660956863,0.0015140899846042008,0.00899137917079873,0.006144739953807588,0.01271805367084089
2019-04-24,-0.0022904258721741138,7.03061185438831e-05,-0.004814790265855498,-0.001185397317525007,0.0008677061602998901,0.0009492558903387491,-0.002219414289000965,0.0001541588673975615,-0.0031529885844291394
2019-04-25,-0.0007367608223861805,-0.00034346775558066734,0.0011303997150619639,0.00216969336728647,-0.00028135618464633015,-0.0002908644389932789,-0.0006158880952535917,-0.0008588253019768928,0.004059004684004108
2019-04-26,0.0034447878944277354,0.0020742355901831864,0.002979102159258218,0.002400864452052998,0.0020032178945601437,0.0021660674197005562,0.004656866231214307,0.003862826734070743,0.0008924209775684755
2019-04-29,-0.0002830178740354962,-0.00058151534929724,0.0018127996179260406,0.0004673594868099777,-0.000975127444207089,-0.0011354712197854365,0.001567876848037164,0.00012678766241406973,0.001940635597734941
2019-04-30,0.0019200253597886658,0.0012949206270730504,-0.0031129037589658413,-0.003731765948084822,0.0013816318546395164,0.00151752980101287,0.0005104915514575481,0.0010929191391167536,-0.007747841693570345
2019-05-01,-0.0047852298955225235,-0.002171574358904225,-0.005781491717111457,-0.0038041890036943447,-0.0015635194122500748,-0.0016474290139579923,-0.007516817881202287,-0.0047284646631870425,-0.003218033388655228
2019-05-02,-0.001819019574952254,-0.0011517199303000374,-0.0021760360245337207,-0.0037318086644503802,-0.0010360193513109313,-0.0010600030333018943,-0.002158827489007753,-0.0024288948704358658,-0.004340400966430624
2019-05-03,0.00872234202018599,0.0031772080415598215,0.012686471880933414,0.011524217475302464,0.0020893166697083026,0.002299725430541588,0.009787893695090366,0.0064352884059175755,0.015948130925337978
2019-05-06,-0.005460910091910768,-0.0010779275159001748,-0.008139140535287094,-0.003562973318658326,-7.292315012658359e-05,-0.0001457678800511621,-0.004115523699811829,-0.0014832416141395864,-0.006122072625778019
2019-05-07,-0.011870974225173758,-0.003208323323706555,-0.018391298897113585,-0.012664545801462083,-0.001336455674077191,-0.0015900282979982895,-0.01669965869989687,-0.008739940667685065,-0.019479819599321102
2019-05-08,-0.0004891655826206331,-0.0004294338359795781,-0.0018534836166317322,-0.0022561649032077614,-0.0005008883816179935,-0.0005380409099084908,-0.0013890009008521442,-0.0015876478144205496,-0.0025235985012403983
2019-05-09,-0.002702331640472224,-0.0001614160745000528,-0.006439178599773688,-0.0027893785133584364,0.0005325719048356985,0.0005557075110359881,-0.0030256876153683665,-0.0007542228939797163,-0.005383091044236066
2019-05-10,0.003901825371473766,0.001385441680547439,0.0036864135821235156,-1.575020634969615e-05,0.0010057505748122253,0.0011720444584639722,0.005022958993085025,0.0027460887418588875,0.001244700386909825
2019-05-13,-0.013606449420740787,-0.0030182720801411275,-0.030597177823418305,-0.019514129050278217,-0.00014473079291729067,-0.00012850544135073087,-0.02513003121221824,-0.01312128329787088,-0.034702458977762585
2019-05-14,0.006028136163875732,0.001781636803103602,0.010811055941755587,0.00630335780311042,0.0007593797174818436,0.0008093830901044556,0.009043625043854586,0.00499170612951412,0.010975202780499238
2019-05-15,0.0044297408880209655,0.0021049748458818055,0.008358011673623223,0.009867472124041893,0.0016554750515863229,0.001710423175859161,0.005857527092617332,0.004781483555974502,0.014124299781951954
2019-05-16,0.002613772741260724,0.0002958053532046877,0.006764717569109056,0.005402806446864998,-0.00040580442836686477,-0.0004255658764881805,0.00926172167893613,0.004738292418158532,0.010049758186551738
2019-05-17,-0.006190119988006799,-0.001836485835108694,-0.01024980454267296,-0.006116190275938731,-0.0009722258201619977,-0.0011341815547757,-0.006465682519875338,-0.0036903079179849167,-0.010220043304902338
2019-05-20,-0.00651197130231131,-0.0025235110327165447,-0.010262265893494646,-0.01100888073415732,-0.0018524420072709923,-0.002031121885876223,-0.006611570740155948,-0.004632151229273778,-0.01688157371282606
2019-05-21,0.005399569366024211,0.0013153667906571707,0.010312504137330048,0.005932281408862821,0.0004499647590967525,0.0005579470114305662,0.009015413960260732,0.00492745113899937,0.010447413384438331
2019-05-22,-0.0020028056861829792,-9.62558325672705e-05,-0.003987381565356707,-0.001564589119627241,0.00044424692384567767,0.00042678798456461997,-0.0030716356486567564,-0.0006365582379311201,-0.004454818088853618
2019-05-23,-0.005249772500049697,2.1818233438700645e-05,-0.013572790920708327,-0.006977264444775368,0.001557144374226901,0.0015924572158103312,-0.01221824632776125,-0.004856277351930713,-0.015302020859006005
2019-05-24,0.0030556367789107064,0.0007685451004206406,0.0009165436038532167,-0.00041608295605488946,0.0002914723195652967,0.0003677291182764867,0.0022681769583512423,0.0012324222138655817,-0.0005050006441289501
2019-05-28,-0.004158442264816315,-0.0006238657443724992,-0.004578813048703744,-0.0005512405316931617,2.7919072880978072e-05,-0.00020912000175634483,-0.009300635127294843,-0.003747930268603192,-0.003760691421541673
2019-05-29,-0.004446815009423809,-0.0014658356101547574,-0.004691162581852218,-0.005113262649824021,-0.0009790941489632955,-0.0011507519111427337,-0.006710487264008358,-0.004116265181515294,-0.008225812720517478
2019-05-30,0.0040795040916421395,0.002168463237867449,0.003860749760316479,0.003970681853665706,0.0019412778386047947,0.002065589057837874,0.002731339968041091,0.0030955874267484546,0.004203988990632679
2019-05-31,-0.0016058270599939597,0.0014517789973829064,-0.011051260812338832,-0.006954261211315229,0.0026755896677261052,0.002839165335924605,-0.013475572025116067,-0.005201767950012876,-0.015953213470811578
2019-06-03,0.0021349248090478798,0.0023829339943478465,-0.007841450583102504,-0.011192743091085991,0.002783937372822156,0.002959264221222073,-0.002542977293423232,0.0005154255004443441,-0.02201772959634485
2019-06-04,0.007624186914469137,0.0017181144894256191,0.020159760146729468,0.015110602831632708,6.124739521118351e-05,8.916367345891759e-05,0.021706624418298626,0.011110666397787558,0.028156775532410583
2019-06-05,0.0032468187829184075,0.0015076891405714507,0.004779196756063638,0.004441240452240043,0.001503560504285595,0.0017842354858584697,0.008662169210784887,0.005096968377408607,0.007432253847161618
2019-06-06,0.0033694366854421184,0.0007923149669286579,0.005857969537477444,0.004688228471904171,0.0002577056058219797,0.00036069119810887805,0.006502700027471331,0.003764590691192761,0.0079451819420564
2019-06-07,0.008558466476061908,0.0037486583543813244,0.013230532565842777,0.013187871892164972,0.002728488578584263,0.002845677028625314,0.010006980084850348,0.007537406243038316,0.01931195067487934
2019-06-10,0.0011075415197532234,-0.0008269558312164974,0.0085503376232093,0.005096804035538362,-0.001593613942669821,-0.0017239546751173953,0.0045891351013203074,0.0007145358329059717,0.011654591390708458
2019-06-11,0.0028580148109405012,0.0006390858129052823,0.002701036538594881,0.000345066211270062,0.0001718090643039183,0.00020669840930387373,-0.00024248894041878355,-0.00015376296519598043,0.0013652209228782741
2019-06-12,-0.00247767537206061,5.519392504164847e-05,-0.005169719213901708,-0.0013198745489600141,0.000842662002790524,0.0009105982083195418,-0.0017647765266571858,-2.8316849003927726e-05,-0.005779694039041328
2019-06-13,0.002669355371669429,0.0018153829281674807,0.003678369356039146,0.004234327741663184,0.0017758791860176845,0.0018853602390886235,0.004125642727887735,0.0034645885103743754,0.005923115019199177
2019-06-14,-0.0036198743333717208,-0.0012426040173807676,-0.0043522198895754195,-0.0016720302423272018,-0.0006365596928858873,-0.0006456830423453988,-0.0011045401255300735,-0.0003683153332392269,-0.00425269877951806
2019-06-17,0.0018346102012734723,0.000297549927660734,0.0033449931537259366,0.002743994183256488,0.00019192784197910758,0.00032467613767977153,0.00038020114877257427,0.00015427531150365566,0.006022765395696128
2019-06-18,0.009430293536254002,0.003238538839890707,0.014817767126912764,0.008024095980177351,0.0018023373470768603,0.0018928059320386962,0.010471090220153911,0.007042523713759874,0.014531439911942723
2019-06-19,0.00425218401672048,0.002903501347233014,0.004076373075968817,0.0033365451833266236,0.002750730578537108,0.002851405948466095,0.002257059029842967,0.0024496931824773737,0.0037552182936937406
2019-06-20,0.009224766306503525,0.0037676093980183118,0.010478290869573444,0.006094409502876907,0.0030245578506909905,0.003471928374502216,0.009554429845010537,0.006395402177899609,0.009299156316632917
2019-06-21,-0.0025223311872475647,-0.0013930943946662087,-0.0018303197631082857,-0.002472393569048447,-0.001303634832537565,-0.0013425018196999883,-0.0014539649315259418,-0.002501473790726707,-0.0014823925821348949
2019-06-24,0.001984064350757304,0.001499136061752576,-0.0007570439991421722,0.002207301451787919,0.0016335330853161334,0.0017933405439891255,-0.0012241968700344996,0.0006369744914402069,3.1756459962561934e-05
2019-06-25,-0.0066542600175352766,-0.001886889413877595,-0.012857903072556931,-0.007419350523832739,-0.0009501067842389479,-0.0011306977652132616,-0.00980788676596489,-0.005292333964910448,-0.017166319643092454
2019-06-26,-0.0020415269397033825,-0.0019902138709613753,0.0033693016267758234,-0.00011417748565811309,-0.002568873138767848,-0.0028884128231140976,-0.0009975421540221463,-0.0022348605462213194,0.004650327637307328
2019-06-27,0.0032095312797746655,0.001782371054752848,0.004363929060621133,0.0032584294058809176,0.0016827129103221964,0.0017851764624652474,0.003545977261557809,0.0033316409583381322,0.003821529757675801
2019-06-28,0.0029534986375768448,0.0010940008642204642,0.002271975645064888,0.000930667596486437,0.0007156610594476262,0.0008062835104228871,0.005146154292334559,0.003271721645333482,0.0012872483556336523
2019-07-01,0.002151859455409732,-0.00011642672628732984,0.011410517987519964,0.00516327146671719,-0.0011235916768543234,-0.0013908028119525627,0.009078313317800735,0.004960721686959614,0.013494507921114396
2019-07-02,0.005660161268769855,0.0029144091344671815,0.002104314166148002,0.004355042507912728,0.0030546380654733,0.003558467514726465,0.0026039162689814876,0.0029806776214119663,0.003962693149614838
2019-07-03,0.005036827321975875,0.00205771829938973,0.005818455712715171,0.004604716500125122,0.0015551038194268952,0.0017206405337429214,0.007995497246132466,0.00558350151302182,0.00752614107619376
2019-07-05,-0.00584406556951121,-0.003759602320991837,-0.002662395678304956,-0.004430249869612972,-0.0035226642968345548,-0.0036717701695797157,-0.0011380785478317668,-0.00319425489073107,-0.00203714535975974
2019-07-08,-0.0035945574203773093,-0.0015992889803404767,-0.006217017587804594,-0.0040990581603883,-0.0011257308172660716,-0.0011807889912626044,-0.005494454344157629,-0.003727198753156566,-0.007014292128954103
2019-07-09,0.00010718264137320965,-0.00014642708873171815,0.0018986395280209685,0.0022279339711808737,-4.784338639931887e-05,5.578153910506884e-05,0.0012466981790626441,0.0005023647464542343,0.005008032741062873
2019-07-10,0.005950725299909729,0.0032313316631577007,0.007598126800958584,0.005626758273729139,0.0029365488352924357,0.0032179117773149606,0.004777638680813601,0.0031108416128965348,0.009965151803470906
2019-07-11,-0.0031620327693048234,-0.0018900106915475945,-6.182302914714555e-05,-0.0025209571923062724,-0.002105485587404643,-0.002335082698719182,0.002344099989515014,-0.0005805923689451431,-0.0007269257346687041
2019-07-12,0.0021193843998421357,0.0009576976224891161,0.004554871673460176,0.004150344501643928,0.000754996343798155,0.0008284671768102888,0.004477087135653868,0.003132952346899389,0.005768461943320924
2019-07-15,0.0011125669628329492,0.0006482130779531711,0.0017675687984936362,0.0028253229889202503,0.0005446207114292659,0.0005244945528525446,0.00033235771111583823,0.001038500519795811,0.00320376604085415
2019-07-16,-0.003360070409018927,-0.001677200840304735,-0.0036558279883777546,-0.004129973735641102,-0.001442848186890127,-0.0015800624751335607,-0.003224905499926267,-0.0028155803917520182,-0.005150624160284556
2019-07-17,-0.00032070547745542357,0.001017226788316016,-0.005651361661617816,-0.0015972180209491195,0.001715428846993875,0.001857915006946625,-0.006805243862672117,-0.002233852094758311,-0.004918590902570186
2019-07-18,0.004035776438200785,0.0024526376121023845,0.0024299607643901416,0.001604479047747919,0.002287998695505254,0.002462705016412507,0.003660826392182015,0.003181289976299202,0.0011447831042648016
2019-07-19,-0.006835716775954726,-0.0032844322737444896,-0.006774475899402401,-0.005408275357060583,-0.0030136261077881674,-0.0033837490099184533,-0.005554664197826242,-0.004059114327373947,-0.007327872745719111
2019-07-22,0.0015777293555587775,0.0006121498328986556,0.005031352298445219,0.005333173670232044,0.0003340469931311536,0.00032472889704901817,0.002456253612347359,0.0016531009309906685,0.007957799314006309
2019-07-23,0.0034074260289584796,0.0008644392339244901,0.007206790999373996,0.0036945218853421157,0.00024960528478073715,0.0003157999313912849,0.007150405564998019,0.0036249564816879785,0.0065443437072729704
2019-07-24,0.0021727150946870685,0.001022482410514226,0.00514294012369465,0.005093597375927933,0.0008788066888970018,0.0009535746697046457,0.004699326028264839,0.0034076030174190856,0.007017977467486558
2019-07-25,-0.00632837880270145,-0.002739235177492086,-0.0076674122617291195,-0.006806553371804395,-0.002023425607791721,-0.0021882035586364918,-0.0047772750086131355,-0.0035650579650950342,-0.009479827667108975
2019-07-26,0.003798700966717315,0.0013968558994002975,0.007212735923557923,0.006661054502422686,0.0008391225279007569,0.0009245921976510151,0.006700185287987104,0.0039548847676805655,0.010294862542693517
2019-07-29,0.0008222963657986625,0.0004971451141695141,-0.001857089300020489,-0.0019342507118847796,0.0006045192772106784,0.0007238427763731205,-0.001821250434893229,-0.00073499487523817,-0.003430594009143695
2019-07-30,-0.0036615024123507465,-0.0011400683607503434,-0.006482198247936034,-0.0026676055432923304,-0.0001043169713278798,2.980376600699261e-07,-0.0024545699984062086,-0.0012963316265177144,-0.004316369710549606
2019-07-31,-0.007251824027856519,-0.0024750186627008485,-0.011122972408681297,-0.00815196817024179,-0.0015162311395350815,-0.0017839922751280285,-0.010940575339638103,-0.005561547691784483,-0.013829799742782867
2019-08-01,-0.0009937477920194495,0.0025591160237641666,-0.0060587580787164,0.0007427034427084254,0.004095023745519788,0.004294619400315958,-0.008707625868398683,-0.0006509614897005946,-0.004971603404006264
2019-08-02,-0.005936976972435551,-0.0017657634279431126,-0.011039705225979938,-0.008778790879700179,-0.0005344564147205433,-0.0005837705552218297,-0.007529733656358006,-0.003624673662430526,-0.014725041830457974
2019-08-05,-0.015589047265880972,-0.0031814035533987914,-0.03008641649621454,-0.019599178343322275,9.155571813949869e-05,-8.050102269182878e-05,-0.030073009638856618,-0.014241336043136769,-0.03533494736124132
2019-08-06,0.007907792108634093,0.003110110884956105,0.012393206547625813,0.009435858521577339,0.0023000361571465294,0.002542795103072186,0.01402282375467001,0.008826468894900094,0.013998623077583039
2019-08-07,0.005014194014796826,0.0019428929599118335,0.0035552929534015012,0.003428791635955148,0.0017197230701418032,0.0020549921353148824,0.000590788595637104,0.0003453326997147701,0.005402266440921677
2019-08-08,0.010201536142641604,0.003324054941122218,0.018104848026301627,0.013872872887599684,0.0020011914864683914,0.0023073905040294266,0.019619944109428022,0.011508045078413347,0.021763891409969816
2019-08-09,-0.005296190774533471,-0.0023234488150147836,-0.0076507074364943195,-0.0051812326241524875,-0.0015667164480258622,-0.0016272464003006526,-0.0068114977851813086,-0.004713465715362908,-0.009401814871464631
2019-08-12,-0.004026705484273598,-0.00011023494449307385,-0.011101218922370733,-0.0006495506491775481,0.0011797822270563148,0.0012085796448914104,-0.012173399779468186,-0.004747742597145012,-0.011475124243999213
2019-08-13,0.006313023635065807,0.0010672359949568811,0.016845211380330273,0.005837148631178457,-0.00046410010265816046,-0.00045705417228679353,0.015551713186774396,0.007803701673130752,0.02191466117193963
2019-08-14,-0.015901405659529112,-0.004126732269164992,-0.03007990837785597,-0.007887747205861884,-0.0009489097189613194,-0.0011514930270717016,-0.029567753496791083,-0.015030106802371771,-0.02988472888155147
2019-08-15,0.0039887788995341174,0.0031946297377316445,0.00032263062052358626,0.0037486358518349803,0.0033337761257322264,0.0034624957453700455,0.002642138234882241,0.004166797114261479,-0.001149075552153489
2019-08-16,0.007521436471723265,0.0021797486355101345,0.015006490257380949,0.004344374292768105,0.0007563325889093975,0.0008240880588375423,0.014754960498849723,0.007609865061956502,0.016050488307929545
2019-08-19,0.00408050032590818,0.00026009378772287665,0.01291816509723399,0.002725114212958588,-0.000930748807323031,-0.0009481211071774288,0.01204754970866495,0.005214222705582583,0.015904578371295663
2019-08-20,-0.00211350124420742,7.554223592153115e-05,-0.007134929266445513,-0.0002568686133027541,0.000773712875360132,0.0007554329592276013,-0.007662658942305223,-0.0027961937831788787,-0.007748136067988187
2019-08-21,0.004971645191816664,0.0009255370597493031,0.009434322918487118,0.0018241917440844067,-0.0001835876674149243,-0.00012486097566577486,0.008135667024945059,0.003764173268294764,0.008878407187400406
2019-08-22,-0.0019570871680748463,-0.001033833120052,-0.0020560065571101844,-0.002391392362906864,-0.0008091364693352936,-0.0007807543108851514,-0.00030796089336926347,-0.0010732851106191813,-0.003234026219889108
2019-08-23,-0.009270254516246303,-0.001413606669565691,-0.025779655786787783,-0.007439832669955663,0.0008982707761355945,0.0009029509016570497,-0.025687307407199822,-0.012639206138517945,-0.03164537438662096
2019-08-26,0.005278806440237245,0.0014291296786775245,0.012241495066221603,0.005003790881448423,0.0005842131694580472,0.000705409824828292,0.011058718850627258,0.006122677493359197,0.015103897106325537
2019-08-27,0.0012492058133524563,0.001128419669748344,-0.002251269393081288,0.001899265493973368,0.0012829228455113397,0.0013608584385406152,-0.003923932280872733,-0.0005677594835064635,-0.00211028611455355
2019-08-28,0.001635663919427282,0.0006938983196606029,0.004079655121884469,0.001736263317468234,0.00042404850932690536,0.000418615811912353,0.00704145915239085,0.004301112634372849,0.003578865539797027
2019-08-29,0.006201014220023084,0.0015884149314220376,0.01368860394512095,0.00435422811497773,0.00031630959814688095,0.00034582978360357246,0.012773079674873067,0.006776358601318161,0.015289951501000099
2019-08-30,0.001345873518757777,0.0006532539829753949,-0.0005553485700637907,-0.0007633219321824538,0.0003881361464817074,0.00035691020887425795,-0.00044424875057935687,-0.000158112302558006,-0.002394620624922905
2019-09-03,0.00016069055673895432,0.000931177735301638,-0.006906087421234098,-0.0016314990525076317,0.0016821565966982884,0.0019504011502832512,-0.005847317669887664,-0.002592908918000458,-0.009708565402819835
2019-09-04,0.010227808466624567,0.004228994318607466,0.01354505364678368,0.006593191695786314,0.002827390897413585,0.003021283516241199,0.01135050669553217,0.007377574741381697,0.014435952903776528
2019-09-05,0.0010525766932952718,-0.001982787248404002,0.013860926580517293,0.0011422959898736134,-0.003537027826444597,-0.003849952512042235,0.01285542766093739,0.004404648555460823,0.018318877903899633
2019-09-06,0.0003104395514948115,0.00011395227779442624,0.00027386123991930033,-0.0003126328761653542,-8.811405023903113e-05,-0.00018638655709968005,0.0007722895940347474,0.0007104918696946455,-0.0009907621914844178
2019-09-09,-0.0014579709513602135,-0.0016985486123777761,9.068160015036993e-05,-0.0042057050218732815,-0.0019797044603004853,-0.002030463856270149,0.000503624447590445,-0.0021611249608722055,-0.0020876123551190062
2019-09-10,-0.0024514735781687724,-0.0024580093787465174,-0.0008357675085447491,-0.00545920667066635,-0.002980315435584302,-0.0031508442095281586,-0.00023509581716929517,-0.003056369505127665,-0.002876867807674377
2019-09-11,0.004440182766422129,0.0015407068450901211,0.007160623191783692,0.0028669051028528828,0.0008589219152270608,0.0009819391889009138,0.007111019278298603,0.0038868894130523234,0.009389249539539124
2019-09-12,0.003293134364997216,0.000829366877533879,0.004890263707600853,0.00023984338051785965,0.0003107908211166035,0.00043030131595483956,0.003463765768948024,0.001204390488237203,0.004157661932039369
2019-09-13,-0.001784400998549396,-0.002381733758050346,-0.0011840810041166244,-0.006595020167993421,-0.0030986373260429387,-0.0032542198100785095,-0.0006642031395462933,-0.004014858714421372,-0.003570735913144496
2019-09-16,-0.0013502262311640722,0.000470094868187175,-0.0054107643431124345,0.001175278884957112,0.0014408245388005077,0.001608919764945425,-0.0030883578934479683,-0.0001677127885796831,-0.00446710491961666
2019-09-17,0.0036603808322853756,0.0018406912491408917,0.0038017014896216342,0.003157588367265835,0.0016102223798258747,0.0017485801645100432,0.002531803038186231,0.0025638498462487737,0.004800202561798361
2019-09-18,-0.0019059322606498705,-0.0010408232294793283,-7.979659558981834e-05,4.343753490745699e-05,-0.0009961779811330734,-0.0011212552214836591,0.0005981350841695043,0.0005040330889486605,-0.00041571338692225623
2019-09-19,0.0016031922972936385,0.0007901784668031328,0.00130077013943321,0.00077736357626357,0.0006846636699408814,0.0007849151544179302,-6.650725182244521e-05,0.00013712616243354638,0.0016623864175262515
2019-09-20,-0.0003838066049935939,0.0010961025894794076,-0.006779806531951652,0.0002919630004862085,0.0018260830698662504,0.0019391318724272725,-0.004724692307536471,-0.0005899607036228939,-0.01057894773371526
2019-09-23,0.00040764775757321593,0.0006361530858184262,-0.0009447161582086498,0.001054790261364263,0.0008897171197448635,0.0009688744346406731,-0.0002347440136883927,0.0004260746130687069,0.00044118081799604525
2019-09-24,-0.003952946029098446,-0.00026149595602168216,-0.009520138363390093,-0.0013319229944952888,0.0008564646739118544,0.0008409098015387855,-0.007846656713716982,-0.0027399709308616794,-0.013280923608708584
2019-09-25,-0.001931488967399104,-0.0022770687460331794,0.005848997690700186,-0.0007351505025190926,-0.00272441542515291,-0.0029179749716549985,0.005914578322963271,0.0009124398663761801,0.01122532539933685
2019-09-26,0.0017446161308632686,0.0011450129655040358,-0.0017400577348592335,5.544957874159859e-05,0.0011109203026141157,0.001185624803966683,-0.0020830436439632782,-0.0004016141402434859,-0.0036824197792910685
2019-09-27,-0.004482876180777731,-0.0010676217829165627,-0.00726338510059957,-0.003127408980053515,-0.00046598666363337275,-0.0006422871726541113,-0.005386949355453252,-0.002669823094582767,-0.012409048716007676
2019-09-30,0.0015573614682277681,0.0006098956204367412,0.006783403168453145,0.003144453282301984,2.9602705812141503e-05,-0.00018660772044142297,0.004637549110614092,0.0031010405438786476,0.009517207007223139
2019-10-01,-0.005323752751048173,-0.0010090108072268054,-0.009879081673648503,-0.0018179307180263777,0.00015500360761796844,6.241067849171311e-05,-0.011895113790837852,-0.006035878733537668,-0.008156606439380876
2019-10-02,-0.009340865023944715,-0.0024050991678610622,-0.018935088872273617,-0.004249184108712605,-7.59726175468008e-05,-3.9786827913593945e-05,-0.017664217574779095,-0.009147740891768334,-0.01719425730452795
2019-10-03,0.007409717625850451,0.004199022415080981,0.009208094743737176,0.007015822984497013,0.003616408258274111,0.0037387466355335358,0.008193037873158948,0.006979887617801508,0.010975307889993013
2019-10-04,0.006225609161419463,0.002283425837927042,0.012995238973150193,0.0065457569456008275,0.0013165729431089828,0.001401088468127086,0.013531862904499592,0.008806706019219505,0.014725702795491458
2019-10-07,-0.003494106817158719,-0.0021586174880540102,-0.002886957839516711,-0.0034911619348837446,-0.002046040023504793,-0.002163235634427309,-0.00431492130656963,-0.003919849200183132,-0.0030187756323056814
2019-10-08,-0.006172001058815225,-0.001576734439994692,-0.014561393210338877,-0.004273416956738755,-0.00013459478170786484,-0.00011859137008160652,-0.015524481785547883,-0.008380514903002711,-0.014980937407183315
2019-10-09,0.004536158449004457,0.0010643552139044665,0.007688249422383553,0.0016253928049840827,0.00011799334452922139,0.00020112869834432168,0.009496643969718832,0.004658746654029988,0.00976150083418359
2019-10-10,0.003772647993180293,0.00011496864377469252,0.006132603463330615,-0.0018699023250070051,-0.0012141371212293366,-0.0012457230267007475,0.006762746095024141,0.0015902638718637311,0.007744392332945438
2019-10-11,0.008593341716230102,0.002061290001205649,0.009238638598219778,-0.0003722420951099768,-0.0002226439669982244,-0.00021018904756419334,0.010367320076055009,0.0035899305145845064,0.012878922787227465
2019-10-14,-0.0009214516751149458,-3.039134099575965e-05,-0.0004047892077514465,0.0016548332481896373,0.0004207282084798229,0.00046376086381765837,-0.0011135676181549536,0.00040076149517112765,-0.00010483989201126587
2019-10-15,0.005467605819673848,0.0013989594166812587,0.00934586998591443,0.0005404646699724255,-7.242570036563201e-05,-0.00010568297449568682,0.009900397704874608,0.004150097912358643,0.012716664783233966
2019-10-16,0.0009491475438598121,0.000823351272678811,-0.0016261261798421014,0.0009381821813348238,0.0009350237436806386,0.0010044320674561548,-0.0016063928001102123,-0.00022112631755694763,-0.0024803032206636155
2019-10-17,0.003115003391334668,0.0011721108711243659,0.003526098579541624,0.000945115258980287,0.0007464096076604087,0.0008654596566069895,0.002949283357939869,0.0016656652640479976,0.0026419932357459874
2019-10-18,-0.0011729032828173773,-7.704407252496965e-05,-0.004132357557474603,-0.0018841034381635263,0.00036410942801954146,0.000424518588213443,-0.004377163154248631,-0.0023349718741740143,-0.009610023060736217
2019-10-21,0.0036545539419911236,0.0006836139747026587,0.007783167862833559,0.00020831043316411652,-0.00012711746015412964,-5.589491457220892e-05,0.006779001429285003,0.002720695413183296,0.008868334605302675
2019-10-22,-0.0016859568382675124,-0.00018662908762902573,-0.005088558592013527,-0.000249364766091253,0.00026607587833641847,0.00024375625551161545,-0.003266670984001574,-0.0011049092125048699,-0.007962698654284672
2019-10-23,0.002683692788796781,0.0010654486882878435,0.002378004968549293,0.0013216520417646451,0.0006197334981373822,0.0006973190976707618,0.0029095393161737704,0.0019207867235366146,0.0019282435461778213
2019-10-24,0.0022779776960716444,0.000877105858933588,0.004051407228236532,0.002268128681601901,0.0005666861097462449,0.0006551384396993218,0.0016342157310977878,0.0009325936663717303,0.009728303716124875
2019-10-25,0.0008796193187666056,-0.00026290504233741,0.003175547025420785,0.0010419573990009397,-0.0006983745769486365,-0.0007385024934386492,0.004094818511180209,0.0016827795386916194,0.007986169115530961
2019-10-28,0.0014399957214889392,-0.00014199930632421124,0.005072139105247641,-0.0002880570855905283,-0.0010061037022935356,-0.0011780708273071549,0.005636364205682032,0.002017013141800161,0.00986523510461157
2019-10-29,-0.001441400640517097,-0.00028882032075004573,-0.0020947497382599735,-0.0009222337277528528,0.00011307806673094605,0.0001287969847891792,-0.00029680246222607565,0.00016114575272289025,-0.007744166441709055
2019-10-30,0.004205787340414029,0.0023536141101084913,0.0038921585996693074,0.004518724349502848,0.002015753726998421,0.0021196335862276585,0.0030676839331136296,0.0037517673919452376,0.00484598113617718
2019-10-31,-0.0004125261837252724,0.001429910696953527,-0.0012335026789972068,0.003895247606192127,0.0021870451834033367,0.0022328056735565877,-0.0026635107018390114,0.0007935034853393664,0.0004567285241330321
2019-11-01,0.004976313648028015,0.001292561106782536,0.007353563760858488,0.002342289182937857,0.0002282653232206186,0.00028722870184954446,0.009264122906076588,0.004963828050350267,0.009082715085436899
2019-11-04,0.00190725035867812,-0.00019878645357227035,0.0027776736779159565,-0.0012955392870647971,-0.0011023897967691052,-0.0011776619673344888,0.0040176407336571796,0.0005320049843146951,0.006185107861379047
2019-11-05,-0.0036051993641399013,-0.002444746463407374,-0.0034568863679584564,-0.004640900185605796,-0.00292478649846412,-0.0033522698476447926,-0.0011063089125681325,-0.002733356716855379,0.0005494416857132478
2019-11-06,0.0003076055318119043,0.0007587121231684678,-0.00041882787391370386,0.00170440215042648,0.0010354953825057174,0.0010973969419630894,0.00022805405408377055,0.0012369238678569166,-0.0022474708705235713
2019-11-07,-0.0024134373723750935,-0.0024892105330561742,0.00073006487564653,-0.003883342357963837,-0.003135264917828673,-0.0034325525046403627,0.003516788957847128,-0.0011281372775565623,0.003353844439314635
2019-11-08,-0.0020954413255471127,-0.000897911039880561,0.0021132427881319278,0.00013177796999163706,-0.0007755688360658539,-0.0009074469152678887,0.00246607221773143,0.0009467794832380362,0.003991611839391007
2019-11-11,-0.0010840573777061743,-0.0001520888011510236,-0.0008728833543328923,-0.00023381220855429603,9.386123845147111e-05,6.748911184727522e-05,-0.0019095530602141197,-0.0007214470799472412,-0.0013417892926163022
2019-11-12,-0.00042800743761003794,3.5813903189339313e-06,0.0005106759688979618,0.0013305206341290494,-3.9108073303849304e-05,-9.906632374572735e-05,0.0021077976041767865,0.0014508997420356485,0.0028860326874280418
2019-11-13,0.0005005912719906009,0.0007775640102762376,0.002025220399128707,0.0017973833529325938,0.001179713082818254,0.0013279202105798919,0.0003239639212471168,0.001273195824305034,0.00024798336972864377
2019-11-14,0.0018813132179732915,0.001682454552934135,0.0017970917738891101,0.003278587683379814,0.001943895436675869,0.0020580227239370436,0.0014552922903880994,0.002886367636948837,-0.0007935393590788875
2019-11-15,0.0037648982597826572,0.0010428268638142597,0.006921532539812063,0.0023796833129120813,0.00033523936196396854,0.0003947619574614253,0.007236468707870536,0.00403375429351828,0.007347410501984619
2019-11-18,0.0014954215821727005,0.0010234766466764576,0.0015746996957124537,0.0013813160329493451,0.0010470094126190585,0.0011376914619564502,0.0007373244770740861,0.0011223472329225377,0.0007884554016834855
2019-11-19,0.0006365717360161119,0.00031475319286012715,0.0008185387750737996,0.0011489943768896674,0.0003253682313023031,0.00034905526112668974,-0.0002880754076564074,0.0005737029723135153,0.001477629650255885
2019-11-20,-0.0028040215703392245,-0.0004782846557033016,-0.003999587480921486,0.0002353524074795409,0.0002809490044609919,0.00023452777527216664,-0.0037189195735255476,-0.000784521750046003,-0.005999379326020571
2019-11-21,-0.0033557598086313067,-0.001778195703931556,-0.004342142135906319,-0.0023600256303694307,-0.0018228237813327863,-0.00207103166878688,-0.0016085320682427406,-0.0019639451481167944,-0.0022256667501796557
2019-11-22,0.0004263320512640984,8.886436293651441e-05,0.000418471592034348,0.0005187690819409718,-0.00019834602005409062,-0.00026647069005598283,0.0022234614644582873,0.0012660764193452427,0.0006442609647943076
2019-11-25,0.005103526086331373,0.001885942269525801,0.008488540256481231,0.00364845065401675,0.0008641867326214277,0.0008475774513848555,0.007750316064950136,0.004844618683626895,0.011841979100526645
2019-11-26,0.0023947048271761072,0.0013832531392972709,0.004281656613862211,0.0021352559920778395,0.001537449573178851,0.0017630133766159141,0.0022658294047439576,0.00211276670042937,0.0019097115834059153
2019-11-27,0.0016821377937973744,3.421395345635115e-05,0.005527100244148903,0.00045967725810290404,-0.0004849878117430186,-0.00046724460469200953,0.004457304133715478,0.0016660138363113833,0.006988721723581115
2019-11-29,-0.003914653309960943,-0.001180519050521096,-0.004227629170729844,-0.0017617197664769413,-0.0003832377410923596,-0.00036898638751903197,-0.003708503579035183,-0.00256387747091459,-0.004562240892709402
2019-12-02,-0.00617382197504723,-0.0027851166687653164,-0.0105101299373258,-0.005658362317090258,-0.0021618996772952473,-0.0023587400435628077,-0.00849494846522414,-0.006557341999959346,-0.010238860484652168
2019-12-03,-0.0007820676031384322,0.0013390031601015285,-0.004575715657800655,0.002451109158151,0.0024551164833730523,0.0025868869244746163,-0.006706540606027045,-0.0005152633760649133,-0.00783272637204313
2019-12-04,0.003928654672344303,0.0008625516539128511,0.005319626965541654,0.00018557122848904503,-4.847310703458915e-05,3.541155317585887e-05,0.006170093352244166,0.0021664058208844023,0.0050646373063130135
2019-12-05,0.00025867560525221525,-0.0004086733469723532,0.0016195080764631223,-0.0004914874121541631,-0.0005326473125296237,-0.0004902272123345871,0.0017979419882967473,0.00015668126442631687,0.0019760869597664765
2019-12-06,0.003598614220331707,0.000754440962479038,0.008356405785942584,0.0017532598515958336,-0.0003522515055153938,-0.00043485938898667404,0.009134530674896446,0.004300224330154642,0.010698400241780703
2019-12-09,-0.0016959361072017565,-0.0005126748468591291,-0.0033671582093515173,-0.0011836998760390571,-0.00012157919820154905,-0.0001142875628025175,-0.003144001952106956,-0.0015744299192876898,-0.0045365951621907374
2019-12-10,4.44682052468785e-05,-0.00032946773535846483,-0.0013610721569029165,-0.0007370986434431027,-0.000503768763455434,-0.0005122621259012314,-0.0011153850824014988,-0.001137541006897412,-0.0008331422945014877
2019-12-11,0.003661688356492711,0.0020921509944633364,0.0023078741724497183,0.004530445187439737,0.0015846064999352947,0.0015347501301173775,0.0028384791750015737,0.0033630215915760116,0.005296799023603027
2019-12-12,0.002535808678314497,-0.0004149568812862825,0.005189418418148316,-0.002811032681953779,-0.0017644470685605476,-0.0019004389099111885,0.008619094465699861,0.001990645894468653,0.00746437182097992
2019-12-13,0.005087334183882619,0.0032273215932325993,0.001813914996867396,0.004745918228258435,0.002608803252855324,0.0026397753681533845,0.0005994113516769595,0.0026981068453769018,0.0032925767870719547
2019-12-16,0.006537484743202271,0.0017706200234139863,0.00840292436117596,-8.722940734515233e-05,0.0003814678577027004,0.0005395613620254008,0.006870075170643863,0.002267495227568073,0.010039180941719517
2019-12-17,-0.0023074173121346714,-0.0009451926538721982,-0.0011526054626810537,0.00018047199681984702,-0.000614284138231934,-0.000750470066270312,0.0002186252913465303,0.00016797103450843365,0.0005733887877643618
2019-12-18,0.001523351389830171,0.0003968467664591241,0.0017100567811254954,-0.0014620062954052195,0.00035175160402893687,0.0005175295405011214,6.311412257642424e-05,-0.001034745837543522,0.0007642068390398826
2019-12-19,0.0023209687332893473,0.001036876165055238,0.005386869493021008,0.0024315306143760564,0.0009735079320592413,0.0011201317805440711,0.004098570861394091,0.002787473843034898,0.006251193279932954
2019-12-20,0.0020522122604347643,0.0007605199804989005,0.004243556598840963,0.0013555171384185796,0.0005461685920148905,0.0006371261144053547,0.0043842269989682325,0.002655509702971321,0.004031494813633296
2019-12-23,0.0008037194179453408,0.00011960682900530928,0.0011558028955942243,0.000445676377271306,-0.0001483432732601523,-0.0001465986348156179,0.001527933045954999,0.0005703910388227054,0.0026410940046346365
2019-12-24,0.0014410022280679719,0.000903759758480798,0.000473825821583226,0.002002933864364976,0.0010358836091967614,0.0012078301534135653,3.1136867639558474e-05,0.0006962440833207827,0.0005192163227047963
2019-12-26,0.005149536892141381,0.0022892572462586886,0.006611880074173447,0.003998480360029174,0.001732618103947081,0.0019130739588025516,0.005323089274560822,0.0038005390749695778,0.008824268235112731
2019-12-27,0.0016734939286476196,0.0011312434262260869,0.00020478790700955088,0.0006281544533809911,0.0009967175923071409,0.0010096937733036439,-0.0002475604332744519,0.0004170368207929024,-0.0008418591081280624
2019-12-30,-0.0031983994660614258,-0.0009936851616276958,-0.005203525387758037,-0.0021209200062757587,-0.0002598768534230099,-0.00023401121702720066,-0.005513274011537561,-0.0035970573556634907,-0.006554102356725489
2019-12-31,0.0028549473671000978,0.0007903678546913872,0.0030027300064369615,-0.0013804319497236588,0.0002930895989892415,0.00044843806183313665,0.0024292121780267184,4.8907625268094026e-05,0.0018850509945511629
2020-01-02,0.006879135615997639,0.003058306588369919,0.009717625741787429,0.007968766774684357,0.0019013032642408397,0.0018603367071373185,0.009351998469193212,0.007498436197923002,0.016696960345568224
2020-01-03,-0.0036919055635108665,-9.639031552698147e-05,-0.006854696796667179,0.002506258277275593,0.0015344747794548122,0.0017430146963787745,-0.007572165128451158,-0.001996025409535642,-0.009159726623443332
2020-01-06,0.003029238629615814,0.0010308916863875069,0.004459653463102992,0.0020734927425091875,0.0006829575004727146,0.000895287037140772,0.0038149701481475784,0.0018848701001403705,0.006443315580520137
2020-01-07,-0.0026461501013112553,-0.0011417922533845828,-0.002990105363916186,-0.0007637089849811428,-0.000819270925179608,-0.0008943446395303969,-0.002811645763745263,-0.0022707098232479543,-0.0001392681385709027
2020-01-08,0.0018385235974165963,7.650747520903664e-05,0.005861264607759657,2.748500630262712e-05,-0.0005524235942324283,-0.000603671064379442,0.005329547001504453,0.0023104854798539714,0.007516447266710413
2020-01-09,0.002305981252796574,0.000804086554416994,0.005448357043817298,0.0015127056570274355,0.00024186191649477884,0.00014524344736410733,0.006780053059485702,0.004340184043889028,0.008473413963131948
2020-01-10,0.0005188517239117502,0.0005299133589388107,-0.0010335168980735502,0.001434641058789254,0.0009691495068957525,0.0011454306277822357,-0.0028772881751604196,-0.00086895978619599,-0.0025572630865366985
2020-01-13,0.004917895830319652,0.001436855856447978,0.007546287519966416,0.0013785697253163335,0.0005947243634741546,0.0006613157336777192,0.006877378103287812,0.003660968649398885,0.011536896945993691
2020-01-14,-0.0011706785227490798,-0.00014367917964971098,-0.002713029914878293,-0.00032619363243597887,1.8574848358608438e-06,-8.103452071233424e-05,-0.0015245877513490047,-0.00013041409334127246,-0.003937594537708811
2020-01-15,0.0011072292606580496,0.0010344027389821912,0.0012349734851549133,0.002559944754551739,0.0013593128802908536,0.0015469409806837552,0.0022597777900548177,0.0023614583035326377,0.00040886310821885985
2020-01-16,0.004179896388514005,0.0013132481621044435,0.007432603043859376,0.0015903665666737962,0.0006082419794510511,0.0007184080137977824,0.008318610280134031,0.00418013487071425,0.009583564640667896
2020-01-17,0.0025601696330875214,0.001057235283404046,0.003874424524676113,0.0014299514416949819,0.0006488344579021649,0.0006969046107871092,0.0031122783366319684,0.0015588881035829027,0.004948454255851331
2020-01-21,-0.0035381410023645476,-0.0007148928746723548,-0.0026500044656204693,0.0019786274499391304,0.0004356314421039656,0.0005332946902027291,-0.0019581725367692204,0.00037878939082769164,-0.00044736020189029
2020-01-22,0.0006961736827489799,0.0003284324345122765,0.0017349545814272233,0.0008916159709073244,6.133545114679694e-05,-2.7683255912577424e-05,0.00012065674958017247,0.0001436453485739922,0.0026423688780492505
2020-01-23,0.00012636499593173025,0.0005233751330564382,0.0013063314430419894,0.0026074361689679437,0.0009336903729571887,0.0010566233967598507,0.0011468605477540361,0.0016857541439818592,0.0032160972699319945
2020-01-24,-0.0026909383512247367,-0.0003663102933843148,-0.006786323277151279,0.0002446214912963407,0.00038560891049071186,0.00039015448131929484,-0.00889291130966896,-0.003943971604537128,-0.008415332558733057
2020-01-27,-0.011536278363208377,-0.0028568782956622696,-0.016283933212565167,-0.001560789090803478,-0.00019988075215496043,-0.0002732670418927608,-0.016029548786051562,-0.006912516645196389,-0.020655436496921142
2020-01-28,0.004771414566475561,0.001012968098257779,0.009769492180389309,0.0010901892647573158,-0.00022602148364915447,-0.0002640598390847834,0.01047955414170021,0.004867823772256135,0.015359921218637496
2020-01-29,0.0015530435135674005,0.0014941209607685004,0.001350943322731929,0.003851421354910768,0.0015464009052738301,0.0015346101724229126,-0.0008263184903342102,0.0014314988760571834,0.0016254778862712094
2020-01-30,-0.0007625300061005895,-5.628268944078411e-05,0.0017177573240026887,0.0015826457975400882,0.00012938399622411585,0.00012845298780270919,0.003245427392874589,0.0023270898613032367,0.003561864104211443
2020-01-31,-0.009525780924230074,-0.00225151667080146,-0.014299174323575902,-0.001335124917199245,-0.0002417320824375638,-0.00041678955747228343,-0.018157923065790116,-0.008814397168341153,-0.015858092126239454
2020-02-03,0.002805768835509584,0.0005115130059297496,0.008966176830602721,0.002647629694909185,-0.000100621109304827,-0.0001397742247484892,0.007428663290229176,0.004044790457372774,0.015109097762245005
2020-02-04,0.009457840289890896,0.0020583845850766255,0.015431094517878972,0.001370848217633105,-0.00015582904792644972,-0.00012632069289403793,0.01524108855983286,0.006683458251374859,0.022888994172008514
2020-02-05,0.0037950724547793175,0.0006929325487802938,0.006478302377341491,-0.0006173321053395709,-0.0002711099879899496,-0.00017986990650265084,0.011547864459008794,0.005169934090777436,0.003297174257208102
2020-02-06,0.0028175896074994766,0.001234788903068739,0.005602147139511559,0.003907905311963085,0.0010171858667626312,0.0011480137774470605,0.003365077028330443,0.0023089285311904007,0.008631818554728499
2020-02-07,-0.0038964015281854622,-0.0006549139732951745,-0.004494079835413176,0.0014771203547274698,0.00043545835934577227,0.0004121537893740833,-0.005329908224722568,-0.0013099493123772388,-0.004300790503671492
2020-02-10,0.005182637395513501,0.0022990035850829482,0.009650735133761135,0.004047933666092796,0.0018224973686442603,0.0020083582647763,0.007465403138942728,0.005255521941332608,0.012085408454448388
2020-02-11,0.0034442255046942525,0.0007525492288197064,0.0022732201062544456,-0.0016145400243276272,5.43209027680119e-05,0.00013925810890227258,0.0017335089506465007,9.393928683465707e-05,0.00017244076461375712
2020-02-12,0.004997949486704736,0.0012765718860986092,0.007663934118433919,0.0007640358896430376,0.0003294635023737122,0.0004439341394288803,0.006442407263693273,0.002861472149167079,0.00974105244181489
2020-02-13,-0.0017404478741009362,-0.00027905456966633194,0.00027232060724730837,0.0006618612960540183,0.00043768721876232046,0.0005960352958582946,-0.0010669111232000095,-0.00029463786907337494,-0.0012804389565543861
2020-02-14,0.002053750859600211,0.0012660950762470008,0.0038749115864459517,0.0026139522758522548,0.0014461990656313623,0.0016360504909901873,0.0016019763816026433,0.00194883685573703,0.0028635054490628864
2020-02-18,-0.0005113429243272205,0.0003161314185190285,-0.0010940264648949226,0.001876448625548366,0.0008640792636413031,0.0010414757985300965,-0.0025767786896156997,-0.0009265127456462848,0.00038349213442145924
2020-02-19,0.0026327510647957274,0.0009690368006190778,0.002991634720159149,0.002656984483389606,0.0002744067704998437,0.00019472108762430982,0.004781135088994359,0.002811934962821108,0.00958558844051205
2020-02-20,-0.0022500863233486973,-0.0002160394185755346,-0.002986356660541224,-3.027465901561696e-05,0.0007623298926846793,0.0009614104460599058,-0.004108630206615893,-0.0013292239783266925,-0.009283466202333779
2020-02-21,-0.002159409475556276,0.00035993945777057425,-0.011182298760085896,-0.0008993529445351906,0.0014959871012292442,0.0017368394866274822,-0.010297815169442837,-0.004594674555252256,-0.01920946627575737
2020-02-24,-0.020692097021995003,-0.00580374857926871,-0.0312921395035452,-0.004537367667241664,-0.0014004523840784335,-0.001603475257125481,-0.03316538732002061,-0.016735476395492953,-0.03856349918166402
2020-02-25,-0.016735124156391168,-0.005598611836027419,-0.028401544924988018,-0.0072136975039893934,-0.0034080964073192836,-0.0041960073707712296,-0.030302604450657022,-0.016700335629181468,-0.027191743435405424
2020-02-26,0.00016353005169283103,0.00030537324003472935,-0.0016832538831246442,0.0006769962506869507,0.00021663509086783457,0.0001322934824124471,-0.0036778191756081657,-0.0023534715476709565,0.005153783570706727
2020-02-27,-0.025173586096832182,-0.007974876724118167,-0.04869097429913542,-0.009593217923296314,-0.004280762724127759,-0.005131878437629814,-0.04491165486465265,-0.024006290431558407,-0.05007379821997393
2020-02-28,-0.0073132187691771385,-0.0002660994093456102,-0.006353645663593715,0.004275070792940301,0.00019266202758428815,-0.0009461051444814072,-0.0042016124155819234,0.002464577371345895,0.0007780025357806419
2020-03-02,0.020421393519632756,0.0067422451225272705,0.04650158150392164,0.012354258602486418,0.00418420238408026,0.004893500313982776,0.04330658350338035,0.024114530148277,0.051603387612907836
2020-03-03,-0.004808425532467951,0.0020471038796995664,-0.02467736191679989,0.0020351534003362607,0.004632298505847722,0.004934862757299812,-0.028632336356167576,-0.011496089121176868,-0.03206737548536398
2020-03-04,0.022779008679317325,0.007976700554682725,0.04102230272409365,0.009228443754762575,0.004569500236337962,0.0051728223334949735,0.04203282613176862,0.022763425269639096,0.041722547851791525
2020-03-05,-0.014505051083753856,-0.0029350405129834594,-0.029659546255153997,-0.0005445865277567785,0.0004898086770474585,0.0004145598323225147,-0.03324163554974635,-0.015334925056254639,-0.030382076739351227
2020-03-06,-0.009827247792148353,-0.0018808547134625633,-0.016813636262909704,0.002554319051730076,3.3971540348998155e-05,-0.00031201577079765906,-0.016531288938967048,-0.0049108169071152615,-0.016872313153083685
2020-03-09,-0.04849325280840752,-0.013259562561879075,-0.07444641513757261,-0.011680275652453522,-0.0050866333723968045,-0.0064095891700531905,-0.07809427440141425,-0.039603904111384154,-0.06946434533295576
2020-03-10,0.021801565317171888,0.0027011294281442514,0.050856612735425924,-0.0018392378894125589,-0.0019491156108126068,-0.0015181146141433608,0.05174494002640695,0.01918609488025507,0.054450366582941445
2020-03-11,-0.03663867869939286,-0.014882286943683765,-0.029372852860101162,-0.015999593580009686,-0.009992053575405446,-0.010832935208863192,-0.048748380003544534,-0.033332059373166634,-0.04355478231937426
2020-03-12,-0.07180257086336508,-0.026050931764014507,-0.07121681714507697,-0.01888371378139667,-0.016191322781637096,-0.01835728094027784,-0.09567746261699295,-0.05627754004921249,-0.09169149040794378
2020-03-13,0.04195671996473585,0.013388839273904,0.03598322831841472,0.007249753643704256,0.006912492358968467,0.0074653998195571185,0.08548633406097661,0.04553104172535763,0.08470552715759005
2020-03-16,-0.08185779784819573,-0.025046972697135707,-0.07471359480053902,-0.002378486137024464,-0.013510965146924559,-0.01633767461421481,-0.10942365395621623,-0.05336878195999195,-0.1197875646732307
2020-03-17,0.03351783324566836,0.007077912048269628,0.04522643539708192,-0.006589996366241673,0.001696430705043838,0.0028378233134091282,0.05399206353426589,0.01861592637654453,0.07584147403037034
2020-03-18,-0.04740301632633937,-0.018311152744151873,-0.030021306932406077,-0.017117722847232075,-0.012993985956215724,-0.01441440319158991,-0.05063299121957432,-0.03489398995821112,-0.030416153231992316
2020-03-19,0.0036770885826137157,0.0021691706732011175,-0.0050826949436307755,0.002354151836142392,0.0013313876103751535,0.0009703141117623119,0.00212516986919864,0.0026311847289469713,0.006002201633866777
2020-03-20,-0.010093234718592033,0.0008600550625969033,-0.017729864557265794,0.013773137800837724,0.003235745428718708,0.002744219697123895,-0.043094263275931355,-0.01307002984517918,-0.03917638379811228
2020-03-23,-0.0031723496107256806,0.0014619888401379286,0.01422468404035978,0.012020581037877604,0.0028996866322468545,0.0031278449931423824,-0.025568209576368295,-0.008551574542086247,0.0007225271663429123
2020-03-24,0.05877568645319719,0.01822287602417048,0.06719334240178883,0.01021270151099864,0.010550877479580867,0.012509140664068656,0.09060340911897047,0.045377361876042695,0.0774374814575649
2020-03-25,0.016142594708902572,0.006027901450105155,-0.006004915814481648,-0.0017208971659820405,0.0038076651218609788,0.004090051560124315,0.014970062139971096,0.00862422194261503,-0.0074048715438889134
2020-03-26,0.03599712325250947,0.013218257560891015,0.03680119876930524,0.011639280965116381,0.008691716599927634,0.00971045157249927,0.05838992832465362,0.03389690518785478,0.052660354902748896
2020-03-27,-0.021475405422646053,-0.006677373932500915,-0.021919661970465538,-0.0008881158993557488,-0.0026472925505807913,-0.002832458448190452,-0.029785704371839805,-0.014003372029942805,-0.0343931428731733
2020-03-30,0.015476544426164328,0.005673448499535383,0.022154329708956325,0.008273164821311262,0.0036338157105425687,0.003964595930969471,0.03247551536754334,0.019400337439792224,0.03637360419485369
2020-03-31,-0.00800504501999973,-0.0033189011437462263,-0.019412776234952585,-0.0021760599438387573,-0.003268291166096413,-0.004169457947986163,-0.014905277526572114,-0.007778728486280332,-0.008539848918102777
2020-04-01,-0.02923788555745003,-0.00902084434753043,-0.021721246486658408,-0.0037229127775586864,-0.004616350448523094,-0.005281420212007736,-0.045004962628500955,-0.023884254716633677,-0.04248966005411303
2020-04-02,0.014558312989718634,0.005166926184441901,0.019168894714936834,0.004571485558178741,0.003130886490478936,0.0034931946812189196,0.023075440836357597,0.012932698088538993,0.020295353735684918
2020-04-03,-0.011113373226987529,-0.0037139681189678254,-0.00618839040730777,-0.0015372367263010462,-0.0018135805945313716,-0.0018933342903958053,-0.014454080689622839,-0.007813105742653892,-0.01419294792528436
2020-04-06,0.04136439271565372,0.013298662676632385,0.052048846607405594,0.01036189626774987,0.007987380658968314,0.009415609557723957,0.06716642295934694,0.035565871296859945,0.07149486724572518
2020-04-07,0.0016353665218031747,-5.6130141239308e-05,-0.002194685434246986,-0.0037864461280534955,-0.0005267900586664687,-0.0004907992669507385,0.001019296911893397,-0.0012979333876341635,-0.0004070365178883151
2020-04-08,0.015863538115706004,0.0055830730967242285,0.01107855615091179,0.0022809461645164095,0.0038857446527719914,0.004503095191721068,0.033568126920050956,0.01886191424120438,0.02123207908962743
2020-04-09,0.017798607901884145,0.006222913393236995,0.0130913096215588,0.00205271854405753,0.005184304910845983,0.005971449260493422,0.015217569978977386,0.009963655707260877,0.0014460603617711953
2020-04-13,-0.005741084572679842,-0.0013818592848347496,0.009840641746366965,0.0005160686724248786,-0.0009658920557012365,-0.0010386417672330081,-0.009130241760195057,-0.006359639080439668,0.010803227125931292
2020-04-14,0.017801476520769962,0.005462099508998334,0.02442215204525992,0.008055422185004341,0.0034183944275952534,0.0037273809856970923,0.02949271784520402,0.01826598487122812,0.043491142049368436
2020-04-15,-0.019996684412758595,-0.00507524438877078,-0.008953417445624305,0.004337423497203942,-0.002392001709981789,-0.0027948361325524796,-0.021248006061268088,-0.00941751123624369,-0.011469841080749221
2020-04-16,0.002242252229557049,0.0008593747877772123,0.007688422624920192,0.00374028795837857,0.00030398758105527044,0.00018527640645322948,0.00482435231178191,0.003323999001895609,0.01824005813520979
2020-04-17,0.014913925034908702,0.0034568392968189654,-0.0004853507500987837,-0.0006680371885580098,0.0010182450268359038,0.0009424707376122428,0.02701547899488488,0.015210878081377699,0.009566421566279848
2020-04-20,-0.011677054721640783,-0.00300212184045019,-0.004282256151683726,1.8352995643411602e-06,-0.0015918941891422214,-0.0017691088534989166,-0.01761816187453047,-0.009695512408856776,-0.011844715416839735
2020-04-21,-0.018465349629358266,-0.005180717958629342,-0.02160376200103856,-0.004230599794068812,-0.0025948367459560154,-0.0028183482889631555,-0.03036300642583334,-0.017230201425575405,-0.03689941492159787
2020-04-22,0.016439737118066025,0.004744564820841293,0.022543512793865572,0.0028584814973133432,0.0027616739218744944,0.0031704769202197777,0.022194428751296957,0.011967384741228179,0.02967444032863975
2020-04-23,-0.0009350896191042522,6.377687878052741e-06,0.0031662301478646944,0.00028771544538815845,0.0002450284511336532,0.00033911327378175366,-7.179069730045562e-05,0.0002180094162773299,-0.0021327853645501937
2020-04-24,0.005380513515366292,0.0014995356785439712,0.0064504325324184104,0.002674420170183424,0.0005967535041950058,0.0005481344975744653,0.013938796935865527,0.008483301735609461,0.015770300442044416
2020-04-27,0.010738053898852394,0.002443995517707886,0.002184319353352796,-0.0025474592710465014,0.0010336549988377792,0.0011910329031603443,0.014418240645654112,0.0066176994832586305,0.008043464562871527
2020-04-28,0.00012966356551528718,0.000583268052138702,-0.009790240224328124,-0.00013112639463728907,0.0007590581619030851,0.0007330177267986331,-0.0045983587768335665,-0.0010992332683446976,-0.01883474343619973
2020-04-29,0.020297425701088653,0.006061680863549759,0.020027621464084606,0.005575008516340662,0.0031306289463851836,0.0032970841263235988,0.026178714193243247,0.015707886840394387,0.035460913797850546
2020-04-30,-0.012166126746331486,-0.0034016740358428165,-0.008692860289712613,-0.0018887658509467052,-0.0019659878351747746,-0.0023411368668335244,-0.009310644509812782,-0.0066321953460617734,-0.00041094558332910314
2020-05-01,-0.01845023814537661,-0.006012199810007216,-0.012757153057186735,-0.003858408705341683,-0.003612966996639798,-0.003729841292287355,-0.026473491014802786,-0.01566564465696383,-0.02818514127649907
2020-05-04,0.0025278508260690906,0.0008240135743958618,0.006513096212423004,0.002109670642147712,0.0004217865299758067,0.0004317970417038301,0.0027582885230914567,0.0017342908133151252,0.011657656643853542
2020-05-05,0.00378362717276854,0.0010598893580778975,0.007498689668334993,0.0014388924464626427,0.0006251616723467826,0.0007272376387825372,0.009239212290082177,0.005306824236571051,0.011337119950868058
2020-05-06,-0.006042163575252201,-0.002286343320924966,-0.003670624645698336,-0.0017638763740764167,-0.0020518476847390093,-0.002377164847602457,-0.006778647278561034,-0.005572431493845184,0.006156303773545702
2020-05-07,0.011491087667670322,0.004770048700345794,0.013315367526311002,0.006833039586411643,0.0038022117376478857,0.0040951225162593335,0.012066995666948577,0.009727463333381299,0.012876897433144352
2020-05-08,0.01111851963065243,0.002674120645547022,0.0053267002081074655,-9.304826477295408e-05,0.0010436728656278253,0.0011264034492798661,0.01654608578294603,0.008792771905144344,0.013704723796259533
2020-05-11,-0.004076744103283847,-0.001814774169056399,0.0009651301334396845,-0.0010624906073904983,-0.0017073974343897458,-0.0018910370818976396,0.00020537645904283863,-0.001022920980172981,0.008938839371846141
2020-05-12,-0.01206007836330181,-0.0028078363684639314,-0.010878805419328647,-0.0007814829366345781,-0.0015944699312949663,-0.001871566059690326,-0.019932255655334075,-0.010655934230162744,-0.02093705678572433
2020-05-13,-0.008153456070210452,-0.0018613140510155522,-0.004617864371936408,-0.00017166188265121496,-0.0007300105298915307,-0.0007510810326564487,-0.01768569567255307,-0.009692013690182093,-0.012515889005920044
2020-05-14,0.002458591436414815,0.0008803183335256856,0.010449770617514963,0.002541388776044141,0.0008248278443779741,0.000976990459650904,0.011967746495445075,0.007703262772851101,0.011352352286741363
2020-05-15,-0.00010115716488551351,0.00041736443380616936,0.005774703891579821,0.0008487208222081713,0.0005158798047846645,0.0005661019381766337,0.004596559061574634,0.0024578506424228976,0.006491389305488537
2020-05-18,0.025246263347866157,0.005818591939180749,0.010254523486589626,-0.0014227172413777993,0.0024749938869586202,0.002754518153349884,0.030460119238544303,0.015598106417516489,0.018632317622942374
2020-05-19,-0.006370154659082607,-0.001002780680937791,0.000818570784265641,0.001690922057142719,0.00014728288790656407,0.00018937052732413608,-0.010271439683469885,-0.0050766825451516815,-0.002506485687488458
2020-05-20,0.011944336969403955,0.0035128838456425647,0.012265818098184156,0.0028488817420345273,0.001832833473380327,0.0019037952016484729,0.01698797733473545,0.01028478061408743,0.01996833737287851
2020-05-21,-0.006646291213323451,-0.002360426036146108,-0.011576891287692357,-0.0016881640880771285,-0.0016341579281709657,-0.0018313774308356832,-0.0069039559247177085,-0.003906095767472824,-0.010890624480379918
2020-05-22,0.0001472784190449409,0.00035343523413283533,0.004126840980523454,0.00168675126842565,0.0007957867139704274,0.000980900439442808,0.001898949456170973,0.00189570613312967,0.003451705797391069
2020-05-26,0.011549716698142892,0.002689522420747773,-0.004322471884434293,-0.0022770268755305982,0.0011358232879918539,0.001184694549518746,0.0123209062263534,0.006368471789804724,-0.002699731453970622
2020-05-27,0.009321632439482041,0.0027010130253264236,0.005912260631976824,0.0011653234260227316,0.0016323960106695225,0.001793595797666238,0.014878852238209284,0.00933119188775404,0.005457492756790083
2020-05-28,0.0013644131757182595,0.0006878180701239747,0.0004219310494789127,-0.00041124643392888603,0.0006424298728842315,0.0007219408311876866,-0.0018447231420248844,-0.0014766645461975801,-0.001302411079659116
2020-05-29,0.002953235986478304,0.001307399629188655,0.009695510322296078,0.003943130143722436,0.0009273865959020413,0.0009386481907851852,0.004455628026370562,0.003967287688028216,0.01465273083007812
2020-06-01,0.012085991095179913,0.0035295444634236553,0.003843267289686985,0.0003190699037839529,0.0021229045638544468,0.0023479646678698706,0.0040419129177404756,0.0023062249207472106,0.0029994992692590206
2020-06-02,0.007595046504683463,0.0019094527368063755,0.0018192819589293655,-0.00020581893461196776,0.0006284091758513007,0.0005812731094051306,0.008279953322475775,0.004407832127097987,0.006707787795815934
2020-06-03,0.012722695868080912,0.0022746377954059867,-0.0026956359690617593,-0.003453525372064686,0.00014143184149848623,0.0001270712078250359,0.01330817751745883,0.005849129996885692,0.004498573999012434
2020-06-04,-0.003609730382128737,-0.001007811806557904,0.000653953457487742,-0.0026661191567236907,-0.0005048865496709541,-0.00041622783396100027,-0.0026266578138768315,-0.0031423493529970986,-0.0070134848516675286
2020-06-05,0.014676948613828433,0.003146975497965708,0.005413895944006561,-0.0007710845048856961,0.0008784703327887296,0.000877484129190422,0.025629322693724754,0.013903336803598442,0.019827295074330564
2020-06-08,0.010347751901111464,0.0033254588396114436,0.009831309929808353,0.001963695739568246,0.002418968597637377,0.0027637783406513298,0.01208766993094157,0.00795237122655442,0.007760013940848687
2020-06-09,-0.0070600961846630905,-0.0014410085847285925,0.005057033581068375,0.003362170957976373,-0.00021765758894666876,-0.0002208741336188634,-0.00745653768506227,-0.003334107143847311,0.007244758506629534
2020-06-10,0.0002726665965555597,0.0014920781718172904,0.005106087578653051,0.0037041190772522103,0.0015780634367208446,0.0015615681656768743,-0.005580068897161783,-0.0004044383721366618,0.012001892720296059
2020-06-11,-0.03926935783268029,-0.01112936539111261,-0.04407715107011696,-0.004270986963322629,-0.006259952281999798,-0.00678061670732228,-0.05764910058081296,-0.03297874317074461,-0.049549385888078
2020-06-12,0.012632417128679642,0.003425482268686053,0.008121620522216839,0.0002507360480025642,0.0021340650678135205,0.0023928996426311206,0.011976032617165178,0.006037181011209026,0.007948165041186117
2020-06-15,0.004481539057590978,0.0009627718877836091,0.008123602942334733,0.000769777676973297,0.00044205817208767766,0.0005174637508169857,0.009335494391387478,0.005120272353937031,0.012166980273890848
2020-06-16,0.009270058893666566,0.0022638546581674216,0.01429135319127903,0.0009554447229090111,0.001111008011350183,0.0012414901669642617,0.019247571138021335,0.010457981031125663,0.0171730318077441
2020-06-17,-0.0005182909039934825,0.00027486376028210856,4.570378411196136e-05,0.001062481379979383,0.00020391986506154805,0.0001094297771639407,-0.004153902398379983,-0.0018221937101934992,0.0031706581604629136
2020-06-18,-0.0027039691111729993,-0.0006549754738110313,0.0008393145957431802,0.0009189057580576956,-0.00042079026661142715,-0.0005358175276613031,0.000385207847362512,0.0011381052168915051,0.0027091358789834707
2020-06-19,-0.0020012757479694362,-9.106506246225058e-05,-2.3357143192694572e-05,0.00039108735975529113,0.00023818740602585042,0.00030122605733251615,-0.005714998164599527,-0.0032417216227637368,-0.00016359716725411477
2020-06-22,0.007070581534024557,0.0019167254234875746,0.008683273762032229,0.0008927590527677369,0.0008989302204456924,0.0009840076721156323,0.00641518763732285,0.0034091219223780457,0.011992324974250623
2020-06-23,0.004938813695568078,0.0017153075411938821,0.0069826274214464315,0.001025485813864527,0.0010741182802119816,0.0011628193670734151,0.004603639918247859,0.0025864640135803514,0.008511265258457357
2020-06-24,-0.016613094602809443,-0.0044921924411752846,-0.018943006705153434,-0.0014995771753532742,-0.002409084872092711,-0.0026454608699707756,-0.02550862294273948,-0.014336085590343068,-0.020615720637463197
2020-06-25,0.007671315354036657,0.002130953606109922,0.007843632915817779,0.0010119362239419925,0.0011485789411610266,0.0012124732880832393,0.01072053693140429,0.006345879241312124,0.00951948088671406
2020-06-26,-0.011741557684904352,-0.0026650835435898974,-0.01779291098329537,-0.001257746595398231,-0.0009604500914681784,-0.001016051092285477,-0.023751542676445525,-0.012851578863000663,-0.023614953608218303
2020-06-29,0.008293002123743773,0.0025194032723292454,0.010135416767577411,0.0015555330914857246,0.0016392852124778351,0.0017605989071248769,0.01469790747023314,0.008960312584681952,0.010906557100375247
2020-06-30,0.004684021173854384,0.001128578127343963,0.01378484435394871,0.0013884956756473545,0.0006710497623668046,0.0008277205109471913,0.012809137060046938,0.006744669633848383,0.019601449218764166
2020-07-01,0.006105260308153672,0.0011604163281864217,0.00649300084782134,0.00042795438365536055,0.0004684527061619143,0.0005641662899128118,0.007004928476384675,0.0034799918431325924,0.011672058085091308
2020-07-02,0.006520686564785979,0.0022829648843581325,0.005335684886986843,0.0014030759750579644,0.0013374148521789985,0.0013210439678587574,0.005507103731598795,0.0037573913918197196,0.006786783402504604
2020-07-06,0.013185773067000618,0.0034788505897216226,0.01722919235850128,0.001987478126800917,0.0014876969959802353,0.0015581940122514056,0.015437280740393744,0.008528084459688057,0.024584315157667014
2020-07-07,-0.008595278506554454,-0.0018049739322595658,-0.005496573927499183,0.0005488251531289585,-0.0005390150033306105,-0.000579629108385883,-0.0103139578233582,-0.0048454457558224666,-0.006888565771146493
2020-07-08,0.008392448683830763,0.0023677469091019205,0.009627237055072669,0.0009828069966706303,0.0011311856914749921,0.0012061005448917395,0.0076488576579414325,0.003895415068747955,0.013171619097387843
2020-07-09,-0.0038999577240508244,-0.0007849752730012207,0.000762447222332784,0.002045125589409694,-0.0001935690362123788,-0.00028892275510696323,-0.005693045016284648,-0.0020858847209841835,0.008423541999768691
2020-07-10,0.0035439660708751486,0.0005477235736417452,0.003345579201139426,-0.0007652147985193203,-0.0001148622673526889,-0.00013028089318289915,0.010210607314880882,0.005325101928716602,0.00682738729466581
2020-07-13,-0.006743744525066478,-0.0017028579714892062,-0.009503252250238767,-0.002171864772291771,-0.0008358245322046601,-0.0008958616377256259,-0.008659081397415336,-0.004797183736885117,-0.020570626141755533
2020-07-14,0.0074930342198760705,0.0022809043734360085,0.007292765013317604,0.0011565300466334838,0.0013756247221416832,0.0014924785686533295,0.012958941632795984,0.007749885077933708,0.007078183423372408
2020-07-15,0.006039260446228087,0.0017587954587048528,0.003021778096059779,0.000185864215909105,0.0010101911733880805,0.001083222835022815,0.009187030699303378,0.00541608128348961,0.0020353377071322676
2020-07-16,-0.005993728321146831,-0.0018034377694263757,-0.0071543478071978755,-0.0010001767697364909,-0.0013110713286382258,-0.0015414299759586895,-0.0032931640602622547,-0.0017046830806180752,-0.006822233948264089
2020-07-17,0.004597474349994602,0.001576561565190227,0.004338841166861841,0.0005030662728213286,0.001317611923681845,0.001533404629000851,0.0028989226359537046,0.0016567176258975233,0.0011578725911942644
2020-07-20,0.005648494728971269,0.0016286372266988893,0.01479259470575407,0.004243733115514461,0.00063619039321262,0.0006032860945809823,0.008081501483993891,0.005153659719263263,0.028370651979142236
2020-07-21,0.0025351763154242493,0.0012720653872730025,0.0010383690603318644,-0.0002172450239522793,0.001246622105434557,0.001441799561949189,0.0021281209529875333,0.001710657782582937,-0.010420367137238151
2020-07-22,0.00408981736186741,0.0014704636175284114,0.008646172854210018,0.0013516587275232647,0.0014873057808887367,0.0018401631385914067,0.0056915918314111025,0.0035872369400508247,0.0035225645055105836
2020-07-23,-0.006397244574227048,-0.0014551547593633118,-0.009143322894509486,-0.0025763964390303866,-0.00029878073524874243,-0.00017431179462653793,-0.011931523553769696,-0.006882645514407791,-0.026120011168491386
2020-07-24,-0.002973955541128422,-0.0005693664638064173,-0.0014522846239980714,-0.0010191548057195978,-4.745184735732491e-05,4.218375205091113e-05,-0.0064403563709803935,-0.004095560002805489,-0.009495742705774357
2020-07-27,0.009671446568164805,0.0028386828400906398,0.01651487672030061,0.0024446502426069385,0.0019262764826830443,0.0023099452819123865,0.007292327531800202,0.0037938908741550017,0.01784295090999044
2020-07-28,-0.0004812480066689749,0.00040590611316257717,-0.002683342538057522,1.3371859130993038e-05,0.0011763585021517435,0.001462806997946479,-0.006342262644106977,-0.0029131250115683157,-0.012724703626794343
2020-07-29,0.010505923120982377,0.0033828305158882677,0.009988986909230885,0.0026253619131748115,0.0023675235373617235,0.0026103539028066005,0.012298472473428745,0.007951310989452048,0.01152587041496922
2020-07-30,-0.006257932529284583,-0.0016534506014654732,-0.001821197878654353,0.0011004964465910329,-0.0008939087411861852,-0.001063960969204247,-0.0035678066679371012,-0.0016213045923531486,0.005235662302945476
2020-07-31,-0.0017055864325742154,-0.0001826043390058934,0.012214335181892374,0.002992162833593105,0.0003173704821786704,0.00045758228086034073,0.007902054273645653,0.004884323354986645,0.017845561295916967
2020-08-03,0.0057959824881545115,0.001683153336186321,0.007059973216658046,0.0016266816702098733,0.0004945431557914874,0.00038958370550101675,0.006952304684984201,0.004033670945464384,0.013506658656765147
2020-08-04,0.007858813475139927,0.0031593701353163296,0.011010352003041944,0.0033652906575534418,0.0028745994915931987,0.0033178411810319205,0.0038626232171652397,0.0036914081750081835,0.003712026887316755
2020-08-05,0.0036950734439857406,0.0008800145854707402,0.006055491336218543,-0.000896855576733046,0.00030045962384066255,0.00042418608056358576,0.0062108287858684275,0.002485725240076818,0.002478276353359732
2020-08-06,0.0046023573315798925,0.0017823538468407962,0.011968980078688157,0.0030893574935647234,0.0014666717150106118,0.001692091632323845,0.006684441161713295,0.004533232810603149,0.013244900265548809
2020-08-07,-0.005404244558958371,-0.0022849599454470484,-0.01097107144424515,-0.0035421203772711828,-0.0016340530945028226,-0.0017713571352670314,0.0007182091353856723,-0.00037858323414787046,-0.011542394955734281
2020-08-10,0.000528887779997822,-0.00018626071201155447,-0.002530534771074011,-0.0015265683956140474,-0.0003787546169938816,-0.00041758133099278893,0.0029887354461739513,0.0013410581407002908,-0.004273018580498444
2020-08-11,-0.009868636111143775,-0.004450989858136637,-0.030680054248663175,-0.009077871242939885,-0.004577678602117409,-0.005466723753080888,-0.008254622769916842,-0.006330004989572787,-0.01894137361504522
2020-08-12,0.011295744869848759,0.0025597193190067787,0.011211901071881731,0.0013404292667678185,0.0008033602522129156,0.0007992755547156279,0.013942189490038226,0.007181541146635157,0.02515191123556071
2020-08-13,-0.0012773718844010288,-5.8891456615977765e-05,0.00963061013810327,0.0014114052747756707,0.00034269534069339506,0.0005993362014494465,-0.001807524618662515,-0.0019059301998831516,0.002280247671408997
2020-08-14,-0.003111999216820722,-0.000866334070141943,-0.0021492274601278417,-0.00028005094248633334,-0.00044260397359046526,-0.00050091676692081,2.958819738640983e-05,0.0002137616014016778,-0.0011743068347047636
2020-08-17,0.008062963822344777,0.002936273714722925,0.013803936819841996,0.004251584114682765,0.002395267140268248,0.002750038710628579,0.003176593509054415,0.0025705043188440292,0.011611220300156821
2020-08-18,0.0017731489355867769,0.0009492326076805805,0.007873564881140636,0.0029066393511256406,0.0008493011807592422,0.0009354142393019277,0.0021604085929893824,0.0019887073338172865,0.009625006185847385
2020-08-19,-0.009261417613136716,-0.0034141236770258883,-0.01594688509020502,-0.0043961977239385455,-0.003079793928331358,-0.003663297801758803,-0.0041637637190636845,-0.003035598954658974,-0.006727565824825366
2020-08-20,0.002773006785533392,0.001159510529249099,0.008998481918014452,0.0037518622650452244,0.0011674585593182006,0.0013255318891529954,0.003113616513801487,0.003019551036991494,0.013872115490742631
2020-08-21,-0.0008838264139003795,-0.0004676311023678432,0.0004946092059333683,0.0004954271671910135,-0.000446851747370367,-0.0005507170460346704,0.003547443857672139,0.002433636108846391,0.00693036926886581
2020-08-24,0.006839674286382752,0.0015677623479405497,0.0024908129360585347,-0.00034371842738615627,0.00044346939217057736,0.0003992435549146616,0.010133234849614592,0.005572578050202518,0.0062439733180748025
2020-08-25,0.0025827193407293135,0.0005594492209241855,0.004453717438476729,0.00011926213773408988,0.00018449726721241609,0.00022148763553162388,0.003499152676110784,0.0011896323135197843,0.007861998849121088
2020-08-26,0.005631500228069911,0.0018287565062842968,0.015431568204140985,0.0037515445567489463,0.0010192990806996492,0.0011078814566293728,0.010025467680585542,0.005938872815741389,0.02133926688520482
2020-08-27,-0.003633537753956444,-0.0017470089670533937,-0.005214245963737815,-0.003100670522849947,-0.001262041480991447,-0.0012976634166992143,0.0021865775659646314,-3.992488836346048e-05,-0.003116899709607601
2020-08-28,0.007460016402335673,0.0028470667857747973,0.009959827041129441,0.0031024307919227763,0.0022715116988553056,0.002546610499440312,0.006459586550601193,0.0045947519949080876,0.005085265080575274
2020-08-31,-0.0052212879009748536,-0.0010870763727938403,0.003529967228059754,0.0019177944771318599,-0.0003483419682494759,-0.0003883439746162705,-0.0036225453486220527,-0.0018079009538671544,0.008033229113231455
2020-09-01,0.004765106231421016,0.0014874659071617041,0.009559994743305775,0.003878810329797572,0.0008868180703064624,0.0008923347690394713,0.009418395777095467,0.007037557509218727,0.017091811656994027
2020-09-02,0.006830615692218619,0.0017989891544487957,0.0020558079894634337,0.0008154880654895734,0.0008334166393711028,0.0007582743309417585,0.014464171964995609,0.009416308555762566,0.009469321279406584
2020-09-03,-0.019867095064311852,-0.005707379317571136,-0.03172242275908025,-0.007356403917842402,-0.0029732735611188296,-0.0031383372954708775,-0.03441424403026838,-0.020724337733397828,-0.05070046474903955
2020-09-04,-0.00289145160394922,-0.001460585745951407,-0.006220707216196032,-0.0042047799697612995,-0.0012615153686316837,-0.0012316951547815373,-0.00816478067876325,-0.007146973229223918,-0.013325895167395574
2020-09-08,-0.015048660091575789,-0.0038868377834904567,-0.02632256367774981,-0.005622921731119935,-0.0017786632688716793,-0.0018736103529312632,-0.02732302543395715,-0.01576030293790439,-0.04806374983418216
2020-09-09,0.014208759057006137,0.004123058367480281,0.019560536697014408,0.003129315763691798,0.002342817756014748,0.002525028628472814,0.019747347213537436,0.011650496099505414,0.029375521472213117
2020-09-10,-0.011380957818455153,-0.003159409697360175,-0.012801302810119838,-0.0019665258445573626,-0.0016777557960656175,-0.0017940688837437733,-0.017363528836427777,-0.010014337673149472,-0.019936685316604086
2020-09-11,0.0018433777361873311,0.0008369761307059583,-0.002702958243571063,-8.294094247129944e-05,0.0004947028492960163,0.00043836793647087665,0.0005092193273708023,0.0009291222803613595,-0.006940002161314629
2020-09-14,0.009481854016710218,0.00254306044543595,0.012748743540761618,0.0018123805958160275,0.0017149324497783406,0.0019971272186720375,0.013171208607333673,0.007542944669635839,0.01741555973592135
2020-09-15,0.006171744866580788,0.0016324646145933661,0.005738991262295023,0.0013678023180155388,0.0008653670474917022,0.000909122959934777,0.005052391756616759,0.0028534209706851713,0.014173284251270957
2020-09-16,-0.0014635752388128835,-0.00031754145699006375,-0.00611926322577285,-0.0018531090064748312,5.8670017378006734e-05,0.00014407029799265165,-0.003968663593209909,-0.0026269974916497407,-0.01594593746527273
2020-09-17,-0.0059797823384033656,-0.0018204868133250727,-0.010208719905961052,-0.0019327326359532624,-0.0014329605740366377,-0.0016489387782181765,-0.008795400291457645,-0.005181689597412669,-0.015622307379459577
2020-09-18,-0.00850186421742235,-0.0022905391108430585,-0.0068633742788384005,-0.0016312944499066013,-0.001408645847585988,-0.0015431280364284535,-0.011512580004938044,-0.007287098118877428,-0.012762729839822962
2020-09-21,-0.015084004889291661,-0.004499631151343375,-0.009399017588538828,0.0001343746686237951,-0.0031305271696716475,-0.0036178959974903706,-0.011129400596878392,-0.005943829862450692,0.002398458201701148
2020-09-22,0.0030050835354222243,0.0008096549951638766,0.007530168910085401,0.0019606908740064225,0.000496411290472842,0.0005049560030065353,0.010184405129645135,0.006070323669005277,0.018578199074534618
2020-09-23,-0.015900723164525885,-0.0047211552206018245,-0.025538237546444277,-0.0041514468979226005,-0.0033590462858349717,-0.0038556945935401955,-0.023191081516847345,-0.013879362052140057,-0.030533891954722003
2020-09-24,0.0016587302319024323,0.0004937393188872549,0.003885767396135602,0.0007581842435342239,0.0004286457409492572,0.0005164937606170078,0.0026658019270402455,0.0017807614784381093,0.004656271276821444
2020-09-25,0.006902179286544042,0.001887354457426299,0.011474380532162449,0.0027746522301677384,0.0012107450724132044,0.00130226292253892,0.016166566396363047,0.009925954871395224,0.023248556271064036
2020-09-28,0.013159324984794423,0.0038068395915664766,0.01574372598017455,0.0026398844833550802,0.0024129202631248303,0.0026757456120955064,0.016609218049585373,0.009849797685590023,0.02076922145656601
2020-09-29,-0.0015255829667352376,-0.00021909866412018716,0.00033783681855446054,6.5621453190012985e-06,7.478943563125937e-05,0.00014194906220043685,-0.005445952995734582,-0.0029788116301038103,-0.00450958954911973
2020-09-30,0.0018677344057744017,0.00015415203530924718,0.0019536334649323823,-0.0003879455840216716,-0.000264323212191733,-0.00032397004214890056,0.007582101017095777,0.0034637227801938937,0.0068488686124070774
2020-10-01,0.00792631118818891,0.0022059934545136965,0.011267785623216144,0.002200591989235281,0.001586818950129197,0.0018479135764840702,0.006419734545581868,0.004090209983894321,0.015872481301009822
2020-10-02,-0.0032914229855719127,-0.0009454698785657767,-0.01383053362521102,-0.0035508750687213773,-0.0001663857607117331,-3.8781475065685467e-05,-0.009494301553782392,-0.006119332232848228,-0.02813112356943115
2020-10-05,0.009947078009012515,0.002010659240030271,0.014133209371482023,5.1077551266653026e-05,0.0004793092138401687,0.0005959984838270911,0.017733264614347544,0.008141019025201217,0.02132621080585473
2020-10-06,-0.008098410128459521,-0.0022829466347562785,-0.014743071332512465,-0.001604935565263383,-0.001341932859755183,-0.0015489097246917706,-0.014216154972995443,-0.007720303191723588,-0.017846768084991083
2020-10-07,0.006798708938228916,0.0015143957943262191,0.010382241098683694,0.0008027053475566039,0.00038728297215729447,0.0003879116544306964,0.01740664364037503,0.00935137670149831,0.017299313192715493
2020-10-08,0.00712737863249302,0.002138299413610323,0.005296737484735026,0.0009902813404973898,0.0015110355522129915,0.0016627898068788394,0.00886271429983565,0.006030125522060281,0.005322356075096346
2020-10-09,0.006890379728137284,0.0022302833907277488,0.015156217092210303,0.0018805398393147595,0.0014939839564732007,0.0017050356320292702,0.008929806326601897,0.0051754447571027845,0.015280539004421723
2020-10-12,0.00775899780026066,0.0022467472024638954,0.0144086427998622,0.0032512296915651693,0.0011613978391602144,0.0011342366048312101,0.01608772259527491,0.010141381862364808,0.030870307488213733
2020-10-13,-0.008230388600085757,-0.002452069176094498,-0.0075094367530727565,6.400447790998614e-05,-0.001801854290301494,-0.002137325296576843,-0.006525912356984853,-0.0030894752884424175,-3.391621278692192e-05
2020-10-14,-0.004006341810905578,-0.0009486420642785387,-0.0034697100097757392,-0.0006002058434776058,-0.0005009326386293408,-0.000540348883364599,-0.006283476356683693,-0.003674138899538869,-0.008352472672372602
2020-10-15,-0.003972834154752948,-0.0009852324895391882,-0.0015490737343010416,-0.0007104856673867951,-0.00020895494389598684,-0.00011455182444592392,-0.0012359213757718868,-0.0011702094621756707,-0.006711048362237015
2020-10-16,0.00045722211377003535,-3.4201300164646055e-05,-0.003711813363498568,-0.0008789859249455709,-0.00035865782772351263,-0.00045549045853464934,-0.0006043474932385662,-0.0005934794154600156,-0.005480911340718042
2020-10-19,-0.007320467597808244,-0.0020920987553728104,-0.009451002336476983,-0.002025878335326585,-0.0013159747559926978,-0.0014022706210077389,-0.015203381057097731,-0.009832869228468159,-0.016325170163881686
2020-10-20,0.004630782045588567,0.0010623323532303005,0.0035849102070737533,-0.0003518083946832788,0.0005287746892238094,0.0006464873683763529,0.004005779235077611,0.0015473743234825153,0.0021494491486580003
2020-10-21,-0.0016304833695418338,-0.0004125451315162327,0.0023220341196801032,-0.00021483499197631891,-8.289299814758662e-05,8.090626087004859e-06,-0.0018930938690682186,-0.0016667434761930807,-0.0007735958401884346
2020-10-22,-0.000647626787157342,-0.0009324055597107829,-0.0028633194178816863,-0.0015912834141439366,-0.0011943427483028098,-0.0013156805352771465,0.005485382177673026,0.001914779874110605,-3.526145646948198e-05
2020-10-23,0.004282869282912407,0.0013409285511291626,0.0010455108643036678,0.0006405127855801931,0.0008250640663383745,0.000838877575263947,0.003395138096954131,0.002610534184421115,0.0019704841190482103
2020-10-26,-0.011381166049894524,-0.0027574202532661745,-0.00992580171376246,-0.0005538160234453111,-0.0012109049172922114,-0.0013091247818950956,-0.018479743983231822,-0.01011829084618732,-0.0149960315887534
2020-10-27,-0.0031502184217466686,-0.0005751660775204395,0.0034931166109225505,0.0014876770369800596,-0.00025060230033643524,-0.0003274704326216073,-0.003447453894289354,-0.0011698703511112828,0.007808227577311255
2020-10-28,-0.023996785308790854,-0.0067625376817665814,-0.028867865580010095,-0.004197868941366768,-0.003945594099369809,-0.004294011782535623,-0.034178998674789574,-0.02047093056726893,-0.038986712087398345
2020-10-29,0.005987245114669816,0.0011619674121878493,0.007252455603026147,0.00027727093220584066,0.00033282578700547134,0.00036553414189358275,0.010163583256925124,0.0042620038401188646,0.017486944578727126
2020-10-30,-0.0064404063547938584,-0.0019321942977269628,-0.010391559218562801,-0.003205367572017038,-0.0011242043755996165,-0.0010847650809226287,-0.010424915191337036,-0.007500381745148076,-0.025363231760466065
2020-11-02,0.009764294815589403,0.002909930035661723,0.007046317656302441,0.0010406434055718306,0.0021485411949203254,0.002424664664765523,0.011208277255805976,0.007329348599794738,0.0022274273630551455
2020-11-03,0.013107584983142061,0.003231544825795309,0.012612528295361438,0.0009245064766221959,0.0016570794178393977,0.0018581482786062635,0.017656189406366707,0.009567401766546592,0.01729775793395949
2020-11-04,0.01470139733623459,0.0048192405241595515,0.021842489849748632,0.00670609335321618,0.002929284627888506,0.0028789807277440843,0.02234907520864371,0.016755381926276076,0.04463811960173114
2020-11-05,0.015201027202787744,0.004459078204785464,0.02353931228531116,0.003056563765424371,0.002730088385092627,0.0030609857636143523,0.019502808364337154,0.011667806785034252,0.026071209351845148
2020-11-06,0.0001944246374985248,-0.00016572113527735244,0.0008121632017745739,-0.0007384213143815099,-0.00038363698615462294,-0.00040645615383183564,-0.00022824654973130354,-0.0015058677494992345,0.0007473705121527896
2020-11-09,0.007861292520260299,0.00023807140560653031,-0.023381470182186663,-0.004696967860612799,-0.001542119100233186,-0.001877668286282185,0.012565592160511452,0.004600176782410776,-0.020433902277026572
2020-11-10,0.003699397677098564,0.0007654705676762234,-0.006193171687736694,-0.0017779962185555532,0.00042686960784419216,0.0005798204166681347,-0.0014666459367767004,-0.0020094635986250596,-0.017914545171337504
2020-11-11,0.006179727764788341,0.0015531356426843094,0.008703568810276006,0.001544803909839352,0.000645357600307944,0.0006055296102721144,0.007428581041487359,0.005128552886716523,0.0223695403858446
2020-11-12,-0.006909654029284035,-0.0011277453900801699,-0.0015368765919892805,0.0010524164001592502,-2.262322045703842e-05,-4.715251492789835e-05,-0.009701026265437451,-0.0036552210130580067,-0.004693555203876487
2020-11-13,0.011549585966960037,0.003076044335938015,0.009050224052105661,0.0005910806275300299,0.001955141280558445,0.0022231529116348786,0.013844750685820584,0.007828193677897232,0.008772504802062153
2020-11-16,0.0076041100528354,0.002121591386479631,0.005687982104160473,0.0005683047464498582,0.001180230995564662,0.001248540458040805,0.012482312465939227,0.0072838707766304175,0.007802723336249429
2020-11-17,-0.0016463931590988635,-0.00036209303630397574,-0.003826138716406984,6.568286885081886e-05,-9.821421690523611e-05,-0.0001414786775848265,-0.005378143284826997,-0.0022745159085745675,-0.0031721808943109275
2020-11-18,-0.006742281779669781,-0.0019478376762071246,-0.007706375676324152,-0.0007853059785916463,-0.0014422848357307965,-0.0016510743741031829,-0.012035046578264486,-0.007452238635322311,-0.0073899055603295905
2020-11-19,0.0037135422088303556,0.0012069620379915184,0.003280464594587915,0.000860487821105938,0.0007311107502123831,0.0007223644509340583,0.00421041447915993,0.0029765681903778786,0.007824556804039817
2020-11-20,-0.00123473560910493,-2.10221067028306e-05,-0.0030040601712183843,3.534834841857172e-05,0.00018222036498406782,0.00017601048966565805,-0.006847917704391082,-0.0034649302204399733,-0.006840688506054016
2020-11-23,-0.0007454531394454909,-0.00080045778266058,-0.006454465482062587,-0.0010529754371791035,-0.0011247783620817917,-0.001358296775506671,0.005994388984470911,0.0028341601664953566,3.440092690909502e-05
2020-11-24,0.007823494398504494,0.0017376773485854122,0.003137811125162925,0.0002574621019690612,0.0002930016418943948,0.00012648193488849597,0.01611385611865468,0.009145355776762846,0.014050335751294218
2020-11-25,-0.0006406896269005523,-0.00010280647246576652,0.0020079807022111472,0.000571120827333622,2.7652978824373692e-05,2.4725493581374138e-05,-0.001541813761469002,-0.0008111977144209429,0.006146417091322798
2020-11-27,0.00192645779276506,0.0006041718974235424,0.0005356406690724981,0.0009111993563355495,0.00011242954984074477,-6.00484358206589e-05,0.0027849333318492597,0.0028678620095960814,0.009214251403956819
2020-11-30,-0.00974195359269855,-0.002723333633012451,-0.0025891022986878794,-3.3938613410313144e-05,-0.0015629023331405123,-0.0017084949670674366,-0.004426922926449306,-0.002958841650790054,0.002040111227663566
2020-12-01,0.014002605561606393,0.00336868069364135,0.015489980609164698,0.0002003509846855297,0.001702082094617841,0.0020562322652039745,0.010937214695958097,0.004580085934536243,0.01281618299879872
2020-12-02,0.0006920082282059729,0.00035183741591394415,0.003793465344461306,0.0001827649217505853,0.00020629398721045984,0.0002413139819594478,0.0021038782305329295,0.0006423182422518165,0.001285370341665315
2020-12-03,0.004928450748472389,0.0018899823913448726,0.003488776413003785,0.001042564338371718,0.0015612011719468054,0.0017033875512756245,-0.0002727053352548081,0.0008672942182347905,0.0014152238468392309
2020-12-04,0.005963486718443587,0.0011143474799609864,0.0024161261448187358,-0.0006302818151570013,0.00031390431861350846,0.0003945167232018465,0.008617691682573536,0.0037644631835626607,0.004075004856885389
2020-12-07,-0.0006676813931837213,0.0005484336884930259,0.007512792416349977,0.0016740071373068357,0.0009073247474942923,0.0010191410628962799,-0.0020548940949863814,-7.515826275752547e-05,0.005662442442803117
2020-12-08,0.0015766906861742758,0.00044132314127431904,0.0032909186753982134,-0.0001457287621550174,0.00022835115657504623,0.00024807656989267457,0.0029261113844378794,0.002127217727519115,0.003384755943231399
2020-12-09,-0.007327376450460808,-0.002459845669141847,-0.017688563606675405,-0.001710991249182305,-0.0019242194557117778,-0.0021836354219203907,-0.008968948572033342,-0.005952282420828047,-0.022640985903101596
2020-12-10,0.001342588954459047,0.0006733626313713825,0.000766520459364193,0.0005868549275108662,0.0004436199941832171,0.00037402383785448926,-0.00032695841098029366,0.0007099724857953999,0.004015714120098934
2020-12-11,-0.0028557064319494024,-0.00016727076857475304,-0.0003785196648532273,0.0005801970454292582,0.00038498612915664065,0.000392455558816221,-0.0011728337807888067,0.00010341759687557443,-0.0022145636636636823
2020-12-14,-0.0014707138163508068,-0.0006386407086607856,-0.00021331958040043074,0.00015232091930965271,-0.0006340794263378517,-0.0007332610290409736,-0.004476888079965935,-0.0029087511495832327,0.007255275569144182
2020-12-15,0.010641044538128957,0.002952434233755875,0.012570695359915982,0.0006852633042860965,0.0020205352444399955,0.002339502221876432,0.013519190712297124,0.00765834045021811,0.010689425858990687
2020-12-16,0.0034174089877826268,0.0009352775978474497,0.004718862475683136,0.00030236027392347787,0.0005436457649926036,0.0006234441448634885,0.001569493578469583,0.0006077107005003793,0.005499692101186726
2020-12-17,0.0054698060909485445,0.0015917121576293626,0.007937158041818472,0.0004646031875585677,0.0011667114396776142,0.0013723229068637716,0.005591927901591909,0.003066896701787823,0.006537730452670809
2020-12-18,-0.005194876700534739,-0.0015301156665657044,-0.0026863553818392365,-0.00036424930165887244,-0.0012036182304137177,-0.0013608299490843628,-0.003993000848449335,-0.0027357876385955666,-0.0030227418173126575
2020-12-21,-0.006819972965039376,-0.001817871669427171,-0.002731974599040655,-8.844573597293701e-05,-0.0009474471944933273,-0.0010221149813838422,-0.0035753636720132764,-0.001882421601915654,-0.0018704471190361671
2020-12-22,-0.001157921962835454,-0.00033770839795794246,-0.002408143015246951,0.00018161737862652956,-0.00015185337708767367,-0.00021258221139998628,-0.0016853632689151077,-0.00034323722238382764,0.002718997867620976
2020-12-23,0.004111704000634273,0.0012138031690055676,0.000795722820674844,-0.00017205728428401672,0.0005652193760589098,0.0006041226376371505,0.0008986074545123124,-0.00029694252811607194,-0.005036151434154035
2020-12-24,0.0023786884552175194,0.0006871443663220752,0.00413745264454594,0.00023564176141473937,0.0006048938198569415,0.0007174571921549367,0.003890320236791256,0.002902474265367048,0.004412530324755748
2020-12-28,0.0034770128027926156,0.0009086036710491059,0.004296640370370837,0.0005974904887835079,0.00043816123677096027,0.0004238347785627928,0.00859087934945979,0.005193089018283576,0.010078812201442133
2020-12-29,0.002398362589652779,0.0007184698194046429,0.001425096159058478,8.886577281924207e-05,0.00027311643758268174,0.0002572218974676706,-0.0019078830067832397,-0.0012160785692006374,0.0008953332972050365
2020-12-30,0.0029841261123875118,0.0010730846871020968,0.0033436664951519103,0.000276829248454707,0.0009277855298183914,0.001062991903092803,0.001426884266443329,0.0011249622048473038,3.246612155183293e-05
2020-12-31,-0.0003737794650829,-6.54320947517495e-05,0.0034827041092356688,0.0001559396863657383,0.00027010404860912363,0.00039124819281325475,0.0050804664038215375,0.0033256851285020945,0.002459884216663877
2021-01-04,-0.0006698323875357539,0.0004954552295832746,0.0005216688634580441,-0.0003154550641211352,0.0004648493725820534,0.0005325744589140429,-0.01361364129456788,-0.008115799342970974,-0.014120035792910879
2021-01-05,0.0070221646677463894,0.0017080934004236837,0.0058202719150915565,0.0002790031247873927,0.0006838458389473,0.0007310016867384618,0.006887408840687614,0.0031998201176155314,0.008244444015976127
2021-01-06,0.00047470270427626694,-0.0010748003310454425,-0.01092351501361814,-0.0020360024361940877,-0.0017347265203618509,-0.0019255801661481977,0.005978472034966931,0.0012751753496351094,-0.013852533609142181
2021-01-07,0.0050226676814370185,0.0010865249531573857,0.01157971041880139,0.0011428166397910128,0.0001732936203033695,0.00012558549512111072,0.014857399902096224,0.0075970433211772995,0.024192134280745625
2021-01-08,0.0032381549058062564,-0.0002529363839146592,-0.00720434287202576,-0.00014397673227617425,-0.001353700196053631,-0.0017382903709672881,0.005697674398392971,0.002252726466869026,0.01285787989441034
2021-01-11,-0.009623354075997532,-0.0028080256367962004,-0.008050986297236409,-0.0009410720564620942,-0.001740725823024035,-0.0018422073915459482,-0.006740694676717007,-0.004832227500161506,-0.014449876256107608
2021-01-12,0.002752871387631232,0.0008337539876545368,0.0019010411516599548,-1.4789647002228327e-05,0.0005976827842437444,0.0006955692614509725,0.0002112469880120038,5.9142367029983714e-05,-0.0015902766515353273
2021-01-13,0.001829434225387009,0.0006125592797407456,0.0016159346527016925,0.0003913359047546561,0.0005826132483196524,0.0006036339832511604,0.0026929172310254934,0.0030049022447993998,0.006753508935756658
2021-01-14,0.0022947586759561713,0.000439827614211428,-0.003100279383646389,-0.0003043900361928627,0.0001411200345253726,0.00017928898534096908,-0.0035019394829948203,-0.003014272155497458,-0.005347433939601465
2021-01-15,-0.007145599957102939,-0.0018473332790895271,-0.009526501449998259,-0.000237438859964512,-0.0007262690667244507,-0.0008028438176175502,-0.007292885651669079,-0.0032971922698053343,-0.007921332146567317
2021-01-19,0.006579544627815324,0.002163898401041609,0.010826164609381718,0.0011201607048417078,0.001361446503248033,0.0014329400441454596,0.007852298664646984,0.00493384876165173,0.014589746168589102
2021-01-20,0.011404947544579219,0.0032270469111557,0.018617483696737838,0.0012120046009430866,0.002258888337528911,0.0025968729884041524,0.013838660225563792,0.008469838884975782,0.023261041507705915
2021-01-21,0.0008836682692482229,0.0001558984039821431,0.003221134949640893,0.0003918846550706442,-0.00010817908335127115,-0.0001512902559245232,0.0009115578601932572,-1.9520964648329724e-05,0.007999423816157591
2021-01-22,-0.003972748510868331,-0.001082922729360032,-0.004926258535513703,-0.00013200988680683358,-0.0005595758433772584,-0.0006440719514192112,-0.0035394130887027586,-0.001533691968577213,-0.00288039101615023
2021-01-25,0.002262787880873124,0.001039192826332718,0.004549557743908422,0.0007740020313935856,0.0010074982743644356,0.0010588257195845556,0.003943609516225299,0.003985027904416039,0.008266441395448076
2021-01-26,0.0006215131162823889,-6.3520392123500235e-06,-0.000656073811729513,-7.852653248323224e-05,-2.9448106994281117e-05,-6.002103885701704e-06,-0.0015608588375036758,-0.001073735903196995,0.0014630482932882494
2021-01-27,-0.017106205977933768,-0.004518387714396021,-0.018997097584635636,-0.0013698892680916017,-0.002414435411905655,-0.0026108106164518387,-0.024440517548953267,-0.014246421058804649,-0.02787676914457826
2021-01-28,0.004595992546430643,0.0008958274973399553,0.00455029003487248,2.608815874072907e-05,0.00025309536824362646,0.00030880854858347177,0.00860041799582012,0.004072746238047666,0.0059167792395098395
2021-01-29,-0.013667483869366379,-0.003544623084039748,-0.012929769017274075,-0.0008296016308149432,-0.0017764096813756578,-0.0018496509200562838,-0.020019660632049074,-0.012691463112589004,-0.021038457243961473
2021-02-01,0.014213457535908513,0.004008946604237976,0.017233058691303184,0.0014679074008292874,0.002619399070511272,0.0028873252689071227,0.01664525765071101,0.010395303535117304,0.02498761879263145
2021-02-02,0.006128820601382725,0.0008936179460538393,0.004913212799410778,0.00018895637322074288,-0.00024436571891079615,-0.0003531640658195841,0.0141403949281671,0.007435873586193159,0.016314223995853583
2021-02-03,-0.00048559980739609895,-0.000308023528210647,-0.002058036790880679,-0.0002662806959837429,-0.0003829410111769629,-0.0004157076404924886,0.0007863247538504314,-0.0005023024636409903,-0.0039675370897935824
2021-02-04,0.001254527270665251,-0.00014590791588505432,-0.0008896535064748935,0.0003233641570976698,-0.0006412589194709397,-0.0008669391220362094,0.011365743471086764,0.006713411637096823,0.011826658869046769
2021-02-05,0.004505822731477663,0.0013198615250034765,0.005906830290860903,0.0003422782743390325,0.000873548351786767,0.0010218852487622542,0.003935915910940446,0.0015466267874053737,0.003391474627385982
2021-02-08,0.0045801952704037285,0.0013725646264240753,0.008062694548779448,0.00036694089449711733,0.0010030421500811402,0.0011677409093424462,0.00722197327689722,0.004548861315143936,0.006699838912850309
2021-02-09,0.002971127781323135,0.0007626673199250256,-7.981818230140547e-05,-0.0001967149567003723,0.00046149485138946567,0.0005261823217632688,-0.0006656876811077517,-0.00011069530571217179,-0.00020990390771269407
2021-02-10,0.0004620853451095317,0.0004947077493070603,-0.00035076927562189403,0.0002197460134678445,0.0006904293073090882,0.0007680979997813958,-0.0004358135390094553,0.0007565469117932235,-0.002278678264423739
2021-02-11,0.0022464710018261706,0.0003332356074727712,0.0010906368255200218,0.00020539691853551544,-0.00016050106134130187,-0.00026141322009256716,0.0016151220425644208,0.000662363366222144,0.005499468431184873
2021-02-12,0.002674600388513366,0.00040735577399539586,0.0036089915486701386,7.569110922749718e-05,-0.00013974274121941987,-0.00017404485074486983,0.004939589618395246,0.0016396210639534397,0.0055888819915961285
2021-02-16,-3.199613914461799e-05,-0.0011580695431770446,-0.0042762670104060825,-0.0010995015424072245,-0.0018499792232684765,-0.0020681831641683824,-0.000865986056449719,-0.0033965594336499033,-0.0027044430859912705
2021-02-17,-0.0032185011397685903,-0.0008558339868906864,-0.004064122121998079,1.862789102767277e-05,-0.0006000556250310155,-0.0007578465611973236,0.0002296180202610021,0.00040985800773142165,-0.004798554922698983
2021-02-18,-0.003948979999053872,-0.0010391834637013687,-0.003485735574869639,-0.00022798377955082175,-0.0005402931090933854,-0.0005664963785001877,-0.004256026614125719,-0.0025998551805203117,-0.004371802295694671
2021-02-19,0.001133893068281992,5.135733166382224e-05,-0.0016528998720176898,-0.00048767349529299205,-2.9749858457215445e-05,7.384164400766892e-05,-0.0017658649145807503,-0.00266196280948427,-0.004361671766641262
2021-02-22,-0.004823880756653224,-0.0012570874719871864,-0.01053903741969604,-0.0016426621131166272,-0.00017056998544363956,9.855120418118254e-05,-0.007691776800102912,-0.005281975662129803,-0.025919579012029237
2021-02-23,0.0020965630198736193,0.0006495393839482268,-0.0011465964953546203,2.5374171554666555e-05,0.00043553229115706285,0.0004440785247913604,0.001214375033572912,0.0010384001562057264,-0.0029773552094174427
2021-02-24,0.004081637953345092,0.0007834404226352574,0.0075657220583004005,7.571399162678254e-05,0.0002446335339753801,0.0002937591065131579,0.011019171080672407,0.006075443122070748,0.008243194152830702
2021-02-25,-0.01895777185614202,-0.007522848980603963,-0.027281526896751444,-0.004219202549285017,-0.005982669600914964,-0.006280074265219758,-0.02409566512161454,-0.01983282927382264,-0.03486275293581409
2021-02-26,-0.008197885071017458,-0.000939629250342936,-0.005335808034144001,0.0021111054308749584,-0.0001444065919051664,-0.0005985768877928956,-0.0051526473500991266,0.00047951747406362044,0.004187650646888974
2021-03-01,0.012830723598968604,0.0031113745807145304,0.02141336824231909,0.001249297965237856,0.0012546546067144016,0.001252783742532095,0.024240103808446323,0.014044572514127038,0.03008208185524519
2021-03-02,-0.0031127318955954716,-0.0003405532433903352,-0.008520337863724668,-0.0004208399383014733,9.726040670056092e-05,9.085202878505387e-05,-0.007802911594008699,-0.00399384875173998,-0.016038564168493807
2021-03-03,-0.008009696360440837,-0.0031283858847974285,-0.01903774496273147,-0.0023846203586586805,-0.0024984610416250263,-0.0026441815076519927,-0.01324583637809107,-0.010103341044895678,-0.02902025819702103
2021-03-04,-0.010460606663796973,-0.0033342058963348074,-0.013433724565979643,-0.001216840321627024,-0.0023620474938912785,-0.0025397092385931385,-0.012374796074189565,-0.009403514512191043,-0.0163668536613073
2021-03-05,0.007837804576859054,0.0018821362574227142,0.013576343179974467,0.0005694194644530448,0.0009159087848742065,0.0009956159540227376,0.01839642019767429,0.0104401776940525,0.015060622577953042
2021-03-08,-0.007132013059531372,-0.0025992895574051614,-0.015137689537187728,-0.0019818272916525214,-0.0017738056284027648,-0.0018153443782700709,-0.004978534108214805,-0.00456318822675865,-0.02831403028747359
2021-03-09,0.014019060123261701,0.004397301166070275,0.025338889618625716,0.00222616226217215,0.0030619527502103606,0.0033417545362114656,0.01427735416835696,0.010485355973412835,0.03944109752178093
2021-03-10,0.0034898168889701577,0.0014243989347676807,0.002460954378963801,0.0003542074201068595,0.0012754153642144045,0.0013960512657535018,0.006224474582317452,0.004592634666288829,-0.0028544624925571638
2021-03-11,0.009660569951709608,0.0024244735606429035,0.013886640069225464,0.0006137975413387231,0.0012090365422694482,0.0012707605513060383,0.010139057470051283,0.005932487681088894,0.023031296018033
2021-03-12,-0.0010798889269288629,-0.0010588868729340677,-0.0014623780900603915,-0.00045605114462440264,-0.0008150303020135006,-0.0006721176608715284,0.0013468617292844431,-0.0020646447428645915,-0.00811229421740578
2021-03-15,0.0035959169689808884,0.0011666655420830934,0.008365948249211073,0.0004996260218392827,0.0010686164369558236,0.00122454833365292,0.005963554467423693,0.004091395492648023,0.010683028218034574
2021-03-16,0.0006528393358590101,0.00016870386588447304,0.0014896529969244407,0.00019565310014574527,1.4703895736015921e-05,-4.030471564142634e-06,-0.0012611089879761561,-0.0008329542517611009,0.00548878371664463
2021-03-17,0.0030328931484450827,0.0009333008612935909,0.003943648964828054,0.000357863134591685,0.0006177102707413891,0.0007136785980427303,0.0034100344190779452,0.001406878100577819,0.004117616198168417
2021-03-18,-0.012123967527236384,-0.003938469510191366,-0.019636865593491565,-0.0012672095476755863,-0.0026560088837268387,-0.0027715563044343255,-0.014549802579802873,-0.01128047086326999,-0.030630743846501884
2021-03-19,-0.00016113515262389504,-4.121634434793976e-06,9.724350614449167e-05,0.00011927973729741025,-0.0001639219708895069,-0.0002080737666868868,-0.0018503017123772114,-0.0013634944196833118,0.0035253750248891436
2021-03-22,0.0037341561520574922,0.0011496443224934295,0.011062554456705377,0.0005750448672415372,0.0007973291136848948,0.0008175603140928853,0.007984832199972702,0.006120808853565922,0.01875301234746307
2021-03-23,-0.007026048857286228,-0.0014783439231705533,-0.005884048723861801,-8.947703016130195e-06,-0.0004595517876695495,-0.0005723819364401209,-0.007870804111569152,-0.0028170525444885085,-0.004362581837356605
2021-03-24,-0.00542983487351618,-0.0010433809714047477,-0.008848614288374225,-0.00037094597214931647,-0.00024090841797104603,-0.0002385712579528581,-0.0050831889601657965,-0.0025386957364529512,-0.016865436738145445
2021-03-25,0.002980520344273336,0.000655304708491147,0.0019005362151608756,4.045803172261055e-05,0.0002954682029779289,0.0003208574009510391,0.00562542313976766,0.0028553562226110224,-0.0017312096003514466
2021-03-26,0.011924133109165295,0.00282312299939809,0.014483567080916485,0.0005013761190470742,0.0014448516522775302,0.0016353481915771938,0.016115116765094584,0.008384148029181093,0.014999940782514987
2021-03-29,-0.0038869100657646753,-0.0017105640132172918,-0.002214087661212567,-0.00025796374647596405,-0.0016139176653677798,-0.0017921349562484052,-0.0005053164381434438,-0.0016558054410310496,-0.000284630898848226
2021-03-30,-0.0022297419795545815,-0.0009937620975146086,-0.005014853310372492,-0.00018582394085951297,-0.0010225611205580973,-0.001225800989895473,-0.002652904179975435,-0.001958982440423031,-0.005033236178128342
2021-03-31,0.0030320046612749736,0.0007184426665975194,0.00905678138458176,0.00019885928090684386,0.00041081258662694384,0.0005623585871562884,0.004053253792973388,0.0019065587166107087,0.015302826540126047
2021-04-01,0.011295056497018272,0.003586379580814817,0.014113650758016643,0.0006349487332833376,0.0026547127980070194,0.0029245300332526353,0.010799237184243804,0.008307099375624308,0.017046634524086057
2021-04-05,0.007777816356313487,0.0016528426591527108,0.01404365241594832,0.0004868686013854706,0.00045817121061811984,0.00048482937370373434,0.014352834608393206,0.007658080362023583,0.019964639144596896
2021-04-06,0.00023240674796013293,0.000791293574665253,0.0006202802835624586,0.0002322035356964058,0.001141651761835272,0.0012458620297793929,-0.0005904381348362797,0.00151409833434822,-0.0006946497782773786
2021-04-07,-0.0007300348870489773,-0.00022968101333384816,0.0011685942901852374,0.00019638420585231606,-0.0001773022003500064,-0.00020730028924208032,0.0011573149387751336,0.00047092886326759165,0.0024181509166614212
2021-04-08,0.004948375109997868,0.002068979818995119,0.007096319115514205,0.0007471512787428008,0.0016103449307487108,0.001698912393659082,0.004746678504285784,0.004239711455907923,0.010433672623303192
2021-04-09,-0.0008126173915645003,-0.0008182075371641579,0.004379688650250039,-0.00012328567681250407,-0.0009861512487853974,-0.0010785552582675423,0.007270148419133982,0.003444396900056351,0.006058527803231906
2021-04-12,-0.0016866309730475537,-0.0007812988391223685,0.0005481568981264839,-0.0002879233151732441,-0.0005854944972818465,-0.0006150921359996397,0.00036456289084974003,-5.967209304202914e-05,-0.0013052418707980573
2021-04-13,0.004738511876481459,0.0019579658095568086,0.006846434154871303,0.000777885736340643,0.0016554122211179427,0.0017559156308836906,0.002963706502347563,0.0034335761014329864,0.011673228239581945
2021-04-14,-0.0015692682641306028,-0.0005775673716556404,-0.007235164338871101,-0.00046057813869593474,-0.0005838089880290319,-0.000669837393795302,-0.0034150265463368523,-0.0025401220690151054,-0.012008667966368125
2021-04-15,0.010302521855704468,0.0037180857175491107,0.01386331859912111,0.0007974215315502514,0.0030690715453044145,0.0033588894202771385,0.010742399666433977,0.009007410118647394,0.015155520904303943
2021-04-16,0.0033958676950310287,0.0006976530876350249,0.0022421499422643895,-6.620890752994239e-05,0.00026824203869132307,0.00036525864068214306,0.0033424545984632736,0.0009262599906569959,0.001171162951433935
2021-04-19,-0.0014579809522852183,-0.0006037860848745084,-0.005215370225879664,-0.00046381543502838887,-0.0004539476527742571,-0.0004684080622533913,-0.004913120215020217,-0.0033753123855728736,-0.009151844375060558
2021-04-20,-0.005025717336625066,-0.0008875390445811836,-0.004153860368131143,-5.538356690145001e-05,0.00021225732983193787,0.00030949134778651276,-0.007321714577228522,-0.0032119347124565994,-0.007288643971852249
2021-04-21,0.006665642758538358,0.0021421023520807464,0.008514145881758604,0.0005476818778170788,0.0015197079637690105,0.0016791093431820184,0.009462201509563561,0.005873480842337276,0.008560558496790716
2021-04-22,-0.005490418389676422,-0.0015692670130344197,-0.009529048462435498,-0.0005718445783888186,-0.0009831460637196644,-0.001098516042722382,-0.00913293042989649,-0.005171754603132231,-0.012053927002838138
2021-04-23,0.006167234771024111,0.0012782739328181338,0.010506577416055481,0.00025220318522910424,0.0003368301059503184,0.00033008503186112646,0.01084235110138132,0.005960736527768731,0.012589291237842692
2021-04-26,0.002492823525882664,0.0004577936543693676,0.004020574478680851,2.590628701410971e-05,0.00015494433006395955,0.00021337416779706827,0.002087559121634941,0.0008369053806163518,0.006511228008113212
2021-04-27,-0.001289296332141438,-0.0008248824066610968,-0.0018275392244350927,-0.0002783506923960873,-0.0008148625078234836,-0.0008327919537826488,-0.00021546926177640202,-0.001695673105762427,-0.00433263236820558
2021-04-28,0.001718518443656773,0.0007970095724414794,-0.0018938066363518382,9.369405193208956e-05,0.0006120925888459685,0.0006242691238776573,-0.0002874853573207048,0.0003495661467611508,-0.00338060792202588
2021-04-29,0.0012515928234203173,0.0002187278042208692,0.005729581198451216,0.00036021137010937754,7.601994249853639e-05,8.526828432736184e-05,0.006372916646341542,0.003142193908301168,0.003598920388957927
2021-04-30,-0.006058668463221628,-0.0015484657107847043,-0.00439762263702408,-0.00013932220941125246,-0.0005952558166642797,-0.0006058789271277793,-0.0065705389305448225,-0.0036235956636495965,-0.006554830462551564
2021-05-03,0.003913386526731317,0.0014266711913066854,-0.001636620586009851,-0.0002918139076391236,0.0011044628219110107,0.0012455002415624073,0.0021566866493658576,0.0019764240021254197,-0.005325327206964547
2021-05-04,-0.008514230402691059,-0.0022581029132172407,-0.010873697688941177,-0.0006814442717266102,-0.0012409213541218042,-0.0013745634859264916,-0.006169353758956775,-0.0031957735166182736,-0.017995863015686453
2021-05-05,0.0022086571746458205,0.0009950965442099254,-0.004643328210087024,9.805934713775323e-05,0.0004665099349025315,0.0003888153713837027,0.0003129781885569116,0.0006771476223702619,-0.003362161955764331
2021-05-06,0.007195577255192794,0.0022631335683726086,0.00731685204488871,0.0002794936712076721,0.0016676066600716053,0.0019094055664403149,0.007985437362927339,0.00497075799940252,0.007537202076647986
2021-05-07,0.008629067664734943,0.002700129699915164,0.00881682230680533,0.0006376042463640916,0.0018952371862105133,0.002087910589980581,0.007277941215537487,0.004523724155834357,0.008114327640457608
2021-05-10,-0.00684744148565412,-0.002148953246938867,-0.013906470417972662,-0.0012846300515872247,-0.0011618677361919358,-0.0011046973089862558,-0.00990215938337724,-0.006777216145374678,-0.025254214544411235
2021-05-11,-0.006006698417980072,-0.0018064710973463294,-0.005288433931778358,-0.00017956183852607666,-0.0011968032979460252,-0.0012696893964110334,-0.008924933064770157,-0.006024625015453866,-0.0013815797238541094
2021-05-12,-0.014348984484731521,-0.0043880411370536545,-0.021938661212469963,-0.0010113229297663408,-0.00311245510016254,-0.00337695352876285,-0.021245076171623967,-0.014646736637787369,-0.025883035178611458
2021-05-13,0.005632609457735855,0.001979802143219068,0.009338312977370394,0.0004970842442169179,0.001584613992547061,0.0017031153138001975,0.012012535989450512,0.008496598653895814,0.007731475095474893
2021-05-14,0.01275371820975113,0.0036605750924633357,0.016981137246827833,0.0007507076585447122,0.0022689573742271396,0.002441336241658339,0.015355035058584932,0.010042410952276752,0.02207696968016304
2021-05-17,0.0004455354658458286,0.00024869549750760044,-0.0018769979740318203,-0.000181936093407534,0.00041628690822206036,0.000569958955135348,-0.0025443306754832085,-0.0019112227985416026,-0.00606650239955564
2021-05-18,-0.0005345267744241904,-4.613351660626364e-05,-0.0058646606816264765,-0.00011937921603690445,9.535048485419473e-05,0.00012009441592425567,-0.008615491128834196,-0.005161269089608422,-0.006750710130679627
2021-05-19,-0.0035249016913192054,-0.0014173999378553214,-0.0007222162303746521,-0.00030078324789676664,-0.0010449901004670186,-0.0010402350790252712,-0.0026217774865311405,-0.0027667264725059868,0.0011483326778745084
2021-05-20,0.009447061720696908,0.003203492424968752,0.013410667332577777,0.0011007863984168898,0.0022769853750515966,0.00238132541033284,0.010757745270461694,0.008088782668940057,0.019343736353485186
2021-05-21,-0.0022354128550967542,-0.0006756912909540026,-0.0025638089040783893,-0.0004068013992281125,-0.00037127050522907195,-0.00036729997829382564,-0.000818632298871691,-0.0003494041404220938,-0.005534910177029562
2021-05-24,0.006966985716091834,0.002058961161592831,0.011907859663902407,0.0007964130741220782,0.0013533509676298692,0.0014465425520848326,0.010194117512047685,0.00648663813607047,0.016818866458572224
2021-05-25,0.001890995717492795,0.0010018837457779497,0.0008342567740837124,5.934687139929605e-05,0.0010225629255273619,0.0011224739978152234,-0.0022185166422828972,0.0001349865881319287,0.0013833888325376353
2021-05-26,0.0009368130385253644,0.00023165832151494228,0.0022767597865165396,0.000339520123738887,0.0001308973282895267,0.0001379850068424607,0.0019843561564389933,0.0007348857776807463,0.0034840761883632165
2021-05-27,8.948732988133233e-05,-0.00011330335527910175,-0.0014167232386717212,-0.0001238030604272941,-0.00021863986796662264,-0.00022497425669207728,0.000525120154246439,-0.0003831099011363129,-0.0037410718740605864
2021-05-28,0.0025071113719742494,0.0007068530038009549,0.0029005135880391594,0.0001154457566674335,0.0005312066318572425,0.0006182505630556585,0.0017885912689865613,0.0010390928204019945,0.0031538501956660525
2021-06-01,0.005073089927233151,0.0010996796493270055,-0.0007489093374937236,-0.00031872160315509363,0.0006086180114167928,0.0006975846004552209,-0.0008806587051909398,-0.000602612462735637,-0.0033237202336966476
2021-06-02,0.0032034511987363255,0.001093764456822672,0.0028963896081405545,0.00018884320853293726,0.000990164125467647,0.0011262587170581047,0.0015725600786655747,0.0013988209937296863,0.0019530828332106065
2021-06-03,-0.007418839805656293,-0.0027871648848149305,-0.008469993649825418,-0.0007268709524254736,-0.002281237411636176,-0.002534939472125163,-0.0037115432785245206,-0.0032417391355828583,-0.010405839850922805
2021-06-04,0.00722506914914055,0.002841466061209354,0.011852369851089289,0.000933400472547902,0.00219537520540162,0.0023040391844072416,0.009146036627277754,0.007697543728804002,0.016969498793745652
2021-06-07,0.002081436000489708,0.00045005503372219906,0.002195569961512939,-5.514081239097788e-06,0.0004268044666489165,0.0005632837192160027,-0.0009704406482835548,-0.0008961617165522226,0.002980012113870334
2021-06-08,0.0005100005775245818,0.0004682860453022872,0.00048737716716153905,0.0002330427861682426,0.0005889166631998901,0.0005971848829092845,0.00021336518591130726,0.0012753695547124098,0.0004753440884497362
2021-06-09,-0.0011352641668694583,-0.00020078502047782252,-0.0006394440948786974,-0.00022048736718823056,2.8927793548721864e-05,1.0660031585433262e-05,-0.0014918378590077497,0.0003535872511115683,0.00023732516570418305
2021-06-10,0.004650519040395817,0.0017882782936111674,0.006869482663608872,0.0006950212386511723,0.0014668010433294132,0.0015439508068200158,0.004648250980785473,0.0042096007013889825,0.010420369119608086
2021-06-11,-0.0005581428346615374,-0.0006169392049180079,-0.00032777560064190897,-0.00020156837190936513,-0.0009053830874154236,-0.0010597921567214049,0.0016524365124046536,0.0004051571161101267,0.0026151717741824676
2021-06-14,0.0013693841213650703,-0.00028596247880634013,0.0038737750922366756,-4.8723744776774135e-05,-0.0006391901318130824,-0.0006712573596917721,0.002238854083166819,0.00010290893205339678,0.009582730416453078
2021-06-15,-0.0029959419760068246,-0.0008607495646186627,-0.004314601936110425,-0.0003530984219334048,-0.0007134642148978081,-0.0008257234982175591,-0.001834142432809105,-0.0010356778112955555,-0.006531019897496049
2021-06-16,-0.007853979550710112,-0.0035572413035424686,-0.006723433148983539,-0.0011103686756691608,-0.0031361046804440715,-0.003337863062171405,-0.005583250326386402,-0.006089028540091535,-0.0036523913467439995
2021-06-17,-0.002882085655777517,-0.0009890573425191144,-0.00011839481249868589,0.00025014995759743805,-0.001088527072820257,-0.0014610385848296246,-0.0003314283206902191,0.001225566702261576,0.01269761351849108
2021-06-18,-0.010505062280761479,-0.002782371797097454,-0.009997920271599042,-0.0010765492931830397,-0.0015688077616078824,-0.0017349321539391386,-0.013490569605978497,-0.005853909999792075,-0.00784731756088608
2021-06-21,0.009587774458452008,0.002488672757114422,0.01082832108669142,0.0004989044838631803,0.0016312895447666339,0.0018989088770188344,0.014315957385123257,0.007248320017243723,0.006215035824526094
2021-06-22,0.0005197543702290325,0.0006089034298637749,0.005132211369651474,0.0008499057024601575,0.00045502130191667125,0.000358575655663958,0.0053461366216074335,0.003939723299109904,0.009321646485686452
2021-06-23,-0.0009419851186793953,-0.0008891075750313698,-0.000436697176476728,-0.0006560313799740997,-0.0009023175939608719,-0.0009052722785661578,-0.0012052397408985893,-0.0015192951289758796,0.0004892421962610083
2021-06-24,0.0039911649302061545,0.0010879997262028688,0.004755401983179463,0.00031923240636971844,0.0004591939053154858,0.0004315950932233483,0.00591573667284262,0.0034908441914863093,0.0061828729837907215
2021-06-25,0.002501643619576081,0.0004267459091840444,0.0016329214797568675,-0.00013551739925650748,0.00017923626440488895,0.0002655827468382229,0.0035521302116641174,0.0013157253369041229,-0.0012293898393831437
2021-06-28,-0.0003837926348305928,0.00038744820046710416,0.005715336073305471,0.0007511846427513175,0.0005217804537090023,0.0004892908616623919,0.002015884924605693,0.0024576277382445657,0.012161845066546606
2021-06-29,-0.001032708469596606,-0.00047126039561409176,-3.0147924964398512e-05,-4.339690259424158e-05,-0.0005675376601253628,-0.0007037491067954558,0.0005380090861204501,0.0005312707374448474,0.0036187035230608178
2021-06-30,-0.002106569363343574,-0.00015474618751240977,0.0002974302872604006,0.0001943204438743693,0.00020970017633037302,0.00022465042564634655,0.0008414786605372981,0.0011261053415446416,-0.0015772416104127274
2021-07-01,0.0019004422226545508,0.0003650310518872217,0.003042968104460095,-0.0001570007931285817,0.0001886174789841486,0.00025845252976647634,0.005536931227288822,0.0030604770810797577,0.00039486669740806946
2021-07-02,0.004126724456190542,0.0018019320643475672,0.008929491795941184,0.0008808273614915514,0.001527966200187778,0.0016016980439880714,0.007643527359736835,0.006065473306842274,0.011478485951010864
2021-07-06,-0.0013705678024540993,0.00040965969631289877,0.00204123112994819,0.0005130756171060545,0.0010258223849685005,0.0011148201079783585,-0.0018214822148319154,0.0009682927747967436,0.004322126244214131
2021-07-07,0.0029685572272570935,0.001183881767410299,0.0029844627574350554,0.00020675805028017448,0.000977639783939639,0.0010316511462891871,0.0035340070586387107,0.0032922638367348517,0.002109857672437876
2021-07-08,-0.007506487924770797,-0.0014286077737851145,-0.005941940116460866,0.00022843612729255914,-0.0002827284705371811,-0.0003124927690988363,-0.008148165225674964,-0.003914678796152081,-0.006039355974123195
2021-07-09,0.009615367981145878,0.0018165096074313912,0.00782946613933718,-9.667958490960115e-05,0.0006107724874969674,0.0007648726777407448,0.010675099347457362,0.004426842348282997,0.006243370728805875
2021-07-12,0.0022347006921721313,0.0003401893751593388,0.002662497920906004,-9.94711920079272e-05,0.00011336772454173527,0.00015662058256982192,0.003581835628189811,0.00193048788664818,0.0039057326193676634
2021-07-13,-0.003456366945350356,-0.001650979128205198,-0.001105448903088445,-0.0007831655661555858,-0.001524824894345708,-0.0015783970506473067,-0.0034090859731326084,-0.003283646472073752,0.0
2021-07-14,0.0035837939653551327,0.001941338121009713,0.00346262307537863,0.0007762229648508083,0.0019461342527018043,0.002092525515191033,0.0014921856947207601,0.0026170147345970034,0.0017934010346276619
2021-07-15,-0.0027382734967103823,-0.00025547292490523494,-0.004137227860253498,-0.0001203744933629157,0.00030761369839349027,0.0003122381428264938,-0.003415425706649766,-0.00036832691373248896,-0.007023428537342946
2021-07-16,-0.005752265219868186,-0.0017608310056266541,-0.008321391997463592,-0.0004220787086599475,-0.0011469401549753094,-0.0012554836504085325,-0.007843520209515953,-0.004762161040403837,-0.008099390899819814
2021-07-19,-0.010600742118674605,-0.0016110980503333753,-0.00892634611599767,0.00019192101056381692,-9.502943153422784e-05,-0.00021499589490903083,-0.014767912156860796,-0.005360404336650018,-0.008193343108984563
2021-07-20,0.007264136791883326,0.001962442133492193,0.010061537852091122,0.0008318756592052868,0.0013152100389904736,0.0014402495801976957,0.014330250941913203,0.007947503266989347,0.011616278161588722
2021-07-21,0.0054964139640305285,0.0006052411515427331,0.00556515997189954,-9.675753888804353e-05,-0.0004679251560138024,-0.0005006396949247166,0.008096251989436087,0.002474860893627476,0.007720388187333116
2021-07-22,0.000823791930548302,0.000549237988052678,0.003877080242222672,0.0003521051048192041,0.00039864569044355984,0.00035979852109255137,0.002094150209347223,0.002179149052345261,0.006610134651761745
2021-07-23,0.0032280764488984088,0.0006995969991584849,0.008172207676932969,0.0005020624313529476,0.00027898701963064375,0.0002946344753803436,0.010288083011854132,0.005534911718787052,0.011677382732958819
2021-07-26,-0.000992641837841534,-0.0004956697133446776,0.0008311751480237202,-0.00020364154264170843,-0.000436519713876921,-0.0004546308480315794,0.00245494511659361,0.0012024556938445862,0.000787727657909798
2021-07-27,-0.0030290208072104173,-0.00021029818481364744,-0.0059416138254647175,-0.00014862531581211183,0.0004997639419285274,0.0005473245008302638,-0.004557561395521548,-0.00104051121448497,-0.011017712911589261
2021-07-28,0.004305327813204422,0.0013511655769977656,0.00237595395339714,0.0002634584092895661,0.0008037078955078582,0.0008291034478110715,-0.000410160926091363,9.469492046469078e-05,0.003841438001930486
2021-07-29,0.004296460199618638,0.0010380303560578925,0.004575043263233058,8.91925694522795e-05,0.0005510912145607621,0.0006836645404153529,0.0041473759964338885,0.0012587796594202595,0.001776684339432677
2021-07-30,-0.0041834841831207515,-0.0008291564299741711,-0.005603910646346818,2.2452593399942093e-05,-0.0002579519467219217,-0.00034657907278570505,-0.004856369182112297,-0.0017955986760140388,-0.005211514979519549
2021-08-02,0.001467074498966534,0.0010048582271428804,-0.0010521468396896883,0.00036653863126410806,0.000878795835776519,0.0008311451552844597,-0.002098005506350087,0.0005024358892478868,8.228553824318752e-05
2021-08-03,0.004149364192249052,0.0010973082247478678,0.005541269385992394,0.0002091587711337538,0.0005005996589032356,0.0004936483318788923,0.008135362522456724,0.004962550883606767,0.0060614327988377514
2021-08-04,-0.0004964795671789908,-0.0003766343560090201,-0.0013425055822345613,-0.0002831411051551316,-0.000382772005501681,-0.0003943103186718243,-0.0049189059079404185,-0.0030497492536951686,0.0014448051975914922
2021-08-05,0.0026070621911133207,-5.140019944255205e-05,0.004297557113332609,-0.000244622673488919,-0.0004364274885777882,-0.0003926018550856027,0.0063329125559219435,0.002325987320024406,0.0063427954539729825
2021-08-06,-0.005310739410233596,-0.002575528961308862,-0.006022588078024744,-0.0005838186949809507,-0.002545193127216507,-0.002820915804049717,0.001652363350106656,-0.0013489998539766156,-0.004382203263112006
2021-08-09,-0.002533194028413315,-0.0013768879690950933,-0.0030020832877528554,-0.000329237399107575,-0.0015476699989286334,-0.0017721393039457963,-0.0008135006337048889,-0.0013392951114798526,0.0018475607570980213
2021-08-10,-0.0008881499663458969,-0.0005796446575503378,-0.0016723082445884163,-0.0005659960232543559,-0.0007110286914482344,-0.0007602481086468327,0.0012439361628724388,-1.2608275654302226e-05,-0.005125589316851364
2021-08-11,0.004573989369856434,0.00182726695653171,0.002952058731738603,0.0004117397572674667,0.0016129326034107765,0.0017966740540122116,0.002485003245359163,0.0019380429392184164,-0.001717560936472351
2021-08-12,-0.0003974823746466659,-0.00019764217938093788,0.0027106033191314056,0.00011277079754759315,-0.00012343563007801401,-0.00010301289492833734,0.002997005428642563,0.0013911712062168668,0.0036045223371821145
2021-08-13,0.004521920434024138,0.0020220952627189987,0.004879294979007242,0.0003365024676978452,0.0019288585721691058,0.0021117345491354434,0.0018198043633093075,0.0033829385927783354,0.0035098679277296707
2021-08-16,-0.001567508586699468,3.482914477243805e-05,0.002033963521175349,0.000274243674976233,0.0004274261895012322,0.00047256593278849086,0.0023544160275288384,0.0022999850462355905,0.0004336570070941903
2021-08-17,-0.005932367209960168,-0.0017646201552955758,-0.0064072942566883034,-0.0005434965700872702,-0.0009792004263888276,-0.0009900444885960666,-0.006555115219826324,-0.0041441973661427095,-0.00880784158357728
2021-08-18,-0.004002048809535627,-0.0010578124560347362,-0.008170661347896286,-0.00034734000374235074,-0.0006358395989138768,-0.0006793524042800584,-0.010945212018008799,-0.006768197236648237,-0.00962467436549952
2021-08-19,-0.003622517092225837,-0.0008124989901782786,0.0020356380212238736,0.00019904011554095825,-0.00018925193404406712,-0.00019263931480950627,0.0015484089659996148,0.0018169743434441217,0.004831728999768581
2021-08-20,0.003452734085263107,0.0008033313133924715,0.0074480476880628334,0.00035149285023840384,0.0003792505026104155,0.0004158342495008059,0.007957196478910689,0.004373574935000768,0.010357937438441933
2021-08-23,0.007338406201952272,0.0021431092409191473,0.011716165038417516,0.000550242821817429,0.0013086115722346313,0.0014303712443626806,0.008796577259001737,0.005372631717248394,0.014956850300954283
2021-08-24,0.002412958851987462,0.00029884423685485765,0.0016899513691628805,-4.0789763096555704e-05,-0.00022698916137074506,-0.00025715250541048144,0.001587181121100123,-0.00013153645111378546,0.003054298861971283
2021-08-25,-0.00024241103570801166,-0.0006178561829555425,-2.830346129204962e-05,-0.00013510059027099252,-0.0008644151321818107,-0.0009409558891113544,0.002098493197269402,-0.00029693214239274795,0.0011486641870452896
2021-08-26,-0.0035214910137136082,-0.000902307504146382,-0.004666872927584018,-0.00022883540599819298,-0.0003532065933919769,-0.00033147071662727537,-0.0059030557479142765,-0.003563360697455535,-0.006350088345914662
2021-08-27,0.008819955502348004,0.00328430503072142,0.010423480280561667,0.0010761551657293873,0.00265301062039653,0.002871590834765698,0.008940977373264936,0.006678818742078605,0.00972039721416551
2021-08-30,0.002758344702404056,0.0009166003979195162,0.005428848044720602,0.0006508659949420862,0.0006721859052013754,0.0006656490658578458,0.004397394089446394,0.00343247853411788,0.01122199899547982
2021-08-31,0.0011024332297871124,5.866291785692218e-05,-0.0004662051285647789,-0.00016529302216279114,-2.733449533612217e-05,3.351938291152676e-05,-0.0014814327981997888,-0.001636887798043074,-0.0008151450928465254
2021-09-01,0.005234687375465161,0.0013194075607338618,0.0011293979445553984,-9.843903098557448e-06,0.0008589148457706156,0.0009593773036257025,0.0005314162623959451,0.0004900613915427989,0.0016578831969051855
2021-09-02,0.0013952819724142862,0.0004281529571691718,0.0006132787611386819,-2.759873202175449e-06,0.00029122557641358797,0.00028954503455276114,0.0030766069701793075,0.0023321148658656914,-0.00047286145779623645
2021-09-03,0.0012879818810538851,0.0003040079281851472,0.0031387801036843427,9.016408419669765e-05,0.00028709227813364076,0.00042205452168237,-0.00024261452214402457,-0.0010904080970983668,0.0030756741794555342
2021-09-07,-0.004546450240646371,-0.0021239162494425604,-0.004719073008891548,-0.0003591607754096364,-0.002222556428778691,-0.0025168364311501253,-0.0035756577847047,-0.003716214757183127,0.0014153986830036658
2021-09-08,-0.003284354290128804,-0.0005262610569935907,-0.002271622028099862,0.0001288664376306131,9.581285015388187e-05,9.477684602626811e-05,-0.0012183011851083503,0.00034617106073393464,-0.0034807308447354357
2021-09-09,-0.0035817136458887733,-0.0004033330962286419,-0.0022380346793845485,0.00011729912672109322,-7.020860870599055e-05,-0.00015864582781155434,-0.004279962916376778,-0.001447117838554779,-0.0034403117972701125
2021-09-10,-0.004862529642801254,-0.0018231072806277789,-0.00719783845349916,-0.0006447729015565114,-0.001601025034852213,-0.0017341988956690066,-0.007884797718350933,-0.005985675008210721,-0.007589488876033057
2021-09-13,0.003585140168931279,0.0012380419564456844,0.00142085979364069,0.00022222163985319206,0.0009524799244907918,0.0010227576727930429,0.0025593309467408787,0.0020110929116539996,-0.0006908530141459535
2021-09-14,-0.0021384706101163424,-2.793135991302107e-05,-0.001986463832548516,6.78024990830768e-05,0.0005032728126531691,0.0005592500334982017,-0.005396658465190218,-0.001710160059344772,-0.002842861929773677
2021-09-15,0.0018710436898033557,0.00022070303959998612,0.005088976186254607,0.00021653792499871482,-0.00016602687697002313,-0.0002129164340421394,0.008352810302853175,0.004282703687951511,0.007434642380112377
2021-09-16,-0.004504321582263133,-0.0020781417924655727,-0.00492383800668156,-0.00045438390894909827,-0.001990206071167142,-0.002228243369446184,-0.001585276334033714,-0.002217599405802904,0.0006879353770392616
2021-09-17,-0.007894956241847965,-0.0024687988912545054,-0.008969058630139632,-0.0006625762290741564,-0.0016106077051650778,-0.0016641169745020951,-0.009741091802510482,-0.006995573995884845,-0.011842127269418579
2021-09-20,-0.010567477793397076,-0.0019723885599531514,-0.013518359848368335,-0.0004306264551576325,-0.0002487052734318245,-0.00020598163138002575,-0.016674202875024524,-0.007900480326575268,-0.020663465700937356
2021-09-21,0.0038936033843237645,0.0012032183993400984,0.0014705332955006188,0.00029792957910452155,0.0007882940802577241,0.000860202128984817,-0.0009445625596601337,-0.0008027562279293598,0.0012307405526001958
2021-09-22,0.006562740280642478,0.0013125153876060516,0.006828257142690136,-0.0002512808781309657,0.00044285830756015494,0.0004576714042269694,0.009754784257415494,0.006149945429417592,0.009340378592511023
2021-09-23,0.003411083594313434,-0.000501502313692292,0.006184974397313297,-0.000349024341937163,-0.0015733366858607727,-0.0016938322478696787,0.012149830295832276,0.003524764672772123,0.00922705759555753
2021-09-24,-0.004872441462274211,-0.0017505748714339894,0.0007806788217613054,-0.0003223888598784217,-0.0013731477391049048,-0.0014370013107537227,0.0016474786001534625,-0.00022573191080818068,0.000938211889030427
2021-09-27,-0.0015885999349410723,-0.0006446486783009515,-0.003924577112912519,-0.0003907753417453165,-0.0007037861394364306,-0.0007553160753231274,-0.0028608702817084497,-0.002788006215564507,-0.007981770487882067
2021-09-28,-0.013743045286547271,-0.003956251340930479,-0.021307258858056812,-0.0009416325022538493,-0.002382703265955611,-0.0025083803677392732,-0.020151954562385166,-0.013605547923321484,-0.028297918024921653
2021-09-29,-0.00088840831836953,1.7427065474067696e-06,-0.0008802752995937047,0.00025782700582199645,0.00022293044926781266,0.000212718343470088,0.001683186200611475,0.0014244743095108692,-0.0016393204849703968
2021-09-30,-0.0011413344215484408,0.0002949214309914509,-0.0027647455987039474,0.0002056632514665293,0.0005890088349523365,0.0006835182733190236,-0.012222361496838752,-0.006786691035512434,-0.003674179676505518
2021-10-01,0.005081322503284269,0.0019841275033251463,0.007662905012384836,0.0006954032519225546,0.001691391147035165,0.001781104784447124,0.011884175215247872,0.008703003887197445,0.006201818267742354
2021-10-04,-0.005499221985492937,-0.0017120993883672224,-0.012488138069278235,-0.001128525959528578,-0.0009024559732672614,-0.0008302776572977681,-0.012896263043461254,-0.008153552854422597,-0.020989546344799992
2021-10-05,0.0032947344476838294,0.0004148070865045854,0.008478386062298584,0.00029073375480238005,-0.00036868022368902724,-0.0004612933503101433,0.010405000307148748,0.004878060990663266,0.013498878630562317
2021-10-06,0.00034003446320896046,4.787780379100405e-05,0.004734868183480113,0.00011939542912592204,0.00022599749664554974,0.00031678178151031786,0.004156206400910412,0.002576564404270179,0.006407646803413325
2021-10-07,0.004902485241309265,0.0005651692265839051,0.0060011795349708555,-7.499654234649093e-05,-0.0003346419239141874,-0.00037125975253129935,0.008645557356916633,0.00353225918499271,0.009175492539617691
2021-10-08,-0.001334216008244904,-0.0007314303310560488,-0.0029412049236101634,-0.0005167942358383915,-0.0007962479720899918,-0.0008422642905770994,-0.001823632558234367,-0.0019691313470878713,-0.004986842034592764
2021-10-11,-0.0030045767287178423,-0.0015606624856800864,-0.0062311976185015,-0.0010423407707492467,-0.0012448550955606018,-0.0012277633357385797,-0.0072396728678033595,-0.0053229261500503545,-0.007669850945654644
2021-10-12,0.0017978929849878122,0.001221412432210152,-0.00125475072787182,0.0003534580894691838,0.0014556681217999636,0.0015741419995400992,-0.0024614978589404535,0.00035277311765780973,-0.0034877428470256877
2021-10-13,0.008470675800935322,0.0024372304125772934,0.007968292530278104,-2.5924473934782086e-05,0.0017328497543856174,0.0019747319307711914,0.0035973288251407443,0.002921149157139003,0.00800807313647467
2021-10-14,0.008517097600819586,0.002452584211213939,0.014758025502860022,0.0006102619303839976,0.0015466610120381133,0.001637039557931758,0.0168207572845962,0.010998477205775431,0.01841669927470413
2021-10-15,0.0021597055963830394,-0.0005190611429108852,0.002712130349174568,-0.0004015226955365041,-0.00137443213851837,-0.0015504308270294438,0.007615913450601974,0.0026032978426963676,0.006300528088610813
2021-10-18,-0.0005676322434097234,-0.000787492419379212,0.004845009679472578,-0.00034510115129915994,-0.0007897400910368546,-0.000786887809052809,0.002960625011891649,0.0012357290605901935,0.010056131028592707
2021-10-19,0.004766969078418594,0.0012086855842348035,0.006698430600423316,0.000594853450029901,0.000506958430512826,0.0005430856647879419,0.007714798981458326,0.0032536231487758317,0.007567271195582093
2021-10-20,0.0036228603856042554,0.001259042901814257,0.002941977682853965,0.00031499165329348824,0.0012149572984906792,0.0014142098954279757,0.003927606063826916,0.00221527165660238,-0.0013050707576302
2021-10-21,-0.0006815206197749348,-0.0011779803929597512,0.0033741548316433187,-0.0009186487907704089,-0.0012310272041783656,-0.0012075110207136076,0.002608280419462705,0.0005585978146225954,0.006106897881528184
2021-10-22,0.0009406577695496496,0.0004450231364216326,-0.0026237499155100847,-0.0004903485517290177,0.0005654528427763475,0.000665167897761603,-0.001036066151129833,0.00036259303261204374,-0.008402315683336381
2021-10-25,0.003233191248847179,0.0013588641514934597,0.007529266086227686,0.0008159044453477714,0.0011662659648247723,0.0012547744034175135,0.005362628759580934,0.003747257693965642,0.010238078527965211
2021-10-26,0.0005946053130182834,-1.5313247419871934e-05,0.00040416030163488946,-0.00013515243574586965,-0.00019231625782008635,-0.00026167150183502183,0.0008999626191412702,0.0010274313304078036,0.003148422381803684
2021-10-27,-0.0021621079410434714,-0.0001622308966451806,-0.00059809946574847,-0.00012882347529385475,0.00019378447413475296,0.0001589224256987469,-0.004429931725882241,-0.0005189671086401624,0.002321186644157258
2021-10-28,0.005761364250288521,0.0013262293550544268,0.008631567317843345,0.0004890748374961475,0.0006705150819145229,0.0007591667084087603,0.009648548976373572,0.004839829563097757,0.011105252697063195
2021-10-29,-0.004592053127709832,-0.0012362068332480696,0.0010595108435865576,0.0002603560582881175,-0.000925585593226771,-0.0010994164544121427,0.002029318870031549,0.0014091789094362458,0.004918984915042168
2021-11-01,0.004242427838612871,0.0009121504706966332,0.00308407280605231,-0.00030301198912669245,0.0004467471887729815,0.0005416367385324328,0.0017201310968524286,0.0010204842723166995,0.0034188694032930567
2021-11-02,-4.193165829034589e-05,0.0008168152377109071,0.0030617805758859796,0.0011518274420357602,0.0010245490655188985,0.0010112195856632103,0.004043037310856867,0.0034220684230388872,0.004181315880884329
2021-11-03,0.003198028737857922,0.0002636162136469721,0.005427885511466247,0.00012206775830730244,-0.000425799359027226,-0.000494268887046892,0.006105548022594887,0.0025188096744219015,0.010615776287076661
2021-11-04,0.00103623054556064,0.0015499176336968075,0.008782831055051173,0.0013890722020880456,0.0016824705016359803,0.001719143876422889,0.0047122965199737354,0.004984196611736779,0.012818420215238824
2021-11-05,0.00395349191109538,0.0020644540793528622,0.004084939001201393,0.0005244437756037992,0.002033542089256283,0.0021953098007059086,0.0034697072010452246,0.004243789632586398,0.0009543899212256512
2021-11-08,0.0008103744103746813,-0.0008541691443497701,-0.00046070069216641585,-0.001298160084342359,-0.0011305618441516119,-0.0010731826263199462,0.0008536506553431522,-0.0012430698930991912,-0.001354766634466098
2021-11-09,-0.0006583492502929534,0.0006909099800907656,-0.003597905094485843,0.0003797646716753133,0.0010958592465549872,0.0011450899830372663,-0.0033055097906576902,-0.00015315602079532336,-0.006883579097768711
2021-11-10,-0.005490139998139635,-0.0032632218166753066,-0.0093724516430185,-0.002641124587744747,-0.0027122141642233247,-0.0025631469651132433,-0.00804481573074367,-0.008248654683448256,-0.014696869851074656
2021-11-11,0.0035363867823699924,0.00028210493609216476,0.0017267523520457342,-0.0006171193899717006,-0.00023113723787292767,-0.0001455654401477582,0.00032359726427300117,-0.001097424843805239,0.002772685332061098
2021-11-12,0.0029885721284066934,0.0015229720025614316,0.007156792121801397,0.001236542594857316,0.001233026774614627,0.0012286121619913832,0.007546776619436146,0.005369212377723915,0.010522560136764003
2021-11-15,-0.0006675619686165215,-0.0006480697681112632,0.0011036995337030749,-0.00021412551893826878,-0.000567934028956455,-0.0005285292520203154,0.00034257659355541037,-0.00135803196611422,-0.00022799897519953927
2021-11-16,-0.0006988469564040978,-0.0003721542329663738,0.0030500726778898883,0.0002606296375660064,-0.0005704614151222779,-0.0006932721495335698,0.00395782683134227,0.0020371926951538053,0.007121054905462554
2021-11-17,0.0011830765807868025,0.000994473521206384,0.00010720515440494139,0.00044165339130228644,0.00120270764952837,0.0013119684917037853,-0.0024291343154072553,-4.26839905584603e-05,0.0005282773569261767
2021-11-18,-7.073500198625318e-05,-0.00010349695153837788,0.005387962128743713,0.00032389605177471305,-0.00014541144380571637,-0.00018077054629906018,0.0033963282798119554,0.0022889300339422832,0.010361405711002414
2021-11-19,-0.003909113901246617,-0.0010709905129593724,0.00026950631849679684,7.019131819336252e-05,-0.0006998277490386502,-0.0008217362369350624,-0.0017883089536591124,-4.179054351015647e-06,0.005575609107060453
2021-11-22,-0.007631835018843069,-0.003752883445530217,-0.007497137629217788,-0.0017612512841212401,-0.003499041226141929,-0.0037401729476069156,-0.0028151348832684553,-0.004605536191660167,-0.011609152111445864
2021-11-23,-0.0005527859412518587,-0.0006708287536400659,-0.00036924673137603,-0.00029150413105880925,-0.0007371381604178238,-0.000771696694875767,0.0013259519380279805,-0.0008366862295475077,-0.004558002794396998
2021-11-24,0.0009183579915761603,0.0003105339917899796,0.004252658254089294,-1.404283123918055e-05,0.00045417468718951434,0.0005169679153800984,0.0026697873306607,0.0028330486150124202,0.0032202891188037874
2021-11-26,-0.016714244653745335,-0.0019320984837175009,-0.021031648395195827,0.001388780328213416,0.0004865848311444306,0.00025851246141365817,-0.02230320825344856,-0.008368892791583444,-0.018958809425374534
2021-11-29,0.006107710493530454,0.001612140490450117,0.014714053673244822,0.0012475324838745819,0.0008162304991394375,0.0008369667117848903,0.012266655822941619,0.006396799496755524,0.021702420881547058
2021-11-30,-0.007860170565437391,-0.0020868230479874437,-0.016943746796862263,-0.0012213508626618763,-0.0013242492950421058,-0.0015095799342233682,-0.019457680340606798,-0.009257144423899966,-0.01468644054129431
2021-12-01,-0.005183663423326759,-0.0009705232372822021,-0.01373573846508799,-0.0005268955576279149,-0.00038386548129919337,-0.00044156269669597164,-0.011107007113667189,-0.005820430303756357,-0.01701286258353496
2021-12-02,0.009474160087544333,0.001260460920564312,0.013514080912922706,-0.0009712031448735024,0.00015088675268659082,0.00028278568286459736,0.015316231620359,0.008150783903701553,0.007207175595671078
2021-12-03,-0.004819155292067642,-0.00018157753745832344,-0.010626375440081683,1.6339539645715247e-06,0.0008321415723928792,0.0008899934689192784,-0.008701212571399997,-0.002783383425717045,-0.017388540050196966
2021-12-06,0.006886996860661562,0.000719577590847014,0.010654345624894842,-0.0005741570643048804,-0.00021361862157588435,-0.00011812267673854196,0.011843415142928304,0.004953597343608963,0.008012982153806192
2021-12-07,0.012816447036121201,0.0021714936856494045,0.022706583450966194,-0.00010030554315845807,0.0004437242327972255,0.0005808184621959307,0.020684667052367267,0.01075884167529518,0.03011383070179563
2021-12-08,0.0019896285568734573,0.000445076256897714,0.0035416418202467437,0.00038044668693815176,0.00023728245723053654,0.00028922507844764134,0.002647952785433505,0.0003048615370560004,0.004474072242747429
2021-12-09,-0.007008814311739357,-0.0019269323280137996,-0.010690265565175648,-0.0009823234737139138,-0.001243981512535119,-0.0013978599787149353,-0.006751566816737831,-0.003055034303125902,-0.01471416861917918
2021-12-10,0.0038434662402479875,0.001446056594559247,0.008835471377532156,0.000999335150403941,0.0010746140900906682,0.0011277943733644235,0.009413622669097066,0.005918466960971585,0.01087044802285031
2021-12-13,-0.004767343892067231,-0.0004733224428646718,-0.008109051688343243,-2.552402287226167e-06,0.000658328054820035,0.0007373438876428081,-0.008858383625360844,-0.003424795836607525,-0.014446723116534499
2021-12-14,-0.005645886197579157,-0.0021395142720901225,-0.009120826447121609,-0.001133827113757366,-0.0018382500939132672,-0.002006870085069166,-0.006880131977242465,-0.004807929335896449,-0.010350385420034192
2021-12-15,0.00785407488394667,0.002202520523568384,0.01721605023640147,0.0013844324759739075,0.0013776931844007613,0.0015030222922060399,0.015624827257528118,0.008731285965555302,0.022797562508054314
2021-12-16,-0.0015584884537643803,0.0005680834580311831,-0.012684307952671966,-0.0003960121467107006,0.0011849983126167069,0.0013042375563573768,-0.00881838115968292,-0.004136023696141218,-0.02571466063513972
2021-12-17,-0.005295815727581905,-0.0015589066720459966,-0.006592474834439464,-0.0005934158121805194,-0.0007992583986597539,-0.0008214534451704547,-0.010642879652036585,-0.005461184712066974,-0.004989385677976466
2021-12-20,-0.005250305658715885,-0.0013754111128492473,-0.009336792293602967,-0.0002987564614964843,-0.0008361197550974075,-0.0009278750703360782,-0.010633355409267242,-0.006674831544286419,-0.009700086608208092
2021-12-21,0.009901973375619794,0.0018576630679374804,0.01710339502489998,0.00038386813038821476,0.00043171084179165556,0.0005012566790931356,0.017758966436085988,0.008904983067735616,0.02238027972895562
2021-12-22,0.008262962667197499,0.0023436235088713526,0.010831607787130089,0.0005535042192992964,0.0015209725318823546,0.0016807790893902815,0.009998583036119557,0.00635954584275468,0.012178411329638816
2021-12-23,0.0033429683300019216,0.0006835093428256564,0.00558538397783844,0.00019695411664965424,0.00013800398003731518,0.00015740152741037624,0.006222141577705731,0.0029015228017135646,0.0075390377730695235
2021-12-27,0.00855186791197386,0.002100517374479649,0.01426734965993961,0.0005190937478561637,0.0011724700205333273,0.0013016525539040222,0.014152234946141595,0.008655437810683363,0.016527270688915685
2021-12-28,-0.0012244543786441905,-0.0004255426004573394,-0.0021884201100656484,-0.0002550962719649088,-0.0002679015371533135,-0.0002899163230609797,-0.00081718443140677,-0.0005630050120080796,-0.004634851530645023
2021-12-29,-1.0463567875184644e-05,-0.0005526801735387948,0.001146380648580444,-0.00029863341314332557,-0.0005798687073520507,-0.0005238174954415634,0.0012790412733709733,-0.0012467314110081147,-0.00014942811491169827
2021-12-30,0.0014664229679453166,0.0011574407061764943,-0.0011514843048978805,0.0005277123802799595,0.0013197823693548686,0.0014128638610318698,-0.0027644134273027143,-0.00037356408512642224,-0.0029879922704948436
2021-12-31,-0.0005377274824612244,-0.00020770164028063436,-0.0025338748335841047,-0.0004325377324089825,3.269729665425274e-05,0.00013550605898877833,-0.00252010687613069,-0.0019708221525645653,-0.006244822977195974
2022-01-03,0.0011568589414261195,-0.0014725786488286089,0.0037889738492754427,-0.0009788713431649284,-0.002500253046343248,-0.0026954486159113415,0.005789887272550809,-0.00017651316913881374,0.009627021869951013
2022-01-04,-8.315251255144666e-05,0.00044850172323455685,-0.004717452795046297,-0.00010805221301144147,0.00061544577161393,0.0006843305361036441,-0.00033486955877803926,-0.0004099946571276726,-0.012970612443507168
2022-01-05,-0.01274894950116494,-0.004577927655738183,-0.023207500126185443,-0.0028516220791984246,-0.0035110155683720817,-0.0036898151974317536,-0.019202215127992805,-0.013333080141785995,-0.03072121890664503
2022-01-06,-0.0018364788360924916,-0.001437545199952255,-0.0017489447880671004,-0.0009156256341034364,-0.0015428746306612518,-0.0016574222788649049,-0.0009394434202100177,-0.001544005545135587,-0.0007025284404709176
2022-01-07,0.0005968192747531909,-0.0001788318379336573,-0.007440520490874292,-0.000885113670155091,-0.00041309176986048524,-0.000398852715860043,-0.00395363889380107,-0.003690883332711725,-0.010832775216847779
2022-01-10,-0.002120774203174137,-0.0008992398724798113,-0.001390685166608211,-0.0004997055845803678,-0.0006789027447001692,-0.0006699473616204457,-0.001244375180721513,-0.0008528014706509306,0.0006579774077062339
2022-01-11,0.009537608463285302,0.003168723008860729,0.009962193787277068,0.001225666656295884,0.00212359302639746,0.0022371998914400976,0.009108359973449831,0.006420376969725576,0.015022241602218322
2022-01-12,0.0049355806080050545,0.001158811357227368,0.0029081840988503804,-9.515868103658554e-05,0.0004714742540047372,0.0005029966990754295,0.002703517958020596,0.001696034329542775,0.003965505312979456
2022-01-13,-0.007138931760016311,-0.00140112774392053,-0.015967850311485482,-0.0008514704225983042,-0.00030602196920061854,-0.00035568457012795845,-0.013778315871480928,-0.007023306364241944,-0.025015991510109137
2022-01-14,-0.0012230927374550342,-0.0017679410771421226,0.000830518489775039,-0.0010465094920432511,-0.002114066551905079,-0.002167580927123349,0.0004089051735463034,-0.0025236292838071175,0.006222296726803966
2022-01-18,-0.01150928659958456,-0.004710407958722847,-0.01915805158280177,-0.0029270594739984005,-0.0035465688977892153,-0.0035721836893718184,-0.017709649485092904,-0.013640443988780821,-0.024893859450211164
2022-01-19,-0.0005058888113574349,0.0006638284456331543,-0.011240887566631587,-2.13303399671565e-05,0.0009415368701100914,0.0010227053020529404,-0.010383589964794715,-0.005225108865230159,-0.010983841364740177
2022-01-20,-0.005133046719955368,-0.0013399951831231216,-0.012181768672861831,-0.000837393521690752,-0.0008187584016890012,-0.0009160865519264129,-0.011067901810805636,-0.005703062032840301,-0.012988587663969375
2022-01-21,-0.010012350946849359,-0.00168471632055658,-0.019430970978673582,-0.0005110743732652564,-7.67069199452258e-05,-0.0001330187021451131,-0.019630795856942718,-0.009225406319666039,-0.027728492384390235
2022-01-24,-0.0024129655427847607,-0.00025124121822818084,0.003901849518350217,0.0007622951497093772,0.00027934332669106383,0.0003499221071324361,0.00424687792447509,0.002114094065852419,0.004577858871436469
2022-01-25,-0.004825232348440304,-0.001617161042077467,-0.014874679058188145,-0.001606253311491453,-0.0009822563487535308,-0.0009528579525606316,-0.012209063665744035,-0.007702187151640451,-0.02318141859971079
2022-01-26,-0.006335738481545389,-0.0036231186986222246,-0.004820442061561649,-0.001943519758076708,-0.003667390320654626,-0.003891032988350767,-0.002508828120427853,-0.004423964125416286,-0.0015647535531352341
2022-01-27,-0.005241761236779788,-0.0016859238183057235,-0.00930014114951893,-0.001183249020015247,-0.001442673910045081,-0.0016714079649943548,-0.004937845537025365,-0.001137349460182616,-0.010070272722616402
2022-01-28,0.01014463338131515,0.002937345513858575,0.028909533660194095,0.0018867330138459038,0.0020456242737282807,0.0021735553925399604,0.024835268204037808,0.015421198713354341,0.03136882418074416
2022-01-31,0.013314698627413041,0.003543466546089685,0.022350244533882735,0.0016047905735765591,0.0019347310311544669,0.0020494508145609994,0.018011227690398313,0.010579272589086227,0.03197840077467573
2022-02-01,0.004132294747164829,0.0009535518837861859,0.004713700167725614,0.00023843983581026373,0.00024372247936564663,0.0002279525045079514,0.0067568900628829365,0.003446225754114636,0.0068035560657826455
2022-02-02,0.005387884197993707,0.0017890180700426805,0.009683381686451206,0.000700763469425784,0.0013686229569929136,0.0014676506986889767,0.009714028934489027,0.006598928791050548,0.00812516253890494
2022-02-03,-0.012663276371335266,-0.004256706075553986,-0.027716158966841847,-0.0029731809833358856,-0.0027803437311711434,-0.0028178856901942234,-0.023505016030025083,-0.015722219779003215,-0.040543735204439324
2022-02-04,-8.272806602911773e-05,-0.0019124202858537102,0.004854016135735934,-0.001412038173615937,-0.002423241195641615,-0.0024231297557864044,0.004702274692984787,-0.0003626638020939035,0.012615081250805016
2022-02-07,-0.00017706081466652517,0.0002548547968224638,-0.004763956538162114,-0.00015596849499713959,0.0004402884872112069,0.0005097619977906455,-0.0032091146217538835,-0.0017958475571175044,-0.008044296788482841
2022-02-08,0.0036689202379263097,9.648438981901819e-05,0.007980072754373957,-0.000388973290004091,-0.0006628282697687116,-0.0006446175245762298,0.00822774016046468,0.0036278970713383707,0.011234834308941899
2022-02-09,0.01161991120033316,0.003161673970210407,0.015029873411510079,0.0014261272781754856,0.0019413637734308688,0.002099946054329014,0.01463591973472278,0.009359057717737663,0.021190973754336984
2022-02-10,-0.0117491011683291,-0.007171958108706178,-0.017062451442952892,-0.006436114713254324,-0.0066087239872570595,-0.0066932602393762345,-0.017965674399262332,-0.014505996392675908,-0.02263237053577083
2022-02-11,-0.008622117379900084,0.0008432563048955535,-0.016806923756970717,0.0014164349673209918,0.0029340350326298925,0.0030342291591040817,-0.019718529395546747,-0.007798993445373261,-0.031721651516810834
2022-02-14,-0.004567351054877811,-0.003067374950422666,0.0002930026908177579,-0.00200305581665841,-0.002801739569808677,-0.0027475640047628963,-0.003269518989984288,-0.004745792960571945,0.0012389963631795897
2022-02-15,0.0107504157872691,0.002658901940880621,0.014262035721275814,0.001589014101537427,0.0009490611252955035,0.0008829864004537545,0.01612697049032219,0.00843043661958862,0.024863854652980688
2022-02-16,0.003918765606512106,0.002217833688729213,0.002429965866196251,0.001407557174331846,0.002103157071134391,0.0022170577455966553,0.0011208371482951396,0.0015066231149701284,-0.00025245782640426206
2022-02-17,-0.008932149461192742,-0.0013227308304105774,-0.017544521712782833,-0.0009312623974029752,0.0003295718334715371,0.00041030366873688894,-0.02136139399569581,-0.010722626164461208,-0.02974409588587401
2022-02-18,-0.0042669400781228314,-0.0007777222135613692,-0.007205367430963774,-0.00048537424136462545,-0.00016649984620187357,-0.00021393309025883987,-0.006475043912504308,-0.0025400821102000595,-0.011405294908365726
2022-02-22,-0.007271428744914189,-0.0025172115471218965,-0.00774126583548544,-0.0014224521592291622,-0.0015194651951057727,-0.0014932016980040749,-0.01073175932998438,-0.0063993965051580975,-0.010043904553527327
2022-02-23,-0.008947707631760619,-0.0030857724533897694,-0.01605124196869681,-0.0022823821430606717,-0.0021535393921207893,-0.002169416514594496,-0.017738581909533258,-0.012608013458982971,-0.025614990980172503
2022-02-24,-0.0016283874655400074,0.00011546580621276494,0.017531423770109945,0.002765848921276504,0.0006692996522295166,0.0006836253051137033,0.015049139836143866,0.009807551561387278,0.03360421766978594
2022-02-25,0.01567193552549076,0.004012498571147318,0.014059044254597527,0.0009008961090997215,0.002041216262265273,0.002126511356969178,0.02206397178517827,0.012913628988836141,0.015507352107038352
2022-02-28,-0.00621462076496145,0.0006594101463664873,0.0023368327949322663,0.0024733001637311713,0.0020080913336751488,0.001991730638639207,-0.002558586711184807,0.0030718926189653513,0.0029788545736983973
2022-03-01,-0.00757428854539749,0.0006133162817926105,-0.008193949381438921,0.0018414492222337347,0.002519840782582607,0.002652111239091719,-0.015230051430335179,-0.005049853764965283,-0.015311398013312383
2022-03-02,0.006581600657483113,-0.00192101788397454,0.01150487034438191,-0.002746823669262475,-0.003475638222160266,-0.003411830077516178,0.01839610239405065,0.004565615320719295,0.016779352671068892
2022-03-03,-0.007678419978265096,-0.0015790386298562787,-0.006316138271068365,-0.0005949967115361577,-2.40363639647829e-05,9.782896293771935e-05,-0.004978467208594517,-0.0012108000769338492,-0.01428498945579193
2022-03-04,-0.010740018502178783,-0.001028461103758128,-0.005433064802587562,0.0007964358885249859,0.0013817101570791066,0.0015735330898980883,-0.008124516670993565,-0.0007632513040697906,-0.014491732373230759
2022-03-07,-0.018174866879862174,-0.005641730037142668,-0.0225942365393638,-0.0033388639519421727,-0.0032207595496261555,-0.0031142228967077417,-0.029479347904756592,-0.019076302961692063,-0.0368812944027368
2022-03-08,0.005194885344897887,0.00043342699969431723,0.0015116968827087276,-0.0011753416639052085,-5.8446818835013536e-05,0.0002604008429008138,-0.007581484681059791,-0.007123718007460246,-0.00464795972915355
2022-03-09,0.01687677242807907,0.0028704263111490216,0.017056003088211803,0.0007282230676107592,-0.00024413182384456188,-0.0005155222882266072,0.026810554061350134,0.012997243232284926,0.03599813609678937
2022-03-10,-0.008446718266593933,-0.003251316997002651,-0.005526445827931381,-0.002752178660547111,-0.0020196226700498476,-0.0019304443496325208,-0.004515385676894801,-0.0045671393519676196,-0.011105025032967508
2022-03-11,-0.009657095381448837,-0.003032906913163199,-0.014664497168818095,-0.003507192495515879,-0.0018857412925097328,-0.002005223394753991,-0.012715267598263247,-0.007737908575820528,-0.020738046684043554
2022-03-14,-0.006817269187872967,-0.00487493598635792,-0.013719542969074041,-0.007615621791797244,-0.0049041460902594924,-0.0050557819937411775,-0.007308237427504194,-0.009465941357037662,-0.019204831236533937
2022-03-15,0.006533732134071299,0.0016523908668906644,0.016734020492341586,0.0016007325233387676,0.0003776703181295062,0.00019160795862207855,0.02199045123348653,0.01297303395947714,0.03136663554000352
2022-03-16,0.0253842492528344,0.006400219095067033,0.024745799637210145,0.00425762191273346,0.002719280640183382,0.002857391457206399,0.022174017798845647,0.01284007001727425,0.037086874525037894
2022-03-17,0.005310600786164913,0.0011598257561869546,0.010760282556667798,0.0014869027371076876,0.0006514558423703715,0.0008193846881081898,0.012511177224883596,0.006868617408144508,0.012105959744244332
2022-03-18,0.005797730658565441,0.0016080640688743853,0.010710386941722206,0.0018631298432985432,0.0005655468325246875,0.00045132983811769286,0.010952716329379664,0.007849647079694396,0.020468165756950096
2022-03-21,-0.005220347908435692,-0.004523218430662929,0.00030341071233756903,-0.0036247523856178985,-0.004336892848640828,-0.004203051743339102,-0.00029240235146898996,-0.0051984944782628335,-0.002780102695029818
2022-03-22,0.0075957320650310595,0.0011155620131895977,0.011059022754243888,0.0003347073717908297,-0.00041870860992395856,-0.00047110059797627864,0.011701192635724,0.005129592242189304,0.019652586740204203
2022-03-23,-0.0066377246010388335,-0.0005506754793480437,-0.008161109696498733,0.0012637839083349295,0.0008469174625534291,0.0009047071235426399,-0.01287814988371272,-0.005459635872056716,-0.014371333249567741
2022-03-24,0.007335907878443481,0.0015659732716113049,0.016385904928953053,0.0025704519509153045,0.0005062730535316111,0.0006430277028538186,0.015074167193017018,0.007167236841653821,0.022226570613768093
2022-03-25,-7.406763922576101e-05,-0.0026868285001356864,0.0007133073836403164,-0.003856345538183312,-0.003058717432022004,-0.0029512474294222436,0.004883740005871218,-0.0008452195163098789,-0.0008338889249835946
2022-03-28,0.002020233153948394,-0.00016459795962071928,0.0054099413272846505,-0.0002876997122945179,-0.0006829519445458632,-0.0008145916973026385,0.007112970861092638,0.00529564180020002,0.015472288893099595
2022-03-29,0.014100685285909064,0.004691288005325725,0.012014401802412707,0.0033753127546572617,0.003259035528457402,0.003437436416616433,0.01237101748087066,0.009612069221552597,0.017209734322051418
2022-03-30,-0.0025219863688085683,0.0002062359579125065,-0.00542144259732289,0.00048502790601203673,0.0008084041202233939,0.0008297525307439972,-0.006174848367674568,-0.002417364335574886,-0.011045580584802872
2022-03-31,-0.009831142974669797,-0.0026599599656250967,-0.011027935530989632,-0.0012799965428890497,-0.0012678623560936004,-0.0013437858708379728,-0.015391282816773821,-0.008934438569626906,-0.012394600907538411
2022-04-01,0.004559435747985696,-0.0006839822449851235,-0.0009639508604205151,-0.003251050232513302,-0.0015205036322902307,-0.0014106846480137784,0.0028340040002459155,-0.0007010365553590078,-0.0019034681584347846
2022-04-04,0.00522483327392012,0.001911603820372329,0.012781356542330745,0.0034616651061549785,0.0011088005519578,0.0011130968360996015,0.008566440835629408,0.005098052159213496,0.020588721457993175
2022-04-05,-0.01067107898863069,-0.005301135491830008,-0.015349390910859642,-0.006595063233097576,-0.004340625334756476,-0.0043760703877054555,-0.012631244921620044,-0.01236376731262567,-0.022204134060343828
2022-04-06,-0.005892144600776728,-0.001542552908603721,-0.012368348366841232,-0.002674718326722079,-0.00033550516302501904,-0.0002131887945237819,-0.009999338115811884,-0.0075731202799474715,-0.021711566102561752
2022-04-07,-0.00014969693665736273,0.00029164831310557146,0.0036975951146223903,0.0007703979553552827,0.000168106475965705,0.00013293453610142174,0.005038879381797479,0.0022155022981950366,0.002377869600372895
2022-04-08,-0.001461414520337212,-0.001483708246947324,-0.005429099197568399,-0.004042461058961888,-0.0013468194821238955,-0.0012250327732858945,-0.0026739431781477307,-0.003681549423712571,-0.01397907226918449
2022-04-11,-0.008992955890184902,-0.0027302260966394648,-0.015233481965104774,-0.006906266762007594,-0.0015299752875106792,-0.0015260916386435341,-0.017092100093604623,-0.012182677473475817,-0.02365732828936873
2022-04-12,-0.0010983338959314097,0.0018055471233000206,-0.0015590234983854805,0.0029696625935136008,0.002486512600965373,0.002519494841505613,-0.0037054049103504294,-0.00027308269910785777,-0.004224267067305942
2022-04-13,0.009302088178630846,0.0031778673629758655,0.013543936561796208,0.010087262307541105,0.0020777806995450794,0.0021633422916026743,0.01145359899468823,0.0077141138151246005,0.020327054596908534
2022-04-14,-0.007844380164634391,-0.004168043558023559,-0.014673045188624596,-0.011187017639002083,-0.0035186852561299295,-0.003527961651326569,-0.012451807456636543,-0.011065416619454468,-0.02286720663663
2022-04-18,-0.0013509205541959802,-0.0005710321348645065,0.0011122705741170235,0.0014914515550720163,-0.00045507239298975076,-0.0004355764628746433,0.00041113994528507725,-0.0009235307653471244,0.0007681972812916271
2022-04-19,0.00411379447321715,-0.0011468056444400377,0.012027146652270377,-0.0004951318832825923,-0.002098768275415292,-0.0020839621718570693,0.016142951884719814,0.006996280509657789,0.022351003649956125
2022-04-20,0.003059221118626247,0.0019797539286487966,-0.005065303752433532,-0.0019380092310340206,0.0022314329109361887,0.0023777792003891202,-0.0007418049129553905,0.00265140100870821,-0.014584627698056907
2022-04-21,-0.009953047577295501,-0.004402009631738804,-0.014854093356986557,-0.01005970218385631,-0.003354774962519001,-0.003395901969184694,-0.014953381380540698,-0.01119046105322178,-0.02069064222065775
2022-04-22,-0.014148428627284364,-0.0042671671409200375,-0.023263071213224244,-0.014361191987006016,-0.0026147459557400985,-0.00284449868093101,-0.027439269381255293,-0.016235417540212647,-0.02618629456075572
2022-04-25,-0.002329140655647962,0.0005615787592409152,0.0035157434391191104,-0.0038145173222779594,0.0007845000757313826,0.0005053945120318352,0.0057976928980241205,0.006053152692968869,0.01284598514529356
2022-04-26,-0.016993098050789017,-0.0029731079167857077,-0.02610410032488094,-0.012041491500650887,-0.0002706809671741431,-0.00039856755877445017,-0.02896085212366395,-0.014416427693053683,-0.03774493285279934
2022-04-27,0.00016211235507661314,-0.0008577352331338576,-0.0009426021702351101,-0.00504601119081293,-0.0014003599915688883,-0.0015160453997401812,0.002811674736579839,-0.0006834462844165611,-0.0011984483268798751
2022-04-28,0.013812019329867763,0.0032826695972094583,0.025036499484150307,0.01516346951946898,0.0015377448463707241,0.0017333680353963917,0.025259446250035733,0.014179097967155021,0.03551596201317131
2022-04-29,-0.01663583456867649,-0.0061929358507016655,-0.03247389699050986,-0.01703139692050628,-0.004857660228112283,-0.00512605975168654,-0.03695568913179614,-0.024034125368693673,-0.04499876457930296
2022-05-02,-0.004310956774841562,-0.0021688196552732204,0.0048851983295943435,-0.00468504800083968,-0.0026245600905816006,-0.002990203591715611,0.006019811502075756,0.00041241933636284147,0.01669617056725592
2022-05-03,0.005566588738861414,0.0013596670167062433,0.0028073717763524926,0.0018865634110164034,0.0007913376613115602,0.0009054494756410869,0.00458395429872005,0.0031769947501910875,0.001067644291766534
2022-05-04,0.01535594610800504,0.00662437290383838,0.027452561042237665,0.017982363267434895,0.005095597833916396,0.005218600306156687,0.030452686237688598,0.020566149175200894,0.03381209510463967
2022-05-05,-0.024977392786745333,-0.008889753611225735,-0.03483923531743369,-0.02158102254329621,-0.006049087776016463,-0.006199397264419063,-0.035542896780611954,-0.025171466304162497,-0.05036412311318905
2022-05-06,-0.008316278992793469,-0.002790884974349217,-0.006672231565188804,-0.00413964084930836,-0.0018886583086562387,-0.0019231216042834873,-0.005968807359427175,-0.0058596826602347295,-0.011980767201591358
2022-05-09,-0.022120331791610076,-0.0039542561533213,-0.03099777170019713,-0.020228637198857407,-0.0013076840034956115,-0.0018126475469518726,-0.03201704036835584,-0.01573456889792959,-0.039126964406152265
2022-05-10,0.0014933486823347497,0.00021038642239123995,0.0015381509333398657,-0.0015541226914130846,-0.0005464642010284404,-0.0007865622701253017,0.002310479729411341,0.002676412855628474,0.012148535200944499
2022-05-11,-0.005669962162987586,-0.0008446601348349117,-0.011929510025975535,-0.005165661026002339,0.000410575253530718,0.0004822932916277182,-0.015886328031122443,-0.0070600871223415185,-0.029658072239904243
2022-05-12,-0.0025568084818242427,0.000127697932595569,-0.007339667621979854,-0.010874914461953175,0.0005698936537325292,0.00040567790905568957,-0.0010437563940085548,0.0007207843478913851,-0.0023643802250116197
2022-05-13,0.01796803336046357,0.004259269414260235,0.016325159646496567,0.007553549162921693,0.001543377207632759,0.001635108745734922,0.023907721019996053,0.012057614582775258,0.03705975935615724
2022-05-16,0.00021916054160991104,0.0010132747658968058,-0.0018071407906869647,0.0019968128929010523,0.001233954846437278,0.0012814528174130316,-0.004057514442192045,-0.000760996057760824,-0.011591413578432963
2022-05-17,0.01300881962380181,0.0016649504624972361,0.012100504652915053,0.005050826821661303,-0.0007332902266000815,-0.0006694106120084525,0.020570495916759857,0.009267632430427889,0.025901313825163585
2022-05-18,-0.021895687943352306,-0.005453785265493337,-0.028038725431029896,-0.01730178357031033,-0.002203431064010895,-0.0024149756835523707,-0.04031160019458346,-0.02157069905379719,-0.04909037397267635
2022-05-19,0.0038887473276843134,0.0026005232373593626,0.002504019629556094,0.0077228066509812026,0.002457286106249699,0.0025675411757232905,-0.0061247265776605,-0.0021741621876586667,-0.00535817822155904
2022-05-20,0.003140546212770377,0.0017774032461594013,-0.000863001034462673,-0.0006084058024662156,0.0016194554891431527,0.0016453570381933511,0.0004366927800127929,0.0021570325223013195,-0.003108080196180807
2022-05-23,0.010578762932551288,0.0023097039243125733,0.012189445765743906,0.00875120929472797,0.000701726053213078,0.0008557178629139506,0.01870994518640945,0.0085536251343516,0.016627638400771305
2022-05-24,-0.0022751794996074288,0.0016196283147359896,-0.0069534673254744404,-0.00241034388152778,0.002803403799842903,0.002898995651716368,-0.0076337660731978785,-0.0010664049433137474,-0.021262247711726134
2022-05-25,0.0044498261782365675,0.001777769465455849,0.00479024868257566,0.0007492744867527252,0.0012205086182729185,0.0011853401609835436,0.008834853633777007,0.006053856716769317,0.013995148776460464
2022-05-26,0.00907567966637878,0.002716967430983156,0.014222982927201455,0.008289450175907211,0.001230304052292298,0.0012042106122514132,0.01998132852937906,0.011669372609783587,0.027707354222163083
2022-05-27,0.013155069884017236,0.0040824316755275515,0.018243861899801282,0.011750459041869337,0.0025818511347326448,0.0027621646687428147,0.024549229173349563,0.015273226001750557,0.032639571212824015
2022-05-31,-0.0038143729817623605,-0.003156597730477436,-0.006081079012541889,-0.007309407051925919,-0.003492675476754139,-0.0036460335105000462,-0.005610917384172853,-0.007522727202669138,-0.0026528485295939097
2022-06-01,-0.006960403897733371,-0.0035571017643847803,-0.0021848554234012952,0.0014339499175516136,-0.002780438090949882,-0.002711278517867025,-0.008088455719743592,-0.007117936803068412,-0.007396232527205671
2022-06-02,0.015202731411995588,0.0049631941299043605,0.019784261753636245,0.017666781229076233,0.003114289960273908,0.0033416729548200225,0.019043396158178183,0.01209270381653576,0.027385896964666534
2022-06-03,-0.012427115743776222,-0.00425106925644218,-0.017898476979296807,-0.015844396462322382,-0.002816289698391426,-0.0030155683923290036,-0.01641152418562475,-0.010752985686518215,-0.026019291440666503
2022-06-06,0.0010013400201713285,-0.00123307043737539,0.0002382597286013985,-0.0016575179793854532,-0.0019249435249517842,-0.0019609397609764204,0.0030446900622684847,-0.0011199173795589058,0.0033311798784894098
2022-06-07,0.006081360434864162,0.0023330336535676323,0.007998987941343972,0.0072702259043816025,0.0019078151304587694,0.0020689641057895095,0.009592167012221209,0.007410200682763908,0.0086254105102046
2022-06-08,-0.007791585705746653,-0.0030562873927943374,-0.005498850190503621,-0.003165805742202455,-0.002462958338267737,-0.0026151982280806724,-0.01087214403214809,-0.00807642160002449,-0.00719623183696938
2022-06-09,-0.016810794255551875,-0.005402971193653294,-0.02125069605864338,-0.01249227189192692,-0.0033442629252533607,-0.0035227839077370815,-0.02378282529471587,-0.014637746198705615,-0.026784981504343275
2022-06-10,-0.016778116785254628,-0.007939051038948894,-0.022855609390040478,-0.00536702618379345,-0.006065041126241245,-0.005941638395480545,-0.028995608365341208,-0.021222524560754033,-0.03527038808070315
2022-06-13,-0.03150417608106991,-0.01401598974757699,-0.038875537805078166,-0.03392681152537019,-0.011630847581739382,-0.012150987152728127,-0.03796819538522267,-0.029681033943607497,-0.04649643820241556
2022-06-14,-0.004366400182944151,-0.0032700129126010885,-0.0022001328925752234,-0.004377183084778781,-0.003321424516690097,-0.0034165057391586837,-0.003013344738324264,-0.005077944149533385,0.0018158683318370006
2022-06-15,0.017466673129180255,0.008682798172677983,0.018189555290745292,0.017480434244581726,0.00747505935251531,0.007680916460830048,0.014256469939941008,0.01413283140504245,0.024971614897483896
2022-06-16,-0.017464359662092182,-0.0032335240356100078,-0.026567994463556555,-0.008067617476308775,-0.0004304139599247504,-0.0004883446529791208,-0.03309618326900898,-0.01668836960255099,-0.04034629691655556
2022-06-17,0.0005459492506269372,-0.00017834948561271883,0.003755965605009122,-0.0008416974785726873,-0.0003058028456081158,-0.0003577632792316529,0.0021555755704145696,0.001368811708955803,0.01215936286658259
2022-06-21,0.011902103316070108,0.002525206792127218,0.018916618275111558,0.006889473941787447,0.0006578484297820664,0.0007114745602340899,0.02517365284462869,0.012318607579664222,0.025229596637028173
2022-06-22,-0.0007274389728035449,0.002744399441750099,-0.0004421657240711953,0.0019517142954747725,0.0038352070720337854,0.003891911354073928,-0.0018127846969890893,0.0042006939569359655,-0.0014587487504076346
2022-06-23,0.003816862679808879,0.0019188588601887038,0.008406293441419702,0.0016963711555293718,0.0018038887501594838,0.0018236377348099303,0.00980260821290524,0.008059002931473366,0.014892765087002546
2022-06-24,0.01843864656931428,0.00462544935398413,0.025877694848046952,0.01230112804495517,0.002007685633731892,0.002137397446437337,0.03179359933030512,0.01700226125824926,0.034263743500089205
2022-06-27,-0.002843175340553357,-0.0019836893881447428,-0.004667720812776974,-0.0035117432322518357,-0.0018599188774534776,-0.001848301235310885,-0.0038194923344979648,-0.004564074661332129,-0.007331422546953181
2022-06-28,-0.009011482532892343,-0.0025643217618097217,-0.020566994239779805,-0.012710682320675178,-0.001417355891495961,-0.0015141424271120536,-0.020432783048936032,-0.011533197369466739,-0.03046690494904969
2022-06-29,-0.0015703210146970304,0.0010214639470977522,-0.00012226663010861947,-0.00013173889711735667,0.0014729101274623777,0.0013797350517172815,-0.0008146347332338433,0.0028609082371228328,0.0009171393774736192
2022-06-30,-0.004135386723297384,0.0006147078577783418,-0.009383280630051536,-0.008464320248533082,0.0014810675639485918,0.0013450485743399844,-0.008124053057222413,-0.0015306355065249732,-0.012403293337677868
2022-07-01,0.004656056010923167,0.004065744974931783,0.006617917911376709,0.0019622305854253867,0.004256962570411185,0.0042900955137209346,0.010576362387004101,0.01063675617332812,0.0066006416353525665
2022-07-05,-0.008014187275707626,-0.0023990843432982393,0.003062637293517435,-0.006736519601796208,-0.0015602102460861359,-0.001840682047921302,0.0018885890752202705,0.002642990399421891,0.017119502200839465
2022-07-06,-0.0026481558372995276,-0.0035071132411584804,0.000678455218115217,-0.007237042581934416,-0.003976187787399319,-0.004111030215173572,0.003377403530308243,-0.0016248632590023398,0.006412299047024117
2022-07-07,0.009141515250317908,0.001535591005311469,0.014667237259456624,0.008725584217934363,-7.023082538575178e-05,-2.5376350245386695e-05,0.01497700761663201,0.0061421732143806616,0.021398966499409866
2022-07-08,-0.001461497036509658,-0.0016893620948456385,0.0002631506039341483,0.0007580884574342213,-0.0018438003328407591,-0.0018392027584835232,-0.0008223087186378653,-0.0029923781198543777,0.0012542773201955626
2022-07-11,-0.009832877031293243,-0.0018961583546807774,-0.014243794574382846,-0.011715768875900867,-0.0002514346702030748,-0.0003484532147924654,-0.011423646113758124,-0.003466778224833199,-0.02136436745974335
2022-07-12,-0.003231211924631494,-0.0005862514217116477,-0.008160124580373185,-0.006684066512626208,-9.543063679440245e-05,-0.00019411640456301615,-0.008848846148160172,-0.004404256704282239,-0.009687641574590455
2022-07-13,-0.0006519583765159243,-0.0003587001604902648,-0.0019605706581648412,0.0015717824722084879,-0.00018779342042782941,-0.00015547699203903362,-0.005251859329052588,-0.0014087275299668376,-0.0020609685797712274
2022-07-14,-0.00827487490985944,-0.003492870216178747,-0.002382564879461998,-0.0058041980772216,-0.002851799935496953,-0.0030794215642389543,-0.0024285537811439273,-0.003686903591714674,0.0035709925594915592
2022-07-15,0.011347592625105422,0.00405928693164399,0.014496734030443204,0.007506768453224969,0.00266053367783605,0.0027308922668477014,0.019105254743562172,0.012763656829785405,0.01813912291991504
2022-07-18,-0.0006147874910685983,-0.0007610091292081049,-0.0065308336434881705,-0.0035458176169955048,-0.0009432300411310904,-0.0009651129258277149,-0.008256980987432105,-0.0061193243314972955,-0.008462818256623428
2022-07-19,0.017524376725904157,0.004211698208839262,0.023641819092615847,0.01585859549199906,0.001657742390130403,0.0019087314931389228,0.027019170945884463,0.014319488747112932,0.03075339134708921
2022-07-20,-0.0019979684648740504,-0.0009802592807130084,0.0071552014848829185,0.0027693219760869213,-0.0009522157460800376,-0.001088973088924972,0.006373062596375378,0.003473394940424285,0.015856631486376838
2022-07-21,0.009987893399179609,0.005952859919352873,0.01263752598443629,0.014229817030946135,0.005410884519441261,0.005567120808155037,0.010183259261027588,0.010655360474997402,0.014355005130108012
2022-07-22,-0.002747428695525459,0.0017201452598759165,-0.010408491816842502,-0.0072837491621345115,0.0029604744131414146,0.002955697914578913,-0.009278100298786729,-0.0011344003639884347,-0.017535272703126714
2022-07-25,0.0018787355223404132,-0.0002751839621028708,-0.002359001433789112,-0.00416728402173681,-0.0008290312884435446,-0.0008274728204699704,0.0012148681167207798,-0.0006806123919198534,-0.005695516667243661
2022-07-26,-0.007541939011896947,-0.002561405724522035,-0.012938031172265479,-0.010093287551118612,-0.0013312427479692226,-0.0013256195269107426,-0.011830999475381798,-0.006985430027547375,-0.019649409890093117
2022-07-27,0.017716534095401002,0.006660345781642439,0.029431464213466395,0.025509877127006662,0.004276446704879044,0.004411696879276615,0.025966428829801158,0.016398035678833956,0.04226037505745217
2022-07-28,0.009665657163895232,0.005291356013291397,0.0113476664621611,0.011016282813821136,0.005199914200322666,0.005541709926411894,0.012542314447365976,0.011499036366381783,0.009777815416198266
2022-07-29,0.007867371898163434,0.002426397935802507,0.013803413753529805,0.010292399280991007,0.0012841540983460588,0.001359610352592294,0.014578678983015791,0.00899423901897449,0.018236903627687262
2022-08-01,-0.001341949719163549,0.0002216644685679605,-0.0003562325266347253,0.0026027071611627022,0.0006019517057604897,0.0005938406491738624,-0.002961075553763237,0.00047433599457847995,-0.0006022520595055925
2022-08-02,-0.008435804838985605,-0.0059929981632224376,-0.004994590655618445,-0.004497629702349393,-0.005763114933661032,-0.005832029416270092,-0.006597291925866,-0.009431347757029616,-0.00298149945184778
2022-08-03,0.009380991838482738,0.003495164480889228,0.017867288880299724,0.014537301319531794,0.002210202668978285,0.0022404168849505844,0.015659395067579185,0.01115894924864537,0.027232429180924722
2022-08-04,0.0045276977098741115,0.002963159597074674,0.00477619416518498,0.010678461701108637,0.0028599849199024145,0.003026994532218455,-0.0006756989321667906,0.0015506206952590196,0.004676609863587533
2022-08-05,-0.005569917792320275,-0.005636460201050403,-0.0061857328622519775,-0.00973478893377716,-0.0057650236353533535,-0.005770887246902478,-0.001689960936942847,-0.006657851751033218,-0.008169059208164575
2022-08-08,0.0028756229105959563,0.0021407590763236417,-0.00018921640985343054,0.002713312629140808,0.002344535997032987,0.0024926660900524045,-0.0011609414733443346,0.0015597481583082982,-0.003232307586631289
2022-08-09,-0.0021080363549140337,-0.0014157321524541047,-0.005645701502149852,-0.003971547264760296,-0.0010460848044830822,-0.000930423496828301,-0.003970997510917451,-0.003585213746492978,-0.011318624983943426
2022-08-10,0.012557271326109287,0.004382144670157073,0.01904628393172847,0.014553970146732542,0.0026280820955206785,0.00268621006562908,0.02100393810599477,0.012808724077772338,0.027911053945897324
2022-08-11,-0.002189259892537887,-0.0015121847163690218,-0.0028066835514000935,-0.004381190033959877,-0.0015198469159425072,-0.0015445815738476117,0.0,-0.002623132440196791,-0.005676245853797224
2022-08-12,0.010190713628844883,0.0038072262177482694,0.01643779692291137,0.015083912303257736,0.0028341891658103663,0.0030738961738688213,0.01692900086158855,0.011829110706584394,0.019470591553605754
2022-08-15,-0.0017192285222496317,-6.682482760335967e-05,0.00241633457136783,-0.0008123563075954562,0.0001870527109422117,1.6291796355447166e-05,0.004120611733640311,0.003754528434349746,0.008081309776498458
2022-08-16,0.00017551333404795585,-0.0005535527610426639,-0.0004963939066212527,-0.0020936577540535866,-0.0008133355635824111,-0.0008398400526126136,0.00195883474430536,0.0007440709684666234,-0.0023418620434974002
2022-08-17,-0.006776256478199429,-0.003311546791768784,-0.008722581686932816,-0.009334348206770121,-0.002751448639351131,-0.0028459106095679344,-0.007098000598015686,-0.006958289312097948,-0.011406115852484966
2022-08-18,-0.001685676353933969,0.0004550336181087183,0.0016455116704042344,0.00029212018245342074,0.0007236833312146695,0.0006032410668996281,0.002906306488401178,0.002529227343305041,0.0024051283229067355
2022-08-19,-0.01138826885521544,-0.0048364977311245085,-0.014720073303753672,-0.014388213866016922,-0.0036599114544537386,-0.003795027641887541,-0.013438052404489698,-0.011557865730931226,-0.019496990535571634
2022-08-22,-0.014342927992084429,-0.0056500936594680775,-0.020309956767227234,-0.018006921673779555,-0.004138589661260452,-0.004356002157281794,-0.020822433882141778,-0.01440496239111263,-0.02632755476354587
2022-08-23,-0.00039085196421914247,0.00013124965018051344,5.1768782957062306e-05,0.0025148639916074337,4.5732536828546475e-05,3.973816905506038e-05,-0.002419141882753606,-0.002431335569991166,-0.0008270235239148382
2022-08-24,0.0008883936347515015,-0.0006194806971013902,0.003030301027159986,0.002919536637557231,-0.0007748465418192338,-0.0006606061632956294,0.0032011236923306097,0.0006201622655852466,0.0028974266900319012
2022-08-25,0.010878964004175281,0.004281013369358017,0.013371498090056357,0.011404610248911259,0.003102030684383734,0.003221740517270523,0.014117660826925782,0.011087987616273578,0.017681852660734743
2022-08-26,-0.020568359494608907,-0.006764187441975016,-0.03249765546288648,-0.028708656930535925,-0.0041917113947444636,-0.004536148889035187,-0.033849269993055264,-0.021069036450630383,-0.04098808561731715
2022-08-29,-0.003937076750052358,-0.002088566615595058,-0.006467659622149335,-0.005319524073301446,-0.001858914069007035,-0.0018861076768817689,-0.006612191218601127,-0.006243253481364069,-0.009855937042561158
2022-08-30,-0.00829319252009124,-0.002987104614927382,-0.010513719372398804,-0.009918146026650636,-0.002143472736478726,-0.0023491726407854816,-0.010977869835386511,-0.00671241280043256,-0.011136147189241163
2022-08-31,-0.005176381517947897,-0.002154419348425349,-0.006921272844652219,-0.006647784112620888,-0.001720908267465174,-0.0018427879768502244,-0.007608972625788524,-0.006216133521396304,-0.005813497001164403
2022-09-01,-0.005719278114363796,-0.0030389634431545512,-0.00032020678416808736,-0.003586855660096883,-0.0025808007967746153,-0.002643875147168048,0.0031379124870165587,-0.0013275434596083599,0.0004341005546339982
2022-09-02,-0.004554801645686988,0.000647798903452699,-0.008128058202639945,-0.004183510732248863,0.0016905355847131823,0.0016482415228458967,-0.010544442877673199,-0.004084665645841419,-0.014127867336208855
2022-09-06,-0.002480320078024612,-0.003160096589008427,-0.005534536621165603,-0.006592636554972955,-0.003251943650964358,-0.003187796364348657,-0.0037731977153299123,-0.006749886398651313,-0.0071827143121675485
2022-09-07,0.011561312947925478,0.005042987640107761,0.017273070872568186,0.015790861551431303,0.004136987102209959,0.004369515289246701,0.017964905209541637,0.01336990879561146,0.02020157456763494
2022-09-08,-0.000820583776486641,-0.0014201182158440858,0.0034913806119914806,0.00029373774368587636,-0.001598640935766238,-0.0016248196519747435,0.006536143393045313,0.002447777394988043,0.005184487833143958
2022-09-09,0.01332294283951585,0.0036860313775375353,0.016003264796106365,0.01573969897403593,0.0017194790027770246,0.0018820856056336321,0.015535449701073567,0.009355447553181628,0.02186204124260538
2022-09-12,0.010001953587825772,0.0029221714089991144,0.010081621432777133,0.009455709662635859,0.0014563906881778677,0.0016053442830238854,0.010747649938813053,0.00553379517441519,0.011885766082308624
2022-09-13,-0.029009890969828783,-0.011734848751887147,-0.04205848153153983,-0.039993217747078896,-0.008427512483795066,-0.008807753025730301,-0.043482443542881666,-0.02859923820781467,-0.05483660840518367
2022-09-14,0.00066824184231913,-0.0003109592639526265,0.003898322208405477,0.0036347375010172744,-0.0008328745112411994,-0.0009589224153264632,0.003815845961892217,0.0024834365775538536,0.007933112401231845
2022-09-15,-0.011211646247332972,-0.004756521967791442,-0.014944256300248223,-0.017387159068674694,-0.003941105068679682,-0.004298025553111824,-0.011353475850277683,-0.008173130133136093,-0.016653629774323386
2022-09-16,-0.003331351959781623,-0.0005569293807804822,-0.004382650751088067,-0.0018964259868849858,0.00022879093962204842,0.00029480945203303057,-0.007628769928479939,-0.004221992998481323,-0.006114950706591182
2022-09-19,0.0025334561253325004,-9.779904306541208e-05,0.006353041494987345,0.005230503906122848,-0.000733533244825398,-0.000706642748832324,0.007754857696448125,0.0034578627882567246,0.007787366336552193
2022-09-20,-0.011100372456348559,-0.004298548616331976,-0.008918459359477285,-0.007149662683593107,-0.003330832205556966,-0.0035531340461271415,-0.01147845649971313,-0.009350232338636664,-0.007971122556814536
2022-09-21,-0.009388412858773223,-0.002881551157793265,-0.013164899197590754,-0.009714388675336407,-0.001456762089883787,-0.0015025867865889708,-0.01744393067114991,-0.008776818488981064,-0.01790586606293565
2022-09-22,-0.006939771337972663,-0.0044862011338643835,-0.00834155632901322,-0.007984716006893135,-0.004266201905822894,-0.004280537584769522,-0.008399606004974802,-0.011133685370820122,-0.012307771651527633
2022-09-23,-0.02006596637147931,-0.007048782440886764,-0.016676016211407498,-0.01665113911919696,-0.004453550192173315,-0.004758063172525206,-0.016754872583484737,-0.009413084717890133,-0.016281622713046673
2022-09-26,-0.012757679978568118,-0.0067879999169021595,-0.007977506362841235,-0.006919102427991989,-0.006262440391523728,-0.0065199252000746775,-0.00989257809428934,-0.012670329552433603,-0.004137888795443745
2022-09-27,-0.003771869141356004,-0.0016401606095450335,-0.0004299153177484277,0.0010100640498157724,-0.0014518161553230663,-0.0014926377307866515,-0.002552864634385865,-0.004308200651739088,0.00040123767529509635
2022-09-28,0.018300644650032075,0.01034384044393756,0.019991846906631684,0.02022277653140748,0.00936261559599729,0.009634051526355571,0.01967636501913117,0.02084337252126381,0.01989206333665572
2022-09-29,-0.013708574234097222,-0.005212275137010314,-0.019756615452304074,-0.018236511852215035,-0.0038155092025214292,-0.003976576367943335,-0.020888995683493228,-0.014227039685196962,-0.028827770102953787
2022-09-30,-0.0031742266207948583,-0.001704515980214938,-0.012770898014144286,-0.010544984214309973,-0.0011203667199401158,-0.0010204836837076727,-0.015463582774395523,-0.010132848911044757,-0.01695660209592098
2022-10-03,0.018831088037735286,0.008415286743464055,0.024801023809695146,0.023783772560257276,0.006853535098299524,0.007225180368373153,0.02640117698119515,0.020334012834485347,0.02346038724160504
2022-10-04,0.024552740845739482,0.007996252241755035,0.027601174851096165,0.024922158092495872,0.00479491047856913,0.005109105354486226,0.030986648991572663,0.019011686261994346,0.03144062479579479
2022-10-05,-0.007389015332326296,-0.0037228500561804255,-0.0023000506234416773,-0.0024189051946230293,-0.003420448730105544,-0.0035820826221437093,-0.0023282828669367595,-0.005236261994074095,-0.0005314184841924696
2022-10-06,-0.01161452272885624,-0.004676654368886575,-0.007420461296657382,-0.005337647080835303,-0.0036015733986475475,-0.00376271338499758,-0.010315693128437275,-0.008366643521843443,-0.007873120484475193
2022-10-07,-0.0171644602721618,-0.006464325856830987,-0.028324959517027837,-0.02786122643838632,-0.004645345039090498,-0.0049155648055505576,-0.02789385636334385,-0.018550234342966116,-0.03810418659055215
2022-10-10,-0.008146619871479355,-0.003607111530528395,-0.010123710840567401,-0.01194644142648782,-0.0030338744261508843,-0.003278203703197091,-0.007635309007192781,-0.00695781836016085,-0.009996188897825276
2022-10-11,-0.006306380612660565,-0.0015194810487160703,-0.008444828970066575,-0.009442790968779502,-0.00013149861897436042,-9.657479931592787e-05,-0.006332998686261027,-0.0027818080966592377,-0.01373827384307802
2022-10-12,-0.0005215195554403202,0.0008451709128062933,-0.00039055527724029117,0.0017664641095415943,0.001028982069025216,0.0009942843838078072,-0.0032986760012650995,-0.00065585386700877,-0.0003422738807090653
2022-10-13,0.013187734049121214,0.001766460173463602,0.018512098867833296,0.012157620557730196,-0.0006563636393787949,-0.0005564254381479117,0.026391288505775545,0.014027637211774462,0.02345200392167457
2022-10-14,-0.016356908162269323,-0.006071610859692337,-0.023666520012519215,-0.02363701703752534,-0.004373845786428673,-0.00468923210580654,-0.022788660079027134,-0.01596302748654904,-0.03005711797465016
2022-10-17,0.02132552793561995,0.007271579162298529,0.02407375983688155,0.021898106389364565,0.004692302490524192,0.004975591904942973,0.025696942047988225,0.015816411913868417,0.03302146606220302
2022-10-18,0.005956458848243257,0.0023837600008592436,0.008343043107123499,0.0058231359990228125,0.0017921103315015217,0.0018832417029764786,0.011749396446817162,0.008110738841587537,0.007907830495874402
2022-10-19,-0.011692663826496152,-0.005887610795998812,-0.006928943201723069,-0.007165187873815933,-0.005290125980640336,-0.005584130772778301,-0.007086386746465667,-0.008413573076097202,-0.0036468183659311704
2022-10-20,-0.002400749647750999,-0.0020629342010490773,-0.005759298345854074,-0.0038399722822192585,-0.0021364167633809877,-0.0021459526588702158,-0.008385404845943412,-0.008028866248540826,-0.00510191350348721
2022-10-21,0.014365600383999309,0.006566769064480387,0.02270970545505536,0.02142831731132412,0.0050243024799827025,0.005255921487488484,0.024301524574910527,0.01565115466747471,0.02344797684069011
2022-10-24,-0.0006979637493453952,-0.0005895503779370196,0.008768247651242381,0.005900549647083505,-0.0005931896998004767,-0.0006278428458618034,0.012236686547038689,0.006998762713698284,0.011001442601970668
2022-10-25,0.015700677973736355,0.006481772814827566,0.015274559285504224,0.014154332594805419,0.005236231440315535,0.005497368002428022,0.015968524802896233,0.014624853209381606,0.020686011437002882
2022-10-26,0.002462179961687846,0.0019146849050451146,-0.01083655703580727,-0.012116502052233137,0.0018465965633274995,0.0018917595634550537,-0.00753427465770018,-0.002693058311751404,-0.022096742556979354
2022-10-27,-0.0038673206937786847,0.0005880975205479222,-0.0097749524265256,-0.012255505745045733,0.0016705559822518912,0.0016053812895501225,-0.005339868234001566,-0.0005433677563728696,-0.018206130090461792
2022-10-28,0.008698106358828974,0.0011341385026195918,0.019966572113251743,0.015863668023780565,-0.00040771215468939564,-0.0003326071318959896,0.023790616118666952,0.012530417307684493,0.030600892522691936
2022-10-31,-0.00696684253843624,-0.0036138812557216793,-0.009166741060329458,-0.010408132739727464,-0.002920669086605199,-0.002990398098389987,-0.007223111113314418,-0.006194698376433918,-0.0116277002479237
2022-11-01,0.003469379156427164,0.0007765135977530907,-0.003995839672066565,-0.0030164793388191683,0.00029840462087423906,0.0004413985614001297,-0.0043760345342287454,-0.0027687701177363773,-0.010217652812285705
2022-11-02,-0.016486060309407028,-0.005716755152486189,-0.025321231341194378,-0.024521044696370467,-0.003788436842735039,-0.004073313365323376,-0.025096103916947277,-0.01611021125044748,-0.034277315520248486
2022-11-03,-0.006003170044868617,-0.0033828871521978843,-0.012689026625418525,-0.01381365030083758,-0.002803173490621612,-0.00281411455608356,-0.010296955336446034,-0.007983519522747111,-0.019534800076732695
2022-11-04,0.023584766340935846,0.008513088962763146,0.01822720915522355,0.021453505432540817,0.005537848927043889,0.006015099365457322,0.01439307521684774,0.007928353180873688,0.016084828153532627
2022-11-07,0.0020293350597687223,-0.00025186557642513293,0.007460394161633517,0.005449324862479994,-0.0009018774017379977,-0.0009290391979423043,0.009565793021365288,0.004494057732505628,0.010994738869639198
2022-11-08,0.008110894269409696,0.004207024930450443,0.009666377084008415,0.01347705543994615,0.0037895323773140532,0.004074479594526004,0.005395183485811694,0.005869161567189529,0.0072873256189947
2022-11-09,-0.01152957645409849,-0.0024998364462406213,-0.018431142279342373,-0.015348797327487444,-0.0005938208423237236,-0.0007687232778683863,-0.02060213602542449,-0.010988014237415763,-0.02307644597319769
2022-11-10,0.04488529003253587,0.019585566131802283,0.05739955095634862,0.054173747123502036,0.0155759824274942,0.016326248884841906,0.05495444954569817,0.04174914057857615,0.07378843921704692
2022-11-11,0.009768158755769318,0.0029293251819970693,0.012591538672537947,0.012943116525362598,0.0012996709636281664,0.0013933475774913745,0.00967840631309036,0.00499133243225926,0.018426244241177114
2022-11-14,-0.00715332494396782,-0.002877737684652368,-0.006477674883514658,-0.004240922371589569,-0.002298104089312962,-0.0024270250725818227,-0.008506698513922828,-0.006088554611481498,-0.00875126705911089
2022-11-15,0.00906415207710347,0.004179372315847954,0.00967154666240128,0.00921128133075322,0.0032684982240857776,0.0033496191778636455,0.008528922193810073,0.008087750599137916,0.013838275425985147
2022-11-16,-0.004103407021144511,-0.0006245612384191721,-0.009011428536330315,-0.008574345604816559,8.937341504697042e-05,-3.544235400604419e-05,-0.0076286589077687594,-0.0016768370728425293,-0.013649391388553256
2022-11-17,-0.0025604955635331918,-0.002278809251970714,-0.003560123693412947,-0.004358495590015709,-0.0025314672293650664,-0.0026356733640942867,-0.0030597867455841588,-0.0045560395559944965,-0.002207214071520913
2022-11-18,0.0008785388973360271,-0.000854475472697325,0.00042747100163286015,-0.002517427051082565,-0.001127383844106043,-0.0010963952992157186,0.004540377481554003,0.001316926240074677,3.5218878196685566e-05
2022-11-21,-0.0046950080503212095,-0.001836504828497225,-0.006717085665631322,-0.00790364766967146,-0.001082084576595047,-0.0011086333410370891,-0.00363617475260114,-0.002438083754237668,-0.010287170763085052
2022-11-22,0.008024472881499255,0.0035058118364510414,0.011395586148990892,0.008891975505589959,0.0025178427867664876,0.0025379178892286154,0.013456971219873548,0.010375928085784936,0.014402749322524278
2022-11-23,0.006776698306977019,0.0032895321230468474,0.0077992916587888254,0.008225077698633126,0.0025404787520128254,0.0025929413139491138,0.006301766389845254,0.005936867459637774,0.010036921998930692
2022-11-25,0.0005252934597977802,0.00022318465333294067,-0.0025880621631284777,-0.0031093808539497045,0.0002997256761134667,0.00035830582197467843,-0.00022388187854704977,-0.00025766090249356723,-0.006578662650550293
2022-11-28,-0.010982305141772954,-0.003475005916855954,-0.013849901423128471,-0.01199064274653206,-0.0023388187930892474,-0.002648739566749418,-0.015957013362102312,-0.009468128154642942,-0.01467301898125184
2022-11-29,0.00439184549768401,0.0009322455294231117,-0.002757968376505356,-0.0020256808735919954,0.0004692671236831052,0.0006771694671682448,-0.0017174002259395804,-0.002719453716524329,-0.007569721908191052
2022-11-30,0.021535172944558634,0.009616273171413095,0.03341407028015424,0.031040395810657557,0.00728100251192796,0.007532052425948583,0.03150061144404326,0.02250285625808768,0.045585556909246705
2022-12-01,0.004905504258525528,0.0042047881250580925,0.0038089650110597786,0.008067918912986326,0.00435986315959927,0.0045141903167948165,-0.0007360661866679941,0.00386305123409346,0.001227412227722935
2022-12-02,-0.00035127736204288937,-0.0001300414901320312,-0.002758164263638745,-0.003573711508597173,-0.00019216339205060796,-0.00026492797081077734,-0.0011536726350145354,0.00011140599609097649,-0.003983268590989519
2022-12-05,-0.0126964071871205,-0.006993531779604478,-0.01733611481356107,-0.01702005576342023,-0.006238503305116084,-0.006519730069398278,-0.01798907460881327,-0.014862459499390563,-0.016783474180971147
2022-12-06,-0.004926298896228424,-0.00030386295526099944,-0.013560370961886604,-0.010655703466125092,0.0007299016715560833,0.0006590469630334009,-0.014414876896203244,-0.006193411284732275,-0.02072059339074206
2022-12-07,0.001107822928757478,0.002530168572117845,-0.0004890975321474489,0.0015415745309156023,0.0031268314106590775,0.003197947047046174,-0.0017010884827993733,0.0025308266619638114,-0.004082529644128474
2022-12-08,0.004118870260742202,0.00025087777483134843,0.008026601712695758,0.005003780599894148,-0.000574324779639368,-0.0004770790933610325,0.007833778889624776,0.0024260302216199126,0.011834858021692485
2022-12-09,-0.003305111840373977,-0.001906041481237535,-0.004843978915274383,-0.0005480521789213507,-0.0015644474557977076,-0.0014970486579120206,-0.007470155475602258,-0.0074446535229860155,-0.006376689700573701
2022-12-12,0.002929651981817962,0.00024020742215582114,0.00912805690600834,0.00027402288301104234,-0.0004195061211331989,-0.00045795951641884234,0.01441715474934191,0.008128979879029143,0.012551372257219473
2022-12-13,0.01129264574249653,0.0064253557460353045,0.010720911180130778,0.014453035861722936,0.00590786838978985,0.006187036850955813,0.007569910977531125,0.008134680843886497,0.010750106794212844
2022-12-14,-0.0021614644629840197,-0.0004201913529646286,-0.006019598090871336,-0.004493081030981885,-0.000164811391985415,-0.00025920646719125514,-0.006393414741236447,-0.0028014019466013574,-0.007413840251033865
2022-12-15,-0.0174545833264231,-0.005700289427745135,-0.026512791002388056,-0.023459406702010015,-0.003292902169610165,-0.003614191762894681,-0.024461861814832786,-0.01401627506734722,-0.0335764613035856
2022-12-16,-0.0072637034361219665,-0.0016937666284746443,-0.006780390980330289,0.0012634291687959637,-0.0007943682662113408,-0.0008776536022981369,-0.011806066503641799,-0.008076881884120988,-0.009534501669511197
2022-12-19,-0.005237913927431207,-0.0030829081707975893,-0.009541534020375464,-0.007353826505694566,-0.0029357171574976816,-0.0030156665439598053,-0.008479701783769333,-0.008331408080702438,-0.014053564909533356
2022-12-20,0.0015861198460548627,0.00027445217209822863,0.003645148832133665,0.009628215182211053,0.0001323849998174996,0.0003584116982680124,0.0013685677002361896,-0.002119678935827876,-0.0007783291889855715
2022-12-21,0.008055676886066702,0.003163082718138683,0.011322080242920137,0.004757944939652084,0.002033817285026968,0.002049848468644179,0.01495228204394361,0.009435482790654818,0.014506010351572174
2022-12-22,-0.009284314554122167,-0.003580442066596361,-0.01785076417012406,-0.017046062118257287,-0.0024551037603203936,-0.0026337202926141755,-0.014266196014355526,-0.008697820561369656,-0.024465331735949114
2022-12-23,0.0022928765379824616,0.000107803892792929,0.003807911922321311,0.0027004141334648593,-0.00021232449560344742,-8.575310650226758e-05,0.0057523750008299235,0.0016166299353615524,0.002249207834072564
2022-12-27,-0.00011241248060184136,-0.0012861950566299039,-0.005387254871968497,-0.0005408160306957562,-0.0014802594375764764,-0.0013195450420189609,-0.003943361586028038,-0.005714218049665759,-0.01413808132518668
2022-12-28,-0.009284659810692838,-0.003218861775736518,-0.011071671799800615,-0.007915872428682157,-0.002183456769502135,-0.0023569639397977063,-0.012428070431520943,-0.008427932941232848,-0.013202898041649314
2022-12-29,0.013155301108123806,0.005051280848949154,0.01786053552362686,0.012921400617533798,0.0036481597991422764,0.003847567396126749,0.018000289831288097,0.012748734304751192,0.0243754085095349
2022-12-30,-0.004687072427708692,-0.0024337877935263195,-0.00031886824687607827,0.002596377717103923,-0.0018966410688706862,-0.0018499349503598443,-0.0026339522333939103,-0.0032410893395167385,-0.0006007975690104361
2023-01-03,0.003670282979099754,0.0025337360424913823,-0.0025739335005103025,0.002422086142541456,0.0024776839692406826,0.0025560570936035507,-0.004209841687731641,0.000579045958021403,-0.006759670080335178
2023-01-04,0.013542043962470518,0.005709993682595199,0.006929263686385395,0.007601329114393703,0.004449273632447044,0.004693929259519504,0.00772013210459388,0.007698343870196702,0.004764089802367977
2023-01-05,-0.009497377982035171,-0.0041421100127393305,-0.013277676857930142,-0.013695658515665591,-0.0036244557920916297,-0.003960150016386605,-0.011413528537573159,-0.007417671213323883,-0.015654378500785437
2023-01-06,0.020490849516911852,0.010189444846827156,0.02384190523388235,0.022155479027469036,0.008505494087477538,0.008837753766809193,0.02293213558680507,0.018876506864524377,0.027601247516705563
2023-01-09,0.0036678335922655735,0.0019915397951590103,0.002759603543997286,0.0038931863212025254,0.0016000044463635788,0.0016065682213729797,-0.0005668920686473511,0.0006783744627536183,0.006473629873980924
2023-01-10,0.0034949781723918605,0.00016571864262537872,0.006540008685572474,0.004488170087137089,-0.0006020206245120896,-0.0005028486742566507,0.007012957894452887,0.0016905854017641442,0.00846425658645411
2023-01-11,0.010201238522360356,0.004205491141406344,0.010890940019233422,0.005120236406815057,0.0035340534139472043,0.003747349420988447,0.012647788056307618,0.01017958785482399,0.017300256822735838
2023-01-12,0.008399262232943686,0.004988242241310213,0.0064800925590135445,0.008447546431930637,0.004624119414682723,0.004800350858098289,0.0036408045800346844,0.005728560321169208,0.005404587615330136
2023-01-13,0.0031691325157337112,-9.254203158926556e-05,0.007279728484878784,0.008913838290528565,-0.0008369160192391884,-0.000679632696373392,0.0038793938986052545,0.00022878677457053784,0.0068804257083270315
2023-01-17,-0.0012748370999940111,-0.0005253427007851273,-0.001555107134642774,-0.0043166836751302035,-0.00044876360802608496,-0.0005136658209182668,-0.0018319600390721558,-0.0023447113475082255,0.002028498388618072
2023-01-18,-0.0051195943065595675,0.0007099279358834954,-0.0111775712838841,-0.00793285260946892,0.0018772960764101452,0.0016466007502850995,-0.015787857754922308,-0.0042147280785486425,-0.012999933343328163
2023-01-19,-0.0005831106272826596,-7.170455987818284e-05,-0.002010151951807161,0.006266226795350759,0.00022462946999441465,0.00040355066670596764,-0.00727974271061349,-0.005121642177791985,-0.009824155337697205
2023-01-20,0.008257720833063278,0.0014877313599210976,0.01604483713092024,0.006142915606529435,-9.665353470665029e-05,-1.8498878767858975e-05,0.018628942376418767,0.008471606713070704,0.027366614266898903
2023-01-23,0.005676221429255459,0.0010239497627810104,0.013389720460635161,0.006814729450693495,-2.0297786710025377e-05,6.507732541439788e-05,0.011998710102900878,0.005963299082908308,0.022216002495830667
2023-01-24,7.969474365850024e-05,0.0008051291137492559,-0.0002089820473843212,0.0016211494876572016,0.0011910695534937893,0.0012318607548993748,-0.0010734301792406642,0.0016131507800609002,-0.002041885020091949
2023-01-25,0.0017703447336376104,0.0011407563368884802,0.00045778647809481256,0.002669775680597162,0.0010503319100835678,0.0011004021538148178,0.00037479713145871507,0.0006633235304661212,-0.0022191355252053624
2023-01-26,0.005035724340858787,0.000729122390691276,0.009022003431825274,-0.00021983413043173488,-0.00033271518383974825,-0.00034876686044718695,0.010990436344002541,0.005226499854521363,0.019497241634029105
2023-01-27,0.0008881789373017235,5.982530613519825e-05,0.004460336723253001,0.0007549963622399547,0.00010500676793206304,0.00017642074447915616,0.0022977304348850147,0.0008074584495788385,0.009954431932652996
2023-01-30,-0.009225369190483897,-0.003883661981829646,-0.013076722511177946,-0.007324828712303907,-0.0028048372983055228,-0.0029057078985455357,-0.012546831957661042,-0.008872541698082444,-0.02021876248546728
2023-01-31,0.007877976256997892,0.004067416013620303,0.011863730689429742,0.008200495301646111,0.00362382786195678,0.0037799259646850466,0.014703253678628903,0.010920671300982872,0.014986255019250994
2023-02-01,0.01010270490123359,0.00517973350530433,0.0155708977108759,0.012668012323506896,0.004283365700591219,0.004439614232729668,0.010627752840182358,0.00928732693414119,0.02138358271588192
2023-02-02,0.005107414083555284,0.0010532509543708403,0.014051463494069936,-0.004398554504554281,0.0001769864443880086,7.255381771080173e-05,0.014557068797150574,0.008732435235638472,0.035889741228589456
2023-02-03,-0.013546804835516726,-0.008005715750832292,-0.01730040910524865,-0.01951762009922515,-0.007428847243909166,-0.007798981272685624,-0.010628956706208559,-0.010670014693599827,-0.017772420611387618
2023-02-06,-0.007591323676215417,-0.004777960400999957,-0.005030757925456316,-0.001614228326047325,-0.004095094601874513,-0.004045505782758445,-0.0061114945042018975,-0.007079675631785402,-0.008459068515879076
2023-02-07,0.005733739602566274,0.001964606635615593,0.013193952009442934,0.00672853655200321,0.0008666068031406919,0.0008596695283150167,0.013078532872222937,0.0070944088293258805,0.020718610440589202
2023-02-08,-0.004054184805075643,-0.0007121317637777558,-0.010460808574280885,-0.003850009120907586,0.00011552053362634098,9.319621301616266e-05,-0.01093460031074378,-0.005353356409420576,-0.01778097503776488
2023-02-09,-0.00291109837009651,-0.0018974935052907815,-0.008735487542476328,-0.008810226765455287,-0.0020928168795849578,-0.002250227294158691,-0.008669224521750118,-0.0070295834863959294,-0.008837833588786204
2023-02-10,-0.0031431066111070943,-0.0016726224387965932,-0.0013096152888182192,-0.0009023655891013172,-0.0011986134183348946,-0.0011229428789282317,0.0023335661057206636,-0.0005366543310143812,-0.006563322953495376
2023-02-13,0.007782212492635488,0.0027400713020287134,0.010064314012640432,0.00391796121612137,0.001521765814247122,0.0015073029628343774,0.011739073432605052,0.00799893431995043,0.016016186564889123
2023-02-14,0.0004075718769230879,-0.001421346747835951,0.0029206201112487785,0.002867150031003313,-0.0020099732316380377,-0.0020073777215480525,-0.00046028604851988675,-0.002075051829934244,0.00738901605742992
2023-02-15,-0.001291248528356263,-0.000901873963500662,0.002413996401117943,-0.002439597154382492,-0.0009138516643412435,-0.0010073556284678623,0.003247445298318441,0.0007739832646048688,0.007660935125139545
2023-02-16,-0.0060139868448332474,-0.002161485923347699,-0.013263125484972296,-0.008493606067301205,-0.00144839418522313,-0.001521630029508349,-0.013768753783681031,-0.00964479425597778,-0.01876427824253013
2023-02-17,-0.0010712795283076663,0.0004603632323627954,-0.0032467134609847955,-0.0010657530612865813,0.0008201274970837235,0.0008061802554807987,-0.0024983076864963927,-0.0003908762161787002,-0.007055536940689167
2023-02-21,-0.012287284390857755,-0.006080775535821092,-0.018265600494495087,-0.01236221913150444,-0.005027659036327655,-0.005152221197969247,-0.020060951744074518,-0.016407825370121486,-0.02367521970897868
2023-02-22,-0.0037079981866648282,-0.0008974344643963159,-0.0013878735445956517,-0.0030083581037411346,-0.0004779244459143116,-0.0006313528303805433,-0.0013780517223560551,-0.00011180243625074288,0.0007484085583420175
2023-02-23,0.004571037328976565,0.002119715444876729,0.005507292239752118,0.0032502488538348633,0.0016631964594122704,0.0016864604162302303,0.005319271066065001,0.0047388324246611085,0.00873369662465806
2023-02-24,-0.012575892203286462,-0.0059112598690433645,-0.012412254707233752,-0.010820994079869927,-0.004674180429211991,-0.00483842056597539,-0.0106823922042254,-0.00882389644549543,-0.01674387605076544
2023-02-27,0.006011387902368671,0.0027732764345537162,0.005005265023694246,0.00495102253835222,0.0020349994876509574,0.002072332165607879,0.003405924718852704,0.0032596605529777644,0.007161332882721361
2023-02-28,-0.002796467162507697,-0.0008264583263071111,-0.0010835342922393824,0.0016467327742552581,-0.00019220518593130416,-0.00014405961505186394,-0.0036958704763234707,-0.0015788928024473077,-0.0012930144449184722
2023-03-01,0.0006486090103373791,-0.0013002096698323756,-0.0035782274373359064,4.601469637264382e-05,-0.002030552488887225,-0.001986008731509102,-0.003835862826502945,-0.0055134301474897745,-0.008039132044740271
2023-03-02,0.0030936507289966025,0.0008126154962867755,0.006274897052690246,0.0033094486342223222,0.0004042532720678491,0.00048622183540506555,0.0077771332181988395,0.002993017415839006,0.008275888204479998
2023-03-03,0.0113834308549198,0.00492388414762311,0.01681064539114836,0.014656510495540287,0.0038774501568035677,0.004088806645963015,0.016037928801620804,0.012846960298839857,0.02067411721986634
2023-03-06,-0.0021028827859612895,-0.001243260759470905,-0.00028238656249692315,-0.002312642858201557,-0.001195094559783636,-0.0012753873975536885,0.0006926409941987455,-0.00029295698651460365,0.0011342666275540036
2023-03-07,-0.013913022640659353,-0.006099401436415096,-0.014532618497557933,-0.015473493493207575,-0.004797932942886011,-0.005160087801760432,-0.015328570681601983,-0.009201385920597199,-0.012265896549560007
2023-03-08,0.003295263374708181,0.0007109417898624237,0.0025612860899702997,0.0016193202744478501,0.00031591020922691127,0.0003997187255274838,0.001631857246834345,0.0008513796560118394,0.0049943641540208805
2023-03-09,-0.008934927178822823,-0.00026736233418992627,-0.012378135718304433,-0.00261476813337941,0.0016036473289797488,0.0014939998020277775,-0.018449814257882058,-0.008578891539887801,-0.017326048673629746
2023-03-10,-0.003798921627979269,0.004072545784529872,-0.006966635833887359,0.00559915445230309,0.005736855689020026,0.0056373947116521205,-0.014429412376586792,-0.0010869075596504681,-0.014043467525686304
2023-03-13,0.0053835372206718635,0.008858733078881631,-0.0001555113538961317,0.006012781658364608,0.010237177365743477,0.0104148836028215,-0.0014251992978302486,0.003965966110839325,0.007416306323582145
2023-03-14,0.006688001188783937,-0.0009117564857686446,0.019800863598432396,0.010413299345605078,-0.0027344053721102416,-0.0026381538069463837,0.01652991988479835,0.006057667794633743,0.022979940099982166
2023-03-15,-0.007452583339856325,0.002135609436779429,-0.008146630265600842,-0.0006632405848515078,0.004819800071713668,0.004759166068942396,-0.006254159393343617,0.0019657467412744424,0.005245746558107722
2023-03-16,0.00844009222697122,-0.00019813970285869584,0.021141244147656866,0.013844669662047362,-0.0024231777933127795,-0.0023068965759776715,0.017545204984054985,0.0068783835442244685,0.026361122834372974
2023-03-17,-0.0032684425425536525,0.0034385511868965137,-0.009600971485506414,0.0014337673228787115,0.005218701341219648,0.005304506441788039,-0.011692799243699814,-0.002388345235423016,-0.004726285231862359
2023-03-20,0.006936065141119925,0.0012747516656298964,0.008953943744730826,0.006040160822588421,1.8709894055364708e-05,0.0001433860820831775,0.009615783045887172,0.004140059097984476,0.0035489899762777277
2023-03-21,0.003973621239545509,-0.001960237000557038,0.015266377901215792,0.003409508135202242,-0.00401189438433258,-0.004197050914183243,0.013130402310727929,0.004442032679548333,0.014282172731107767
2023-03-22,-0.0039316074222946916,0.0029116147646272685,-0.01309239307159039,-0.006378022599307925,0.004130039680707566,0.003959239841321552,-0.017046406557060023,-0.005180042357764976,-0.013597945324184346
2023-03-23,0.00429446007933326,0.0038440258332652923,0.006117747198180223,0.006815431815726201,0.0037744617868528873,0.0038308350541302605,0.002703376509700872,0.003918708454742542,0.011858208260176584
2023-03-24,0.0006879272078992638,0.0001854215468851721,0.0020495299863625104,0.0006983199844152792,0.000374086657229493,0.0003868650879134,0.006562072364794336,0.004052362890028657,0.003680286826231116
2023-03-27,-0.0017294795647826021,-0.004184949089982558,-0.00018449062344694028,-0.0025758152455098316,-0.005027000287452754,-0.005042006162829986,0.0018695698571828956,-0.003793211938579044,-0.006851019117877444
2023-03-28,0.0013149928041890553,3.857748624481491e-06,-0.0028048451694307128,0.0005660947897609135,-0.00020211892515239265,-8.849762119718515e-05,-0.002244393999150107,-0.0015967255831270033,-0.0053117658355229525
2023-03-29,0.008791090289060211,0.0023827376907234587,0.01657771173595966,0.0089945911414618,0.001061894317772016,0.0011664724535513766,0.014534723751379763,0.00809214975788202,0.01823389536192388
2023-03-30,0.008697702421621259,0.0032906375987957937,0.009361327001684483,0.007247014970708534,0.0023295289031827157,0.0025392147111644265,0.005855264134920768,0.004155640995835257,0.00946532777152398
2023-03-31,0.006044300808736065,0.002968455863139135,0.01290279602642862,0.008550196570104363,0.002544010559224253,0.0025895524841761516,0.014094662048820927,0.010722395867367496,0.01663082792087578
2023-04-03,0.0032358417638313802,0.0024095128894982302,0.0017447872880743543,0.004074726488479159,0.0020830865762632034,0.0020839582664529334,0.003810524375116975,0.00416085741454612,-0.002430446649368201
2023-04-04,0.001933371666505162,0.0029170842155648636,-0.003233604428665985,0.0019589935027118973,0.0035281636034960513,0.0037041947963520885,-0.005548158407434167,-0.0008783892719303796,-0.003373387899164304
2023-04-05,-0.002880307054428174,0.00014814268065936175,-0.006417520830181075,-0.0029246329847123376,0.000793746079706211,0.0007046277395912947,-0.002618087295678362,5.6858482034266476e-05,-0.009872497635376676
2023-04-06,0.003276038918787882,0.0007378977423013945,0.005556180543474756,0.0008671217633023185,6.362113163379945e-05,2.2929508264518025e-05,0.003900764513247612,0.0024814404668994307,0.00674223391363471
2023-04-10,-0.0015483656031709567,-0.0034997305516969615,0.0002595044133522788,-0.0017141025046552318,-0.004015875226011696,-0.003985364032677556,0.0010263369624086138,-0.0032509091256882894,-0.0005661393105901302
2023-04-11,0.0016089073716896113,0.0006137963647241655,-0.0020469466838651325,0.0012973371833356932,0.0005577185658930557,0.0006771613640244594,0.0002686936841422849,6.594536008064393e-06,-0.006417497376756565
2023-04-12,6.748725903493735e-05,0.0008244680566398266,-0.0015948238888998656,0.000694145160370363,0.0010791159679177653,0.0010506044630325118,-0.00407607659812681,-0.0012983956539516228,-0.008833834679756403
2023-04-13,0.008566201413694158,0.003756218302545398,0.015519983257233885,0.012723903805853089,0.0021845878105194554,0.002400337786016401,0.0132827198490999,0.006618348418612168,0.019582053840705216
2023-04-14,-0.006436434364241855,-0.004519452469588729,-0.0019277541459924547,-0.007665787044386709,-0.004668216880862592,-0.005026394620167901,-0.0024427680521276196,-0.0034315702452018164,-0.0018799888749285731
2023-04-17,0.0008137041137146893,-0.000988740270056584,-0.0019839008959013074,0.00017930185722253648,-0.0011522254981981303,-0.0009427404988915743,0.003588197378443736,-0.00036600423098696655,0.0008477740874046624
2023-04-18,0.001810313959599351,0.0008321912101036863,0.0032837572343469333,0.002649209463500124,0.0005442285979483468,0.0005831062229431444,0.0006523489722041198,0.0010373231542882974,6.247733366260277e-05
2023-04-19,-0.001524239574376187,-0.0013445903905845132,-0.00022111941351959946,-0.0017039558360556943,-0.0011664603608165782,-0.0011538168532092563,-0.00016921390407342862,-0.0009449211825831041,-0.00047030779390211386
2023-04-20,-0.0016547690201068957,0.001112883239348089,-0.005684689726060782,-0.0013563764833980844,0.0018158267597300566,0.0016773854463842783,-0.005456859814301107,-0.0010150489138662615,-0.007624465832781313
2023-04-21,-0.0011877588098020446,-0.0012107248113409593,0.003532088338913641,-0.0020446383977492264,-0.0014443445576861362,-0.0015643898362667583,0.0007769523733611727,-0.0004964663493516425,0.001043254979153696
2023-04-24,0.0009078573833969296,0.0013860229421279345,0.0010306865426300727,0.001824458514724236,0.0015078360711326118,0.0014654621692330497,0.0010431998886510918,0.0025602132772432366,-0.0020842371565189532
2023-04-25,-0.008399475897861776,-0.0005981956201629791,-0.01781400620375244,-0.00926905770414864,0.001987563048990603,0.0017747116288662492,-0.01587385453338752,-0.005635330524552068,-0.018863907769051447
2023-04-26,-0.0010529373855177192,-0.0014948086398693335,0.0026098798625396025,-0.003609041793851019,-0.002024502418147427,-0.002149039178381966,-0.004235766208624647,-0.00409989554084174,0.006064633936587072
2023-04-27,0.010502354851634466,0.002692716067853194,0.01938382493327934,0.011913616278102302,0.0006045596556485475,0.0009547278684814562,0.019908088622173636,0.009239742340559215,0.027190714048540565
2023-04-28,0.005051142288575552,0.00324850152995636,0.0037541598865034977,0.0055718329860719945,0.002967438871138688,0.0030452066902255286,0.008535261697428576,0.008114292558967276,0.0068987019911921355
2023-05-01,-0.0037786867624520493,-0.003687549795601726,-0.00048826737910209473,-0.002457008056051218,-0.004006360465362842,-0.004041054341082285,-0.0010097821738080937,-0.005282438030768393,-0.0011470363146468543
2023-05-02,-0.004163128096853732,0.0013392564289962964,-0.010893906713088779,-0.0028234112543764995,0.0033499664342225392,0.003287982355096042,-0.01123911221791185,-0.0016699346800752267,-0.008721477852823178
2023-05-03,0.00020565246083993803,0.0019893433309459145,-0.0032065865230007902,-0.0007745579456275336,0.0026797553429526765,0.0026716710225960704,-0.006864108176035999,-0.0015042749598857237,-0.006544058836789102
2023-05-04,0.0006438629317132204,0.0011420156919251239,-0.004561634244642378,-0.0022265350635345352,0.0016605778922174355,0.0018097991356996392,-0.0070830183558845405,-0.004305382150698711,-0.0035297531448665875
2023-05-05,0.008561505346988001,0.0015222826401986422,0.01804427697716581,0.008081815489168432,-0.0008987307603402299,-0.0008403733532637474,0.018512711134329063,0.008829053280923276,0.02125452306630926
2023-05-08,-0.0011271193783488087,-0.0017266180875852733,0.0007887339433738196,0.0003719314206312234,-0.002058102754611684,-0.0020283613533798152,0.00026634087801036266,-0.0022841807922566377,0.002477483252575574
2023-05-09,-0.0034314258866930875,-0.0014783093130507493,-0.006944658967675257,-0.001480520511538681,-0.0006946095453987749,-0.0006361899516894172,-0.004385191312803571,-0.003122282791313269,-0.006333167781059412
2023-05-10,0.003493771127104947,0.0031518552933991173,0.005131083702714569,0.001708003413727523,0.0032603248119025,0.0032465763748766702,0.00467233648392984,0.005790874575262435,0.010881610052882351
2023-05-11,-0.0033800871330634807,-0.0010710202865747975,-0.002537033168120373,-0.00567050919449652,-0.0007000628776827611,-0.001006639694998257,-0.0017439584297256339,0.00043681107012960574,0.003260157838508526
2023-05-12,-0.0035246199097054742,-0.0028319803941246314,-0.00313854664031808,-0.0017797085035315642,-0.0025664433258039943,-0.00253275410095532,-0.0013101958464757368,-0.003190711624423816,-0.003586676406961087
2023-05-15,0.00445892272975505,0.0018457732196112346,0.006100399260795718,0.004670162572764166,0.0007488729146262549,0.0008010841924744798,0.003449884215259935,0.0011842244778237686,0.005414941718943744
2023-05-16,-0.008195863930893311,-0.0046019588066788485,-0.005017290822223545,-0.009459585938683842,-0.004252915962804582,-0.004696362834978832,-0.006682648882489928,-0.005303299386372133,0.0011321887245356876
2023-05-17,0.005070032787414641,0.001268983328944806,0.008406403969332114,0.0057735238118308075,0.00016474072969647487,0.0003270950840271842,0.012139014216607347,0.005994863497173604,0.012104058407271578
2023-05-18,-0.0008807051505094963,-0.0020926963661663566,0.006462914760401302,-0.0007773109582231447,-0.0029405862880872925,-0.0031047373112019295,0.009633320941490497,0.0033689382244282058,0.01857336256371589
2023-05-19,0.0015147805942976721,0.00018383524476721293,0.002949647035143478,0.003939436371568157,-0.00012866093227907103,5.1947837229740406e-05,-0.0014551941612197528,-0.0023651208236471913,-0.002253264492608542
2023-05-22,0.0012833873253518013,0.00015951766636165457,0.0011000602997024945,-0.0010576472321703408,-0.00013721083851864742,-8.164612478765921e-05,0.0004062055724551872,-0.00047494082600655545,0.0033579314017828654
2023-05-23,-0.00793633551255413,-0.00325717155917038,-0.013446370248315886,-0.007306636532006893,-0.0016667502494137078,-0.001799209725531409,-0.011222780531268461,-0.006191103109587498,-0.012676394177505657
2023-05-24,-0.009536939663076323,-0.004992829033811407,-0.01173905452327913,-0.010354660871126041,-0.004050069340376127,-0.004398774879243255,-0.007244976801203062,-0.005398542827489516,-0.005129403600974469
2023-05-25,0.0007105357902471836,-0.001598262063310748,0.008530848544283104,-0.0006318598253615771,-0.0025534003248496927,-0.0026017012575550516,0.008659974205849741,0.002759271477366871,0.02433292430275147
2023-05-26,0.010481260029932724,0.004441696837721685,0.01675369544637602,0.009402959686135033,0.002683667193911577,0.002913002966344984,0.012950537274034613,0.008605755300880263,0.025550391500372527
2023-05-30,-0.0006057211180482257,0.0013509462845901806,-0.00352670137945785,-0.0009085519671253959,0.002445752331501995,0.002472830393724,0.00038109935401298145,0.003284091219893875,0.0045349857326892895
2023-05-31,-0.0035075628604426534,-0.0006877647754150131,-0.009421080830452127,-0.004603613228885279,0.0006036510681185396,0.0006085484386375285,-0.005545151337875809,-0.001896735512588756,-0.005685962749446771
2023-06-01,0.008683962951019173,0.004799041152559959,0.012754848574574668,0.010103443568649763,0.003419709565926084,0.0035330392032281856,0.009500985080538094,0.006858805461343921,0.011552069327979142
2023-06-02,0.006508231578904891,0.0005593306908175077,0.009106911522231854,0.00535646924332114,-0.0013842922423831186,-0.0011966463468413822,0.014461232167525484,0.005685539051750482,0.007499688533515014
2023-06-05,-0.0019170278738840727,-0.0006267598560093742,-0.004258497029532634,-0.0012089676137526841,-0.0001868072784932157,-0.00018643858751970222,-0.0019162752977091024,-0.0012952264131408538,0.0007048310459163432
2023-06-06,0.0034764679222361824,0.001361013158416192,0.0023793909026192917,0.003082785668580339,0.0008676090979360992,0.001012078909581536,0.0021773464180092628,0.0015738759307037497,-0.0001689140153114943
2023-06-07,-0.003431714024933801,-0.0025247409597851885,-0.008521870548899437,-0.0048801565831575935,-0.0020454609032353605,-0.0019843664791852084,-0.003457747662460875,-0.004939106531262415,-0.016965481247245173
2023-06-08,0.006784427504032108,0.004386358954648415,0.011568014429655712,0.008694161442031266,0.0036148360181971644,0.0036977834204541156,0.006048702716278331,0.006309623054148058,0.012413231011965564
2023-06-09,-0.0014364175798187106,-0.0018234096994910601,-0.0014832920134737885,-0.001191662308933695,-0.0021551308270635907,-0.0021952425369929063,0.0017941861416874705,-0.00028434042853138833,0.003822835958349202
2023-06-12,0.00379657015694157,0.0020345571120614636,0.008628518928311735,0.0056955032712966425,0.0013715303349737251,0.001354405533816161,0.009071934145345573,0.0060715520075596,0.016897025576674274
2023-06-13,0.0035420556487202916,-1.0526540498020363e-05,0.007703880711386539,0.00434226206127387,-0.0014375586287431105,-0.0013639405830391874,0.0065929458785491946,0.0011376719380087135,0.0076840069045975845
2023-06-14,0.003399131321333207,0.001272628849445252,0.004137490855749835,0.0026449134432547424,0.0006463600015951254,0.0007188225176186818,0.0011906073192240463,0.0012528457704137673,0.007267427040188901
2023-06-15,0.009294240806773234,0.005794535888348621,0.012797845741569929,0.011661122060984588,0.004673702857214525,0.004784201111823216,0.012397891461691124,0.010569534167856094,0.011915877117915974
2023-06-16,-0.002204440852597502,-0.001937485224923268,-0.003777040175733105,-0.0028931188610267604,-0.001880318797683842,-0.0018622687402535673,-0.0034062139297362792,-0.0037649297021408452,-0.006292841495597723
2023-06-20,-0.007793671275388269,-0.0032697684433738517,-0.005237455586081835,-0.006887915589851601,-0.0020144858308928926,-0.0023576977733432373,-0.005188169228342421,-0.0019671873372500816,-0.0014315345869736484
2023-06-21,-0.003693969662916098,-0.0014893759499139117,-0.007854374155579897,-0.00538982397421652,-0.0008848569012094125,-0.0009940547806141444,-0.005123703466152207,-0.002730129767907758,-0.013627715921412431
2023-06-22,-0.0032322522353229154,-0.002644877029885386,0.005023044384563357,0.0007095317960936183,-0.0030851193142772335,-0.00332472442616829,0.0036095466148653443,-6.947546028636745e-05,0.011798835670712382
2023-06-23,-0.007022457923852865,-0.0022597766456362517,-0.008912879217810284,-0.006181582050708136,-0.000707010054899121,-0.0008975377864350423,-0.007559929709924362,-0.0029414882642060693,-0.009913608732009305
2023-06-26,0.0017029670270282005,0.0013995130357352364,-0.006990207980544508,-0.003917839791711123,0.001982064739952803,0.002210279467011858,-0.004085844742298006,-0.0014781204193656337,-0.013405367737094442
2023-06-27,0.0069219198298525585,0.0018666168350933506,0.012410385752137137,0.007936149610871308,0.00022476702285127836,0.00038486151256397446,0.010963446982159564,0.0051918978667108906,0.01719417101968923
2023-06-28,-0.0004055591830836926,0.0005651408788336107,-0.00029280965483052476,-0.000982414251396459,0.0009724989162499595,0.0008994183824884374,0.0005043978277694539,0.0018960780821750062,0.0019515276515398305
2023-06-29,-0.0009444243247085371,-0.0023839255448953652,0.0003398509573049733,0.0007129796509159696,-0.0026060974958196778,-0.002389125403349749,0.003941313849873618,-0.0016945277555383098,-0.0020026377827072617
2023-06-30,0.00877783959486776,0.004255344808481588,0.013710468276508354,0.011800014601617097,0.002815606999311312,0.0029966063199898013,0.011800644811500005,0.0080171159312616,0.015420249142533926
2023-07-03,0.0017048096833996156,-0.00012607233431152778,0.0005701780176967005,0.00047049253168508044,-0.00047874581793988323,-0.0002962748875846398,0.0011506484844816534,-0.0009950704176161377,0.002355063074293895
2023-07-05,-0.004640201899823438,-0.0026102322148878086,-0.002774482935238379,-0.0032299436057636735,-0.0018252973612809887,-0.0018437722489066779,-0.0014871399921589923,-0.0027755724351478744,-2.7029245811882596e-05
2023-07-06,-0.010348524197873783,-0.005544377020699328,-0.00949758100557152,-0.008264717928193058,-0.003955675308686537,-0.0040753027756199,-0.00783074026161279,-0.007962066049597505,-0.007616073602122131
2023-07-07,0.002451771294826325,0.0016547263432009289,-0.001574288947570685,0.0005166183191639216,0.0013301274462805155,0.001407502246268571,-0.0025245771226781732,-0.0020356983144336547,-0.003320004479794081
2023-07-10,0.002650761260413548,0.002268758173087099,0.0013946194744564053,0.001526438545044155,0.002244231470461265,0.002247198962242586,0.002530966743417018,0.0035616730817123188,0.0003277680379993875
2023-07-11,0.006863574281356635,0.0031835543241384725,0.006273858646025465,0.005946149500591117,0.002300478595799755,0.0025328102872582752,0.006368466628352332,0.004706512740111288,0.004940616811400567
2023-07-12,0.013415896581688177,0.008259354013606517,0.012474165993443266,0.01228066959248916,0.006620467337186132,0.006814708640880555,0.008045925782065533,0.008712374816028646,0.012629826815405476
2023-07-13,0.009757338660472348,0.006246364722780839,0.013036812988105773,0.008954644858497618,0.004951470620978116,0.004971975731996814,0.007936850929299188,0.00806628221459782,0.016978734104269977
2023-07-14,-0.003256292012798651,-0.0031048649685344533,-0.001610601397352454,-0.002044846822831703,-0.003046524433776868,-0.0030382749928880215,-0.0006226669854759725,-0.0023532396317147487,-0.0002110990381591904
2023-07-17,0.000934545347776832,0.0006595432908731119,0.0048337434000429655,0.002241394712126772,0.00039629825598987205,0.0003268118300363807,0.003472073497158279,0.0027479049845132017,0.009338943384895382
2023-07-18,0.0024889589483251466,0.0013525066206195402,0.006988388612950605,0.006508927655005616,0.0010809364944806108,0.0011920148149182081,0.007430644721515556,0.0049222288160539985,0.008180506839335022
2023-07-19,0.002098949342792808,0.0014428260446523594,0.0025979536952119527,0.003916538885529963,0.0015154437961615004,0.001613781452431536,0.002223714253732245,0.0026943973435692888,-0.00023335867026175183
2023-07-20,-0.00637075876845527,-0.0039303703105870325,-0.01127443191742707,-0.004186743891963923,-0.0033542872636493646,-0.003416812008446305,-0.006634435693809615,-0.007148311738693777,-0.023051965453888212
2023-07-21,0.0006644107701416528,0.00038263579234337167,-0.0007696140430253286,0.0005220141457291014,0.00031767018713368765,0.00031891823182398927,0.0,0.00032977457222168,-0.0029991316848406724
2023-07-24,0.0013022718743632257,-0.00018520572319982378,0.0021179268488476666,0.0029863875547454146,-0.0006531243660319318,-0.0005724288233125712,0.004467197978334836,0.0017448818666164871,0.0015972101202648137
2023-07-25,0.001981851455024332,0.0007859856864253096,0.0050623589810681125,0.0036165004233773904,0.0001652663417266164,0.0001991373988716692,0.002730064075543437,0.0009097675614390724,0.00677777260047896
2023-07-26,0.002507694491265787,0.0019787264708954156,-0.00041708941779031,0.0011522824134678152,0.0019792563529889198,0.002063441465961539,0.00015367442594693692,0.0014487925703629617,-0.0033262315627978767
2023-07-27,-0.00976401797709642,-0.006275547433194416,-0.006862025101588068,-0.008977131362898535,-0.0059605062401943115,-0.006357660600741497,-0.006629851355386296,-0.008316667590286965,-0.002384149886350051
2023-07-28,0.009313858540424555,0.00510763795624142,0.012641003180526208,0.009167256634027565,0.0035240834789450315,0.0036381594013952068,0.009790223433556955,0.0072123849169461645,0.018214654981169698
2023-07-31,0.0012753056750471952,0.0008451626887124083,0.00108941292736376,0.0015833784878824173,0.0009485653725135142,0.0010446193095086716,0.001904074853625648,0.0016491904011169793,0.0005215859162237546
2023-08-01,-0.006389606793371745,-0.0038991914215067073,-0.003812795302896922,-0.004299191086065861,-0.0032007798149297226,-0.0033470024818160063,-0.002861470981017522,-0.004032013143415194,-0.0023197865682940133
2023-08-02,-0.012465843107727975,-0.0055422203041186405,-0.018162854688101547,-0.015177444982679037,-0.0030326617904328397,-0.0032456168405036656,-0.013910909544861294,-0.009243674822037012,-0.021944230909301865
2023-08-03,-0.0024219344753315312,-0.0014676938464500456,-0.0018529386760264964,-0.002242358008998984,-0.0016041218062567758,-0.0016943374313990874,-0.002865720456627363,-0.004650817240952775,-0.0016024174826810844
2023-08-04,-2.7785257689714157e-05,0.001774647522705341,-0.0038094887038915464,-0.0035688239420690704,0.0023747276186885146,0.0022262289782234088,-0.0045227262661404755,0.0014433632425316562,-0.004681835663427059
2023-08-07,0.0047267004350756035,0.002030270096172068,0.008794452972689142,0.008937763588230858,0.0011920140721018253,0.00132498712118042,0.008728416959785212,0.004299509478490877,0.008466811364352012
2023-08-08,-0.00530723925222943,-0.0018101532116127058,-0.005994947270662948,-0.004333535819572757,-0.0007393289337129358,-0.0009723965519424666,-0.004348745090910544,-0.0006349834538136815,-0.00850243130763717
2023-08-09,-0.0014335277754597081,-0.0008798758797872252,-0.006264170902183126,-0.004066001141976149,-0.0008032173209078172,-0.0008671857424519643,-0.006685212681205588,-0.0037822494513028754,-0.010994536697127022
2023-08-10,-0.0001883944811677689,-0.0009548681536227049,0.0008767416245848454,0.0002702558230317769,-0.0014897908006352477,-0.0014812111190806738,0.0003589832403485538,-0.00283565249203075,0.0018481889674371033
2023-08-11,-0.004563998899791533,-0.002877081322760322,-0.004715578914014529,-0.0024364141310678766,-0.002127918467270007,-0.00208516240270773,-0.0005831829382707543,-0.002470008104191068,-0.00637568803966293
2023-08-14,-0.0005747692173316589,-0.0009184093457365539,0.0044034830325875235,0.0019303968263335357,-0.0012624492942589689,-0.001346036522112444,0.005520062860039143,0.0026826294658006005,0.011222363455374529
2023-08-15,-0.008647600935604391,-0.003932266430911907,-0.012730416091888517,-0.013238120862705975,-0.0024107380288672965,-0.002620145058585241,-0.011648845341397318,-0.00778295813924732,-0.01061153996998565
2023-08-16,-0.006856547806970565,-0.003658561773047812,-0.008146283531863458,-0.006806212579882863,-0.0029440045326216318,-0.0031598803939078984,-0.007338168132414502,-0.00593981169483964,-0.010589203035462402
2023-08-17,-0.004364633918713745,-0.0014871156273947113,-0.007432925770217219,-0.006015419451757736,-0.0007638094990465809,-0.0009143561073179336,-0.007619798271669809,-0.005083215076108734,-0.01092287635315281
2023-08-18,-0.0002573349947785263,0.0002714931616298102,-0.0015511273534789245,-0.0009338826306753182,0.0006419436241570097,0.0006443780255739542,0.0004811860336826346,0.0014934499670193355,-0.001254910051199376
2023-08-21,0.002210308279988026,-6.480740521758403e-05,0.008902636963607706,0.004972430696843529,-0.0011682162935353782,-0.0011395314836115992,0.006506309664634058,0.0013936179596071294,0.01611153388426545
2023-08-22,-0.0009985901993229403,-0.0006253065173465285,-0.0027057145382278786,-0.0032535769274371264,-0.0002560371175632087,-0.00020250582310989073,-0.0027086349683950184,-0.0014548214781687282,-0.0014288347531424828
2023-08-23,0.01042866725639236,0.006454827436846668,0.010928666760763059,0.008929017464787473,0.005682994131187572,0.005938433740896259,0.011137855816171216,0.011023884597110813,0.015768583509955025
2023-08-24,-0.008026322603912766,-0.004041991542651617,-0.015105548170550943,-0.011939180659982406,-0.0025931090932537044,-0.002649638207926405,-0.013859080650615807,-0.009802463576277568,-0.021375807785392276
2023-08-25,0.003047737958892456,0.0009977588595569188,0.0067439725373567815,0.006425111959050202,0.00018092425831540726,0.00020844899072231313,0.007049714043525501,0.004082859777685663,0.007751509071206808
2023-08-28,0.006800871539865516,0.0035797884289376102,0.00843812716977915,0.008058748988857313,0.002611601198038687,0.0027604653763494717,0.006341388561927674,0.00491184548373018,0.0075270872933610455
2023-08-29,0.011783680104281718,0.006920041184003829,0.016061623063760293,0.012999093811678767,0.005572418003798805,0.0058118100515945825,0.014454936346310232,0.011525749318715169,0.021839737513300372
2023-08-30,0.0017862302517164762,0.0008236974918069577,0.00456977659850534,0.003969372933996376,0.0006264031883214975,0.0007115122495060967,0.004118634198542193,0.002436382434191967,0.005576690084026392
2023-08-31,-0.004008615354087739,-0.001296505855736321,-0.002258837943479912,-0.004241040377269201,-0.00041927367780251557,-0.0005843790576705374,-0.0014634036089543612,-8.432404378673673e-05,0.002998583598961879
2023-09-01,0.000365945533358696,-0.0004705188857883133,0.0006756741252632262,0.0018689279955567335,-0.000875222639971209,-0.0007930311728191879,0.0018650766200976054,-0.0013105175777024536,-0.0010583231441292362
2023-09-05,-0.006780961045370949,-0.00427509772863664,-0.004190735896630804,-0.0066118346762137105,-0.003791834887537393,-0.00400272861743693,-0.004321737918027924,-0.005012446154593828,0.001271333254362128
2023-09-06,-0.004565530768189965,-0.002805021927364857,-0.006863647626234354,-0.005960194752507591,-0.0022349919839584303,-0.00230744313839426,-0.00672245372777347,-0.005078866686493129,-0.008807956313904741
2023-09-07,-0.0017418587452780168,0.00039793380881947374,-0.003639072469777584,-0.0018957145695744106,0.001426457918988699,0.0014243358969635135,-0.003070240486752196,-0.0004897767467248043,-0.007151680709663877
2023-09-08,0.0009594496644620087,0.0002378921340656273,0.0028557679188415137,0.002992080990413562,-0.00016770872035906407,-0.00018458192542801508,0.0015060114104796796,0.0009914162880975573,0.0013977484478859825
2023-09-11,0.005558734023221611,0.002453897530566335,0.009161932986315346,0.00707505894205334,0.0011826854910328168,0.0012539241408890658,0.006576655694882083,0.0032784989159526444,0.011782729786423252
2023-09-12,-0.0036483597926358913,-0.001798180633590718,-0.006254335109274978,-0.0033774559833252837,-0.0011814103394268693,-0.0012823043929817146,-0.005485596794366998,-0.0027423249484567203,-0.011088370218434562
2023-09-13,-0.001470507854642868,-0.00024326794785581424,0.001885749711022211,0.0007341994062746278,-0.00020694253623031623,-0.0003899497290526021,0.0011659431529551512,0.0011702506517231534,0.003808994790741149
2023-09-14,0.0074772619547239325,0.0031459260721076027,0.010967163960829071,0.011905342651128671,0.0018583689333339219,0.0021206569824100538,0.008622411855826906,0.004257895923619979,0.00817716487296094
2023-09-15,-0.004111191739413912,-0.002125879613534696,-0.01132168738469774,-0.008479362900213592,-0.0012604580013389982,-0.0011988543739247645,-0.01204826922958957,-0.00847953565710252,-0.01712301511124692
2023-09-18,-0.001524765208373473,-0.0005635907592856263,-0.000824244097649762,-0.0014765276998781663,-0.00024915687411853303,-0.00026861164542282796,0.0005863893716784307,0.0007390223309084634,0.0010426035750956686
2023-09-19,-0.002002939537183695,-0.001533931262240175,-0.0011447362611448205,-0.00083875253325208,-0.0015172025705121445,-0.001547686855247314,-0.002073842902084566,-0.0027060175222728615,-0.002131435211034982
2023-09-20,-0.0028402355687764066,-0.001539123501721333,-0.008251837466666133,-0.00529469377819399,-0.0009441121300978445,-0.0009232806667347941,-0.009193148686483799,-0.005809531797640337,-0.014410324171035493
2023-09-21,-0.014125006745117645,-0.006829899754146325,-0.015657529011414005,-0.014488764335878814,-0.005264444914905258,-0.005770521570213288,-0.016528353855715383,-0.012865043924923412,-0.018324633184646055
2023-09-22,0.0008166235032335099,0.0011796537794173999,-0.0010195520980540475,-0.0018708395757806272,0.001152873424737274,0.0010812345129209942,-0.0022485832473138068,0.00024646858167636865,0.00013981177622790497
2023-09-25,-0.0026702193339382036,-0.0020370402704490247,0.0017293875958579313,0.0007280868495426697,-0.0020286592944439657,-0.002073388305538781,0.004205065016508636,-0.0004965564533819366,0.004749727244716784
2023-09-26,-0.010384192244694442,-0.004762492464942043,-0.01328891772573107,-0.012710818440649556,-0.003245458911558777,-0.003611410476637806,-0.014691129235418932,-0.008889616859432363,-0.015016351391357152
2023-09-27,-0.002786839806031835,-0.002178820337169156,0.000585257545214527,-0.0003485858600743985,-0.0025254817260389113,-0.0027410923243649807,0.0003991541676502397,-0.0015842245613299898,0.002343371840702213
2023-09-28,0.004792638086823794,0.003000942751024416,0.007245936762085088,0.006363602517429953,0.0023461999147786567,0.002338811493654538,0.00579738411749231,0.004554453291439152,0.008365204755584221
2023-09-29,-0.0008521287565478919,-0.0005539588936849032,-0.0013029524393106799,-0.002581198838612797,-0.0006028488961787185,-0.0007327645755300143,-0.0024269145376057955,-0.0013542979298065846,0.0007262484589869445
2023-10-02,-0.008120360346375215,-0.004999656594073357,-0.00233420869792803,-0.007390783735224951,-0.004554334915985036,-0.004861660853373816,-0.00039773422515221313,-0.003530400028495281,0.008345752840445142
2023-10-03,-0.01007387202546052,-0.0054343573364022445,-0.01279027966158239,-0.010441581505612633,-0.004336047469479748,-0.004561754456491445,-0.013385938377540652,-0.011320749993782013,-0.017549718488999222
2023-10-04,0.005149618510991337,0.003674373933696075,0.007608102165881108,0.00443612203076096,0.0034816645486880657,0.0035347552182292555,0.007281753979936356,0.006901210175351206,0.013608755175418707
2023-10-05,0.0019001353832426029,0.0014594239505256888,0.0009228274081517781,0.0026595100390038096,0.00130344128407804,0.001308595930912587,-0.0003767538409181759,0.0005377251523605517,-0.0029465910634076664
2023-10-06,0.007874008460181684,0.0027133344252159913,0.01391620323202365,0.012002297255350576,0.0007851704991687926,0.0009977801574481066,0.011872889791437746,0.004681172523086693,0.016755463513309143
2023-10-09,0.004995112586500931,0.004910554210673116,0.004410419268619159,0.004481115252927643,0.0057430795933505144,0.005986757932534834,0.006402109308006665,0.008958057421201919,0.005100099028405136
2023-10-10,0.0062219798054315165,0.002334242575582019,0.008203947541705385,0.008945221030873399,0.0007797894624325737,0.000874321180423329,0.005204881069301948,0.0023118594335398064,0.005537891282971552
2023-10-11,0.006394840543365143,0.0033373638019222884,0.005569849705392205,0.004408812690599451,0.002955946676386878,0.0032568439013209716,0.004096306420702467,0.004651875959168494,0.0071352821196319915
2023-10-12,-0.008013269677221917,-0.00502867604104369,-0.006461701065196049,-0.008212264412773305,-0.00434656138710455,-0.004503745299347056,-0.006096438609385468,-0.007504314441136722,-0.003475017075341924
2023-10-13,-0.000509994183102923,0.0012553328476353634,-0.008421345871587672,-0.006181168944225562,0.002910058832133013,0.0033042677879793355,-0.004981057795068633,-0.0004355845767551941,-0.012569862049170433
2023-10-16,0.005515468752334132,0.0017074361044302692,0.010795004034049444,0.010512958593833596,0.0002436474565985574,0.00038669262217154855,0.01052159070041947,0.003909271421420451,0.011306541309767715
2023-10-17,-0.0015731398856660092,-0.0023554598817947373,-0.00019706920341412096,0.0015786917864895032,-0.0027088662089746647,-0.002580804636562829,-4.601028090289727e-05,-0.00393578543541661,-0.003275691073605258
2023-10-18,-0.009930722467677082,-0.004617150306302904,-0.015144722164540363,-0.016406753484110904,-0.002608101003853066,-0.002643997002348292,-0.013325088840578148,-0.009900911736175248,-0.01311783961616897
2023-10-19,-0.005814352456175525,-0.002163689930407924,-0.009814835001946437,-0.01013274641576994,-0.0011642803251925254,-0.0012583063471528684,-0.008786278188990582,-0.00724835516153618,-0.009356886588750113
2023-10-20,-0.006212612955203864,-0.001615644178088834,-0.013045313828479534,-0.012000468642334838,0.00022393007702493591,7.706489218005715e-05,-0.012288066983292434,-0.0050535476808824635,-0.01491769667079934
2023-10-23,-9.188993317783365e-05,0.00044920305986117083,0.0011154755220082336,0.00016473162354205538,0.0003135758199827523,0.00011147266353680666,-0.0017332512111347675,0.0008591543908582746,0.003017307063948982
2023-10-24,0.005370914380938371,0.0024209171733278675,0.005533200583972914,0.003001789632860727,0.0016419995512249367,0.0017976905592362558,0.007539450068246412,0.005207585165916714,0.009727966864088389
2023-10-25,-0.009876896741251223,-0.0054288564971466296,-0.014004469569313251,-0.007884734829365777,-0.0042348923623482335,-0.0043599831101845095,-0.014352126641306584,-0.012100950774253735,-0.024475606670086747
2023-10-26,-0.001743084686283642,0.0007552754471730769,-0.012727622117686566,-0.009133850524113333,0.002459222493143085,0.002561252346956128,-0.011974566238660445,-0.004042618107040354,-0.019067280064751224
2023-10-27,-0.002056597480660353,-0.0003751543127110617,-0.0032506504594775948,-0.007752253619741245,0.00024864078600832045,0.00023120257666419213,-0.00453279497683956,-0.002038631291804328,0.0048012686093075185
2023-10-30,0.006286863499279906,0.0022971292461177835,0.011930700864039846,0.012311708308512876,0.0005631337288912711,0.0006081646560890553,0.011955588311553633,0.005672086616274133,0.011265169395951347
2023-10-31,0.0017076828209214227,0.0002941490621380804,0.0019825432045827954,0.00015504715652938717,0.0001132573362674041,0.00023028350729032654,0.006280382746848501,0.0028598203946084044,0.004782426949686114
2023-11-01,0.0071274960158863535,0.004936291796404552,0.010908014907282425,0.007203084643345446,0.0041532237064721865,0.004074895449341239,0.010664692861355407,0.011010466249680061,0.017356771977089958
2023-11-02,0.015389074010947731,0.007564706898446111,0.018535790395923388,0.018725711712390392,0.005471978705026671,0.005913807522715343,0.019164239669978267,0.013905027254908489,0.018153622490281185
2023-11-03,0.010287872326680268,0.006537421147207484,0.008081679389692826,0.005893617476092529,0.005764572886543263,0.006014318136865378,0.009123631945560096,0.008549966590611888,0.011748594376344013
2023-11-06,-0.002171813554208309,-0.0023972921180205253,0.0027383189504951336,0.00197624857360071,-0.00323082959873149,-0.003432097263498311,0.0023003060086186355,-0.0009506806962658102,0.00407921167822578
2023-11-07,-0.0008291845572727898,0.0001882297594127819,0.001367219591726873,-0.003452599578886191,0.0003281225862281229,0.00011139538665658384,0.002846068483876918,0.003991278221085661,0.009452842927000216
2023-11-08,-0.0003739173794356279,-0.00024135687455907338,-0.00034406688994629143,-0.0009875229262092885,-0.00025412741360012983,-0.0004001396448133302,0.0007324923359530722,0.002057796487246531,0.000643908621938083
2023-11-09,-0.0052288624113850934,-0.003697900953981592,-0.004177054357988985,-0.002955613749115016,-0.003506136663150583,-0.003542826223101425,-0.007798727536800887,-0.00863944170416353,-0.007695632203575942
2023-11-10,0.005507841102322,0.0024026259667041844,0.010905543626436757,0.005267076683665757,0.0010959137238121782,0.0010452176265080388,0.015604734235710627,0.009809487788641732,0.022482259135755633
2023-11-13,0.0002963347664449729,0.0004292413719571211,0.0015339948485379642,0.003766297728440668,0.00026784544268606744,0.000260620467513414,-0.0009532498220510277,-0.0007930300513276546,-0.0031185509528605104
2023-11-14,0.022419248892393974,0.013349563143076556,0.019489825150942157,0.01837451372629035,0.011463924113343951,0.012149055699545375,0.019400929099481434,0.017670655203418657,0.021526476110857784
2023-11-15,0.000273637179214687,-0.0012714516742239482,0.0005007547045095941,0.0005631412435427919,-0.0019502105075886976,-0.0018521942611822067,0.0021169835818823923,-0.0017948471243346804,0.0007525673315378345
2023-11-16,0.0004702467562749102,0.0016891806297234867,-0.0016567649370033443,-0.002667952610723486,0.0025473245299885566,0.002603170241949139,0.0012231033032163996,0.0036953710840530265,0.000855911686397981
2023-11-17,0.003348676640333081,0.001337319087092161,0.006379454676096228,0.009098090631835372,0.00040019221088152,0.00042761945518998777,0.001243748662404398,0.0010093244622352206,0.00023313579383943406
2023-11-20,0.00510788719489509,0.0024727914007595304,0.006826802736437997,0.004039847581763468,0.0015307562138094596,0.0016076736626019624,0.007697717710478891,0.005217561852214363,0.012174908053828482
2023-11-21,-0.0016034038109477191,-0.00011779751797330383,-0.001963242964011817,0.0001082982141350575,0.0005575458355798364,0.0006122450622015747,-0.00217940260433247,-0.0008152063696622095,-0.005809451638475682
2023-11-22,0.0004865824745733786,0.00013458277529507356,0.00092107291246685,-0.0004367423868145328,4.2788525636999405e-05,3.2339036711150155e-05,0.0038606469802060506,0.0022144475804321204,0.004092759957571079
2023-11-24,0.0028285568986100096,0.0007980572064526675,0.004671921220739719,0.007483029627208288,4.8312125289686294e-05,0.00023951520031440342,0.0006154670414268981,-0.0016569634746055064,-0.0014097777640560416
2023-11-27,0.0006047444710110074,0.0014644309816614185,-0.002328522656452649,-0.0030496345330749326,0.002264587974492844,0.002329570371379273,-0.0018009929543526537,0.0018700009806516646,-0.0008729423104261169
2023-11-28,0.00455659266542662,0.0035368066135499448,0.002204995968971472,0.0018304109879004257,0.0036456202273406455,0.0038827228993396374,0.0009901644316310243,0.0023351970337917903,0.0026209555054859113
2023-11-29,0.0013654404863914604,0.001861240929953303,-0.0013883911482676765,-0.0015286065911276595,0.002362258425923801,0.0023831507808046775,-0.0007033709637725982,0.0016418203745200283,-0.0009739552095149318
2023-11-30,-0.00021573199876014746,-0.0007393670561316206,0.00014708888468780383,0.002055419983868892,-0.0009335312739842125,-0.0008659427670882026,0.003937389890417586,0.00044184026615716747,-0.002513938812546246
2023-12-01,0.010063377155823035,0.0070965425387202125,0.008432822094577453,0.011131372856025962,0.007042462678664403,0.0075227992475510146,0.005915924469192646,0.007300513338822961,0.0028545764101879367
2023-12-04,-0.006394894942558232,-0.004409837641021908,-0.00796962664144737,-0.006933157280178429,-0.0038203478653957472,-0.004055086309701186,-0.005249560922566787,-0.0048150126694524705,-0.009283421223805988
2023-12-05,-0.001444467184358247,0.0002032317687662953,-0.0021779096112803016,-0.004436956920997281,0.0006790461278849742,0.0004457983721498681,-0.00019685286249759848,0.00266106891872032,0.00251085967699316
2023-12-06,-0.0007810747766652451,-9.35174019379254e-05,-0.0035786242765636785,-0.0024491280562258834,0.00030552031688795087,0.00030028178162448547,-0.004029867648079999,-0.0007945454951494798,-0.005783866545760241
2023-12-07,0.004488159512823768,0.002315019177981129,0.009208706895652261,0.006462810684133518,0.0014214092018510634,0.0015008004350251963,0.007630517058181185,0.0040033657695404,0.013972158537923995
2023-12-08,-0.0009892860701826208,-0.002180331773098366,0.0036248119002717126,0.003259033445940182,-0.003118628006473005,-0.0032506419775643522,0.0042990810778074096,4.199619550696943e-05,0.004456739922808817
2023-12-11,0.0012060890695082538,0.0003946486501018587,0.004449612668223635,0.0025166575598198904,-0.00020017325507959427,-0.0003430640229515891,0.0038894251903471844,0.0023631607168905777,0.008542159799139082
2023-12-12,0.002023095804333042,0.0011030000316504067,0.005266901323137821,0.004250595451633535,0.0007024186448790729,0.0006828385364571542,0.004567320979696143,0.003593935077764547,0.007964204124194074
2023-12-13,0.015753313493632085,0.011112957268177896,0.01293557528683205,0.01358830424373559,0.010902261698099276,0.01152738803926864,0.013790079384885079,0.014219731011153366,0.012717373863464942
2023-12-14,0.009585233230006977,0.006087140683805087,0.004173560028532811,0.004451924855408379,0.005607792682110436,0.0059739936484463525,0.0032093315022607705,0.005244441085818411,-0.0008668523013906082
2023-12-15,-0.0064258303532802605,-0.003922665674779896,-0.0026051596161758847,-0.0033411980626972624,-0.0033408331803133034,-0.00364819144409998,-0.0016463269719202422,-0.0013209479177861408,0.00483391677599565
2023-12-18,0.0020061416016848325,0.000861371722431322,0.006047143465890036,0.005696742978401188,0.0003252918162694219,0.0004024312435434489,0.005624953749335804,0.00249848015385535,0.006298617745260637
2023-12-19,0.006339660852073499,0.0034814657299108713,0.006634778850782899,0.006532440393599695,0.002593217493956387,0.0028013680093989923,0.006080888558689157,0.0044074361538232465,0.005109730494075038
2023-12-20,-0.009009810985240915,-0.0034537078926541323,-0.012990490917604479,-0.01325047707195784,-0.0015013475554635815,-0.0018487250931730698,-0.013857226495829433,-0.006405768101077507,-0.014859860064471486
2023-12-21,0.009129822489223685,0.004784403032645337,0.010668691033419709,0.009635098708957561,0.003180494004123964,0.0034328129441674963,0.009481934888156074,0.005046864818942953,0.011635517634868808
2023-12-22,0.0009091911090301694,0.000633622508600796,0.0020701051891949514,0.002137402082565011,0.0007261790557874301,0.0008407621679224486,0.0020096532964695157,0.0008342778899100364,0.0014960423322094574
2023-12-26,0.005103094557735468,0.002408391262770888,0.00517413098751124,0.0043122057029778465,0.0017157024501018097,0.00195705603359114,0.004222507142810139,0.0027884096376456302,0.006121546508734976
2023-12-27,0.004118301376420708,0.003136310486588751,0.0023222397179937303,0.0020102486953499188,0.0030230782496093447,0.003087127006824708,0.0018080853378115158,0.004187468756537864,0.002035664461401243
2023-12-28,-0.0009086705399105309,-0.0008764442092604676,-0.0010665959401507715,-0.00014716917364667075,-0.0008307709499517877,-0.0008181954015959023,0.0003777242310194495,-0.0012952087175834347,-0.00048587563735436046
2023-12-29,-0.002557689368695908,-0.0011866590460291701,-0.002896762231676108,-0.0026198836110030077,-0.0011555436678288566,-0.001323350019821076,-0.002895034758863102,-0.0027311714474814903,-0.004327810391396625
2024-01-02,-0.0062257009711691146,-0.0037347310352168588,-0.010905986834159062,-0.005956743153435187,-0.0023226105237819416,-0.0022458468735147077,-0.0055962240688359755,-0.004855132399520467,-0.016922227411742097
2024-01-03,-0.007651889844155818,-0.0034419932272094357,-0.00750164809395309,-0.007391087560326066,-0.002707605061051531,-0.003175805753135733,-0.008166622435657245,-0.003956872542044291,-0.010581470238221091
2024-01-04,-0.0012276416686295504,-0.0012207928537960402,-0.0027262745104388916,-0.0026208797532791136,-0.001337677681382953,-0.0012913196169237224,-0.003221275003705837,-0.004346103492837377,-0.005146634828938179
2024-01-05,-0.0004430044649035619,-0.0005661684208364703,0.0008964573775683647,0.0011794312671636203,-0.0007609095311079173,-0.0007567899670917643,0.0013698325243158838,-0.0006436069257194314,0.0011861848488967652
2024-01-08,0.007729662375277883,0.00402577626262903,0.01578058418538745,0.013782737508996544,0.0026337403721357934,0.0026731338154230653,0.014275938341503425,0.009916593585174337,0.02066789787595713
2024-01-09,-0.00456086435339157,-0.002155475516182021,-0.0017560542365867373,-0.0022958959553030676,-0.0012186047404656828,-0.0013225670172135498,-0.0015172428997773935,-0.001081395366221352,0.001975549818679756
2024-01-10,0.0015272545519595454,0.0005273722866645541,0.005100990080207908,0.005176707274377092,3.855004436601262e-05,3.6697223024272205e-05,0.0056555426872197945,0.0027880930475485174,0.006777639390609158
2024-01-11,-5.3433172117478556e-05,0.0013546002904096799,-0.0005065731751271452,-0.0006294934274937436,0.0016751208196816858,0.001513924868773886,-0.0004406430412424722,0.0018630762776417065,0.0020808561461915787
2024-01-12,0.003358033461092867,0.002901535701692531,0.0012074749566402575,0.0006926498006538662,0.0030730042207894226,0.0032335616530346396,0.0006926498006538662,0.0015020705989693822,0.000512856389244698
2024-01-16,-0.010444351972613753,-0.00654139366703399,-0.0055329079875371095,-0.00367116743798912,-0.005140377080800328,-0.005333855577869855,-0.00367116743798912,-0.005453336734754424,-9.766565478397382e-05
2024-01-17,-0.00849106930218111,-0.0053399007875985826,-0.006468389344098287,-0.005558629120554048,-0.004745960284716544,-0.0050824105434341595,-0.005558629120554048,-0.004632507466411102,-0.005640666870585065
2024-01-18,0.005633933612568275,0.002843094591115862,0.010227695751230417,0.008892804945121346,0.0015692844935483391,0.0016780296914747732,0.008892804945121346,0.004437766347115655,0.01419405390536621
2024-01-19,0.006809335677105019,0.002859567319071387,0.013315329732303505,0.012466149899377443,0.0016977780736690245,0.0019224745396062715,0.012466149899377443,0.007537993293876721,0.019831036849319528
2024-01-22,0.00015810528252552838,0.0004082387260901823,0.001767593169280578,0.0021142803685763045,0.0006417771635302638,0.0006125505507742822,0.0021142803685763045,0.002486490125362819,0.0013058531550671493
2024-01-23,0.0008910143658369753,0.00028630919894145624,0.0026646984729689826,0.0029164846770146635,-0.00016589725050262158,-0.0001502806300708645,0.0029164846770146635,0.0007635016254915312,0.004149495173139561
2024-01-24,0.0012334382012601005,-3.4146152494968836e-05,0.002952290366725386,0.0010932476051448425,-0.0013828551198998874,-0.0016117769019717322,0.0010932476051448425,-0.0004601279296257353,0.005549251222107143
2024-01-25,0.004473111643759936,0.003329469982250154,0.003835003766673506,0.005438776847889848,0.003262959751070107,0.003405169327372063,0.005438776847889848,0.00500164932820556,0.0012212883989162204
2024-01-26,0.0007105080755405443,4.1736697193037604e-05,-0.0010204362526707322,-0.0012702598207648963,-0.00048362848211938895,-0.0004888661905211233,-0.0012702598207648963,-0.0014736113249855906,-0.005957683195817354
2024-01-29,0.004825303955651032,0.0032337919021276163,0.0077752485496914965,0.00791925123458248,0.0030078640111144686,0.003146343892989949,0.00791925123458248,0.007165374905714785,0.01024049751769307
2024-01-30,-0.00215354818725621,-0.0010967207432509912,-0.0028315370094591217,-0.0007733599780597178,-0.0008781109926184704,-0.0009578866378142218,-0.0007733599780597178,6.522550193659976e-05,-0.006656464147332675
2024-01-31,-0.006746376095345273,-0.0018311668468376347,-0.016474974117357127,-0.016317395544490076,0.00010778134211005486,-0.0001441203860124811,-0.016317395544490076,-0.006608003719351987,-0.019586291539548606
2024-02-01,0.010150446888122815,0.006114927249870643,0.012255151124330968,0.01308817726383138,0.005159910509157938,0.005483515282611083,0.01308817726383138,0.01033506066696987,0.011775634498846221
2024-02-02,-0.0034380975733627533,-0.004218106810685572,0.00909519333513606,0.01052741032071225,-0.005193544364563773,-0.005316871792876967,0.01052741032071225,0.0011648957270512762,0.01690044100773891
2024-02-05,-0.006078392834803858,-0.004548491177499493,-0.00388387753149252,-0.003641184748718551,-0.004728375548207578,-0.004944843673783873,-0.003641184748718551,-0.00602917619625377,-0.001305256828603385
2024-02-06,0.007702784226117918,0.004958945697536123,0.0031008594551768572,0.002903296810174316,0.004130818309799741,0.00431785143881804,0.002903296810174316,0.003874320743105668,-0.002007304597254289
2024-02-07,0.0010736170237646801,0.00015186570746927823,0.006442877359438884,0.008340343964780894,-0.0002738131075197683,-0.000264631634941191,0.008340343964780894,0.0043786705740204955,0.010290143989900358
2024-02-08,-0.00011347672912492577,-0.00047042070161945864,0.0004047604381574046,0.0004417718226390477,-0.00035495828083643196,-0.00026275213139906285,0.0004417718226390477,-0.000999048346041071,0.0018519638657419346
2024-02-09,0.002148303642804784,0.0005815576403749683,0.00600566791371389,0.005779330147934525,-0.00015583465846929844,-0.00016499372063253205,0.005779330147934525,0.0028406745118595748,0.009843025359863145
2024-02-12,2.1413174416284875e-05,0.0001005597976342365,-0.002113536366982749,-0.0006778240510881828,3.331616343316135e-05,-1.171279872946851e-05,-0.0004389765112666755,8.995004276579621e-05,-0.00391266138470836
2024-02-13,-0.014647056166008848,-0.00944671936274629,-0.014976603223606734,-0.013773866430461957,-0.00806541465441024,-0.00842419718498052,-0.013772968157866772,-0.012661214895246417,-0.015596842442129222
2024-02-14,0.0077690184040391545,0.004596580120628509,0.010201468065431,0.008534442734911796,0.0032787154698094264,0.0033418830590110664,0.009087716223003417,0.006943906835812651,0.010897195782313185
2024-02-15,0.007930181001765065,0.004577236730627373,0.006076923665771712,0.006889772472047104,0.003976093325038862,0.004317740292839437,0.006899732443357509,0.005248538095770206,0.002977697604506613
2024-02-16,-0.0015602990918776967,-0.0013371746164286156,-0.0036822240305823097,-0.004490860479974996,-0.0016243820510822504,-0.0016217139283243843,-0.004980097439800768,-0.0047307496772973434,-0.009067743768958691
2024-02-20,0.000734188249394465,0.0009220220449216386,-0.004071729815183859,-0.004845076510055534,0.001060871190350831,0.0011119154289068287,-0.005505361190585312,-0.002628414582692551,-0.007548195460987395
2024-02-21,-0.00010179462633201461,-0.0006560636634411899,-0.0025301160845540706,0.0008566001967427308,-0.0006752022858447915,-0.0005772848243402569,0.0009057848034978999,-0.000737000045264071,-0.004001534799536466
2024-02-22,0.00924585943455047,0.004313216331006717,0.02134283887495971,0.019527098221856762,0.002120517788316344,0.002214557186358134,0.02069560167438511,0.012467173238704743,0.029275439847014972
2024-02-23,0.0013000537642593381,0.0013244630532342,-0.00015555251556776837,0.000970325603614017,0.0014856906070530136,0.0015310780763996596,0.0006896316596884944,0.002230932171827008,-0.0029445897677254917
2024-02-26,-0.0030545486860835648,-0.001966124196199544,-0.002292677790016794,-0.0035809446185476384,-0.0018491777300050658,-0.001984337132830162,-0.003662551297314298,-0.002802430588140693,-0.0005265801409043425
2024-02-27,0.0009479335029313974,0.0002690969990282555,0.001821623961866426,0.001691486010449564,-7.76090860345776e-05,-5.954024671671642e-05,0.0018576899269169278,0.00023555725887594494,0.0024052902769637896
2024-02-28,-0.0018233869708256167,-0.0002510099040179816,-0.004793192964058243,-0.0011439765765499646,0.0009989487030402774,0.001060385297907492,-0.0013216277246137498,0.0006350179580441149,-0.0053245600958958805
2024-02-29,0.0037362331534970604,0.0022848562136422736,0.005894350144693548,0.003683582741919984,0.002072219913902234,0.002230029311488819,0.003595055185208418,0.0029709686159686303,0.008569381519244246
2024-03-01,0.0095111314974283,0.00610620910326978,0.010798617920064892,0.009931102568527316,0.005466522544195608,0.005853742011409785,0.0093882577738309,0.007478092124186819,0.015056785324392807
2024-03-04,0.001566582259123437,0.0005430952706746803,-0.002461875968090333,-8.052307003457619e-05,0.0009804398709803075,0.0013681025986527035,-0.0010724808253800289,-0.0015276149194972948,-0.00356806860674197
2024-03-05,-0.004575542315028979,-0.0012433277814279855,-0.01123166259604649,-0.009058091067343732,6.325443735432688e-05,-5.963507655901292e-05,-0.009994094161217104,-0.0036200167577849465,-0.017949618128465072
2024-03-06,0.006657359150453983,0.0036919874452875793,0.006064714235351731,0.005253968520224842,0.00270782551140941,0.0029080199910659905,0.005067159562645029,0.004015099903771367,0.006283745587504441
2024-03-07,0.007313706366883636,0.0042785451851309825,0.01214110856509201,0.009674004481425693,0.0029237609697051973,0.0030179929217967957,0.009926494614351355,0.006647063777177709,0.015178152559345959
2024-03-08,-0.0011275210297418872,-1.9515116616857815e-05,-0.008625074536198872,-0.005145398846092079,0.0011336356749407277,0.0013533158955218502,-0.0060022374396854206,-0.0033344905639635363,-0.014434889605656198
2024-03-11,-0.0006958341297124621,-0.0006849902402973597,-0.0014464560448814408,-0.0006979730441138491,-0.0008028120424451264,-0.0007954361710499433,-0.000859903957067143,-0.001019110498628293,-0.003712809669369599
2024-03-12,0.0038407081779090538,0.0009081156523702841,0.011501022979883608,0.009450465487250996,-0.0009634218524431821,-0.0010741397524162476,0.010757557218311176,0.004852541463501941,0.014335083297605689
2024-03-13,-0.0006861565203487574,-0.00046037080632188587,-0.002708369563583002,0.0005451746700828597,-0.00038778239244219304,-0.0003082056865277849,-0.0015674577667038614,-0.0018394235007483939,-0.007686194207926378
2024-03-14,-0.005823041016039796,-0.0037709557308568294,-0.002637204316766029,-0.0030433500088573816,-0.003521803380123198,-0.003701877250939233,-0.0019769050578595238,-0.004148074349031395,-0.0025212210270901814
2024-03-15,-0.0037940999179247262,-0.002250505079940442,-0.008123946977856126,-0.005798066563843553,-0.0016917820990246433,-0.0017618140867023237,-0.0068667439655037965,-0.004809826828846283,-0.011886712028742918
2024-03-18,0.0011788227916233037,0.0005360750920313074,0.006488574350570526,0.0043915942089683135,0.00030260289598248066,0.0003445323989569589,0.005943308764386979,0.003097845060397768,0.009537275434767789
2024-03-19,0.0010570530135724965,0.0010497257587741284,0.002986436996473581,0.0021391461948112927,0.0009698313538157909,0.0009147913572444118,0.0055571653751691485,0.004493897601752556,0.0024916411112372305
2024-03-20,0.008829226097311137,0.005361645330440922,0.010819775694902977,0.010768822192531717,0.004209763231538086,0.0044624577713085235,0.009249158439107008,0.006505223386338437,0.011856480044081685
2024-03-21,0.0017281614659146495,0.0008325037783479535,0.002999728006747836,0.0015045792562536962,0.000612290323943079,0.00067893741032692,0.003304668326174154,0.002038843010530486,0.004732266159855225
2024-03-22,-0.002809752238013504,-0.0009023081218437191,-0.0019104600693129652,-0.004302950270751692,-0.0006640634130174195,-0.000983400315348017,-0.001895647741515627,0.0007854784905484877,0.0011438446939753266
2024-03-25,-0.001011529037228501,-0.0007874813140831199,-0.0019240891391364792,-0.00018073211547002272,-0.0008201492780427442,-0.000807750330652977,-0.0027628823745959874,-0.0027162262560566316,-0.0036291766267865233
2024-03-26,-0.00019254151253358048,0.00020749989308262097,-0.0013860216251287802,0.00028473032585935737,0.00034558054700696653,0.000338223336098194,-0.0018470246950392788,-0.0005250894736496801,-0.003237731255097409
2024-03-27,0.007193385889209555,0.004348205891932754,0.006179721998650089,0.007275252153896418,0.004114712505213218,0.0044717482477622285,0.00840378016893184,0.006579348312481274,0.0034061481958322926
2024-03-28,0.002122653378704522,0.001052348379648539,0.001785071681936421,0.0055530110530504035,0.0011904295780951176,0.0014961437311627915,-0.00019091284867489566,-0.0004917352945778805,-0.0018434662113675504
2024-04-01,-0.0019885575761708044,-0.0022261638324148174,0.002215602878823934,0.004180995741562158,-0.0026015473271851683,-0.0025066753864021957,-0.0017400473006471406,-0.004635631748343769,0.002117195591854415
2024-04-02,-0.0026594688138170666,-0.0007829753345055554,-0.0029267732278703347,0.003091345501426727,-2.48938977106815e-06,9.144851058268683e-05,-0.00635791999833446,-0.00469342371156277,-0.008630239505354464
2024-04-03,0.0033153202110433096,0.0021975902867303145,0.0031498189116860907,0.004803408728010453,0.0019509927669200268,0.0020969163359028787,0.0010984170537982063,0.0011301086751773185,0.0022443151411259965
2024-04-04,-0.005975414934833092,-0.0023301630040074317,-0.012061290187403841,-0.00954367262860123,-0.0010497854897357432,-0.0012933906497662733,-0.01220609629756475,-0.00602446323487351,-0.015290726478403793
2024-04-05,0.005078940313155164,0.0017280758453647052,0.012378074662493438,0.013728794157513328,0.0008872954170532042,0.0013318834144696416,0.01044683524235257,0.0036359782717637376,0.011783941215165239
2024-04-08,0.00342625354262081,0.0012439255942544144,0.0016581724487943449,0.003196040891482786,0.0008169713917714371,0.0010851338469284033,0.0005593698356392007,-0.0005527646526841423,0.00029517030484260687
2024-04-09,0.0036105875191241683,0.002555725001366995,0.0030757297423268616,0.003499197200927995,0.0027035589665838967,0.002892859991635729,0.0011568787556539561,0.002271253955237291,0.0036994521768016764
2024-04-10,-0.013364036244516708,-0.009252041964737936,-0.009393169018697106,-0.009604784495190725,-0.009010983547147336,-0.009461087059703503,-0.01001316410310793,-0.011308137378436032,-0.008728417717872805
2024-04-11,0.005855681618544321,0.0036666575528178343,0.013382317371616497,0.01414342126494396,0.0033311275621510598,0.0036974204863530124,0.007546903226827606,0.0040136570667996955,0.015968154816860425
2024-04-12,-0.011517835901562856,-0.005383540892054062,-0.014812767530759108,-0.013902602315446044,-0.0031874627797258137,-0.003636599582130917,-0.013803095003119714,-0.006643779919939585,-0.015941693743868224
2024-04-15,-0.004953832286074,-0.0024995733444600084,-0.0015808553293831331,0.007599728292736131,-0.0014820729171215253,-0.0013498484920784156,-0.012528095191382538,-0.010046875423375982,-0.01645109722424065
2024-04-16,-0.005293609923714217,-0.0031438204171077315,0.0001748401453583291,0.00028627498635320386,-0.0024945763843475495,-0.0026086773960232014,-0.0018238320153739496,-0.0026765528505843144,9.274356554755947e-05
2024-04-17,-0.0022032616437853356,-0.00036718951283512677,-0.008983189713387909,-0.0072173313526749956,-4.0607424083626735e-05,-0.0003009689505367996,-0.005918208324327434,-0.0009462380071609084,-0.012201353787047009
2024-04-18,-0.0008393866050862847,-0.0007400089078407667,-0.0012459165702490035,0.0013499439815174846,-0.0006338933755363466,-0.0005495281627190228,-0.0020577939825845437,-0.002638737719018066,-0.005706158745205747
2024-04-19,-0.0020462235467159718,-0.0005955494672163254,-0.008515708194170978,-0.0015441240164731133,0.00026090833377092774,0.000325853035752706,-0.008728372635991022,-0.0046333919541720545,-0.020689270414848582
2024-04-22,0.004175261021525628,0.0016919928608485249,-0.004587212532738903,-0.013240669379773754,-8.128252058691669e-05,-0.0003573491775538036,0.009209223639820463,0.005474778453776005,0.010056652323136017
2024-04-23,0.007808911864266704,0.004133712295125684,0.0072169330053590665,0.002640298022035987,0.0025801096324745624,0.0026585251324732083,0.011866554141672037,0.007556749208407274,0.014922935851743757
2024-04-24,-0.00023149464942080219,-0.0005376442211926366,0.00048815725525361015,-0.0011663165482822218,-0.0006844784050064951,-0.000665582058413788,-0.00047465050058881353,-0.0015185633218155789,0.003387635787655663
2024-04-25,-0.0005381433636482484,-0.0005761433176657359,-0.00027057399206759124,0.0025077356424814765,-0.0007462363247262777,-0.0006697466682764655,-0.0037989450407140968,-0.00380804213077251,-0.004830037807072363
2024-04-26,0.006570009083767643,0.003533920424200354,0.009290620918274753,0.005723865923989546,0.0022089952327847967,0.0022861324406811836,0.00947401769850309,0.006746687492187974,0.015431879107926427
2024-04-29,0.0038217112295730275,0.0023094755915036573,0.0014996837127272129,-6.587100748762602e-05,0.0018844371683081759,0.0019407453610162924,0.003541505172151682,0.0037442997791520423,0.004060409213149541
2024-04-30,-0.012982419005342785,-0.007524962401247448,-0.018684114070820008,-0.018675778227022002,-0.00613562482274717,-0.006629635288961958,-0.01584126360521243,-0.011337865195159925,-0.018856301534495135
2024-05-01,-7.528172723627135e-05,0.0013100257474123844,0.00011184103779587104,0.004537191041546283,0.002162862506946516,0.002222285419982799,-0.0032472021430118847,-0.00031919936445514986,-0.007230558947774024
2024-05-02,0.009993018133399695,0.005752775529039709,0.005659497833905203,0.0014132339037506987,0.004008863726718093,0.004104268394893101,0.009353380648526866,0.007454167205537336,0.012763332112531556
2024-05-03,0.007973981144999403,0.004851948867103654,0.010156276539393948,0.004242614221070579,0.0035594983642035023,0.0035931666935451615,0.012395443559196417,0.009608775424693433,0.020098541904572276
2024-05-06,0.005505063549354029,0.002902875890209267,0.01065389927639262,0.010486058821311756,0.002019511607296588,0.002220701426586177,0.01032681433450544,0.006492769998645685,0.010953292043862861
2024-05-07,0.0014653866380780155,0.0008007309810213613,-0.0015394632653006213,-0.002640735392736147,0.0007487516383299023,0.0007616952785498642,0.0011034264304021768,0.001703815774108576,0.000159071310088299
2024-05-08,-0.0008279111961584107,-0.000727540378007918,-0.0013815349608861988,-0.001904067613028376,-0.0011441125407041176,-0.0012492681055905933,9.659983760301749e-05,-0.001072600594136627,-0.0005905416987744827
2024-05-09,0.007635532107365433,0.004636546618407328,0.008281473620790352,0.012021657585126019,0.004375025432990052,0.004820866458336448,0.005761897110455605,0.0046605357355251655,0.002181587931835205
2024-05-10,0.0014836195696394264,0.0003349995795061942,0.004432274836266435,0.005767300536395484,-7.858953801169921e-05,7.00039242539731e-05,0.0012881662358383839,-0.000529081124063751,0.002358137052098641
2024-05-13,0.0004717245127550118,0.00016126392871496087,-0.003346871996005696,-0.006593675474812932,-0.00023121067003972762,-0.0003816345972754709,0.00013409806833641902,0.000554410287176399,0.0023074064038606235
2024-05-14,0.0057143904910895455,0.0035794033447007333,0.006791845666723556,0.007663152410868342,0.00305298522718752,0.003254900902461585,0.004588217008050233,0.003918554996231858,0.006432257291966392
2024-05-15,0.010240818424575153,0.006534200580862715,0.013861056984858636,0.013936128302338199,0.005639560509421932,0.005948553077363747,0.012383017623861736,0.010445156271319074,0.015630324757559322
2024-05-16,-0.002066399872867364,-0.0015029969433007731,-0.002740203682118967,-0.00316018328698118,-0.0013809085174949192,-0.0014294920308655732,-0.0020574118243179562,-0.0020038818680055944,-0.0020313987507539766
2024-05-17,0.002505921376704931,0.0011662739838643878,0.006342173426778597,0.009802325135034831,0.0009818239820331193,0.0012892306641089184,0.001437547504734793,-0.0003738152166235031,-0.00048685621611122
2024-05-20,-0.0003113018613263151,-0.00033553444198722635,0.004576663865944178,0.005174587473233222,-0.00037202682085219613,-0.0003559665959572975,0.0011521850332256722,9.616415705461924e-05,0.0069728882617274834
2024-05-21,9.262368908328709e-05,0.0004050235534194509,0.0007600091085199263,-0.00013043004019840416,0.0004901410365409626,0.0004334119860788254,0.0024527475633155937,0.0025038412841631996,0.001956291301786317
2024-05-22,-0.005760278977615287,-0.0036689078593084043,-0.0076885448403990735,-0.011254090517802517,-0.003487876896957028,-0.003878112949758327,-0.0028796867786295977,-0.0022475920969010953,-0.00019726184549584413
2024-05-23,-0.008805919565833261,-0.005235196108507636,-0.010919048284530958,-0.013826632303249074,-0.004888115444668314,-0.005437730258910206,-0.007304272871542894,-0.005810123948798307,-0.0044984981598718
2024-05-24,0.004302273487549325,0.0023501660909267413,0.005654933815843617,0.0043373497547951,0.0014447053451409405,0.0014789607634576663,0.0066168159404762505,0.004496416645765172,0.009456323262327482
2024-05-28,-0.0005518708373281043,-0.0008412563854994395,0.005595664358777276,0.007806349517100323,-0.0008578690357566789,-0.0007079120569909237,0.0006984688163047537,-0.0018018539807282577,0.003777572154895825
2024-05-29,-0.009313555094077091,-0.005287021187411014,-0.007878300610193695,-0.008400982002607756,-0.00395288983739601,-0.004216221729971153,-0.00700240693839671,-0.006159702975101178,-0.007048212333685466
2024-05-30,0.0019647058301692313,0.0018391457583860802,-0.005127922333092449,-0.0031574656148468895,0.0023284833777963317,0.0024531600203959725,-0.006633747062900208,-0.0020241507602328517,-0.010713341238031915
2024-05-31,0.003643399611411739,0.002584566543084899,-0.0009564079577895392,-0.004271567872004292,0.00247134712085357,0.0025287699936953336,0.009108106324044352,0.007332008737582317,-0.0018603333303205405
2024-06-03,0.003391915019216093,0.0027322516162618144,0.005683876011035693,0.00750287435325114,0.0026673774313332216,0.0027277133154137516,0.0008153584312327045,0.003096417494508119,0.005369274201642016
2024-06-04,-0.0015747035223988846,-0.0002593788517463474,-0.00199991710111584,-0.004316361124989699,0.0004872797859520394,0.0003518767662206932,0.0011178084905585361,0.002857413256405133,0.0027365205296696615
2024-06-05,0.008891290052520016,0.005182871753128143,0.01524442762773984,0.015177189469667708,0.0037342612803611744,0.003913431037932903,0.011885320959083678,0.008582002018049687,0.020159875314865072
2024-06-06,0.002297943277638643,0.001348246060831054,0.0025896034999375148,0.004276000269474944,0.001123856278853733,0.0012724300708876642,-1.8804057257404416e-05,-0.00018077716890181354,-0.0003453212341275602
2024-06-07,-0.010838890726951593,-0.007945814668964666,-0.013896575032613602,-0.02173530992549005,-0.007918537586158713,-0.008495567085985194,-0.0012157051618812975,-0.004927630950707682,-0.0008847200854145143
2024-06-10,0.002148680032820042,0.0011861944029790807,0.005692986224723736,0.007068574181312476,0.0010346203868685168,0.001233404805711563,0.003089912827250796,0.001014872487945581,0.0040392290275781395
2024-06-11,-0.0016597397340609914,-2.6748589695816048e-05,0.004412437833436614,0.004491597263703701,0.000847169451399402,0.0007740876725454846,0.002407984367985394,0.0035426089675606575,0.006862631563648636
2024-06-12,0.008941782310788682,0.005385421917706745,0.0086965565713355,0.007927595096625106,0.0040079062603111115,0.004131179089128523,0.00821337742262096,0.007149358140219553,0.013097924265981664
2024-06-13,-0.0022779866971106015,-0.00022725049490472676,0.0013616657357663996,-0.0009576024233222324,0.0007216008126889107,0.0005335040447791634,0.00201328617983787,0.0038500046005805902,0.005420102444559705
2024-06-14,-0.0007095875464111473,0.00012708540919235985,0.004883541926082478,0.00881052402697319,0.0009937112397630835,0.001159726061800931,0.0006083905301905723,0.001298308962037201,0.005181199288799343
2024-06-17,0.002980064611506529,0.000588136762211188,0.007080256374685515,0.0040783203135768675,-0.0008891625157101436,-0.0009270269145545116,0.007958911142973424,0.0029038582872801706,0.012249905215557577
2024-06-18,0.0036872605032160404,0.0027848225746944684,0.0019235235492769944,0.0020258038071971855,0.00254320784089098,0.00260618549570835,0.0025408272998925785,0.00326221866293781,0.00030921374739723007
2024-06-20,0.0003955002167624937,0.0002400236198423454,-0.001751190912366938,0.0016835871258822762,0.0003367689453249637,0.0005283737171078656,-0.002716544837253032,-0.0026453089341097738,-0.007707945209809108
2024-06-21,-0.003891822057267749,-0.002103646801353718,-0.004698746591042649,-0.008703412405412,-0.0016234110897792246,-0.001874945995998025,-0.001340720179602073,-0.0007221316364586496,-0.0026793488622929296
2024-06-24,0.0017907950287280744,0.0011712853996562445,-0.005109543244201278,-0.0042213199787694625,0.0011828044540886182,0.0013273635195538707,-0.0032506448605784666,-0.0016165396758690245,-0.011384551430412615
2024-06-25,-0.0010303100201137585,-0.0005875577104244998,0.005136957268606258,0.003716537304686163,-0.0008990236278275087,-0.001118607648380776,0.0038508530722058953,0.002650331012051559,0.011435540134137279
2024-06-26,-0.0036280796605331414,-0.002813657643043275,-0.00048489731424315345,-0.003205106673224315,-0.0028291296622948727,-0.002958809509084843,0.0012480368653720042,-0.0016561592256157517,0.0020650244437641074
2024-06-27,0.002732252894526553,0.0019717938363517052,0.0038873388073818794,0.0066426505546582325,0.002364420001966002,0.00261786758120314,0.0015767022833133026,0.0018383411036207776,0.0025814877044687545
2024-06-28,-0.0007333802428601164,-0.0006661465057636514,-0.003650258512786908,-0.002728605060516238,-0.00043826737215391413,-0.0003255370616231917,-0.003935321239167622,-0.004481920543285027,-0.005190960040452941
2024-07-01,0.0003573329478488392,-0.0006706566407477027,0.0037002724343462474,0.004341360951558137,-0.001479224782375384,-0.00145950123581439,0.002058300640566113,-0.001714590614295792,0.0058650674948601544
2024-07-02,0.003079492314347443,0.002099291544719074,0.006916652028818719,0.005579739675005845,0.0018035815524918186,0.0018246154041895776,0.006729488704265263,0.005563820165367498,0.010499702300787339
2024-07-03,0.008009483722759272,0.005267951373719489,0.007366142471417087,0.009699075854709333,0.004188853978770486,0.004324340437102021,0.004462763867459474,0.005330692619240083,0.008337078637440376
2024-07-05,0.00662184756685125,0.004666648383819975,0.009174214772907358,0.011848558733657765,0.004194683439696541,0.004389987726608766,0.0057663783647854405,0.005682374465626671,0.01042677893709798
2024-07-08,-0.00156492052476295,-0.0010812554464835222,-0.001023830664156428,-0.004500261523893065,-0.001097425388991061,-0.001265634727013868,0.0011540265804428351,0.0008243073574931687,0.0023782582215405856
2024-07-09,-0.0012538186328848453,-0.0007780089861102979,0.001069540069504098,0.0012483153001134266,-0.0004945862085550133,-0.0004645100378941543,0.0009723302119126753,4.4682304025140915e-05,0.0008645693055737702
2024-07-10,0.007039654312693731,0.0037823742689888852,0.008894692466252775,0.0073012835511032485,0.002507797896020998,0.0026760640857771286,0.009895400240772956,0.006375436768594994,0.010426583431117242
2024-07-11,0.004424218130177069,0.00406164780101064,-0.008935497859883127,-0.0036759416027691456,0.005353454417833454,0.005846480368040645,-0.00862266356548047,-0.0027494366123653738,-0.021930135749361312
2024-07-12,0.005268307704143724,0.0033405586282125007,0.004750286914146935,0.0028181631184244185,0.0025465383874709287,0.002602141086182139,0.006307531646837727,0.004648865017024423,0.005874811217432496
2024-07-15,-0.0020022683512855854,-0.00122390636055425,0.0025115579133851984,0.002348061428042003,-0.00044097779602902953,-0.0003170647236016011,0.0027501826800009344,0.00037473058116122004,0.0026878312687781403
2024-07-16,0.005881624147784077,0.0037981401380981408,0.009311766210001954,0.01324387645632857,0.0038862145068454222,0.0043217235226331386,0.005930116669278673,0.005335193509855652,0.00038295548806632773
2024-07-17,-0.00711982996718032,-0.003356713489829403,-0.016307218110344628,-0.011304906621612567,-0.0014961509102662512,-0.0015594200035355344,-0.014021125386979194,-0.008102424530586818,-0.02935494245458803
2024-07-18,-0.006158482757111881,-0.00362882544504576,-0.005996827946639017,-0.006336109372368923,-0.0028430993964674257,-0.0030485618844769686,-0.007684943087470586,-0.005737262680376847,-0.0047325687604583555
2024-07-19,-0.006663245296067634,-0.004051627882037754,-0.012131291995094698,-0.013925097702983988,-0.0034414221308339153,-0.0037519684530131913,-0.006640584713270448,-0.0052386922314612006,-0.008863443749164701
2024-07-22,0.007583319557747712,0.0036419874149792894,0.008049178270665858,0.005132334537753774,0.002114433791134914,0.002289095602019256,0.010309899385924082,0.005762145011372783,0.014897626197279745
2024-07-23,-0.002834556134092294,-0.0011107612344634205,-0.0002907425590367541,0.0011193027912429967,-0.00014097405049523552,-0.00013679519891531843,-0.0015686753676522613,-0.0006422143269289382,-0.00352462617329663
2024-07-24,-0.012388561655995771,-0.005929121684314999,-0.02011154678540024,-0.013615568993823886,-0.003623294772302017,-0.0039214079219557045,-0.022662260552714142,-0.014451164382196369,-0.03587031181014
2024-07-25,-0.004043874959230825,-0.0019848870729511814,-0.01176461253061102,-0.012659009386913432,-0.0016903141058548035,-0.002012196497135945,-0.0052105164850400065,-0.002186350268957629,-0.011027721560872727
2024-07-26,0.01053257345724917,0.006258662511852459,0.010560433056818601,0.01061899018092923,0.005095975456011732,0.005449872846001847,0.011199677243803441,0.008568691033021913,0.010255992615022524
2024-07-29,-0.0009960783092111886,-0.0003832071018392367,0.00032179086902793546,-0.0003586325676590032,0.0001266413680325502,0.0001355405311565597,0.0005877660449546962,0.0010339437148437832,0.0020087314406878054
2024-07-30,-1.5229917038742753e-05,0.000520686983324871,-0.0022713392432005606,0.0024543224572188306,0.0013963500515287322,0.0016044999160917995,-0.0050666048240249895,-0.0021477462583507434,-0.013731354288171849
2024-07-31,0.011873182800328733,0.007547092050130465,0.02215047849383953,0.01984621229174832,0.005803350414005529,0.006024887029699249,0.016254766835731793,0.012609172718784518,0.02959362339378968
2024-08-01,-0.00923816695364245,-0.0036143108955949558,-0.013630016625584388,-0.009483160949340258,-0.0005685833774695531,-0.0006645431086535046,-0.01416089772791107,-0.00666308003598568,-0.024221429251548354
2024-08-02,-0.005354300476256969,0.0007591893473881714,-0.013605402783469547,-0.009282515282077516,0.0035102752583421807,0.003172226576500752,-0.018618465583101207,-0.00459038681428426,-0.023734914675997087
2024-08-05,-0.018849118684275905,-0.009546097982257935,-0.022450042199580366,-0.019074016386771163,-0.006332568245395798,-0.006977541718879762,-0.02912355475609818,-0.016474525944583204,-0.029816164128753764
2024-08-06,0.003118554044824574,0.0001629887033791535,0.002004217960406767,-0.0014528353010733333,-0.000826285728870523,-0.0006217344788075599,0.009219317668679228,0.0014826489916679726,0.009555040661693548
2024-08-07,-0.0017045778712027823,-0.0012430956747034336,-0.005720934867632945,-0.003714342031590722,-0.001421652148005689,-0.001473536110658824,-0.006683789640410831,-0.005385394494910027,-0.010829735911233151
2024-08-08,0.013535893663455752,0.006435283090275419,0.02278364094042637,0.01984218170867618,0.0038433876496007987,0.004323717351925726,0.023117160559352534,0.01205870840858777,0.030590863723532147
2024-08-09,0.003951628980659517,0.002368313982340104,0.0038951892137020216,0.003348026888665167,0.0018813756125891678,0.001962249594192741,0.0044097841495645,0.004260097909851089,0.005222513134995221
2024-08-12,0.0021321519564616856,0.0018949259731116626,0.008135929222129128,0.0110905372888306,0.002008033769200181,0.002172539459390061,0.0005252995794078341,0.0014710875415208636,0.002153570213263123
2024-08-13,0.010292415348001738,0.005949222103594609,0.012551807275492877,0.0025399974905384592,0.0040263023321331914,0.0040968456781638185,0.016445694687511114,0.0116063603573211,0.024812685639666876
2024-08-14,0.00032865686994740825,3.92879929753019e-05,-0.0024520508336829034,-0.0053291624358211605,-0.0002488284710363337,-0.000348947304599369,0.0031549875045022713,0.002432270554705117,0.00032439343899071105
2024-08-15,0.007860733035444233,0.0025012894630069733,0.0149468952490056,0.006667618450900244,-2.2337438464116123e-05,0.0001837199682871777,0.017139987236816978,0.007858026830310425,0.025263194832255698
2024-08-16,0.0053585094668675524,0.0037422479608532158,0.009658314040272764,0.017257496144919657,0.0035380653436277642,0.003867666809079938,0.0022420117925041616,0.002132193603021301,0.001285686771071104
2024-08-19,0.006808907644917524,0.0033357970527933007,0.00661948715261285,0.0011718978252108704,0.0018707091067027288,0.0019785181835009014,0.00956144497064515,0.006345787061776632,0.013135975171623349
2024-08-20,-0.0015991140227694849,5.128382283987999e-05,0.00024209383979188022,0.002330085427689706,0.0010189556058663543,0.000982311450556668,-0.0016260690385396792,0.0005680210881275165,-0.002098607483686399
2024-08-21,0.004548707350943207,0.002855023453571002,0.002074639929844627,-0.00013149110806538085,0.0020538896153243563,0.0020799344908099,0.0034366969502579447,0.0028949889614484038,0.0046641452870039846
2024-08-22,-0.006934116361892635,-0.004511631184931523,-0.012732713941729685,-0.010931456854916675,-0.0035777710772355083,-0.003713310456368587,-0.007848673551824725,-0.006581854392863217,-0.01585483676038857
2024-08-23,0.012539232856576116,0.007812348092825403,0.011076676161170437,0.011317943722938255,0.006424181743522286,0.006829600939297335,0.010625195728030556,0.008278726378184748,0.010845403591605463
2024-08-26,-0.0026337391062120487,-0.0014809138652946373,-0.0032001757710624287,0.0017764846465515996,-0.0008277909366953506,-0.0007814891246757084,-0.002383710940868866,-0.0019331683177290975,-0.00970834699695422
2024-08-27,0.0022233535896568368,0.001415183082729093,0.002550574197367044,0.002370002289033006,0.0010577875722486035,0.0011187874231144358,0.0013731297473582593,0.0006782316942115652,0.002987419341431208
2024-08-28,-0.005031347109074584,-0.002739635445397751,-0.008532063517162078,-0.006718748269146713,-0.0019489086972710422,-0.0021273622043912286,-0.00580521267877987,-0.003744226725420149,-0.011347530772150005
2024-08-29,0.0006921570657108099,0.00035333875604197433,0.001460714216049293,0.0038934337596828765,0.00014293255027116898,0.00021110843277949038,8.952696107789038e-05,-0.0006260409605911261,-0.0014637513281005043
2024-08-30,0.0028433256102204053,0.0009585656184861774,0.00392803129425584,-0.002933246539334922,0.00014214178266143851,0.0001804019492166226,0.009545883171716785,0.00445926169179052,0.011919415409443967
2024-09-03,-0.011944327660183073,-0.0052469142076947166,-0.018214465427515807,-0.008462771930186557,-0.00186814360974146,-0.002104787967180604,-0.020579018022183426,-0.0100608332868201,-0.03036102068605051
2024-09-04,0.0005967538233872963,0.00162085711789154,-0.001218144349340997,-5.9800150400018005e-05,0.002170427990959708,0.0021153084035637633,-0.0020468085058105157,0.0010618263249139216,-0.002598404927504072
2024-09-05,0.0007760616794576041,0.0008551103376131312,0.003182507924362991,0.0056301683185894565,0.0010658527263051512,0.0011359374945477813,-0.0024321951977047673,-0.0005418428680239409,0.0009335788473685547
2024-09-06,-0.010585404921127785,-0.004548315437091976,-0.017057260875590438,-0.009750132075266135,-0.0019006489045691982,-0.0021588323617763947,-0.016829947206623563,-0.009589087493866059,-0.026787336194396993
2024-09-09,0.007118014739059242,0.0037419546152605704,0.009043277004197443,0.005934075963603758,0.002629319715344551,0.0028503737559532507,0.011196119760345846,0.007276767105930569,0.012859705746210315
2024-09-10,0.002468929061865676,0.002059576250773083,0.006317100028858442,0.004392047974975055,0.002662617600089234,0.0028309365798205167,0.004355612982860579,0.004318972703032521,0.009241772654810854
2024-09-11,0.005186479761952394,0.0020472330072931005,0.010091609559882453,0.0013542561702760529,0.0004746176507616891,0.000493548089455072,0.01025910204694691,0.005886643661494756,0.02171544080872234
2024-09-12,0.006293168267903937,0.003426886873581614,0.011947952919056037,0.01483925909605821,0.0026701284520682655,0.0030380666763289987,0.008423138494075166,0.004398581037285965,0.009816111442053632
2024-09-13,0.005290344020089098,0.0035508591748009705,0.006972663661966536,0.008584878286042461,0.0033172503041931515,0.003567592121016075,0.005222869311307221,0.00391170313222738,0.004479774281948012
2024-09-16,0.002613729031341088,0.0018479821544468296,-0.00032553513713220826,0.0003639330759262199,0.0014449073219171323,0.0014636648550374264,0.0014768050991735837,0.00193412259277362,-0.004417842558630092
2024-09-17,-0.002406473913319528,-0.00177176325387151,-0.001963313377564652,-0.003825117663361003,-0.001832155580980065,-0.0019778607389651422,0.000408635700938742,-0.00047450236331281724,0.0005283031618672496
2024-09-18,-0.003168785949367174,-0.0021672734469388305,-0.005143609701672167,-0.006342023458096857,-0.00202392380535704,-0.0021386468291786555,-0.002965737010842795,-0.003512808163314371,-0.004329550735439502
2024-09-19,0.012792182063210738,0.0069761856617352016,0.018088058524983935,0.015981644170820347,0.004446598090289709,0.004764141574849527,0.01706424515871352,0.009981233855507818,0.025284273657037115
2024-09-20,-0.0025719234376530395,-0.0009267646412466828,0.004010049601542683,0.008527580144197263,0.00021187736644274162,0.00034574322938939596,-0.001728617192906845,-0.001170405613272155,-0.001903494581027787
2024-09-23,0.0038187391741191816,0.0019791059487194195,0.0023039594950870846,0.002100605439943531,0.0013866263590452147,0.001552095259845053,0.0024990662292110333,0.001279381081051822,0.0026508426605738045
2024-09-24,0.0084989159291216,0.00512124359785634,0.00773039974079026,0.010782547080561145,0.003741755742135417,0.00400573703740287,0.0028611387490065088,0.0021787356716657345,0.004823459542788067
2024-09-25,-0.0041396945012863555,-0.002793105835355113,-0.0012493035644702546,-0.001616243855132487,-0.0023151947660638907,-0.002384662081107457,-0.0022055858738448952,-0.002931829572059925,0.0009272638957480428
2024-09-26,0.008941973733101391,0.004268092997353091,0.005126029194087868,0.00476769991915694,0.0016287944964310057,0.0017091615098860646,0.003964786856283542,0.002136603927370403,0.007513016623002855
2024-09-27,-0.00098833604838083,0.0002502025726332703,-0.004900070240262437,-0.006092503401554242,0.0005750557470303897,0.00038381616534041604,-0.0014503999865576045,0.000665270416248816,-0.005556971888341367
2024-09-30,-0.0036297136642448984,-0.0028772428117304037,-0.0011060858129458217,-0.0045708547843767095,-0.002276872954723515,-0.0022934935889734453,0.004007205167527728,0.0013680083741445686,0.0027118400189183323
2024-10-01,-0.0026564986831019077,-0.0004448486293587854,-0.002143164550764174,0.0048894975222794216,0.0006665366419405501,0.0007079876668108562,-0.008958323493068132,-0.0040541456896445735,-0.013932499905102147
2024-10-02,0.0011966879070696977,0.0003891783735354197,0.0005291465561434775,0.00026563301373528037,-0.00025953635463336926,-0.00025641481362066753,0.0004220236379359754,-0.0008622273092238214,0.0014129933643114434
2024-10-03,-0.005842884714576791,-0.003909729492211346,-0.0011523472839023463,-0.0010148228622506939,-0.0031575824467168683,-0.0032320378565455785,-0.00182832694911772,-0.0031119056402649638,-0.0007468831683350441
2024-10-04,0.0025151210101728863,-0.0007936918608846882,0.005136038138529005,0.0011500750996509637,-0.0026439899080072066,-0.0025505804142281607,0.009087338034810655,0.001765654689450617,0.011897997449725084
2024-10-07,-0.004357960045264536,-0.002957404375717119,-0.00709080096191592,-0.005005024435172013,-0.0027128648065645068,-0.0028255401598607827,-0.009040375782507826,-0.006949571832520577,-0.010711637727711998
2024-10-08,-0.0016057876702919686,-0.0008496612759927978,0.003723759525600201,-0.0025763449474509887,-0.0004063037770801877,-0.0005480533540047213,0.009457723046495614,0.0061146150663227575,0.014934678127461076
2024-10-09,0.0008436730215386721,-0.0003621459134393057,0.0021559567353353556,-0.0018780817201248623,-0.0010948660675262768,-0.0011142178284956063,0.006926469369018973,0.002813096204102288,0.007868333743050515
2024-10-10,-0.0006026639619509648,0.00023174972265436344,0.001991366557487292,0.004697479763448642,0.0004792196203118277,0.00048117346706634653,-0.0017500545573422288,-0.0011196763598647836,-0.001135543202336886
2024-10-11,0.00474483122587932,0.00294938869912742,0.005788327675546379,0.009345101512984622,0.0027626387265506924,0.003058379161439362,0.005988146615026446,0.003684816584693662,0.0015631312789967655
2024-10-14,0.003018463355461786,0.001141507906908189,0.0043216107216502205,0.0013995627473135754,0.0003711503828029935,0.00045744484201018303,0.008178293433608763,0.004211182629618423,0.00839142033193041
2024-10-15,-0.005616846875825172,-0.00220929121443557,-0.005517719280558343,-2.588127755039991e-05,0.00020788086558959107,0.00029363744932902057,-0.007769554234863363,-0.0026616076081815605,-0.01336690307088384
2024-10-16,0.004154511429044692,0.0026292335680612867,0.002935181688322212,0.004799471864478916,0.0023145643056195616,0.0025136340263870616,0.004346436726420988,0.003233508034655903,0.00012233862464627876
2024-10-17,-0.0005141592061144735,-0.0008044058054434745,0.0027099997703624967,0.004168021000684602,-0.0011054971390992347,-0.001039577738461164,8.568178086854061e-05,-0.0020179365553965115,0.0006925603918126466
2024-10-18,0.006024716886122231,0.003630123434027172,0.007659803911854616,0.00853843047472598,0.003022122027535876,0.003280331117401349,0.003846664412038514,0.002774085573185254,0.006554784094421562
2024-10-21,-0.006349689734039036,-0.004328119497659804,0.00034938545013763476,-0.0006401902010084886,-0.004029063056124456,-0.004192575244326668,-0.0016421922272843448,-0.004051101543913287,0.0019212676750797186
2024-10-22,0.00030070345801884267,0.00024206493330362092,0.004706854420134623,0.007330705634234145,0.000665011924394973,0.000862142920968769,-0.0005311077877049319,-0.0006947326939497058,0.0010898952658935368
2024-10-23,-0.006049920509442597,-0.0036951517425771493,-0.01276225825607579,-0.011167914870950429,-0.002592669671643528,-0.0027194039932612107,-0.009137681610886794,-0.006440473332447036,-0.015323904197862004
2024-10-24,0.003611993236857534,0.0022590213023317117,0.006758228687034162,0.006014037574446335,0.0019658397193889083,0.0021068286875181876,0.002162879754473268,0.002182738987540767,0.008108890143200709
2024-10-25,-0.0018260777450246107,-0.0012466525423644322,0.0031684664191226415,0.001330322814902904,-0.0011650425394533598,-0.0012209122354325521,-0.00034540013052763996,-0.0010846363010623523,0.006093657105306294
2024-10-28,0.0030139097740851935,0.0012273808132753853,0.0006887218081808315,0.0009610898491563518,0.0003488135259969494,0.0004360683973694693,0.003091558131063099,0.0009468709246031591,0.000161500868961717
2024-10-29,-0.00014801062744545693,0.00021928053127408066,0.00855657698593395,0.008087714940951233,0.0006112534064688978,0.0006927124860984812,0.001618420450022695,0.0011458450611389831,0.009608465634804553
2024-10-30,-0.003213583771582655,-0.0019585166310385643,-0.0013182636100407576,0.0029408619775599136,-0.0008645296646323256,-0.0007212129107306861,-0.0030252075946073376,-0.0024143801894760874,-0.0075576420980074666
2024-10-31,-0.011025139172897205,-0.005701541195180137,-0.020119082557457285,-0.016723008428100577,-0.004267253950215563,-0.004776823847824115,-0.01960331509901836,-0.012064593160596479,-0.025242741599379004
2024-11-01,-9.29706102792232e-05,-0.000641031133614022,0.002011058261867125,-0.0016221170659032748,-0.001596209309427864,-0.0017239127274707462,0.004220527329819701,0.00016522947633860335,0.007398855067124899
2024-11-04,0.0022437257138963993,0.0018183118980669823,-0.0009773006738339797,0.000352844476772036,0.0020820325579012236,0.0021757828897138185,-0.0021539924147711,0.0008233674049084152,-0.002913153581244443
2024-11-05,0.007751864190563109,0.00381737171665967,0.008291173747060466,0.005195789655506124,0.002435665153612795,0.0026694581220742843,0.012091814945917267,0.007476717889228364,0.012756936424819232
2024-11-06,-0.007023138653834622,-0.005425504484801231,0.0030969871596597176,-0.01375314647037476,-0.006489469228144123,-0.007140067599232257,0.024865516520399922,0.010926342061558424,0.027163166446182663
2024-11-07,0.012045005092435196,0.007518741803463623,0.014265129190365676,0.013466117268357176,0.006253700594916678,0.006615192876250245,0.007732246034327872,0.007852798943027484,0.01574424016308895
2024-11-08,-0.0045808412666817925,-0.002783302259635106,-0.0013536001537439303,-0.003316216071653296,-0.001212713078664296,-0.0011978913846227447,0.004331774643717257,0.0034761160225110577,0.001168492318360581
2024-11-11,-0.004579396681716141,-0.0032651635987829275,-0.009467437394576894,-0.016467157678065836,-0.0035493127344996545,-0.003951571975366108,0.0009529553830236459,-0.0005568861685872895,-0.0005835043115284266
2024-11-12,-0.010410967522625544,-0.006285789089230343,-0.004844755409769691,-0.00700780099670896,-0.004902905746621496,-0.005187089273384462,-0.003106540640482547,-0.004373352057192215,-0.0018099674553813117
2024-11-13,-0.0019630257810477067,-0.0006162506236836519,-0.004268384121259434,-0.006963699668081312,-0.0001891496544482751,-0.0003311477323071882,0.000485928829681459,3.64162241107728e-05,-0.0012867038756417815
2024-11-14,-0.0028438189055463316,-0.0020814227214576726,-0.0051155421563478815,-0.00374491236803826,-0.00198670551416157,-0.002101132727365955,-0.006430280129214205,-0.0039133932536151985,-0.00694971466060923
2024-11-15,-0.004576878408375798,-0.0016767678000816765,-0.01224395209238017,-0.005043642686210771,-0.0004682553626224063,-0.0005563043117169663,-0.012808560073861108,-0.007518908713184242,-0.023825905916368573
2024-11-18,0.007310527389191418,0.004494702508831942,0.010961662560716045,0.014631171300201402,0.0038890135173318824,0.0042655031259650825,0.004097457137459903,0.0033533998069095313,0.006947603993525231
2024-11-19,0.0019048831598237267,0.0012087730866179648,0.006852594816856024,0.0074155727287325505,0.0014363707477098554,0.001616495670068647,0.0036555270643412463,0.003045232669520535,0.0068797547497174705
2024-11-20,-0.0003111543539420742,-0.0003187774086106981,0.0021470842223603242,0.004097121731266495,-0.00019236188766157892,-0.00010017527171341802,0.000338822798638283,-0.00039786402110956077,-0.0005760440614926976
2024-11-21,0.002653147983246197,0.001387656680103279,0.005967016499312188,0.007481095077441792,0.0012717449028874443,0.0015034555036104907,0.005368146978349975,0.0029980315768921607,0.0035972655464091563
2024-11-22,0.0036890350917315605,0.002126895489231195,0.006536397260334022,0.010069096305122819,0.0020331494692457826,0.002332282805461167,0.003099517569998378,0.0021159767301797004,0.0016039539494596688
2024-11-25,0.001613229407667983,0.0016927393266128925,-0.010497468064202996,-0.020053692024049906,0.0013159143889212084,0.0008936833165366435,0.003392034648267206,0.006348021222810203,0.0015816385363234264
2024-11-26,-0.000136405221736397,-0.00022356943050777644,0.003968564953716948,0.002900708096036303,-3.539228333552925e-05,4.818999879453205e-05,0.00522128354141449,0.0022776664830138193,0.005369298144249246
2024-11-27,0.002271843907019563,0.0018137956659683386,-0.0025813808810362143,0.0006793501222917176,0.0018040382734542712,0.0018783393568886813,-0.003029919952727167,-0.00021107393127869022,-0.007873449568862045
2024-11-29,0.004894935270945557,0.0033820045636659165,0.008034415907973247,0.00791834636297674,0.0027010363119657614,0.002758529770075285,0.006212147107364174,0.005412758991741546,0.008786847450049873
2024-12-02,-0.0008885569687368263,-0.0007134707123697105,0.0006430325179747486,-0.005672236856150534,-0.001412932698888776,-0.0016992570869059733,0.001792218141985602,0.001040137779900825,0.010887828617223594
2024-12-03,0.0009543298119706966,0.00038269038842166206,0.001956050195706944,0.001556748910016064,-0.0001138410204707753,-0.00010968713318720844,0.0004639596457520767,-0.0008609301056370592,0.0030662527758846814
2024-12-04,0.003549609251198314,0.0024513096576548967,0.007043377078995196,0.003967741987704724,0.001948712483383374,0.0019374174002280693,0.00620952317140433,0.0052487719335669635,0.01236290263228601
2024-12-05,0.0013117725275812978,0.0005506529965019042,-0.004288566355722609,-0.005702186091608845,-0.00023574857267357805,-0.00035652594687864733,-0.0016457157748664963,-0.0010311309385938627,-0.0027708804582528
2024-12-06,0.0011883344662000318,0.0010643758791843343,0.0037063767862341216,0.0008219887478157913,0.001087038116078665,0.0010365065029115455,0.0018957701105462021,0.0024001861088712964,0.00894941997432075
2024-12-09,0.0019372717094537548,0.0009301209517083804,-0.00017375552667427542,0.005454794106162779,0.000655831336264004,0.0008837867444341353,-0.005149721108997141,-0.0044760396868706795,-0.007787529413583294
2024-12-10,-0.004517314681890475,-0.0022070425178129034,0.0032043263146069195,0.008393470519368304,-0.001099304297404195,-0.001073171392937791,-0.00310917266864974,-0.0025818124441204155,-0.003407561571741269
2024-12-11,0.004742212833638293,0.0021984336599072396,0.012391847883489238,0.009010622474238117,0.0011412521919682561,0.0013267828008725058,0.007730670035946519,0.003455943894658864,0.01790243045723683
2024-12-12,-0.005926518779175882,-0.0037681144375494133,-0.009469037649943725,-0.011937101242621206,-0.0031803580259172695,-0.0034254793699162373,-0.0051523803405075785,-0.004618790316045796,-0.006453821182894948
2024-12-13,-0.0011710006721691482,-0.001431297812160427,-0.0017493972852759534,-0.008658859212415554,-0.002030110536134076,-0.00220068497076806,-0.00019880136416583483,-0.001979036863014392,0.007654443118097376
2024-12-16,0.0007913938050940681,0.00038707561671096074,0.007666481689851465,0.002955177890331992,0.00025097824663894755,0.00024965514081084204,0.004270118533562961,0.0027032143089364843,0.014400624372974624
2024-12-17,-0.0029369144148947398,-0.0014808628966927456,-0.00412636152145895,-0.003920680930810247,-0.0010623624727681118,-0.0011960426132622986,-0.0041201367115223375,-0.0024895909472598967,-0.004403581061451001
2024-12-18,-0.022989829166942578,-0.013037975887580652,-0.028225736700283888,-0.022279581978566654,-0.010178651295429147,-0.010971036981370747,-0.029803585875030625,-0.021045768663180704,-0.036077169877820614
2024-12-19,-0.0025480720170690772,-0.0010351882333293706,-0.00131081312959331,0.0009213732297577162,-0.0010146289918284753,-0.0011624647170033419,-0.00030695694156712694,-0.0020057626469525006,-0.004453292151030186
2024-12-20,0.00654300754063089,0.003690102152624595,0.010059195766683774,0.010889493257071994,0.003304443707585785,0.0036466020737750265,0.012010900850058848,0.008671191940714126,0.008732690065074378
2024-12-23,0.0025425975359799112,0.0006029332608783256,0.0032762727629534385,-0.0016157358966090345,-0.0004164182744815097,-0.0003755711154826826,0.005988340412128146,0.0018311455382346105,0.009742666462527971
2024-12-24,0.005649753421423792,0.0030477803672570762,0.00853081530933345,0.004650053239416382,0.002032561545350116,0.0021601895582257346,0.011115176177002306,0.0069214970489758585,0.013559760999559023
2024-12-26,0.0011712224343785676,0.0008485774497473088,0.0023672749337200895,0.00479104533223149,0.001017652940590299,0.001140391586719737,6.644664753374663e-05,0.0003394193162052273,-0.0006793477471822573
2024-12-27,-0.006201946763672357,-0.003239800212740129,-0.01022386526488268,-0.007937506293751995,-0.002445908705774237,-0.002686945630486582,-0.010526540204950474,-0.0074010539273649915,-0.013293188654420973
2024-12-30,-0.005074563274088402,-0.0015352099059760546,-0.008949396076566349,-0.005582953145852195,-7.866389100729505e-05,-0.00030000230073382977,-0.011411578258592181,-0.004566774971944961,-0.013299830013686287
2024-12-31,5.875717245585108e-05,0.00031618409828160503,-0.0017039128799574725,0.0033769719053104675,0.0008498393788864302,0.0010243918901437993,-0.0036380710711456654,-0.002916434174589403,-0.008494677672248319
2025-01-02,-0.0012016409477135846,-0.00036933750676477486,0.0041352174719114345,0.00897715316364332,0.00018589066546184326,0.0002889662205249114,-0.002457066899882232,-0.001255521446510776,-0.0019561271968503435
2025-01-03,0.0052752533519340485,0.002297453187007031,0.0058583863058735,-0.0020776114596665974,0.001015376510682195,0.0010853896543791292,0.012503583332969637,0.006832161259059785,0.01636515970489283
2025-01-06,0.0038204045892606202,0.0018291457769252536,0.005303082697012962,0.000783527786702161,0.00033521646755748074,0.0002242682000348912,0.00576051594844551,0.003079055141476091,0.011492906282355886
2025-01-07,-0.0049314604595312615,-0.0027862949993007194,-0.007288984903185293,0.000726932746000249,-0.001993256083547457,-0.0019962831447076085,-0.011303996052868137,-0.008626791693915238,-0.017844261838194986
2025-01-08,-0.0002922679668793693,0.0002833499873142478,0.0024822012570240113,0.004212448993115311,0.0008792591882202305,0.0009507525779272486,0.001460938914927823,0.0015729905045610084,0.00017461980316402226
2025-01-10,-0.010254424929696311,-0.006170783418141584,-0.0054967580832588825,0.0024725850969032088,-0.004595280340263888,-0.004680612787406122,-0.01526754467506164,-0.012087752503786207,-0.015680904008309127
2025-01-13,-0.0017992082188153559,-0.0011138985212669327,-0.005014672565978269,-0.006726529588811642,-0.0007145549786481968,-0.0007574214474668347,0.0015505757543041732,0.00022908256728289638,-0.003213849352669995
2025-01-14,0.0039346121321244265,0.0021659319138680466,0.0019865532220109117,0.0033792002093440132,0.0017780420013828735,0.001973942519471805,0.0013758345941314865,0.0009557473500982905,-0.000949432665889538
2025-01-15,0.011715890590040506,0.007655731618581122,0.015816574104915417,0.010733772821707059,0.005989678379904762,0.006123784677214749,0.01819030384232989,0.0151266983902964,0.023006197773013604
2025-01-16,0.004781897722313525,0.0029984929754523267,-0.0004486207929938048,0.003965487562768716,0.003036284939329257,0.003360362826011586,-0.0019233624070418287,-0.0002080807616433154,-0.007005939502324532
2025-01-17,0.004382478806714067,0.0019900235085947454,0.006615263238619895,-0.0006630372638721451,0.0006312062341212013,0.0005818988042484447,0.010039902527342326,0.0063365842363128045,0.016878419712516246
2025-01-21,0.011976196068123097,0.00683983426681859,0.010336596615019194,0.013436054464598791,0.005299658358921532,0.005795057256558176,0.009153507061779642,0.006852194197909804,0.005865137928780628
2025-01-22,-0.0005267546386978932,-0.0005438146032635116,0.008303052890100806,0.006753018640967921,-0.0009817880474035292,-0.0010688363140917505,0.005621668925867462,0.0023759669003593467,0.012785746959265376
2025-01-23,0.0033678091834727607,0.0015453283187094884,0.001386714187282241,-0.0006617521672506547,0.0007272844954362415,0.0008318659788766568,0.005457859778855267,0.0022901384497465063,0.0021261368097640343
2025-01-24,0.0015656913479898933,0.0013341895908062127,-0.0004040211919855305,0.0036871247654525997,0.001507819321115986,0.0016191334301978513,-0.0029193696496807586,-0.0009704303028400256,-0.005651159116860871
2025-01-27,-0.004930625917828253,-0.0015380584119061083,-0.018661445812356604,-0.014358084938207633,0.0002617566668489665,0.00011666741012054786,-0.014145270885837502,-0.006042470391791923,-0.029114689190420484
2025-01-28,0.0021473811905264734,0.001336882020517279,0.011074489583379617,0.009930908803042308,0.000730343296327366,0.0007418920264127148,0.008592366591027911,0.005218397612038618,0.0147799437972016
2025-01-29,-0.002680233548501554,-0.0017592560671254713,-0.0031875398846845145,-0.003430050962810042,-0.0018895842267912773,-0.0020836015811832058,-0.00448298091773347,-0.0031770088026856465,-0.001878187031662315
2025-01-30,0.009019134843835725,0.005371891523823993,0.00884359959617015,0.012865995793532373,0.004322344699625679,0.0047285866485294505,0.005367070386180783,0.004092275344139784,0.004262414195661757
2025-01-31,-0.0036835659105533595,-0.001961931916177663,-0.0008433437245626319,0.0012642151347522035,-0.001030047390032628,-0.0010463158419229356,-0.005321858304584093,-0.0038532364028028765,-0.0014529033825134707
2025-02-03,-0.005040224047198637,-0.0026934878587190595,-0.0023572143054912524,0.002574272077105578,-0.0012566646468594842,-0.0012274294353133617,-0.006729511705033997,-0.0037786726310974185,-0.00800330272210581
2025-02-04,0.008155433047576993,0.004882087642917377,0.010184551816258852,0.010345756279255588,0.0034888363993219543,0.003671349601073882,0.006708265813236913,0.005023417354855036,0.01227532200979109
2025-02-05,0.00604706359054863,0.003869504267874595,0.005123300248082209,0.005866338709900439,0.003489309646409472,0.003721106063681893,0.004054563172681824,0.004750044787901322,0.004537976890423678
2025-02-06,0.0022833736861822863,0.000836141248107477,0.0016677015038920177,-0.001036528165017802,0.00012846630621513735,0.00015117271385255986,0.003475607966170857,0.0016257457843624717,0.005219761699775116
2025-02-07,-0.004952242649932053,-0.0030863225968967684,-0.006086137374881864,-0.0011864615181914797,-0.0021814385036673495,-0.0021739252322324335,-0.009153559299522107,-0.0068387690171809986,-0.01261314662687063
2025-02-10,0.007047297829950426,0.0041241459876854925,0.013036448994772605,0.01595238991156101,0.003083496321705016,0.003388219969553054,0.006791307077217645,0.0040026744725454545,0.01210496367545666
2025-02-11,0.0013733832587460861,0.00039184971640708095,-0.0022881919100964567,-0.0033933629973373937,-0.00015675369978192182,-0.00012952975988005078,0.0007604747395519862,-0.000562471509662671,-0.002380732511967021
2025-02-12,0.00021716794315860573,-0.0008613769815059172,2.8413754664135992e-05,0.000953554068418304,-0.0017730907826111317,-0.0017624780297426782,-0.0032215678694511585,-0.004672851777297095,0.0005869855453497497
2025-02-13,0.008094568370018873,0.005190290000910425,0.01178967767337391,0.010924651232904203,0.004520538998218804,0.004743786189451926,0.010557622259588673,0.009315958404936264,0.014385933474305945
2025-02-14,0.00012305501540869424,0.0005623733405692899,-0.004263454436147493,-0.009894010270267822,0.00011354771551030643,-0.00022103740209832,-4.940115390483779e-05,0.0016459456945956531,0.004198487749577096
2025-02-18,0.004421587782663014,0.0018773336972321864,0.008046924509452415,0.012776745811395603,0.0011969072532358447,0.0015878661297447627,0.002936043372272934,-0.00038392466333239195,0.002266898309154053
2025-02-19,-0.0018926995023734823,-0.0005143881325830367,0.0008026320924447684,0.0004818514161280822,0.00019943060048315905,0.00016805922789467644,0.0023549654159298328,0.002060705073202736,0.0002783419810690191
2025-02-20,0.0014240970389044288,0.0008892156670089055,-0.0023317277093947812,-0.0007303896100307324,0.0008630512306416296,0.0009129227089590675,-0.004160320267696638,-0.0016903176262600891,-0.004244703476002032
2025-02-21,-0.006182894173103426,-0.001971225410306622,-0.012106273826270848,-0.006099000234301,-0.0002836050933078217,-0.0005405600170708144,-0.017104164272735534,-0.007910187094333946,-0.020754514635701216
2025-02-24,-0.002105641807174776,-0.0004905974811640984,-0.0034040399542746586,0.000997578839238278,0.0006438464414570005,0.0007114464699566181,-0.004550399360666035,-0.0018418203977777806,-0.011804330422968246
2025-02-25,0.0014165650142470467,0.0016103551238800524,-0.011327126285475487,-0.013038769012340756,0.0016827602817515708,0.0015299961076688652,-0.004973235667949494,0.0002551866370927593,-0.012599211963902568
2025-02-26,0.0017120329977378381,0.0012500071969308748,0.001672689535791319,0.0017522252391831976,0.0008915222780518431,0.0008551309661892363,0.0005048990709795032,0.0014238112140889077,0.002415702672933673
2025-02-27,-0.010423700473676958,-0.005317334231535222,-0.020321854926172868,-0.018424951606421075,-0.0032075645973455085,-0.003479273821630818,-0.015961874391830944,-0.00988643245393838,-0.027771441039645683
2025-02-28,0.0040993670175659734,0.0030271704076002288,0.006738748135328161,-0.0007130994942992032,0.0025610045653932287,0.0025036634944475304,0.015605626599336064,0.011415294680503042,0.015791611680239903
2025-03-03,0.0008028412935197125,0.001184178573704417,-0.006855145336929432,0.004207868351556713,0.0019909187645172953,0.002193079997021276,-0.01752001391780722,-0.008814327987675542,-0.02188262235836469
2025-03-04,-0.0007591505099266882,-0.0003559277532885378,4.207393465985266e-05,0.005777594362237986,-0.00040550716438002987,-0.0003847575842007705,-0.011836943078773587,-0.008214201644138336,-0.0030177439903941172
2025-03-05,0.01149845763049748,0.0049088977859460415,0.008036364005917314,0.0047878905726209025,0.002028511122879035,0.0023448375912690296,0.010747880933537068,0.003910596797984824,0.013036065730156476
2025-03-06,-0.011838727426321628,-0.005772222468446665,-0.01632139243997916,-0.010668001109911104,-0.0038988544817565324,-0.004354698440146041,-0.017751152762360167,-0.010604652726674003,-0.027509385208027037
2025-03-07,0.005639294836294288,0.0027430818542750596,0.004156210687599679,0.0021947273102873623,0.0014200616229856173,0.0015518262412802985,0.0056046769065729585,0.0027229976345838148,0.007353590132054055
2025-03-10,-0.015901008153232477,-0.006866993951270653,-0.02387952868041081,-0.01613961442660606,-0.0029023045170302056,-0.0033682709295109964,-0.026635523612853595,-0.012595442469441373,-0.038756601612880304
2025-03-11,-0.0007388236495428401,-0.0006476459443638297,0.0024033009815546545,0.008332802809213419,-0.0006619169271184103,-0.0005732259496425235,-0.008312884821599753,-0.006296349711184555,-0.002390178918690977
2025-03-12,0.0026810510203085225,0.0009071689458845963,0.007158220510786371,0.005996405444535493,3.8647198917757785e-05,0.0001364665133865512,0.005306567865676515,0.0017785665192312744,0.01128078456069126
2025-03-13,-0.004531761929513597,-0.001185887367513905,-0.0018865073119231019,0.009207239275564548,0.00025992684972679495,0.00023845492246133662,-0.01333024354055512,-0.00595559093203494,-0.01799061091761056
2025-03-14,0.012923187059337246,0.005836494797280928,0.013189571795026075,0.005931376371317594,0.002994741108427226,0.0033552288377478898,0.020655503211537196,0.010296029568231333,0.02417051804002801
2025-03-17,0.007921066722120562,0.004008971700915964,0.006415424373981127,0.005863318239299975,0.0028238565758942347,0.0031388665749443323,0.007711467404735828,0.0049186905882445675,0.006483817341284004
2025-03-18,-0.002224349491299075,-0.0007519673305869622,-0.0009655309796644494,0.00472859726898083,0.0001671360030094672,0.00025190033362746896,-0.010808443576004967,-0.006039409024460263,-0.017047384445906477
2025-03-19,0.004128067655111009,0.0029103858165481825,0.006889795211529569,0.005893691714445809,0.002435938654087114,0.0024825889583400696,0.010890822875730954,0.007750056517638334,0.013381303493304797
2025-03-20,-0.003855259783351884,-0.001778967164937456,-0.005045884110358341,-0.0027247222481688723,-0.0007436500820301227,-0.0008207196985675598,-0.002891746812818119,-0.0011480100488090975,-0.0033894877304587734
2025-03-21,-0.004141639051745904,-0.0021212570391937434,-0.003391538797178024,-0.00544500896659734,-0.0017564683140465537,-0.002025705614351523,0.00032994078344317224,-0.00013905141003649337,0.00329672644317891
2025-03-24,0.005189209915669971,0.0014638474101964685,0.0066783645578468035,0.001733812838839569,8.539124253320292e-05,0.00029240272293821524,0.01790851112775793,0.00842633248551802,0.021944191459364548
2025-03-25,0.0012545998294898133,0.0009798756008041589,0.005645377870386991,0.0049406292530058075,0.0005527166141580787,0.0004951850727930448,0.0024038461538462563,0.0021236529982537103,0.005706709039260627
2025-03-26,-0.006447577223462617,-0.0034469438198413906,-0.011390698990818966,-0.006042521465603742,-0.0018507287387100704,-0.001859445842213259,-0.011938329377862766,-0.008147366689080872,-0.01840072589539643
2025-03-27,0.0014292805320029838,0.001204941549645748,0.0034606247447580597,0.008287932958472268,0.0013004486790280335,0.0014733868610651304,-0.002655674108104966,-0.0019383592907839943,-0.00569802883426429
2025-03-28,-0.006272105435021405,-0.0016785737916632478,-0.008566963854034257,-0.0010320961276692195,0.0008655006870384677,0.000795733440611844,-0.02013843519279468,-0.00894254378393639,-0.026327755065839842
2025-03-31,0.0019927835768660494,0.0017607770903061344,0.0035551646603273136,0.009506973575661049,0.0024972796405712885,0.0027694456593988573,0.006712832558287474,0.005190807725028189,-4.266189797086373e-05
2025-04-01,0.0023117465940170378,0.0014341250196380144,0.0034047250574505412,0.0006847633422395028,0.0010301192449521858,0.000989527547683069,0.0028244686568168476,0.0031021079143524295,0.008061083434307337
2025-04-02,0.003328530894971083,0.0013371041567427518,0.004505427998789507,0.0033323243373230608,0.0006612928606925764,0.0008050904147775761,0.0063283067681381144,0.003396584472810636,0.007298397399015943
2025-04-03,-0.01951655838040721,-0.007498127921622758,-0.026917766237726924,-0.017222357967676728,-0.00308355384988997,-0.003847726712295133,-0.049280630772377654,-0.025370995896974294,-0.05353348909551747
2025-04-04,-0.04094521243360403,-0.021196613786833206,-0.045730749722571115,-0.03403962206126121,-0.013032212598653675,-0.014162807548192501,-0.058543043984177645,-0.03301649900811047,-0.062108830483697086
2025-04-07,-0.018109894162233877,-0.01032252804068141,-0.014069139720303884,-0.01706137254392898,-0.00808425845021636,-0.008718684761262408,-0.0017811294100512631,-0.006151684302270182,0.0024131386419767864
2025-04-08,-0.009356166999817901,-0.004905830759023701,-0.006305611351622741,-0.00037550201032371557,-0.0036461196090275274,-0.0038418146155783026,-0.015662774064562512,-0.011101490575539627,-0.01800840527155112
2025-04-09,0.05698561513967972,0.027516702768404705,0.07807735036134933,0.05722439706992443,0.016633270662629488,0.018250941700943,0.10501952577624296,0.05832377454980346,0.1200306910985105
2025-04-10,-0.0149679468592441,-0.007324821273757655,-0.009765925546014985,0.007214082577500967,-0.003560510511507725,-0.0034986138783514903,-0.04381929414255514,-0.028538527567627807,-0.04253208024770483
2025-04-11,0.015342573537922215,0.006934991873919078,0.01967433209262139,0.01921633881538208,0.003718221294964545,0.004342949273958614,0.017842847815596086,0.00807787681892443,0.01842295468981181
2025-04-14,0.007966122066580095,0.005352664923188974,0.001441420836587942,-0.002341912024599582,0.0044118711001597906,0.004468756306524161,0.009701543182761618,0.009011923875431446,0.006778197691267085
2025-04-15,0.0036239805210709353,0.002150001528498091,0.006081177549712713,0.004522043428287104,0.001679093640735152,0.0017777300474803859,-0.0028009566779919615,-0.0005120416251771509,0.0011147606263994803
2025-04-16,-0.0033857716991081994,-1.001374241358249e-05,0.006396186415464082,0.027596573908356514,0.0025461319009270644,0.002889338381380505,-0.022227877495244908,-0.011565231808058333,-0.0301535260986584
2025-04-17,0.0038912087504922857,0.0018513756796794596,0.0007969417037817558,-0.004077289557571238,0.0010660212748314344,0.0011794904071531652,0.001426836783823937,-0.00031475747676491393,-0.00018002167593811347
2025-04-21,-0.006137822478544936,-0.0028155947914872506,0.0044943726840432005,0.026774897650344805,-0.0011267815591417137,-0.0008883968420194908,-0.02380293435565284,-0.016310977188519767,-0.024746780771967014
2025-04-22,0.012774479913240159,0.006135375512684283,0.008288034512923753,-0.011324989653224454,0.003036418014090474,0.003086181032408956,0.026017831494603794,0.015621635036505967,0.026252143527356164
2025-04-23,0.0035450963497510378,0.0008882262121328126,-0.0027007202261754657,-0.020541431273623005,-0.0009850776131329337,-0.0012640811296445876,0.01549547679367791,0.009645182229347647,0.022678135197381044
2025-04-24,0.01203804648341886,0.0069896066463593426,0.016940921093270254,0.01560091594941927,0.005176696156027292,0.005425351408383256,0.021048917134121048,0.014762717286256546,0.0281370097838054
2025-04-25,0.0017856340785509057,0.0011914952188339903,0.00041564976204173416,-0.009129341939509737,0.0005403749685668152,0.00034514604332093994,0.007225320685248393,0.0058597636125406315,0.011147980405025626
2025-04-28,0.004188258837399704,0.003279093597763857,0.006878244659589391,0.013085155669573087,0.0034263240152587644,0.0036435239119178287,0.00038131807369912174,0.001815590332973296,-0.0003173506320642838
2025-04-29,0.0023138716057349478,0.0014281871035225424,-0.001993748134432532,-0.008457404195054505,0.0008686390542530447,0.0007651586859221808,0.006299487545710525,0.0051657497618885,0.006604419742795464
2025-04-30,-0.0009264846705470967,-1.0589476510235836e-06,-0.004288288211830701,-0.006896656737966617,0.0003138580414122952,0.00019785532098137926,0.00039669609463666156,0.000860566095349016,-0.00012621204437712752
2025-05-01,-0.0009999197902976072,-0.002228797186151626,-0.005350554513675165,-0.01806069737342623,-0.003150122244926977,-0.003328907958460348,0.00708712384620247,0.0025356338627097325,0.013060749847175535
2025-05-02,0.011418119472449428,0.004566725342334064,0.011330760978943217,0.0028310331019476766,0.001506972652410773,0.0018156704121825324,0.014843997811275322,0.006327653278965163,0.014843867730180316
2025-05-05,0.0027857530309694364,0.0018789179396939833,0.011632405134968625,0.026872100662141022,0.002196438196404688,0.0026005276128317776,-0.0057342225403400615,-0.0041982222133205875,-0.005932514418725332
2025-05-06,-0.0002520002730623036,0.0010047500256692187,0.008367188882649108,0.025000482531883347,0.002217881421344537,0.0024834512075117814,-0.008358490505789407,-0.0040988274215499635,-0.009301699636721339
2025-05-07,-0.002451622093419587,-0.0013088352846240747,-0.006551648505764831,-0.013511837929709862,-0.0010668098836282137,-0.0013062550720711874,0.0042055333826633845,0.0035886892417556363,0.003925938971983678
2025-05-08,-0.0028161978243387707,-0.003325762793041838,-0.005867443632024976,-0.01730243287077032,-0.004216088425260724,-0.004440451594118834,0.006967926441200367,0.0011671665425041075,0.01032498796004111
2025-05-09,0.003691063571177558,0.0022782884997003218,0.006080564572294081,0.006606694371776735,0.0019735489561858743,0.0021419300181285644,-0.001274200923169766,-0.000488594233916779,-0.0006555405607225895
2025-05-12,0.0073061094051737096,0.0016801023724122126,-0.0023109120433625167,-0.02258470387209764,-0.0016999632751775518,-0.0018986477022077703,0.033047360828913463,0.017675573104115883,0.04074033232189844
2025-05-13,0.0030055619140911703,0.0013782217807989906,0.007681298218216278,0.005209963417348605,0.0002583397291456359,0.00022720720813435957,0.0066039759021399025,0.0038043658564086147,0.015240837177706634
2025-05-14,-0.002801017716007521,-0.002394704511268932,-0.007624119108039606,-0.01867374965423112,-0.0032222657387365383,-0.0035667664543998605,0.0012779785798229248,-0.0006230166371459093,0.0059928957369892455
2025-05-15,0.007766839264692127,0.005410166414427708,0.007926977223086995,0.010799105812340226,0.005341809914187312,0.005710090143594915,0.004884270229584153,0.005500615353503768,0.0010989402940311255
2025-05-16,0.0017385820615006386,0.0005589030710263325,-0.00262520006906571,-0.006934942861438238,7.202285275436195e-05,4.782766069349846e-05,0.0063341153643989845,0.003925817642795679,0.004352584948024596
2025-05-19,0.004472205118320394,0.0026106668953655493,0.007947098695466547,0.009101925786176737,0.0019910672890250157,0.0021978862002736536,0.0010938207948751888,0.00044511254006986725,0.0009587411322338202
2025-05-20,0.0021038952157399547,0.0013761525054079046,0.007725442815493287,0.011719407005952075,0.0013135836106965618,0.0015318440179908006,-0.0033621577891223,-0.0025313050642626596,-0.0033333647309266023
2025-05-21,-0.00778455720915334,-0.004385167257965346,-0.0035902295762963,0.000789240705493772,-0.003573279945983509,-0.0037320671183045185,-0.016850859230970072,-0.012891615368940576,-0.013896664453214913
2025-05-22,-0.000882559641708084,-6.113045071208055e-05,-0.0029395434618210083,-0.005586064199898887,-0.00012491350293419566,-0.00034236390674157737,0.0003947301607376552,0.0017447922010284628,0.001871389165925219
2025-05-23,0.0017981573137905165,0.0018598113041792678,0.0036986418276011295,0.01232346447382465,0.002538845994207117,0.0028357600602226586,-0.006825881910519027,-0.002918389959424929,-0.009260846960191804
2025-05-27,0.007323778736442908,0.0036062702223767485,0.005248464243608368,-0.004769990549442863,0.001979237244354705,0.0019231806460751847,0.020790777473527422,0.014061194723802241,0.02352528049628222
2025-05-28,-0.0046370989204862325,-0.0029020388520753235,-0.004664080023924126,-0.002936350992447815,-0.002047800247307876,-0.0020882738292575067,-0.005785438328822834,-0.00457371929943779,-0.004432120028781794
2025-05-29,0.00420717780490531,0.0029292981456138832,0.004171664595720569,0.004701450346884487,0.0028025143685556928,0.0029508409706015216,0.003947531779151081,0.004030178035529817,0.0019659401287253075
2025-05-30,-0.0016682409328568596,-0.00023206524562281595,-0.0035355933374124817,-0.0050362555103288615,0.00022201742118915557,6.681100069217514e-05,-0.001118654333918001,0.0005225357461330161,-0.001577302728403951
2025-06-02,0.007165355534645642,0.0034280149620646667,0.015944425563401927,0.02080371937653021,0.002492682124801533,0.002973970396542408,0.005632907541234244,0.0019998873691628857,0.007898143921970524
2025-06-03,-0.0011239968813269365,-0.0009484995732120365,-0.0020679890067223177,-0.0037649966648782575,-0.0011713741845835405,-0.0013138251238874277,0.005702585572020968,0.003036456261332427,0.007817221781510453
2025-06-04,0.004670398040754981,0.00372939974944686,0.004833001975102214,0.0053132930974670945,0.003516545725657181,0.003573955279618602,-0.0002684505635119905,0.0027697008139940813,0.0027877601512200645
2025-06-05,-0.0016395427299126632,-0.0014704064660358476,-0.004681206877160803,-0.005813020177569624,-0.0016396542519013131,-0.0016819109969134168,-0.004832782960816684,-0.004083395705783045,-0.007526845224907985
2025-06-06,0.0011191973822449854,-0.0009440403132795694,-0.0011789961716303413,-0.006283274637917058,-0.0022680028950341955,-0.0023027056535989145,0.010269002220969492,0.002961457657765488,0.009775192245057074
2025-06-09,0.002072811054842034,0.0015564458832642754,0.0023836628882645664,0.003703901070302792,0.001456618497048116,0.0015209196268887591,0.0009012919138797759,0.0012647764854317575,0.0014720625902642226
2025-06-10,0.003093491179403159,0.0016182266261591776,0.002766669664718953,0.00226440493683112,0.0012756700420338749,0.0013761419720734738,0.005669725381956647,0.0040976732710904925,0.006613733941367217
2025-06-11,0.0005381952672986959,0.001372658052767543,0.0005764233753596805,0.002661889875941661,0.00164137303322083,0.0015992566143676488,-0.0028520606578084085,-7.781799559986719e-05,-0.0033695306392351743
2025-06-12,0.00517597617968879,0.003492168596802824,0.007265076295829685,0.009284624463307198,0.003198303044511417,0.003409087752051826,0.003974239154726611,0.004124033776369802,0.0023479560234151986
2025-06-13,-0.007334620304591449,-0.004032355699572493,-0.0029632822910540717,0.005168771587263493,-0.0022007990647199102,-0.0021242990270908782,-0.011179869021285427,-0.008205010280223034,-0.012554638400408491
2025-06-16,0.0031067975277148108,0.0010508280559553551,0.0015566496870222934,-0.006625871681654627,-0.00048063965982203527,-0.000616201899482971,0.009514063646665294,0.004561966667047779,0.01390988642319968
2025-06-17,-0.006281662572254566,-0.0026527048877648465,-0.0070640137360396295,-0.0023481606022645297,-0.0007861163194909572,-0.0009177444803292842,-0.008545079722505178,-0.0032097968174266034,-0.009751158918571257
2025-06-18,-0.00016302010612248062,8.892181682582937e-05,-0.00234430243213999,-0.003942527070660573,0.00013202673333916718,7.713376436472122e-05,-0.00015077581007727492,0.00016374112901156276,-0.0001701855580187317
2025-06-20,-0.0025223331063612057,-0.0009768494531695235,-0.002341528152552932,-0.0014367540337221862,-0.0002110829761558121,-0.00026875880984123895,-0.0023484900412722443,-0.001153858303466202,-0.004083289627510145
2025-06-23,0.007523385922698097,0.0045587763453069936,0.007256044752772836,0.0050629650254038336,0.003685832199282304,0.0038844971633435433,0.009877445925917883,0.007314337694701978,0.010282393968390258
2025-06-24,0.007270368906846251,0.004044764792932122,0.0030837220041554474,-0.007084301276961428,0.001884655147420965,0.0017203229990614458,0.011047199101207106,0.008021484819869208,0.015292076160373202
2025-06-25,-0.002914812380830566,-0.001306922906097048,0.0009786028780478517,0.002900400479904112,-0.0013320726009607667,-0.0015698256701511422,0.0005603486069791774,0.0005044542110353358,0.0025564690541224344
2025-06-26,0.004805691938243695,0.003191558116515729,0.0045870825550484,0.0018693826532535987,0.002188125668113533,0.0021515282434419114,0.007823877617316954,0.006130604156287463,0.009350308950453412
2025-06-27,3.3774618191975505e-06,-0.0006152853504716818,-0.0030318687390171635,-0.011945019943986272,-0.0014352677682784036,-0.0016195455806911176,0.004968223409696826,0.001959649492682355,0.0034235866914866797
2025-06-30,0.0044431153829175415,0.0028996595515007905,0.007830980878678931,0.010380727503189318,0.002819406775483782,0.003029396974597897,0.004781281329873099,0.00446614959320869,0.006477132278666975
2025-07-01,0.0007406502759631304,2.6999393306611343e-05,-0.0005381176432086968,0.0038893022771900217,0.00019171929161498536,0.00042784886827392833,-0.0003235167218894608,-0.000927705755725015,-0.008429464418171384
2025-07-02,0.002416754893797289,0.0009887342290583099,0.006229386228041055,0.005939557112521423,0.0006017141116829993,0.0007350093452902207,0.00453320389812073,0.0019172138527235032,0.006965372918898538
2025-07-03,0.0018724847512075287,0.00016419367563942175,0.0011887970418319824,-0.0020436034838284428,-0.0008916978828521392,-0.0009012047016794411,0.00788132829242616,0.003421838706374452,0.009840271145815871
2025-07-07,-0.00630731008010796,-0.003557367707520731,-0.0040003152536857815,-0.0016548766867727203,-0.0023814148746104397,-0.002485861361242205,-0.007451977060185855,-0.005779766440125886,-0.007533012185005128
2025-07-08,0.0015027471262079846,0.0006573723049593875,-0.0016216478623827181,-0.007268182415767226,-0.0003327480587716152,-0.00046139555408342706,-0.000547799711029695,-0.0009133381369407867,0.0005616266219470312
2025-07-09,0.004538153159589094,0.003019377751330557,0.007168454044152247,0.005229567666756224,0.002461711551419921,0.0025083242728210827,0.005996787990627306,0.005683374072496987,0.0070788589128854
2025-07-10,0.0013017608030356806,0.0007346910417330064,-0.001077400464362711,0.0011583314698334058,0.0006524009729284402,0.0007612500231170602,0.002820322180916879,0.0015122107701317743,-0.0014382246583953817
2025-07-11,-0.0025800691554719772,-0.00166449429228714,0.0007813281157745777,0.00615763912709541,-0.0008434236442905682,-0.0007019337634890139,-0.0035155373444906157,-0.003955425434594865,-0.0022503590792759542
2025-07-14,0.0012572266833477677,0.0005920427988303664,-0.00014127271895423348,-0.0015569437543604709,0.00035909294738244006,0.0003874564006113741,0.001908260069777068,0.0009994452125607063,0.003626862935266484
2025-07-15,-0.004680899829803976,-0.003108676099787702,-0.003553694532368937,-0.00268646623137599,-0.0029512995635945106,-0.003144334410358952,-0.004273228812600283,-0.004137540117372742,0.0009167947504504781
2025-07-16,0.004111668732624355,0.0029220839390153037,0.002947242560764524,0.0038357631515231138,0.0027146550450638245,0.002858641183363526,0.0033431230556661973,0.0031194500679082916,0.0010240257887761395
2025-07-17,0.0019973630961362954,0.000763069022390761,0.0028749624124297934,0.0010022390572974604,6.544302357891496e-05,5.516789176240877e-05,0.006119670944298328,0.003522586169315556,0.008092610486000629
2025-07-18,0.00010031904532925855,0.0006112137654947787,0.00010873750099770396,0.0013247840540128275,0.0010394581558530978,0.0010538464734791081,-0.0007322815495487411,0.0006599690508224242,-0.00096121934542448
2025-07-21,0.005129993841315668,0.0032554615296529685,0.008956804031510515,0.011859522977196188,0.0029957332282249264,0.0032448607299482464,0.0018961202137257605,0.002534826683329894,0.00518481514219804
2025-07-22,0.0044037609791684525,0.0029054490171973747,0.0024060451702625774,0.004854444094973069,0.003022092476487082,0.003321964390981089,0.00014305906725886608,0.0012249778922883848,-0.005175591526877299
2025-07-23,0.00465048252517027,0.0016890098810309916,0.0012004756886648106,-0.006093543149150113,-0.00033556215392293,-0.0003890236518096352,0.008507353797625683,0.003668906906965679,0.004561186271592854
2025-07-24,-0.003397132632123713,-0.0022732437409250885,-0.004091191186307623,-0.0038699701136339893,-0.0019527672043540317,-0.002068101343018215,0.0003312664621191175,-0.00038817981318892684,0.0021282461879403858
2025-07-25,-0.0002707562213409541,0.00011236725905924055,-0.002047583033603177,-0.005255078790224127,2.246395874656766e-05,-0.00013358932798019122,0.004224296491786017,0.0034712404337256886,0.0024071072086846446
2025-07-28,-0.006803695224101599,-0.0037918190071417482,-0.005255453458769759,-0.004036734410214351,-0.0030011639012041355,-0.003292776721570607,-0.0002511098453120697,-0.0010305057720008549,0.0031252046000376232
2025-07-29,0.003619326754066069,0.0026598431527423234,0.0011642055653429577,0.0014593602457338608,0.002906054530299692,0.0030670399146242606,-0.002637607015591792,0.0010049274133292177,-0.0015489271998813114
2025-07-30,-0.006705215076330044,-0.004323359798385986,-0.008002433799278308,-0.011252857299175379,-0.004147571530327022,-0.004525444188144524,-0.0012593805935410263,-0.0021391162338211477,0.001339637501321711
2025-07-31,-0.004435803804421176,-0.002060170148105043,-0.0020751728889406096,0.0022287028142026774,-0.0011353962593176807,-0.0012384761458043188,-0.003751020904855129,-0.0019234719060032483,-0.0052990691610236285
2025-08-01,-0.0018055035333171972,0.002354293077853756,-0.001946715336869723,0.0068886416875385305,0.004763547624898167,0.004778863236900644,-0.01639049835771056,-0.005261268936680808,-0.019698770955159706
2025-08-04,0.008949282698690426,0.004656455357164382,0.012190227091675929,0.009848227070905225,0.0031111674005437325,0.003353717102516976,0.015199695512541522,0.009586045877843424,0.018451824632404357
2025-08-05,-0.00033353411068717196,-0.00031776124176283437,-0.002142475567470816,-0.001470537793585563,-0.0001332759571046398,-6.521563250648387e-05,-0.00506997011593413,-0.003324310293649491,-0.006789690675423232
2025-08-06,0.003000588145275189,0.0015534533159703916,0.0059108363264434045,0.002691673262388565,0.00040987636523894883,0.0003281269498721022,0.007659865067447091,0.004275545713593574,0.012583339213995792
2025-08-07,0.0039773380657201676,0.0018310985215289448,0.007149083275177641,0.007041813306682998,0.0011710027214691197,0.001364483661321864,-0.0008376632480333601,-0.0007950708036920772,0.003384234098574357
2025-08-08,0.0011662854071772298,0.0002927728489697055,0.0044597483609164455,0.002821007926606944,-0.00046941564371667224,-0.0005206821330001367,0.007797445098702616,0.003744511866320227,0.009328128019823856
2025-08-11,-0.0036323393620531835,-0.0019030539155462734,-0.008307336041834297,-0.01063063168525534,-0.0018415945873584243,-0.002131234148672868,-0.001977460235009665,-0.0010631183493459203,-0.0029587901123624416
2025-08-12,0.006711227458146618,0.0036656352130943694,0.0067178994151088165,0.003625014334389171,0.0021635286508987395,0.002253324351644332,0.010645956381075239,0.006309537836510657,0.012568716833862625
2025-08-13,0.005499388131931926,0.0036846111995194673,0.0030612621841595096,0.0024554573842574777,0.003051269329337502,0.0031760803199151625,0.003423354741332929,0.003479248835857752,0.000500098326210674
2025-08-14,-0.0024841388252665455,-0.0019888673483476798,-0.0018438051858442961,-0.004206652577736775,-0.0021977572911927186,-0.0023226264257788913,9.286080740555924e-05,-0.0012293238288160946,-0.0007755319100544167
2025-08-15,-0.00023894475729924203,-0.0004521922639186826,-0.0005222191175001667,-0.0008764604257350816,-0.0002808427978368,-0.0001959403892451972,-0.0023412563361064898,-0.002208951459202746,-0.004397209433112059
2025-08-18,-0.0011798745333607011,-0.0006079092715257689,-0.0018383645140679446,-0.0012955867253138607,-0.0007742084225425584,-0.0008816551236647524,-0.00021758017007211805,-0.0005086341027818824,-0.00039855372212804774
2025-08-19,-0.0011645800936610456,-0.00025775762185527664,-0.007209852743269851,-0.007801478790336701,0.0006513849106949558,0.0007095653306401664,-0.005425108869057227,-0.0022467648468349113,-0.013567505729100482
2025-08-20,0.0019974681011915058,0.0014830833021760952,0.0022395384541845187,0.004949504038209247,0.0015653363428983832,0.0017250631770504368,-0.002657103671908412,-0.0009996477792515407,-0.005937418982744691
2025-08-21,-0.0032991197590200535,-0.002220296826488933,-0.004683469616401396,-0.0039236181007312795,-0.0019055078615031731,-0.0019677633349942827,-0.004011786002919404,-0.0035765491344288652,-0.004629699945539301
2025-08-22,0.012674777705463616,0.007739864453477435,0.013534938950175828,0.012278200105421938,0.00622952449744548,0.006584908715278515,0.015356808979611891,0.011409847774799042,0.015427382170107196
2025-08-25,-0.0053091359543550225,-0.003062711984631752,-0.0055645914153701955,-0.002944033538827996,-0.0021604249907725844,-0.0022732915512267506,-0.004401019577044973,-0.0034323082101617233,-0.002884657390180956
2025-08-26,0.0009362110422333601,0.0010584998539624865,0.003733903542113517,0.005973814130006671,0.0012855851260760328,0.0013207094136991197,0.004186966211639165,0.003556428732471472,0.004015111000881033
2025-08-27,0.00030903751070726615,0.0005481539629181662,0.0006041535693779477,0.0017128255195070384,0.0010183321087967126,0.0010771864288216442,0.002278453022356741,0.0021179735159463885,0.0015368359770149276
2025-08-28,0.0024117345035049734,0.0012554504333574137,0.006220285217251289,0.006968202109469684,0.0009505477652877347,0.0010342243137776534,0.003541412018451817,0.0030403090573294473,0.006260056829416216
2025-08-29,-0.0017172198637687224,-0.00043572014049672673,-0.0018567361933700894,0.002746456177757367,0.0006832352786747129,0.0008343187321851839,-0.005963671322057884,-0.003907868058450536,-0.01157550092204418
2025-09-02,-0.0042916370875235995,-0.00230883035416388,0.003939304088556208,0.013053651728048924,-0.0010260273796856426,-0.0008865967837863959,-0.007410335051375783,-0.005631965750556575,-0.008380082185272753
2025-09-03,0.004271085071680356,0.0027919646829017253,0.006694884805520813,0.007696066032653132,0.0023195391052220206,0.0024263248400126706,0.0054196700659536745,0.004627659420322108,0.007867384485135354
2025-09-04,0.003612265874594487,0.0023268881416286125,0.0027169562909343937,-0.00019287977666074705,0.0018314013546700467,0.001826184512484021,0.008357411681809479,0.006799065667879184,0.009051451050515524
2025-09-05,0.005433626572941473,0.0038244937018106166,0.006688275913100765,0.009537303285754847,0.003880515926301084,0.00415015397658748,-0.002896237702497917,0.0002256644486929344,0.0014428529789487499
2025-09-08,0.004335744930231896,0.0028183599066750466,0.008480415015791748,0.009412556932628706,0.0022001062825716755,0.0022978700899234077,0.002456464894679211,0.0027159750042818178,0.004877999392528087
2025-09-09,0.00039644654792699794,-0.0003218622721309632,0.00013729684441907055,-0.0007109950620530116,-0.0008601242755190523,-0.000870845142148513,0.0023119047121875624,0.00042312107697111393,0.0028333040440151613
2025-09-10,0.001179077555581759,0.0009150702668714939,0.0008098219612875513,0.002433949929763294,0.000848749298118707,0.0008698459737091333,0.002890944333292511,0.0028079364829615727,0.0003272122573245717
2025-09-11,0.007660557243149909,0.004143788532399254,0.0037894268012044255,0.0009769108728710407,0.002873971252424626,0.003084684203661466,0.008310057760350764,0.005588164041153052,0.005820654569905326
2025-09-12,-0.0009634602079853006,-0.0007957230971157006,0.0024144928505277093,0.00263229764932926,-0.0007630454216613922,-0.0007679259433225587,-0.0003344266088812775,-0.001353861690157983,0.004417168937791871
2025-09-15,0.005039236118974247,0.0029256134130855862,0.009526783925473176,0.009835629697913443,0.0021570848254285017,0.002307622425352171,0.005323820081343245,0.003853814711996296,0.008556783778664423
2025-09-16,-0.0005062585065647163,5.44656561274337e-06,-9.833824542815339e-05,0.001000379780110583,0.00011074712614744797,6.083858913763507e-05,-0.0013768405847186527,-0.0005805875189546228,-0.0008450256739842565
2025-09-17,-0.0020168310606457824,-0.0014279880015505174,-0.00493649688963279,-0.006054622794505869,-0.001468530328062209,-0.0015735284058372332,-0.0012424491104373603,-0.0016101400071451503,-0.00199585998469487
2025-09-18,0.0011833359019202433,5.7662730245588714e-05,0.0036234023682330157,3.927107893577893e-05,-0.0005057713054083201,-0.0004928630463682829,0.004672464780074215,0.0014817910175241992,0.009016968820881655
2025-09-19,0.0004695231360918759,0.00037864280703757175,0.0065101141935580645,0.009046892928863603,0.0005273211865016277,0.0005962485779484812,0.004952930300824665,0.0028150251077534755,0.00676940154600425
2025-09-22,0.004356126254299315,0.0020826646683912036,0.00970224056178393,0.01357171432027841,0.0015268262474178965,0.0018236101368420432,0.004730992209795115,0.0021950523536761746,0.005919993329585038
2025-09-23,1.3023246918513224e-05,0.0003755053148786677,-0.0005446137878968417,0.0010787951407235943,0.0009594165808680668,0.0010380874650523593,-0.0054435731762725315,-0.0021834202615155056,-0.00664235988597095
2025-09-24,-0.004462188803468428,-0.0027016753003854055,-0.006054259749867935,-0.007397531011679209,-0.002521572118196816,-0.0027512665970390784,-0.003181658436320456,-0.002985236411344178,-0.0035105829529757937
2025-09-25,-0.003537305568821488,-0.0022848095912602227,-0.0016079471633651103,0.001386774927325524,-0.001497588746528884,-0.0014691004980293136,-0.004613352686594796,-0.003644427313112079,-0.00431136068744753
2025-09-26,0.005416858716970167,0.0030432758436294816,0.006377858294554117,0.005565076475090181,0.002273409611230708,0.002490542573438429,0.005729010168833648,0.003240789721885395,0.004110996279646617
2025-09-29,0.004681448446122965,0.0028813828770535466,0.009283426987765048,0.012794791643626392,0.0025961179875604104,0.0028338862322717542,0.0028105276492997877,0.0028499690763012296,0.004631170662687811
2025-09-30,0.004252335072896826,0.002458728728053485,0.005903700140485884,0.006912840857082184,0.001888139539651469,0.0020769239854867357,0.003766799753069261,0.0021079073356686157,0.002739120486683344
2025-10-01,0.0052650210806748626,0.0034816094062974246,0.004731781327093378,0.002801194764207891,0.0025162877500011726,0.0025494715302649975,0.0034075139409872612,0.003392305431243702,0.004797015707736829
2025-10-02,0.00031151143083893104,0.0002348666020889019,0.001378827595407322,-0.0010838986687443071,-7.956380244350629e-05,-0.00019177883859299095,0.0011518238595513708,0.0011061161358050854,0.004110932665624789
2025-10-03,0.002114495527751133,0.0009825565598014924,0.001930533633777372,0.004484180746142517,0.0007117783169371757,0.0009046290806727169,-1.48421705706836e-05,-0.0007873502701155445,-0.004209714080001925
2025-10-06,0.0017432336369105263,0.00077400094704612,0.009463900113672475,0.014863736967011147,0.000624008937241917,0.0008321389050716771,0.0035862350745239358,0.0010208157430369616,0.007510254125414173
2025-10-07,-0.0027773901014334925,-0.0009769997633221788,-0.0018863883729525787,0.0018234539564366133,4.381319218468364e-05,2.2041406145020594e-05,-0.0037074427188158454,-0.001264847700673592,-0.005265708175389294
2025-10-08,0.005545690338906804,0.002959194989416687,0.012567252858826046,0.014791150078413296,0.0020622244014253032,0.002295310854544127,0.005963018112918661,0.0036885627431933617,0.011463714552300441
2025-10-09,-0.007130879241152772,-0.004054619646364875,-0.009994565434776724,-0.013590227330819918,-0.0032254481615817724,-0.0036009961041784536,-0.002897019428214409,-0.0020421453401070168,-0.0012100110891775095
2025-10-10,-0.012878188902379345,-0.005201484665198551,-0.012354403792151018,-0.0027507757430704485,-0.0013279479844766917,-0.0015225237663298178,-0.027027784753554496,-0.013913320487141665,-0.03471431334207187
2025-10-13,0.012617961839473354,0.007423326980386767,0.019879003940736353,0.02289528003778292,0.005763413055698397,0.006233500051712893,0.01534405245669701,0.009377448304584628,0.02122133928126546
2025-10-14,0.0010940771790259186,0.000510486675617366,0.0015331080749109403,0.003535564836776555,0.0009793120139618893,0.0011901397879574111,-0.0012216093756775015,0.00029400378011715174,-0.006661060183518641
2025-10-15,0.006619034180602501,0.0031191835707427007,0.01022178363624282,0.01344687089610841,0.002588331519008946,0.0030713368153545417,0.004439561180749063,0.002210576266434172,0.007056841635499023
2025-10-16,0.0034264208260969715,0.002820154429813087,0.009832882350418928,0.01505017127949699,0.003212194275397832,0.0034567383326697585,-0.006810164959101583,-0.0022475060742516706,-0.0037029192628171836
2025-10-17,-0.00012449045332152327,-0.00042467652430378894,-0.005161356260837629,-0.010796340005343196,-0.001057491327337735,-0.001234568150790945,0.005676199184976083,0.002739210192775791,0.006566665968266383
2025-10-20,0.010270653885809132,0.005598682578293643,0.020690627205150077,0.02787961174834384,0.004989156937439908,0.005693781782058386,0.010400512350939195,0.00677728289404765,0.012600884498830567
2025-10-21,-0.010110538745546105,-0.0055316892254603945,-0.027812466407328512,-0.04340181805620409,-0.005682010360720425,-0.006749828893193566,-1.4979984718554995e-05,0.000724675954363255,-0.0002616164366117113
2025-10-22,-0.00041515140912308783,-2.8758939475982243e-05,-0.004480433232217811,-0.002856363729948559,0.0001743277752238489,0.00022021115725923455,-0.005198867790280337,-0.003048475500165373,-0.009633996208226914
2025-10-23,0.003811174003583327,0.001457237625973944,0.006429661229650333,0.005448545347414452,0.000318070365487143,0.00045225514960715824,0.005929906487662118,0.002254995190002205,0.008406459215177797
2025-10-24,0.003397612089942843,0.0020005649635513635,0.002903719530572951,0.0007933775209670616,0.001218077594267792,0.0012181062961914336,0.008172552647061071,0.005294575402676611,0.010678259227716147
2025-10-27,0.003227517730439423,0.0012765136806317371,-0.0021109729819883856,-0.012553600765931254,-0.0006315298015626286,-0.0009308772692473145,0.01179771954420028,0.0071338807326044125,0.01780929742311721
2025-10-28,-0.0020266588572368325,-0.0009738715665635131,0.00017512939208722643,-0.002424905471323542,-0.0014349377767122924,-0.0017805222495258354,0.002655858964966784,0.0019757510636606076,0.0076897219361322655
2025-10-29,-0.0035336325493562143,-0.0030235786025036957,-0.00022029571507990836,-0.0012957802826025252,-0.0038749440655539862,-0.004140358479907059,0.0004804860352853879,-0.0022394426864477024,0.004503033300666148
2025-10-30,-0.0027447262037812352,-0.0012656452962920839,-0.0003348908691688575,0.007505768056112139,0.00034212183969650035,0.0006264641857186933,-0.010998124123417385,-0.007267717953443536,-0.015288478436288222
2025-10-31,-0.0002109230090200758,-3.8875943681240386e-05,-0.0008915797148962234,-0.0023456898723009374,-7.065037494905422e-06,-6.750371257359415e-05,0.0032802000099823037,0.0021541919648727856,0.004823867802044024
2025-11-03,0.001072739605317578,0.0004849025245195995,0.0026195675288396636,0.002537051348204863,0.00022999708745648586,0.00025117450957419047,0.001876696652084675,0.0009541223886072427,0.004784918003958305
2025-11-04,-0.009520110054195468,-0.00474204631780688,-0.017532561672107535,-0.017967819965047382,-0.002797067259185595,-0.0031329510374903014,-0.011853550232820531,-0.006726068632276392,-0.020298190582085818
2025-11-05,0.0049209436856735185,0.0020288805887300736,0.00880410952253777,0.009868247008609922,0.0008470594153446942,0.001120665866740465,0.0034654021681033154,0.00021901835642321223,0.006507997746957317
2025-11-06,-0.004820970964678266,-0.001470419283187291,-0.009436245149923691,-0.006623307007073143,-7.256161057803302e-05,-0.00026448539817497375,-0.010729329446956037,-0.004515352308079243,-0.018627391563059814
2025-11-07,0.0029279387194551263,0.0017921751072064115,0.0017865783229655816,0.0032711187787129777,0.0019323080624110318,0.002196945620113357,0.0009845249103577203,0.0007583252261805128,-0.003155272110514473
2025-11-10,0.011796371696283128,0.00605244383028646,0.02221318270256569,0.024884781096971578,0.003943427056782762,0.004442945547106678,0.015604409628832139,0.008887058838374378,0.02212413010178449
2025-11-11,0.003681830548100895,0.002520349340417196,0.0021973443746063706,0.0023527756600310885,0.0024038523232076093,0.002571175012399619,0.0022891577936339225,0.002609975010698859,-0.0026634204600163303
2025-11-12,0.0017159699981917301,0.000873292918020259,0.00811502597420008,0.010937190517251503,0.0007803009294746806,0.0009409603446114015,0.0005564170786802602,0.000419026491997526,-0.0007883642138092339
2025-11-13,-0.010007505488779045,-0.00559405853994932,-0.012727452091851998,-0.012636407928778959,-0.004021682417680417,-0.004337346078864823,-0.016593945359895557,-0.011127430122303106,-0.02041599350406942
2025-11-14,-0.0034572606990041685,-0.001891825422564236,-0.008700391455309863,-0.011385518677263345,-0.0016583779917591012,-0.0019071050550716149,-0.000163772180045485,-0.0007657096152440298,0.0007561425240969477
2025-11-17,-0.007887976553872066,-0.004073907816297356,-0.01103041170099876,-0.010415491964826119,-0.002720256614168591,-0.0030564999542498903,-0.009316527530857655,-0.0051026901503316985,-0.008540613513343676
2025-11-18,-0.003345015985716666,-0.0013313484843548277,-0.004495320638313611,0.0002791542552808826,0.00018040545332403772,0.0002511558935777707,-0.008397554496893278,-0.004320422369696389,-0.01217580497095061
2025-11-19,-0.0015269123345158114,-0.001013624964474109,0.002644946018919808,0.0031697952576647606,-0.0008274634896653932,-0.0009061639225506994,0.003863330354327177,0.001992116121082598,0.00597012438898914
2025-11-20,-0.008523438595798493,-0.0037645005295501065,-0.012409107690325197,-0.008612677934827007,-0.0014792296267137454,-0.0016666173315926652,-0.015242276237766972,-0.008073122371624723,-0.023671918733288666
2025-11-21,0.007219505072424579,0.00448693045160983,0.004641467865516953,0.0016277803538553533,0.0034319169531616045,0.003616538636963822,0.00996119766575232,0.007224113871602295,0.007512819422826
2025-11-24,0.007285202200595882,0.003686730541891192,0.016288246950068398,0.019273766631070135,0.0027492083665863185,0.0030434962494053724,0.014718553120582678,0.009323184163171322,0.025573201129228895
2025-11-25,0.006927395040977173,0.004072027748143548,0.005751605254345531,0.0019824947683269403,0.00275271880883434,0.0028949910082858568,0.00940585235814706,0.006627353482248381,0.006163809093776784
2025-11-26,0.006380283960673179,0.003359018747380681,0.008865055716774073,0.008296606647902348,0.0021778130845312178,0.002400581276904898,0.006903634543873105,0.004441420944640901,0.008835779721254156
2025-11-28,0.004053237887982222,0.001968686812966079,0.008996897242397698,0.010885826591217148,0.0014608383055406589,0.0017193712060553452,0.005458373086222323,0.0025553254762714383,0.008107008640694247
2025-12-01,-0.003116854239888413,-0.002308700868139264,0.00034830931600637736,0.0019141440391628281,-0.0021403425235889525,-0.0021742629332699766,-0.004565522877085559,-0.0048883780402538025,-0.00335876852680006
2025-12-02,0.0010081676858390291,0.0007725221699287473,0.001674018638422514,-0.001396953490230704,0.00023462590235228236,9.622956713561555e-05,0.0018523420813758573,0.0014409520767508439,0.007825880979203337
2025-12-03,0.00312641163951087,0.002100167221287808,0.0019560096434866094,0.000273922960442352,0.0014717216574531484,0.0014916263101654684,0.003462748187155862,0.002902829588874975,0.002443807366697026
2025-12-04,-0.0008224945363323674,-0.0009217935376696858,-0.00020833354737009082,8.25364171902341e-05,-0.0010450312180173477,-0.0010273986234640607,0.000731151162097321,-0.0008016533394514224,-0.000930273544088478
2025-12-05,0.0003664972562004256,-0.0001827373326813552,0.0008885222718334015,0.0003107097005244156,-0.0005245345592413188,-0.0005308683528522276,0.0018994238357272764,0.00031268988513655915,0.004077563282360641
2025-12-08,-0.0024812706715622917,-0.0015282300905883506,-0.001701014568484154,-0.0023809836664517017,-0.001424255632996721,-0.0015492957242530167,-0.0030042012931831286,-0.0026327994421529183,-0.0019185406972982433
2025-12-09,-0.0010124502800570039,-0.0008604900578857251,0.0020139179473955848,0.003736913922086478,-0.0006345259951501671,-0.000597110216510634,-0.0008630954932499213,-0.001099037786022166,0.0012333538728599436
2025-12-10,0.006427049100166124,0.004384217318771273,0.005291326028148937,0.004200695440445361,0.003325828962777347,0.003424182923623646,0.006632175045054867,0.005272801146985671,0.004095781319732872
2025-12-11,0.002599498433180273,0.0014988874614456078,0.00484853563713372,0.0057596116615874545,0.001420907017386206,0.0016383943538825457,0.0023270714906689083,0.0014417829112101641,-0.003234494500313878
2025-12-12,-0.006104847836811647,-0.003234694117483281,-0.006719231330016009,-0.003167737081920875,-0.001575233357670929,-0.001562403385171983,-0.01075209715577441,-0.007548728769724294,-0.019118427936246296
2025-12-15,0.0013602970705972606,0.0011563220419121834,-0.0023590063130135563,-0.0012794001267941724,0.0009995216999134637,0.0010426471670954562,-0.001510940359255808,-0.0005747352328363542,-0.005019220942957925
2025-12-16,-0.0019383620934387076,-0.0006692892441145561,0.00033485231662970516,0.0008639116355650079,-0.00017668422523836372,-0.0003247076594277315,-0.0027322728752857683,-0.0005143681155889755,0.001981859138949993
2025-12-17,-0.003174066769715905,-0.001418899236836815,-0.006154351705591893,-0.001263196702143525,-0.0001520902092741067,-2.782688823896405e-05,-0.01100356428531768,-0.006664609927244942,-0.018537114927365983
2025-12-18,0.004516995733010511,0.0027847260008363422,0.006480517728709661,0.0040118701675532446,0.0015556041030457103,0.001477428340665428,0.007551268712199022,0.005544461356947421,0.014490078911355564
2025-12-19,0.004615430421074638,0.00220521858300026,0.007439563636370572,0.005422793025057835,0.0007007713705767184,0.0007513216173747344,0.009063486264369258,0.004500643898757926,0.013035555165832768
2025-12-22,0.005753601848296005,0.0027911348543794936,0.012416040817254835,0.01643650837463814,0.002301582704372672,0.002765900265777623,0.006229818660208997,0.0033178982802711263,0.0047934557612052675
2025-12-23,0.0036894228528171315,0.0017541152880941628,0.008134834648095335,0.010174384115455062,0.0012159594889016932,0.001451926245656477,0.0045704344876844605,0.002581458774296937,0.004683254962587702
2025-12-24,0.00196538445813579,0.0014301781989936144,0.0001657893701375159,-0.0016120908645849631,0.0012083147337220645,0.0012109265886836502,0.003517736660175297,0.0031533779273490306,0.002925560348468359
2025-12-26,0.0030282110668142987,0.0020073802816122136,0.004691840505611333,0.007463369571319493,0.0018756103491654834,0.002058076877109582,-0.00010139418790333643,0.0003101731768658634,-6.409644817340077e-05
2025-12-29,-0.006740233353754178,-0.003347180922144646,-0.020394143530322068,-0.02974837284564742,-0.003225428809886732,-0.003915477807321266,-0.0035636809822511273,-0.001569069436209687,-0.004840524587962469
2025-12-30,0.001343649506370266,0.0007928312879529006,-0.0008841714192608953,-0.00038558436888454207,0.0004807027702779182,0.0005344213504029453,-0.0012212056239845337,-0.0011470803753646762,-0.002319436312070655
2025-12-31,-0.00527750885330785,-0.0031218454459036207,-0.007375961193292596,-0.007123445837126482,-0.0025516754703113955,-0.0027590418652460357,-0.0074088956888227475,-0.005776327233344097,-0.008265628821942483
2026-01-02,0.006512188958097629,0.0037170251753912364,0.0015798779275750046,0.0024549931193031957,0.0021237749654930177,0.0022696663489776506,0.0018330346379591411,0.0007672477263755222,-0.001937054598321386
2026-01-05,0.008220626214522663,0.00473781501128865,0.015057032152958455,0.01965204233025754,0.003942901746979861,0.004384888690289684,0.006660178462529753,0.005205971824072263,0.007942953851077572
2026-01-06,0.005176268018495036,0.0027055568980888112,0.009044957608736246,0.010086691724304193,0.002055493794555566,0.002354085661807014,0.0059471682236194034,0.003288221515697752,0.008786434985910807
2026-01-07,-0.004777852138185044,-0.00258258886107799,-0.004142286719211442,-0.005793085472638028,-0.0019332586471619935,-0.002253461319502054,-0.0032234143669693793,-0.0012025175520302927,0.0009626262495279203
2026-01-08,0.0008840405662071182,0.00016668143491617454,-5.054169297624996e-05,0.0014817011726372272,0.0002680799848365598,0.0004977422988423377,-0.00010151182144413351,-0.0012575692652909436,-0.00568913706346974
2026-01-09,0.004777322601926743,0.002424720972277759,0.00819242838377782,0.008214674848292332,0.0015693947144274248,0.0017491234464966916,0.006613390447410161,0.00443990971727374,0.009960246859353816
2026-01-12,0.0054652753134712675,0.002906471280611495,0.0082418973884956,0.012309003830424974,0.002196914576650766,0.0025493043835118287,0.0015704331745678424,0.0004549078271316564,0.0008298325333249146
2026-01-13,-0.0013770638332461116,-0.0005992985961890491,-0.0015589904703780392,-0.0014429318061647389,5.414962485572051e-05,6.503259627982652e-05,-0.001999516689819014,-0.000715621368563522,-0.0014828122674713784
2026-01-14,0.0019125551155809238,0.0014014792714256326,-0.000971981021305379,0.0028140642793123317,0.0017603922882914523,0.0020069859058101376,-0.004915222889580462,-0.002145274729084084,-0.010682812199433789
2026-01-15,0.0003742837720979164,-0.0003550789862313275,-0.0004964812304308897,-0.0024421767793055826,-0.0006087467850818262,-0.000563198409634369,0.0027232882038870088,0.0008006453101929711,0.0035994548970399443
2026-01-16,0.00023072968875531978,-0.000278211444211671,-0.002420653408050608,-0.003270640089140071,-0.00029755095416303265,-0.00016496870242103346,-0.0008379420888714462,-0.002036151144097663,-0.0008363319707028749
2026-01-20,-0.0071533625175746116,-0.0038740023951782127,0.002374742184042538,0.014811032382566642,-0.0013746463667650198,-0.0011649589917876618,-0.020356835813531315,-0.013829239527804517,-0.02124716684726291
2026-01-21,0.009421688452828971,0.005298200346192437,0.013561654520470158,0.014174096763440218,0.003765407711352563,0.004092088391066573,0.011541172420654888,0.007952382931017507,0.013518365705840196
2026-01-22,0.003618283364530246,0.00170644396615775,0.011471235305133923,0.014258245304781775,0.001119655651228225,0.0013080819628782702,0.005223214802554832,0.003092249067249106,0.007269404523167378
2026-01-23,0.005085187743447639,0.003010405614617703,0.006997122446148584,0.009795741431012951,0.002431750845835372,0.0026874209391486545,0.00036274314526618667,0.0008840031896544103,0.003157455136937104
2026-01-26,0.0044432596500896425,0.0026231678966742336,0.008795081586649704,0.010838312303244956,0.0021422720344404407,0.002364845505550896,0.005078258243367717,0.0036341504734112248,0.004400072187147552
2026-01-27,0.009801522646162023,0.005262521293216708,0.014570066421756083,0.01883689773829835,0.0036431362191596556,0.00411603615137253,0.003984113626622321,0.001942109321392269,0.009065330559677509
2026-01-28,0.002636337997750828,0.0012819689097779518,0.017673866244236648,0.025840944309345727,0.0019601138407696838,0.0024406473246973218,-0.00010064922286501243,-0.00039156666020447105,0.0033113909811974818
2026-01-29,0.0010626190511153681,0.0008200649203925188,-0.0014778220015858145,-0.0003916717031590779,0.0012793340127532815,0.001479601617085768,-0.0019843514508082194,-0.000783375940303675,-0.0059851276594469205
2026-01-30,-0.018483659514916786,-0.00944393868396767,-0.04969298204122836,-0.07056189063971466,-0.009310808014787937,-0.01109209032245924,-0.002982445396060962,-0.002045336854695149,-0.012010902567618276
2026-02-02,-0.0024188560862577146,-0.0015120084370355245,-0.012729079829177694,-0.0223611129647817,-0.0032419843547170923,-0.003916762081744413,0.0049712108373694,0.002209874158775774,0.00686646308459915
2026-02-03,0.004330748829396485,0.0024001813354998522,0.01747206802115333,0.03293092380313572,0.003817575175755487,0.0046895714814764915,-0.008455418456572827,-0.004730046609664168,-0.015364061652258676
2026-02-04,-0.001362620211951145,-0.00030432727587970836,-0.008025527510821211,-0.006909654988638807,0.0005167151305722922,0.0006566969814915561,-0.00484383887388995,-0.0029963061333017635,-0.017469043474581114
2026-02-05,-0.009777243039845323,-0.004244054674076037,-0.019155882794654567,-0.02215066541534097,-0.002236483060645164,-0.0028513892170538065,-0.012489280981794804,-0.005152620933882413,-0.014395220182709001
2026-02-06,0.016941638924633927,0.008873290513176426,0.02474760648960976,0.02719090453350833,0.0062617777393179554,0.007087148964697638,0.0191847683064843,0.011430524622369173,0.021137831921498096
2026-02-09,0.007667032223524422,0.004093727605226134,0.014534097351018639,0.018892519136601643,0.003394275342858086,0.0038863536547300306,0.00482176499257525,0.0029780086107962533,0.007660174895975258
2026-02-10,-0.0007583329455885184,6.23522003978352e-05,-0.006483229678121354,-0.007999693485602866,0.0007126510312789821,0.0006667957439893959,-0.002637135289800363,0.00015570265949770796,-0.00463928455963436
2026-02-11,0.00411378316344578,0.0017519796038427704,0.005754045643532026,0.008168769241896976,0.0005589458822731542,0.0007580643171077331,-0.0002310739544192364,-0.0012582067925279213,0.0026820051158211733
2026-02-12,-0.010659176824810749,-0.0047688175516605235,-0.025494927149375814,-0.029517394782772315,-0.003064115034716424,-0.0037884041317839206,-0.015448819557001725,-0.006826152486179687,-0.02033892582622543
2026-02-13,0.006027851065102301,0.004050856697112269,0.011408160936502262,0.01656303453815719,0.004535367764141498,0.005050744267899449,0.0007044426839897255,0.002007871712714575,0.002131025653470342
2026-02-17,-0.0016345432628793732,-0.0007990063125832281,-0.012608163712067189,-0.019467338379067223,-0.001319978816177958,-0.0015867486787372043,0.00161351967622414,0.0009158121767987026,-0.001030077782878669
2026-02-18,0.004265524428452103,0.0017578259973254065,0.01287015275197818,0.0166971612211001,0.0007923987658306693,0.0009933564356143449,0.005037695790158558,0.002202522851352426,0.007467209057409274
2026-02-19,-0.0017974183112261656,-0.0008953888159061323,-0.0009658366099328014,0.00020525210781617155,-0.0003275244544909907,-0.0003520517318301487,-0.002637350384703585,-0.0012188400174734217,-0.0038297237800856143
2026-02-20,0.009452563132356033,0.0048292327872005,0.012844968254629016,0.015455293470607874,0.003409996415651566,0.003860837989086757,0.007231834053074815,0.004348175991211959,0.008848966575272899
2026-02-23,-0.0009766335147304219,-4.946047811107366e-05,0.003916320917276098,0.012339952550597427,0.0016227102976577336,0.0018897251517334623,-0.01021138412746736,-0.004726040495992172,-0.012155050937099343
2026-02-24,0.002788365120242391,0.0014814105801397826,-1.8844843518923396e-05,-0.004990166371013249,0.00026756405652404643,0.00015985492971126147,0.007268496179203332,0.004276452463511382,0.010741486606593798
2026-02-25,0.005783378662917789,0.0029327480177874276,0.006424660334207701,0.003956506984448951,0.0010635983289932949,0.0010822487344870008,0.00843831937730477,0.004747847469790754,0.014493219410373515
2026-02-26,-0.0013886253814898884,-0.00038939515761569237,-0.0025067831989156126,0.0010946032357389704,0.0007798412935770177,0.0009259676954599186,-0.005554483250070685,-0.0022942958732816783,-0.012064483343630195
2026-02-27,0.0005270229750509186,0.0010364113960023918,0.003092757919590448,0.007113935744221919,0.0019056474540821938,0.002025898906928389,-0.004801907270092998,-0.001297580440328021,-0.0032007731474020806
2026-03-02,-0.004989827271894555,-0.004004794144220945,0.005913515958411866,0.008013489427422053,-0.0025290267866118488,-0.0022905849843625698,0.0005685000404405116,-0.0020648096271590243,0.0013172559930003658
2026-03-03,-0.02048758696380111,-0.01073024171357191,-0.02429423141067314,-0.03266258923258222,-0.007311922397739112,-0.008191217753953218,-0.008814271890095537,-0.0057504770397693574,-0.010705570377263718
2026-03-04,0.006851761786705435,0.003071084955864858,0.010622692231051577,0.010445015362388378,0.0014253104525868015,0.00165707945371114,0.007055426061514547,0.0034021847549965197,0.015243260269211634
2026-03-05,-0.0110897146191903,-0.0063776925146491956,-0.0071403343963166305,-0.009316323148463404,-0.004489439325516325,-0.004861576797738956,-0.0055756895160732345,-0.004588585905140533,-0.0030128657973149675
2026-03-06,-0.00481419405858932,-0.002361192860543821,-0.0023084466817757453,0.004373599189731157,-0.0008723844536276676,-0.0008849566196682491,-0.013107174917892817,-0.008124052227878435,-0.0150432702215606
2026-03-09,0.006576734636567945,0.003800428019596108,0.006171315155074926,0.0034540015064047484,0.0023087467752407422,0.002348612376877661,0.008760032915877458,0.006488158562534643,0.01335562691981207
2026-03-10,0.0015152334165435774,0.00024122498673911192,0.004246898249651578,0.0070915332492699195,-2.7477569371810724e-05,0.00015933614204546146,-0.0016070157300721588,-0.0022471280110794053,1.6526024154916996e-05
2026-03-11,-0.002278198310990932,-0.0018795667063978621,-0.0016768485915305408,-0.002238096166642325,-0.0022119884060913804,-0.0023484691830106654,-0.0012551628541557225,-0.002579424151531622,-0.00013160140775214657
2026-03-12,-0.013464546708858566,-0.007742136682008908,-0.017787616807317552,-0.018392540973422584,-0.005659256425868833,-0.0060819328639256645,-0.015184929448649576,-0.010407309933418835,-0.01716334428476407
2026-03-13,-0.005651514403265796,-0.002731949092907162,-0.008715952075256488,-0.010519119563559201,-0.0016366035449171725,-0.0018557331030538977,-0.005660153274538393,-0.003802590302120638,-0.005927220208166384
2026-03-16,0.010506660152138386,0.006316376266359757,0.006126434046901304,0.0039724962609235855,0.004187740635521556,0.004339965565449642,0.010176873245252516,0.007884955694244154,0.011217504869518224
2026-03-17,0.0029470074534245815,0.0017064851160517695,0.0014701773384892859,0.00029482622441387576,0.0011144025772250438,0.0011573785877544574,0.0026305491982852036,0.0022845412851607875,0.004880223770939329
2026-03-18,-0.015433283377773832,-0.008833993204606427,-0.021027386915479673,-0.024603680778404025,-0.007055111888771948,-0.007721676823369106,-0.01395372252866034,-0.010206014662336838,-0.01393968844637461
2026-03-19,-0.006123630775283714,-0.0029451451793482517,-0.01807693570407943,-0.02567775671616633,-0.003107903112651695,-0.003704230426683031,-0.002464362806581799,-0.0015150127354698467,-0.0031602592610894265
2026-03-20,-0.02248710013049515,-0.012829522611330099,-0.02229854289859587,-0.025513100647532448,-0.010061168227133743,-0.01094836002462659,-0.014335681872974515,-0.012179257410384444,-0.01848165384048972
2026-03-23,0.009705933933040907,0.005938552270983127,-0.0017756325655688978,-0.008258356527073959,0.0032351158253810467,0.003141889469176152,0.010499959707213291,0.007534266278310244,0.011478937044348214
2026-03-24,-0.005015033139742737,-0.0033611558191203763,-0.0034620866825696723,-0.0028066069476801545,-0.00270514248007764,-0.0027810312461619595,-0.0033568197458091475,-0.003358858283098934,-0.0068368493321682156
2026-03-25,0.01005066337899584,0.005821488559328015,0.01521844577177923,0.02004014011451383,0.004635440364548378,0.004998499369700849,0.005572720875308912,0.0054512695529107275,0.006575664604969944
2026-03-26,-0.018286085832993234,-0.010535187128819599,-0.027867876365824447,-0.031805215539028424,-0.007921031969425396,-0.008446763606715708,-0.01785871391108962,-0.01392246082453583,-0.02386793610202098
2026-03-27,-0.0033200634758773825,-0.0009192001161051704,0.0016420581789726484,0.011865304800106436,0.0010953319125600696,0.00126526337666498,-0.017051920414101196,-0.010108089751266968,-0.019536759877538112
2026-03-30,0.0002490225735766917,0.0013576009781285643,-0.0038874012248301015,-0.003319155777282726,0.0019419803084470971,0.001895752737786289,-0.003343373094761515,0.0009195014862718965,-0.007643182879722654
2026-03-31,0.024029016336292414,0.012230527561063187,0.03445610106634092,0.03623656289683711,0.008193127104426857,0.009068015828973867,0.029067828330166412,0.01784348150718553,0.03385378976432163
2026-04-01,0.008740004538866246,0.004277742402930088,0.013394687413276811,0.015393501135323718,0.0026977880359325616,0.0030591051053881074,0.007534524709556623,0.00413047387324182,0.012353248936580297
2026-04-02,-0.0023070088297483292,-0.0006961719196850239,-0.006945897359072292,-0.010902978435012102,-8.14314415252741e-05,-0.00018733729653962094,0.0009004486514896382,0.0014702784680800354,0.0011465661844940467
2026-04-06,0.0027996273461442537,0.0008326632564213259,0.0018058176565303977,7.93753129299437e-05,-0.00027076570564659016,-0.00021358013297832022,0.004726890756302504,0.0017626072729822458,0.006017362300125839
2026-04-07,0.00161439716427682,0.0012216092788973755,0.0039261085246045605,0.005749684491884525,0.00146975291502945,0.0015739724949767307,0.00043997599961653755,0.0012774756235167336,0.0001529927014582988
2026-04-08,0.023745205494021177,0.012649827916485659,0.019717733476401406,0.015980468302200554,0.007581664259891894,0.008135110912514195,0.0254696046172882,0.01611797063900452,0.029732056399946583
2026-04-09,0.002414396934135709,0.0011761726896142057,0.006950277566934492,0.007353948141512136,0.001170344360905576,0.001376261221108803,0.005769005826991691,0.0033572304001255383,0.006764589558553746
2026-04-10,0.0009437483614605446,0.000198716984527381,-0.00023204544695888378,-0.00043221456194582006,-0.00016441684842621464,-0.00011972420993588386,-0.0006617045143784139,-0.001062638853963979,0.0014421636444248431
2026-04-13,0.004797041880226046,0.002939023953574513,0.004688294219856122,0.001985093284832125,0.0019024512680542362,0.0019255351384216586,0.009772427509418202,0.006784816500455774,0.010342659981562141
2026-04-14,0.010957940301881998,0.005921903985203184,0.018523696322764162,0.020576846084059117,0.004576127245118363,0.005036783211637878,0.01218482451098879,0.00867241283761877,0.018156875523408278
2026-04-15,1.3060673161972301e-05,-0.00032379188791682506,0.0034049606477987463,-0.00011020223426938967,-0.000777538865101129,-0.0008627704647493908,0.00789104262604634,0.0039498804929564875,0.013999461125057566
2026-04-16,0.0014358376705033277,0.00041925981914095017,0.002186236545532616,0.0015664043823806156,0.00025062040576044977,0.00040761494706143475,0.0024573146961406334,0.0008117909900415282,0.0048164068171479
2026-04-17,0.011866682269816575,0.006746561127893624,0.012920236134968954,0.013181731577540212,0.005415642549890132,0.00577693738682683,0.012085709684531931,0.009406183467845608,0.013084099653997816
2026-04-20,-0.0031113774401173976,-0.0017258938564571735,-0.005115284588068418,-0.006225978854959864,-0.0012273964274691286,-0.0012865501311197201,-0.0019997769579219726,-0.0015768086534543228,-0.0031748578483062895
2026-04-21,-0.013433646761940027,-0.007331057466992099,-0.014128593958577408,-0.017530113745915888,-0.006005145079844279,-0.006589422527234223,-0.006546877598048839,-0.005683947982679722,-0.003803257976491281
2026-04-22,0.00636169539999422,0.003136654222597257,0.014027134936158881,0.014800842135524836,0.0018734866466043796,0.0019530704962251325,0.010126679110719516,0.006502482356823248,0.01673046242606646
2026-04-23,-0.004871118908190162,-0.0025906024178147047,-0.006875483735597634,-0.007878926989316026,-0.001485338036454036,-0.001489901045123383,-0.0038807172806204493,-0.002963441979626814,-0.0056326671539821405
2026-04-24,0.007560942493885992,0.004064226799853454,0.011349068622200678,0.011400870342314295,0.0026033368250756982,0.002667302517963357,0.007749329558953688,0.005460428980629722,0.019127514037256654
2026-04-27,-0.0031272458207065564,-0.001775587542665637,-0.002455556119001999,-0.004015459326362977,-0.001595919592891835,-0.001751772852045583,0.0017227696705925943,0.00012793211847535212,0.0005271905772745722
2026-04-28,-0.0047354786600793935,-0.00238953233893405,-0.01230112532399947,-0.014704552249115821,-0.0016884630487088174,-0.0017915110811615221,-0.0048659811570929135,-0.003315751453923509,-0.01005674119631117
2026-04-29,-0.0049340229412828725,-0.0033690819242508463,-0.0016156860376809637,-0.003018821818452771,-0.0031497558062983503,-0.003337878848816156,-0.00015454822141547364,-0.001965115359036447,0.006113613321933942
2026-04-30,0.01331165933149116,0.006971657963250829,0.011605653666821529,0.012376174414941552,0.004914855519896858,0.005350903738584783,0.009949685183250345,0.00676876274066808,0.009326281061176722
2026-05-01,0.0011503037190264192,0.0005918568278540095,0.004105740644832909,0.0037881699019697707,0.0002695867072434449,0.00022498933962117746,0.00276905737155686,0.0019793286879392813,0.009599640629495587
2026-05-04,-0.00802447723556432,-0.00461389446942741,-0.009142940662580982,-0.011653400853094317,-0.0038370436774376694,-0.004141782962185162,-0.0036633809509297732,-0.003675573089710425,-0.0018839258859709718
2026-05-05,0.008732734008227662,0.004299450417070398,0.010310836231743916,0.010628764036951129,0.002744261221233042,0.0029356486506225262,0.008022242913074518,0.00545436339972025,0.012974028218234235
2026-05-06,0.018931525222665085,0.009784640715663647,0.022965730482763846,0.025874202863428016,0.0070676042099262265,0.007669275844196775,0.013899418730159985,0.010407416336903912,0.020774385215872604
2026-05-07,-0.008198641849651895,-0.004763488070588623,-0.00048800403842860573,0.00034053538289165994,-0.0030905150869243534,-0.00321201958095539,-0.0030660889376450395,-0.003060850249522991,-0.0011929535040877681
2026-05-08,0.009301566784012155,0.004881555401248045,0.013329688877048808,0.013467647306728238,0.0031279052443629884,0.0032630862594659454,0.008256054754597786,0.006070992965443223,0.023440885181338134
2026-05-11,-0.00016958914731551332,-0.0008087443604507397,0.002446131651064307,0.0024351059723384874,-0.0009565253545553229,-0.0008795775940485746,0.0022775635209937306,8.79485377998613e-05,0.002896399723285814
2026-05-12,-0.00710393711925597,-0.0038403108481372275,-0.005384985523157331,-0.006077312833481462,-0.002539185207556378,-0.002609998572977354,-0.0015148976832113359,-0.0022360253820505934,-0.008481881888388387
2026-05-13,0.004325970660082476,0.0022364635047083525,0.0034753783172592192,0.0019478892567491913,0.0007140417622517361,0.0005940782601556379,0.005594852718878274,0.0034355657519262502,0.010562283683906104
2026-05-14,-7.085472598461521e-05,-0.0002618003025743066,0.0017656357608899968,-0.000688403171461428,-0.0007763214956257845,-0.0009125503216125647,0.007894249484761584,0.004613247464141754,0.0071077082416364235
2026-05-15,-0.016886482630659307,-0.009142397220815314,-0.017471618715358576,-0.01935633966512265,-0.006826439830277888,-0.007332090312290774,-0.012029288059682064,-0.010471044946900529,-0.01508774216760933
2026-05-18,0.004826960371598243,0.0026194588288908083,-0.000834264929181705,-0.0008862158523494923,0.0018905881928334978,0.0020965440301159433,-0.0007035134425675826,-0.0006260364554708797,-0.004302225286858863
2026-05-19,-0.00640989628347943,-0.003504267861990751,-0.010436468890638493,-0.011316594364240897,-0.0026958602026319663,-0.0028443003001025827,-0.006660801173054454,-0.005536907772196947,-0.006162428965955091
2026-05-20,0.013529296831369848,0.007311397746320898,0.014407886652615713,0.015466340975633194,0.005493642616087335,0.005839394953393782,0.0102489448693448,0.00885325540165582,0.016563696127924077
2026-05-21,0.002957787609362784,0.0013968721298627529,0.0007697463038237357,0.000484233180766547,0.00071780369826905,0.0007615970348681858,0.0019831294549137457,0.0014459988521925132,0.0019070655685766713
2026-05-22,-0.0010323318709019413,-0.0005122948472775433,-0.0005368917754419437,-0.0015826466303598139,-0.0004488434050789442,-0.0005202207408638995,0.003931565762728351,0.002701360115864458,0.004240633637315083
2026-05-26,0.01081371930945358,0.005710336190194371,0.008671708753142946,0.009289802102168862,0.0036955329168526026,0.0038111579625109034,0.006638589859918387,0.005690163375565256,0.01775510896470789
2026-05-27,-0.0026125485011636728,-0.0010589178964230032,-0.005716701861338757,-0.007033809556943367,-0.0009430090660574929,-0.0011367301540595055,-0.0001731819956434233,6.48175324965001e-05,-0.0011365795004276702
2026-05-28,0.002052855281780388,0.0012058533410795216,0.00863932589248116,0.009416287245294943,0.0011407432363773145,0.0011841700645436035,0.005516544483684438,0.004247859223141648,0.008431075515342279
2026-05-29,0.000803821049016006,0.0005851143393332919,0.0061164166251960195,0.0069872973436107665,0.0005561139690327583,0.0005399244770707202,0.002491413132097442,0.0019633727822755947,0.0036840064561787234
2026-06-01,-0.0006597636139851158,-0.0007453694920128502,-0.002507357266692679,-0.0036956550927546494,-0.001777031334927137,-0.0020823405869062482,0.002723144858072235,0.0009544775903118627,0.0060001918709355895
2026-06-02,0.004025673144772383,0.0019083640815383525,0.0028175339502681746,0.0032038295231177007,0.0011960408731889606,0.0013019277538189463,0.0013579151752256546,0.0011143648151868031,0.004604530661185269
2026-06-03,-0.006554108781355797,-0.003489953987169757,-0.006318075726674385,-0.006097265359702988,-0.002422216884359505,-0.0025710564204375333,-0.00701716271996522,-0.005246221778841338,-0.0026132570557489965
2026-06-04,0.003910381722791576,0.0023783677492668224,0.0019695467616577325,0.001433480425831411,0.0024237769524614416,0.0027220138746537744,0.003778634283035931,0.00278483103051332,-0.004837399690344579
2026-06-05,-0.02366245213867049,-0.011822126535759543,-0.03908999712221551,-0.042510228397000686,-0.007721423880778847,-0.00814061387848969,-0.025809369612244448,-0.017679851066706352,-0.04800103929422472
2026-06-08,0.0034798856141856106,0.0015790542408076964,0.007829933749282812,0.009338108242822215,0.00039104673875706814,0.00028666904213116767,0.002264222440912178,0.000925852762419826,0.015615844872174156
2026-06-09,8.263265457381277e-05,0.0006349462609745734,-0.01163373394980071,-0.013820825245285474,0.001112287441633242,0.001200070241605014,-0.002935520049857532,-0.0006445685635566508,-0.011507289561625167
2026-06-10,-0.01321754313407894,-0.005867344894560687,-0.02737953085453767,-0.03024036403438899,-0.004073923958204329,-0.004575132670103158,-0.0157655110158077,-0.00981076521786116,-0.01997658546297376
2026-06-11,0.021426014195468735,0.010933546698397892,0.02937407812469545,0.03262624159311493,0.007349480587921593,0.007747906970379496,0.016996857394830034,0.012915041694795284,0.033775932065986725
2026-06-12,0.0034050718190377968,0.00135121774429969,0.003767397587307832,0.0033772954397216933,0.0007602213480951184,0.0009292438025544049,0.005408207317551872,0.0025424666697877922,0.005884675943221618
2026-06-15,0.011457496793824653,0.005160858406290513,0.02649675865719326,0.028818235350151086,0.003205698476115108,0.0034484079225934675,0.017634009390668393,0.010977230581099133,0.03141368315380433
2026-06-16,-0.0029841911845859053,-0.0008873791474821371,-0.008126865598631567,-0.008812756475926175,7.429071933141127e-05,7.42000616900901e-05,-0.005961575485861181,-0.0025779172840872983,-0.019005412853389303
2026-06-17,-0.010888202250655121,-0.00677098634788631,-0.013773879259123767,-0.01700667191535188,-0.006411719630283086,-0.006917010197020068,-0.01248789492983049,-0.009609146813507108,-0.010070341710618935
2026-06-18,0.00710900237990611,0.0038108379846284123,0.015136029278708364,0.008657538105673733,0.002500324345069808,0.002470589279207954,0.010396979807429707,0.007672877972970266,0.02506539581068923
2026-06-22,0.0005925089985138448,-0.00042076449922798974,-0.002336462291058973,-0.004554627971276102,-0.0007225485624210124,-0.0006034174101600029,-0.0031469282666526377,-0.0034143104387300447,-0.0025101621760993398
2026-06-23,-0.01473196378626469,-0.0056781906994889,-0.03244148761223835,-0.023295449691623598,-0.002375870883984185,-0.002575561549747533,-0.014522012225013592,-0.00820305183745479,-0.03292899719133657
2026-06-24,-0.0038184911171470657,-0.0003835594595558635,-0.013339714252041043,-0.016232125663262344,6.2714399082936106e-06,-0.00037763547830148986,-0.0004635003677893046,0.0023406132231868068,-0.004245791899862628
2026-06-25,0.006045475704311261,0.002788890288739489,0.009214530727903177,0.00779076340899208,0.0018018005998083754,0.0019617133549749647,0.0014456368287247834,0.0011163120053147727,0.008105545686541538
2026-06-26,-0.0016330736130783603,6.68228190852105e-05,-0.0035922952294474256,-0.0007398623083399128,0.0015948289246415627,0.0018054406832993938,-0.007231332133985857,-0.0032746898071986485,-0.013763553147168484
2026-06-29,0.00525140308987657,0.002340756398742052,0.005476580203799807,0.004951265987546425,0.0004620160372245118,0.0003422441309100366,0.01647481275894025,0.009887967357895818,0.024854164910073306
2026-06-30,0.0030975886843485232,0.00046658298618825557,0.009760011276728483,0.007196481840741724,-0.0011949932861684632,-0.0013191369131859813,0.007786815227913024,0.002561647633152097,0.017014713891123634
2026-07-01,-0.00661408764057338,-0.003205803197499244,-0.009807365738122926,-0.0029952983220413406,-0.0015704404368422338,-0.0015134543265828064,-0.0013525036475483532,-0.00178400310482123,-0.015249963514154086
2026-07-02,0.004777496418902854,0.0030678747956698945,-0.0016533005736734897,0.003149224331120498,0.003015681983056052,0.003360794854439881,-0.0013140507435593918,-0.00040468491448481046,-0.01733382526666305
2026-07-06,0.007180735606037798,0.0032662663944369712,0.015662676772438936,0.011626190108778772,0.0017915881931295141,0.0018506114956518462,0.008727392224116226,0.005483833515022917,0.014341917254311332
2026-07-07,-0.00817833455807256,-0.004479573646454535,-0.017798522369357188,-0.013252101685240518,-0.0030475150478601813,-0.0030313965881357606,-0.004751890339538711,-0.004889477699854417,-0.018524717261255708
2026-07-08,-0.004768593138931517,-0.0025768335739440335,-0.0004885880817091523,-0.003385719006413199,-0.0023280182559157537,-0.0026247897099671604,-0.0030894091522385425,-0.0026658360854196596,0.002833298395807704
2026-07-09,0.005754270303336677,0.002972428122722027,0.01234469474990637,0.012113267239172039,0.0023114666775307193,0.0024575751656453104,0.008465256756416295,0.005939877122193153,0.016642333885830585
2026-07-10,0.0013652090314843195,0.0004336685173403103,0.00040766592378563656,0.0003086115468778837,-1.2489784936812802e-05,1.795781693977629e-05,0.004310118179872147,0.0022566128397641756,0.003083152100227471
2026-07-13,-0.011283600471496322,-0.005497428085317702,-0.02518605055118638,-0.02062900934265279,-0.003899236702202342,-0.0041361529534491084,-0.007656140611366324,-0.0060605593094735805,-0.01897984931090735
2026-07-14,0.005793416702772568,0.0033837552961810133,0.013527581843300659,0.011126193895057165,0.0027738142555187514,0.0028594438550444802,0.0035506379166867497,0.003247183543775038,0.011169877197279243
2026-07-15,0.002564047752643297,0.0018925442521490249,-0.0012076678353111566,-8.335463725856984e-05,0.0015618684928119931,0.0015942969767831188,0.003963630921285599,0.003365796167858599,-0.0027095386610569427
2026-07-16,-0.004663847557827337,-0.001762762916154945,-0.018687588891165535,-0.01628598736014419,-0.0006219473049179828,-0.0005742840340494397,-0.005418616825605738,-0.0035221042819243054,-0.016440498089291156
2026-07-17,-0.003710743127199438,-0.0015896176895397894,-0.005282082986485522,-0.0025296440818384155,-0.00043173630795310226,-0.00040067562935983613,-0.009897199757215702,-0.005448389441958572,-0.015029581322824392
2026-07-20,-0.0029621338151366583,-0.0019093962573373258,-0.0011905943276990794,-0.003149268716132858,-0.001600132119838782,-0.001688245810208877,-0.0016143534967409945,-0.0022487612772897903,0.0010498726409937653
2026-07-21,0.010628390153445086,0.003836744138996116,0.016933726498393344,0.013170306028063218,0.0018555125714932888,0.002194813045307538,0.008341327043244195,0.0040253339240066445,0.01854722842715173
2026-07-22,0.0006567122807183262,-0.00017569558209265093,0.0023254359546267343,0.004816567823700076,-0.0003979589613405829,-0.00030266378977298957,-0.001162766737217713,-0.0015946717485124896,-0.005106055642898566
2026-07-23,-0.010425891897327344,-0.005125151480616288,-0.01810306588605494,-0.015652248657560618,-0.003669459986437092,-0.003976408248034357,-0.012349253784127878,-0.008514807189654286,-0.01898336374339682
2026-07-24,0.0012352431204274185,0.0015043683913646764,-0.003832200413952067,0.0014960353386829577,0.0020506314758986233,0.002285727578038557,0.0010159657563921787,0.0013842337420660663,-0.011171210722356162
2026-07-27,0.0019150919479670795,0.0011610446628369383,0.0018001522304674183,0.003425593238147312,0.0010095966208942008,0.0010432100514042896,0.00021661654234961247,0.0012032407230818606,-0.0030837356474000543
2026-07-28,-0.0027907106131666907,-0.0001933686231753466,-0.009066729586231271,-0.004409412799575787,0.0002305690652458022,8.012331336497883e-05,0.0023947666975516757,0.002637477624917615,-0.009719710851298968
2026-07-29,-0.006943415603349221,-0.0030332978103085207,-0.00922824515629716,-0.0059750676753843514,-0.0015621125575568237,-0.0016128916936791898,-0.015387445003102407,-0.01089908124704413,-0.02037047288151972
2026-07-30,0.015500975982429225,0.0067369937639839275,0.022906027204869558,0.016577202919112362,0.003365480433654611,0.0035448808411896026,0.01676574369337569,0.010185571002572606,0.03297419933967949
2026-07-31,-0.0009940408121814634,-0.0007175263222186057,-0.002105978759794731,-0.0030085573577168334,-0.0012881937730337958,-0.0014781344315677276,0.007199869193782904,0.0032151249656145785,0.006495569881900698
2026-08-03,0.004986050698829347,0.0024359365165519354,0.009994896920552072,0.007472457269602367,0.001491166714030347,0.0015431380138292482,0.014242990614400597,0.00940021430487053,0.017558420982753953
2026-08-04,0.01157017586511225,0.005863586016535521,0.019813759726823768,0.01241379669862578,0.0037963956491142746,0.0039030650156656795,0.01802895214665101,0.012755940641561098,0.03396794626081601
2026-08-05,0.0028881367021615467,0.00128578935813684,0.01225498617075741,0.01650614651516908,0.002038452631563466,0.0024390571240711944,-0.0019965624761277834,-0.0009657853901386157,-0.009048794851582387
2026-08-06,-0.0034310974972268683,-0.0023944696716548405,-0.0017479775890722965,-0.0008637254732719246,-0.002253614258174465,-0.002331384071800729,-0.0015978064697251826,-0.0024817872755931248,-0.0036943750473806825
2026-08-07,0.008152237073268747,0.0043637854726656395,0.015024004281989438,0.013314569448919998,0.003666609169662896,0.0039651787357509365,0.0061153280785064545,0.004651377221299199,0.011726019049234537
2026-08-10,-0.0027266421679554044,-0.0020166201961865273,0.0029475799579082662,0.004186045441323592,-0.0017807259100087152,-0.0018102714693346569,-0.0002974431285415191,-0.0018962353125610198,-0.0029874614166396363
2026-08-11,-0.0014762027627147538,-0.0005507171936877042,-0.0035595639418069505,-0.0035498793143148113,-0.000493867571563693,-0.000644581042212723,-0.003195199981383512,-0.0014923613591977254,-0.0033570539834080204
2026-08-12,0.005620568530400493,0.0027349178752771545,0.00742349008366891,0.005708279446157741,0.0022582822796633423,0.002499342234252807,0.0025046088948632583,0.001906170250176858,0.007307443460370822
2026-08-13,0.0026625598140597585,0.0021999793412938243,-0.00019343692283612816,-0.003046818991268454,0.0018538724160923209,0.0018198605007874815,0.006977515074108265,0.005684822527854195,0.011565537129121894
2026-08-14,0.00034322734035005514,-0.00028885483975335687,0.001642007070708231,0.001740392943247835,-0.00023992429226479828,-0.00011729507719259789,-0.0019797506799419384,-0.0022933256759379347,-0.0013659941160515388
2026-08-17,0.00011315875400292771,-0.0003194725902075009,0.0025117990505516834,0.0018619370522114814,-0.00033562591052841237,-0.0003191436449357952,-0.004727362317670902,-0.003726216341001876,-0.0016414852746460262
2026-08-18,-0.009310284853600304,-0.003558216738205222,-0.019907881552999274,-0.011833834861186276,-0.002126883575089278,-0.0024411074879442385,-0.00675574496080833,-0.0036875776246381164,-0.01693448594486635
2026-08-19,0.008383631375855257,0.004091112901592016,0.016916793659506803,0.019036326200792538,0.00401818422600234,0.004529615438004494,0.0020977847370853286,0.0032007116675625714,-0.0019930264086855942
2026-08-20,-0.0012274188238230429,-0.0012032602520496262,9.379067355069293e-05,-0.0027413332106897203,-0.0010355049828681974,-0.0009781129620286036,-0.008399827926766523,-0.006656746446349116,-0.0071919537489711916
2026-08-21,0.005040963074903583,0.0018249233768414521,0.01088207839483252,0.011486246470288996,0.0011238181683832483,0.0013728222355848495,0.004091229991858514,0.001659031063524972,0.003530669955839505
2026-08-24,-0.001082925136317128,-0.0001928187197027892,-0.003588928076706873,0.002215515653400421,0.0005587145729215417,0.0006801482876999628,-0.0029384361156037375,-0.0009336944625267389,-0.009979845564302758
2026-08-25,0.005142045069208198,0.0031154751046669343,0.007128050231545505,0.0032462960215008064,0.002485707409120301,0.0025269591607898056,0.003195939766817757,0.0040751241405639765,0.006229422572993526
2026-08-26,-0.004307919209644649,-0.002242551058890802,-0.0064652316300382266,-0.007552633184931163,-0.0020932528947528225,-0.00234607301902771,0.00022200767959623668,-0.0006882150920388911,0.0009146072815255923
2026-08-27,0.0009820556924320632,0.000111067049557019,0.007868213780845894,0.004932044124739484,-0.0003432607974664631,-0.00040951678605126587,0.006552844629756693,0.0035211549025027573,0.013691886096947492
2026-08-28,-0.007088256896742425,-0.004031773801256606,-0.017262163248103264,-0.01684927348075063,-0.004081974469264509,-0.004440097467374237,-0.0022694869107554583,-0.0029948007318679627,-0.006489968792703249
2026-08-31,-0.0026583909901188984,-0.0013310914982498766,-0.0006422209710786317,-0.002079982729876584,-0.0010647475520417166,-0.0011932486134785512,-0.002989548034258882,-0.002265688651864976,0.00046060937059055895
2026-09-01,-0.008110165933862335,-0.003926295733478568,-0.017342834006243462,-0.017232354325181595,-0.0033015086092848126,-0.0036319268851850986,-0.006870413937474118,-0.00545017459442482,-0.01272396313002655
2026-09-02,0.00308318496074345,0.0015779338405647629,0.008136751016491604,0.009460962481638788,0.0012925851763984926,0.0013807801706983245,0.004436916429827686,0.0030012244479515585,0.0022610270072151994
2026-09-03,0.00798456762755802,0.003932245339036491,0.01309968474771123,0.014258925165889173,0.003124872910733977,0.0034619099000842077,0.010468417941536634,0.006700963335633248,0.01188593267524074
2026-09-04,0.00013466239401389946,-0.00018494451792619207,0.0009593815554866636,-0.005951430996580089,-0.0006888789920565094,-0.0008359152836220932,-0.0038542322600894074,-0.002445207009097554,0.0017975381542669755
2026-09-08,-0.0033714513741742325,-0.0016980177539833447,-0.0069013831907683435,-0.011035821154819273,-0.0015640184219440046,-0.0017583344772713208,-0.005492178930014524,-0.0036850737595498723,-0.0008345245704174387
2026-09-09,-0.004254293510632851,-0.0024745756366460155,0.0014283045151277567,0.0018176439156362715,-0.0016714669244694623,-0.0017295666730371693,-0.004647717444469568,-0.003914937828375797,-0.002853702094152255
2026-09-10,-0.010060967692055821,-0.006099290130632375,-0.015563261097984872,-0.011405499805747893,-0.00536692373104161,-0.005615584569117927,-0.005994275703456675,-0.006733413066933863,-0.010637841445189311
2026-09-11,0.006471123423569801,0.0023581171621348653,0.008447444699211255,0.007377778959541427,0.001127747036669357,0.001368214575716924,0.008524301461116268,0.004356495096199487,0.008734391341528314
2026-09-14,-0.008584159339361757,-0.003742168552330182,-0.014664727601386636,-0.009386638503636302,-0.002580162324258618,-0.0028505074998545913,-0.004461653484890693,-0.003033265009885314,-0.007973401255785939
2026-09-15,-0.0022618155308692075,-0.0012884333218422044,-0.0019891989106051765,-0.0009099681702860449,-0.0008474201925462742,-0.0008533615450888053,-0.004586752409134642,-0.003237421553878932,-0.006542800059618603
2026-09-16,-0.003213429325260409,-0.001965423621221779,-0.002470961252089623,-0.00515827840173428,-0.001740914119276693,-0.0018816263252176106,-0.0044098804847823025,-0.0030410187082051056,0.00025548151370968775
2026-09-17,0.01036280285162472,0.0055703386229060126,0.017302254417470353,0.013501368549975412,0.00431217939144557,0.004544138677148091,0.011338753705953053,0.0090933352945326,0.01731186438003518
2026-09-18,-0.002454500688569617,-0.0024910133576334977,0.00570694619854543,0.0025227554522566716,-0.002330259792064509,-0.002338903936246747,0.0012869590529585029,-0.0011921205976809833,0.006318759752816483
2026-09-21,0.011090219322322615,0.0054481998676986125,0.014104868245440914,0.005139762398512634,0.003303601361284792,0.0034365966196846414,0.015504992215651825,0.010877765121262746,0.02882053954743813
2026-09-22,-0.00015490896327161413,-3.821738167476475e-05,0.0010506077324477715,-0.001157573378457811,-3.677153954094491e-05,-6.803132768498567e-05,-0.00010344807995310568,-0.00010549765642792474,0.004706935422107206
