Date,Equal Weight,Inverse Vol,Max Geo,Max Sharpe,Carver,Hierarchical Inv Vol,SPY,60/40,Tech
2008-01-04,-0.011612782027916269,-0.013279164904280272,-0.006695212188289723,-0.0053987180787523625,-0.007945349419791414,-0.009200516324577968,-0.012068726532020069,-0.013720941057918767,-0.017804856790141654
2008-01-07,0.0009187724484028658,0.00047759668281134625,0.0007316736004132721,0.0011724769947517083,0.0003359716560752125,0.00044520029378006915,-0.0003495794093962351,0.0002357142590813728,-0.0018090631367799741
2008-01-08,-0.004882617776488076,-0.0051278111083703296,0.0017541505886760932,0.005395729328904193,-0.0016766775425320454,-0.0020085849246552975,-0.007824524886097549,-0.008736826888196016,-0.01019127299704736
2008-01-09,0.005129638278857377,0.005050570843818953,0.004805603311969786,0.004087992390586168,0.0025703779420578193,0.002973296299920767,0.005156552227546234,0.005556769078645807,0.008375732090468888
2008-01-10,0.0030876107465868897,0.0028005328906317737,0.004853184811573278,0.005483831767422156,0.002753344454362641,0.0036366151641064387,0.0032570871137419985,0.0027753410076037845,0.0006528200761245318
2008-01-11,-0.004934727313110403,-0.0026110782890407906,-0.0047530118337767244,-0.0009704406931042882,0.0022264050771509994,0.0020806280853218648,-0.0038809084663539908,-0.0022122004814663916,-0.007658121753909134
2008-01-14,0.004854229261787085,0.006467474690850107,0.005168166918827864,0.005656960041294799,0.00406187203901902,0.004275589344469756,0.003987222970584105,0.004963903848709863,0.006872325906521441
2008-01-15,-0.011290739520183536,-0.012095618468974731,-0.011576661907013001,-0.009167026295365688,-0.006470321633803567,-0.007580037015015658,-0.010691214331326705,-0.010403955976670327,-0.01079080206892904
2008-01-16,-0.006433283425906315,-0.007428047577663405,-0.009518393319618939,-0.011668059475269327,-0.004021027498085297,-0.00422353158259835,-0.004096346720194394,-0.005856808497455857,-0.004085589525755496
2008-01-17,-0.006319625560968141,-0.005257198189902097,-0.0055079981191924875,-0.001257358945428936,-0.0006171567643036359,-0.0012095993544073529,-0.012397857690585974,-0.011799635412574578,-0.005273491070511616
2008-01-18,0.0005152290771685123,8.446974976527251e-05,0.004524958971045367,0.005348900435100863,0.0002153792907714525,0.00017676436814231526,-0.0048100045175887,-0.006549971704146522,-0.0004348449646036969
2008-01-22,-0.0029654083768674666,0.001823602327544936,-0.004664700126081328,0.003444961875361694,0.008233838520114995,0.008622329683094884,-0.004736529640431942,-0.0010473321465728836,-0.009775067345254145
2008-01-23,0.005306472369897053,0.004666412280504118,-0.0008629788730123146,-0.0024738054572357466,0.005655625214349894,0.007748189995192916,0.011312693356681398,0.011681055049986209,-0.0013885065685867502
2008-01-24,0.005609169579086705,0.0025874411641418618,0.009039304323690626,0.004995683838604492,-0.002905469401462775,-0.0025338605807041343,0.004057917852062724,0.00098286755839547,0.007706659389209063
2008-01-25,-0.004164616964238677,-0.0015077335911963484,-0.003262567318983913,0.0026814723424814727,0.0029737104581880115,0.0026314590693930534,-0.006843294128504726,-0.004467497743363072,-0.007702442317108838
2008-01-28,0.007397121976657351,0.007593459277151368,0.007535037374168061,0.006308063125922516,0.0054832841595827495,0.0067926013576276095,0.007875881913688659,0.007947187874230596,0.0029470290912598823
2008-01-29,-0.0001582018150995991,-0.001173772959100547,-0.0012455839417039084,-0.0043937954737974586,-0.0029082823792782233,-0.003204585749084221,0.002412019728236782,0.001175761168003338,0.0007335822851138717
2008-01-30,-0.0027925901186108253,-0.00283386471220346,-0.00024913217354233393,0.00028037484302342533,-0.0019653146123368706,-0.002374289964080366,-0.003476496087487257,-0.0044765809396675,-0.00028456277794406906
2008-01-31,0.005605178445509782,0.008943381400661869,0.0019428281389371428,0.0038961223725081013,0.006978776307213442,0.007193975958187723,0.00873384000859076,0.012773191066940635,0.006485269860200348
2008-02-01,0.006068670202113973,0.008988065824891305,0.00036209801837576086,-0.0007680895464485827,0.00696811926297881,0.007318129802829783,0.007785393089458184,0.010762932362210603,0.003922212525410606
2008-02-04,-0.00338978762289836,-0.005929876142549844,-0.0005501947771231645,-0.0031631704376780074,-0.0049956772656748055,-0.005278061696792028,-0.006072551025431974,-0.009726118263552205,-0.005309677818004689
2008-02-05,-0.014898865418274565,-0.015124683314446274,-0.014309558547194401,-0.00777727436453024,-0.0079536032320503,-0.009520750555564006,-0.01189551204213124,-0.011602441666238583,-0.010456428904294102
2008-02-06,-0.0026810850489392686,-0.003364696550493031,0.00023355385236340778,0.0013690826876721115,-0.0020017540807321624,-0.0020159350466095157,-0.0034802281871703224,-0.004736914734558585,-0.007076776034930937
2008-02-07,0.0017730876058289654,-0.001760719510560213,0.0035338323865321875,0.001640793489894745,-0.002659812765215432,-0.001663381018409144,0.0029314682743856887,-0.0005929093663855178,0.0025594884084419465
2008-02-08,-0.0006775223010412525,0.0023739250322132033,0.0011258458132608628,0.004573418899668057,0.003504040672348297,0.002934917505148158,-0.0027604741524212195,-0.0003310224391464706,0.004136659902682119
2008-02-11,0.0009141873323711239,0.0018558659688602893,0.0025764432760352046,0.0019478635227437693,0.0008844441869398335,0.000507193101903097,0.002278938458545856,0.0034098303637204413,0.003956162197240593
2008-02-12,0.0040392267886004566,0.004565792848009065,0.0006897742817152863,-0.0017567540994459874,0.002249248367285147,0.0023246210547036715,0.004104237434328276,0.004007855495797122,-0.0020078353382281984
2008-02-13,0.0053431313476486764,0.005946583018372938,0.00461254930985061,0.003035142455905693,0.0029779517549672206,0.003283119080655606,0.0045428943342405315,0.003782197336691028,0.008003537575628621
2008-02-14,-0.004773268276004106,-0.007657089194551684,-0.0020251331383495993,-0.00239071744590557,-0.006739296255237555,-0.007029135717479584,-0.0038383128056639505,-0.00645177435773634,-0.006594292515996918
2008-02-15,-7.743425934783426e-05,-0.001066863820930021,-7.853186381712624e-05,-0.002294248482423265,-0.0009764536663508233,-0.0009514893121336991,-4.924530248173335e-05,0.0006423241533948938,-0.0011847949216872468
2008-02-19,0.0035501044053390567,0.0021224676878193907,0.0069256897516163365,0.005140052282870491,0.0005101437217889523,0.001331566823754509,0.001286600596801854,-0.0010465959013033677,-0.0006050880998734446
2008-02-20,0.0023987946669336733,0.0014531739213835997,0.004157149884051582,0.0023760940978571135,0.0010679425068422246,0.0017802113197604018,0.0013489157699963054,0.0012261720157347741,0.0017125671255461624
2008-02-21,-0.003047092080351832,0.0005894735783499956,-0.002422392710151663,0.002580643413229179,0.0031395546059212677,0.002267495393208777,-0.003618177178883332,-0.0007330920843743136,-0.0034170564817569368
2008-02-22,0.004038267004096985,0.0031007692384660344,0.002911348492124649,0.0002300052156932158,0.0016897665248211573,0.002455604888043063,0.0027513173168313243,0.002200402064430745,0.0013823939846013774
2008-02-25,0.004990403180654477,0.0033214129301048076,0.002685839667551914,-0.0016691354361472583,0.0002526236907566988,0.0009306259060203421,0.005601975669061273,0.00421846710662653,0.00187756303272507
2008-02-26,0.00461487109172444,0.0073165039728575855,0.004845409102014681,0.005690178406028193,0.006175319323551587,0.006408900909530579,0.0033731929333775893,0.004777038804004277,0.001459334094791944
2008-02-27,0.0014375817297296557,0.0028582077974056578,0.0033878066739925342,0.004918165698543656,0.003357901335510632,0.0034933711201230763,-0.0004075014936993525,0.0002966467057572628,0.0018656990235888119
2008-02-28,-0.0019587103581402182,0.0016280836235293779,-0.00011603459055192725,0.004906892642327256,0.004827582625001919,0.004447990815273917,-0.004305666700408112,-0.0010533912313731523,-0.0013536773179902263
2008-02-29,-0.008465229828404319,-0.005697764348637421,-0.0076321599897408,0.0017331203884882083,0.0010579810159605577,0.00043107690177228083,-0.009822894811718557,-0.007790233548167439,-0.009608594699572337
2008-03-03,0.0006156940061249655,-0.0002078466550792084,0.0026719413159124136,0.00284520446902822,0.00034735475745989284,0.0008342479730493071,-0.0010075096384930704,-0.0021124984180940914,-0.0022901629497850727
2008-03-04,-0.004594353599979284,-0.006037569782882392,-0.007719304573374257,-0.007247481747933277,-0.006160566357730567,-0.006937598135363221,-0.0016305292605621796,-0.0032752861041983185,0.0020465223837297744
2008-03-05,0.005449229503807458,0.004858186665274654,0.00810627675606119,0.0065460215643706535,0.003575372151999961,0.004740818592159005,0.0027846481001910627,0.0016857095801759959,0.0017888511564220929
2008-03-06,-0.010168909456477526,-0.007262210388432,-0.008758524898269893,-0.0001853391126847015,-0.002886424387902098,-0.004588311961010505,-0.010988001312568607,-0.009660891099092739,-0.009538178854200052
2008-03-07,-0.0019858908410311936,-0.002440174391279602,-0.0038561761172992716,-0.0025173842852426174,-0.00031155387640157794,-0.00010599109013616812,-0.005355341607308244,-0.004863285457873394,-0.0009765268284393521
2008-03-10,-0.005352108442860075,-0.004017249369514845,-0.0040586717917693894,1.8719582504189992e-05,-0.0005711077127090405,-0.0011377447112434545,-0.0068291198139341265,-0.004986810274820835,-0.008152871528198158
2008-03-11,0.017490701137656422,0.012815411568865074,0.014045406509047127,-0.0033906364761665097,0.003590576526403491,0.00558027121334201,0.018594549137367616,0.017035464059948383,0.016025885985292046
2008-03-12,-0.0018766154275181573,0.003335085582263009,-0.0013633844344434801,0.005803510556794037,0.005957326597701254,0.005439611856734615,-0.004885796800898499,-0.000946570687124142,-0.0011698627654867751
2008-03-13,0.0020962859128446252,0.0011137808979191424,0.001176467190359364,0.0008935497976278761,0.00045682966838430316,0.0011929013315843309,0.001180192997914632,-0.0008771205230766728,0.003342573754474333
2008-03-14,-0.00863529755947286,-0.005216803006628443,-0.006871120058975515,0.0030250154585331024,0.0009115661448856854,0.00020721245506255092,-0.008091450614158118,-0.005126628533546789,-0.007876247193007072
2008-03-17,-0.005309313985277174,-0.0034355601447636245,-0.004123227811163751,0.0030020822531722836,0.0015988413825166008,0.001651839610793197,-0.005231728681978229,-0.0039784131147352015,-0.007738718721432619
2008-03-18,0.014434603640967112,0.012445683066255485,0.005720313144147938,-0.007118013629695143,0.002641901238829759,0.003298360506280036,0.02150178950852879,0.022038890172791915,0.018820122099709242
2008-03-19,-0.015684864826662252,-0.015383284802223313,-0.01893982861885756,-0.008747658509715909,-0.00758877782339617,-0.008986294725226723,-0.013049796656772686,-0.01157248314242231,-0.010658504677422144
2008-03-20,0.005584853591477096,0.0059860801700032645,-0.0021593989111693573,-0.006368157404066312,0.002392188276968,0.002414944427355246,0.009663137766973487,0.012124109856751185,0.008721419278054405
2008-03-24,0.009608109601420072,0.003637109382982421,0.008279526159662043,-0.004251055359654631,-0.0037810010277429967,-0.0026920154053994404,0.010529016479117092,0.004712686382867326,0.01493067010526361
2008-03-25,0.006421221007879547,0.008531032411132138,0.008792463674848906,0.00711095109366699,0.007268962097683013,0.008023701535983157,0.000535883100723021,0.0020488490626566426,0.002492614828375367
2008-03-26,-0.0018305107910534558,-0.00017187558240976968,0.0010743758579362347,0.00485378706857165,0.001158345274296375,0.0008486736217608727,-0.006470614609152746,-0.007236446837367042,-0.001249610398829879
2008-03-27,-0.003493084032105402,-0.0036152716110360206,-0.0016150789746852585,0.0007526043863086428,-0.0020217654184201818,-0.0023733573772535817,-0.0016395841154883246,-0.0024874353897060284,-0.009715763861937135
2008-03-28,-0.003115917341410945,-0.002679538601494046,-0.002940409775056114,-0.0023383802397583145,-0.0018171768318108192,-0.0026269820235210696,-0.005014626345259088,-0.004221697296599079,-0.0021566868490961615
2008-03-31,0.0013271602559939038,0.0020825050626088345,-0.0009098251347425303,-0.0018727850753500243,0.000843253129352509,0.0005214045514100391,0.001860415029662612,0.0028679333969797017,0.002321784272329796
2008-04-01,0.013763187172402835,0.011234638478376184,0.0028270353596295573,-0.009614810173628146,0.001960254089516053,0.0027757624239481784,0.01849641208689736,0.017789451684733882,0.0186144950620876
2008-04-02,0.0012018623880322423,-0.0001044648209329663,0.004451599556508331,0.002824983683844556,-0.00022852272213481233,0.0003818197186934064,0.00037764889877493665,-0.0009508805927103705,-0.0009445924732813533
2008-04-03,0.003516341179636826,0.0028689530978710893,0.00250116136113266,4.9977216897634794e-05,0.0022871629202873616,0.002963734427368383,0.0013539945393272366,0.0015443368099143625,0.0010070274420047396
2008-04-04,0.0008637702864600261,0.0044223609712662855,0.001047641116992107,0.0041266534102514935,0.004680939723049779,0.004328731613336985,-0.0005603803431814463,0.002435639695961675,0.0026637115087865277
2008-04-07,0.0010655343023873165,-0.001832279701187156,0.00428882036032463,-0.002113724999491473,-0.003688705884999366,-0.0034426527049611355,0.00014312459309873127,-0.0021537816169759916,-0.0008421450964481991
2008-04-08,-0.002679048897423667,-0.0030310933235469556,-0.002693540115321694,-0.001049157922105822,-0.0018125245601405887,-0.002163252622666333,-0.0004044212639239098,-0.00047680459446685486,-0.00276178144853949
2008-04-09,-0.002280917770383042,0.0001299909991825662,0.0005394391591438285,0.00434967435407931,0.002713137719470592,0.002536434345072175,-0.0030568502864642983,-0.0016666379602022986,-0.004053939546233347
2008-04-10,0.0015643573736267382,0.0004694203595040574,0.001104621847767718,-0.0003319991523723313,-0.000780593426477747,-0.0006337882167121967,0.0006230349638507829,-0.0006324239905868261,0.00518133882448814
2008-04-11,-0.007205191472231169,-0.007522584895654199,-0.0046677483630907955,0.0003129159356907642,-0.0027730852724148214,-0.0034171725356043478,-0.008223555003274303,-0.008410924296120679,-0.010055912099937446
2008-04-14,-0.0010126454178677568,-0.0023733086543041584,-0.00058346610924147,-0.0021452482197532184,-0.002696617630611473,-0.0028501302041856573,-0.0013932842211235434,-0.0025633316398382903,-0.0015897758691479384
2008-04-15,0.0024619400353717907,0.0007308157148714164,0.0033090575701908405,-0.0003431544829026561,-0.0007115804711667315,-0.0001441905455239629,0.0010034228835901877,-0.0003766721345224559,0.0005138912129628608
2008-04-16,0.01234873332671927,0.012640316598714247,0.010052786066396048,0.0028331932349638603,0.0066967210942686425,0.008512941770680514,0.011405604136378646,0.011358027405681235,0.009984738417624109
2008-04-17,-0.002376202035808989,-0.005033132023762619,-0.003582551295108155,-0.004862636718251656,-0.004782426283018148,-0.004818491910503383,0.0006511854392799161,-3.2453449260999797e-05,-0.0007705852185769422
2008-04-18,0.003443978377649943,0.004090060272115221,-1.226717514813321e-05,-0.003349256138738751,-0.00024440372489244704,-0.0009686104369534905,0.0044846662499928025,0.005023261596364614,0.01158362909610188
2008-04-21,-0.00021481264821922845,-0.0011771285185819343,0.0005826356303306203,-0.002129967976291737,-0.002010793170673753,-0.002282084178889659,0.0002471596101670122,0.00030634613226632494,0.0026499137050740216
2008-04-22,-0.0027564649095633,-0.0032346705620991084,-0.0023932377927260245,-0.0003509118710283878,-0.0014300475504695812,-0.0015302051378416218,-0.001862375619855085,-0.0020026819497296765,-0.005504224984556474
2008-04-23,0.0018551553179027597,0.0016190209689546957,0.0008351967090269587,-6.123948796714074e-05,0.0005177598361157362,0.0005119785852140332,-0.0006550048372588498,-0.001150366749100999,0.004086703393228517
2008-04-24,-0.0013644246847016185,-0.0053912636745135035,-0.006167918420441786,-0.009021327239874068,-0.006893386924885725,-0.006815976171138038,0.0018931868729076724,-0.0003743684169697408,0.003357483920504303
2008-04-25,0.0023867619816334475,0.0029291755167878374,0.0018030732994497609,0.000972920733486231,0.00162912714011851,0.0018230823171360468,0.004000701939846552,0.004341322283560159,-0.0009141617262759842
2008-04-28,0.00023548846302878267,0.0015382965951181002,0.00040082619235648454,0.0023310123697420373,0.002155346920850845,0.0021869947965840577,0.0001246119312136714,0.0007172213900827219,0.0007464915036175041
2008-04-29,-0.003873038435846551,-0.004423804629139625,-0.006821563840400196,-0.0056118482417945505,-0.004097596153699351,-0.0050467104721083735,-0.0016662718757184515,-0.0014394840799977194,0.002877921907262942
2008-04-30,0.0009987827405557746,0.0028034274164050388,0.005288963214255516,0.005972413663406845,0.003325350248848943,0.0031100642162046744,-0.0025054178133303213,-0.0019988404833933583,-0.0030345818753752247
2008-05-01,0.00467368517947143,0.0049103154207250765,-0.002088066796036148,-0.005391374422580485,0.00048517503260488474,0.0002743993820834665,0.008904989279724926,0.01064187107258877,0.011800005310965627
2008-05-02,0.0010657800074332386,-0.001535728588770227,0.0025380904216576097,-0.0014166426907545628,-0.0032122834114807586,-0.00286541955091802,0.0012327739480530084,-0.0012261177062092453,0.0005828971937245962
2008-05-05,0.00045511741324834147,0.0014863548539054802,0.0030774965350271067,0.004486827316965978,0.0028722257294636756,0.003296537032380164,-0.002054327214680432,-0.0020210541535115385,-0.001054455583712319
2008-05-06,0.003953016232280726,0.00463848743631412,0.0036541387011219673,0.0027791949449300635,0.0025589481203347475,0.0029071574577452797,0.004134033917306823,0.0037031118316457334,0.0023887518441594313
2008-05-07,-0.010001309385067924,-0.010317342663595193,-0.009517171010725627,-0.0037721115802274744,-0.005221900819131099,-0.006386893899739354,-0.008527929670026045,-0.008913187187036011,-0.006914991655409496
2008-05-08,0.0036759574635829356,0.00647434114228769,0.00576003218986858,0.0047950833354534405,0.005700045334139752,0.005939268446132529,-0.0011946217902021553,0.0010277641606171821,0.0028737109020086685
2008-05-09,-0.0019209254973315208,-0.0017994678283221029,-0.0013152052016610375,-0.00031422390281202596,-0.0005472468109104558,-0.0006676840946468998,-0.0008536506116279694,-0.0006382049398228781,-0.0014498216094667562
2008-05-12,0.00571107985000765,0.00474861935077907,0.0026334439849841594,-0.001968488988586292,0.0013290698304230903,0.0019332565359844807,0.005372343956806371,0.005837924942022633,0.006958666024833593
2008-05-13,-0.002468482239458859,-0.006835009538705724,-0.0031030070457197505,-0.004973217895332328,-0.00723574640018742,-0.007510474405130327,0.00010555311718747108,-0.0031755382870066787,0.0010588033824600893
2008-05-14,0.00022723692602309752,-0.0007502266529743689,0.00026253247788302124,-0.0012137364579574304,-0.0008163232302567784,-0.0006818304840655388,0.0010237678325333243,0.0010745093092084715,-0.0008134519151426367
2008-05-15,0.008595367200555412,0.012503676208277446,0.009218118754684262,0.007289322410073174,0.009592842124316495,0.01048016142246938,0.006018490728602467,0.00947236692855194,0.006754475648622379
2008-05-16,0.004718394933334536,0.005455848954096072,0.008515348961804722,0.005252467843710138,0.0035386567715769033,0.004169294382705438,0.0004767715337639963,-0.0001191881268623431,0.0003544201341400191
2008-05-19,-0.00040354019141136384,0.0007825518432845219,0.00011433272057530182,0.0022722954935397613,0.0018752720074550532,0.0019303247059698774,0.0013538677972139042,0.0024809328772858884,-0.0027452481600872
2008-05-20,-0.003156816714086005,-0.001883211786494442,-0.00044428904489220524,0.0023061448449938652,0.0011065429836506922,0.0011468671090026795,-0.0038734527024162834,-0.003579830735265503,-0.0029071383469988
2008-05-21,-0.006306564703640857,-0.009828860360465267,-0.000494077398834123,-0.0020489716720479747,-0.0064824809324896876,-0.006684367334588599,-0.008085455167951542,-0.010800531791823715,-0.008447328262975562
2008-05-22,5.2581535337637775e-05,-0.0038357108416039194,-0.0007533256276887673,-0.006270068731381799,-0.006429026848707741,-0.006753790924051336,0.00010625091752719214,-0.0024820971274619307,0.0013813212897839642
2008-05-23,-0.003995101564447422,-0.0024454038463313835,-0.003924391844133568,0.001316404966512026,0.0010937146173426399,0.0008821181556128617,-0.006341988163885509,-0.00607100133360056,-0.0011315771491611883
2008-05-27,0.00023259181460960997,-0.0016204576520282518,-0.004828940828565937,-0.0049208123747670465,-0.003306541775516245,-0.003491884139836381,0.003541685535491632,0.002364377171469955,0.006723392233644975
2008-05-28,0.001665105958509126,-0.0015564291911994885,0.0026878007706019544,-0.0018900756976459624,-0.0038101500958117513,-0.0036432084375867587,0.002228923798071391,-0.0002568384239043422,0.0016065521011023865
2008-05-29,-0.0016425107356663052,-0.00350602071834797,-0.006102032743931047,-0.004592852975046933,-0.004328815358600432,-0.004902087219406774,0.002429118353202936,0.0011082144068707302,0.0034737012269616
2008-05-30,0.0021695048424815594,0.004784773828785269,0.0035298082929711657,0.004257614586390744,0.004409395477211769,0.004520242182379007,0.0012308433635222704,0.002757028396569594,0.0025301936957608097
2008-06-02,-0.005139466997903446,-0.003547804225705862,-0.002834799391081271,0.0022092744193566967,0.0004827928227727005,2.1764863652816977e-05,-0.004894395893315599,-0.0037468216820534554,-0.004679497140685767
2008-06-03,-0.0019424298542328668,0.00020848794418391132,-0.006316658550326535,-0.001484538941499947,0.0018029780261888196,0.0014375087054378985,-0.0027307285156502243,-0.0013352219537201406,-0.002055887873662248
2008-06-04,-0.0013440928416130248,-0.002805414449560074,-0.0028739835797603613,-0.002032085319841504,-0.0023227522189409964,-0.0022130929244318764,-0.00020175457933420285,-0.0017242517980642599,0.004956481267325718
2008-06-05,0.009058092968138975,0.008190804307573574,0.007875097789440844,0.00161502125455959,0.0027695270467515964,0.0034993342805622607,0.009889772903080019,0.009548919138495426,0.0062478701517119095
2008-06-06,-0.011882448067008802,-0.011500667085623424,-0.004353611844598997,0.0019569682478610727,-0.0030908933881088375,-0.003567973241816594,-0.01586870796316007,-0.015342349143871208,-0.011827520073690218
2008-06-09,-0.003918985030090822,-0.010738170853262405,-0.0033877749432501443,-0.011408639728029428,-0.012152836324642464,-0.012724178365415064,0.0012258500627771803,-0.001395621208090013,-0.002009381750821583
2008-06-10,-0.007540256068044136,-0.01238844099094442,-0.01165708864758959,-0.011965049732522402,-0.010606605284248005,-0.011318365166728376,-0.002404382051766143,-0.005178386288487412,-0.0017727597683361044
2008-06-11,-0.006258568511529254,-0.006289357029446368,-0.001254411606889464,0.003700045011595277,-0.0012454282386947558,-0.001250856562977277,-0.007167937579119231,-0.008092929266513024,-0.009235105867770614
2008-06-12,-0.0007878185942099287,-0.007852928485212789,-0.0022861768887029194,-0.010410020037809171,-0.009748638284522174,-0.009651952412109505,0.001891642857790529,-0.0012294228108399349,0.0004494749742389391
2008-06-13,0.005772906199096202,0.007642508586024008,0.0032548804955646157,0.003866594095560865,0.004867052476672497,0.005412827021270779,0.006198946102659832,0.006392559142795628,0.007652043735305344
2008-06-16,0.0038107329736418046,0.00491918087189486,0.003962999809395983,0.004033604988286537,0.004303086457224457,0.005078819210177591,0.00032929691306942484,0.00038828766994255956,0.0034654718593340756
2008-06-17,-0.0014319511359840381,0.0008313450590840131,0.001490608405414327,0.0037408311419085735,0.001126442863238318,0.00030046563013794224,-0.0023357033228766128,-0.0015115863099297846,-0.0020098760896763916
2008-06-18,-0.003167724205405833,-0.002167124348034524,0.0005231892867160103,0.0028090595296271855,0.000807427611518808,0.000648137055563587,-0.004723672453457189,-0.0035242344965418296,-0.00407778924176781
2008-06-19,0.0024150378821416164,-0.0005728248642510187,0.0005024036151718099,-0.0025372758434816355,-0.0017178695608623432,-0.0008820473932938746,0.0006549300654283437,-0.0015163071870328418,0.006019431041571787
2008-06-20,-0.009317348811452006,-0.008546177218159801,-0.007264423751248181,-0.00042921418905222865,-0.002500379490592592,-0.0031120477733646255,-0.007866283814295391,-0.007552352291180333,-0.010380058469933853
2008-06-23,-0.004150425345902709,-0.006105157312763821,-0.004297731085072458,-0.005866531159271723,-0.0064812023538528595,-0.007762738539055676,-0.0004389598941822565,-0.000743325044888139,-0.002916384119309625
2008-06-24,-0.0008114368736416304,0.001729974763419295,-0.0003438786402119483,0.0032426814872620205,0.0035962707893360604,0.003585230783882255,-0.000917305648466781,0.0009605566412192457,-0.0018820693077785352
2008-06-25,0.0060476641994635216,0.007550690469685995,0.005508955611989046,0.0037264898287364774,0.004758268398939445,0.005164326232733472,0.002315287884765277,0.002648795993983905,0.006157699142117266
2008-06-26,-0.01015041107241043,-0.008730849174120018,-0.0017192474343083425,0.006634273976931862,-9.469173845679177e-05,-8.037285073085905e-05,-0.013089255998114972,-0.013281770119562216,-0.015306999454986262
2008-06-27,-0.0011551829611616672,-0.0005876884486653577,0.0040870444618894605,0.0035181475138017183,0.0013637557386004015,0.0013773934974101306,-0.0025655538485871493,-0.0010983635712895734,4.161150669500315e-05
2008-06-30,0.0033549295665259594,0.004793934276991441,0.0011461150046202463,0.0016871823726114427,0.00275928265088093,0.002752786098898295,0.001715041921850327,0.002254521701445923,-0.003849923897342904
2008-07-01,-0.000713754493700219,-0.0012869815133157245,-0.0014002311540339365,-0.00012642666346223533,-0.0005658806358982483,-8.240853324019126e-05,0.0015258755675066928,0.0006628128660828173,0.005262355783064885
2008-07-02,-0.007669531584054692,-0.00886761592316134,-0.00512711171695768,-0.0024319886204554894,-0.0037568728170479277,-0.003965941043725073,-0.008129229727627614,-0.008668904801685095,-0.008872771696680248
2008-07-03,-0.0009260364520544364,0.0008632963507678311,-0.00250626896670053,-2.1798216836262565e-05,0.0003540990250720725,-0.00038647986252381063,0.0005245066677137601,0.0007153401784520958,-0.0006086500090247191
2008-07-07,-0.00561485861531541,-0.0039999373589533205,-0.004949486403075687,-0.0016142786543683618,-0.002287940833290092,-0.0033148252643252496,-0.006165679275005886,-0.005000062785645021,0.002537697922712745
2008-07-08,0.013793042112595936,0.013615721969734908,0.0031804119128597975,0.0006372462937096656,0.010700599805736587,0.01259840430616982,0.010546421187720851,0.013116818388677471,0.010127907230909167
2008-07-09,-0.013180323760655312,-0.009839918340171928,-0.004830726898255281,0.0018431672434842145,-0.005867838956364243,-0.007791533577334542,-0.011456196698898878,-0.010926600335388814,-0.011343578333192154
2008-07-10,0.007522549301706793,0.0055892467213273555,0.01148416044766193,0.004896232828692203,0.004184569279117619,0.005483930717258403,0.002445554079696279,0.0028905182040055745,0.0050402944269350505
2008-07-11,-0.007070400168727043,-0.011671249360339872,0.000184781718814914,-0.0003667036778488383,-0.008238026802234717,-0.007606419673536285,-0.006881054920109914,-0.012144029806214979,-0.0067247634720339795
2008-07-14,-0.003790968105609542,-0.000373997145838859,0.001326951840934536,0.005345292494674914,0.001246619142286971,0.00035302686557007627,-0.005310065204913197,-0.0036516083859682775,-0.003085460086779336
2008-07-15,-0.005632987474385699,-0.0035270391340465708,-0.005404985942154176,0.0009677446309177878,-0.000170620978984876,-0.00048136124577450234,-0.008261856491934066,-0.007782316018084222,0.00012671793376004903
2008-07-16,0.013478450744249847,0.009526571977330521,0.004756400494197614,-0.002506702432856516,0.004232208643731683,0.00577094644220708,0.014363436250468424,0.012053535483297075,0.010462124547396014
2008-07-17,0.0063676208174319425,0.004134399889898283,0.0039024848911328033,-0.00245297354490084,0.00030109043149011074,0.0007258854259766826,0.005925738273132231,0.004537625150992871,0.00284777720348936
2008-07-18,-0.001038064896880815,-0.003186936011091636,-0.001349940788260231,-0.004228310096439671,-0.003542711888631992,-0.0033726433508891687,0.0037150196789992587,0.0026505919225538023,-0.009792289546773313
2008-07-21,0.004582687639548156,0.00498166399067436,0.006825953700383062,0.004454805321493309,0.004209942093311758,0.00469924836201704,0.00035355238323894213,0.0014015277456745359,0.0018293103639641338
2008-07-22,0.0014090084032798162,-0.0001972830647456697,-0.005574865295555752,-0.006362109512750607,-0.0013975195600023208,-0.0012431597334772709,0.0067643977258485715,0.006143614136140204,3.52544546779767e-05
2008-07-23,0.002568803750139648,0.0015779271202556893,-0.006411852345419396,-0.006740222327662766,-7.118873306699695e-05,-4.4615193208124134e-05,0.0032555220751735742,0.002964255880967578,0.005601547928815521
2008-07-24,-0.0159532133707032,-0.010466768558974583,-0.01049415976471085,0.0019118148051069075,-0.004538339689662012,-0.006567349666673895,-0.012386009437332734,-0.010378804117243201,-0.006341415678343876
2008-07-25,0.004315134699304447,0.0013127399169407818,0.003694596666687704,-0.0006537761638592808,-0.0005257968657319633,0.0002256578016100189,-0.00011373502139543971,-0.002819707181049257,0.005515240792810848
2008-07-28,-0.00853114978854135,-0.005525975616951914,-0.00613427906383794,0.0014361619083808716,-0.0008020675852187213,-0.0014706447083321222,-0.008666588205978565,-0.007377488650949562,-0.007941031557591979
2008-07-29,0.013974001330037499,0.011001707134274204,0.012231358461838341,0.002091770831543878,0.005661472838866622,0.006708122894042091,0.012611204845710726,0.013075812715816941,0.008745546712867683
2008-07-30,0.0024741511748646427,0.004282037037410006,-0.005070741867919703,-0.0035545293373535456,0.0016242772584760493,0.0011296026539038234,0.010618487790802163,0.012979085185087324,0.0021963588572653523
2008-07-31,-0.00574347887711852,-0.0019600383289894037,-0.005659826261691734,0.001981455154340359,0.0019125745044963195,0.0015020158559700726,-0.007891607933209647,-0.0054774287314117405,-0.0009916735027324338
2008-08-01,-0.004736272709189009,-0.0047223889710252325,-0.005154361720243333,-0.001812383144632702,-0.0023186545616137462,-0.002503715874920354,-0.0031189597735376737,-0.0033677791742406774,-0.0053974508213908996
2008-08-04,-0.008854780570401575,-0.008414610822409543,-0.012307008691876748,-0.00735608755931913,-0.006044763086516984,-0.006968796335620173,-0.005482299539326079,-0.00659833543798692,-0.004199644190932566
2008-08-05,0.012619472189611791,0.01275441846759895,0.0010932786460273736,-0.004367040244914411,0.005314452097656686,0.005921871164699555,0.01448819919941391,0.014274996474084256,0.014446403474266845
2008-08-06,0.003663911027782835,0.0038947047865573897,0.007677034378303745,0.0031908794008731214,0.002098073324141009,0.002176799863964118,0.002448687163927712,0.0028821059012360214,0.006666947971506984
2008-08-07,-0.009741922209999018,-0.0061142083534870655,-0.014132198998310348,-0.0008924190360712098,-0.0011571130703714571,-0.002407452428212361,-0.008099203399783036,-0.005498027791390204,-0.003350557857591749
2008-08-08,0.004634655146615163,0.004372558065057656,-0.00432592179281445,-0.0050097727654135745,0.0016362652767317918,0.0018841063282728555,0.010103831615494045,0.011218689745866409,0.009950632542438257
2008-08-11,-0.0004758160064881538,-0.00274649215397683,-0.013584889138579002,-0.010748107553729567,-0.004020067907359814,-0.004215418155438616,0.005695836878460831,0.004456428579061864,0.004060989721695504
2008-08-12,-0.005561560422475669,-0.002904157369985037,-0.0050940628636323235,0.0008354158941733234,-0.0002835542665872103,-0.001398949024740885,-0.005681274556632152,-0.003724567890267305,0.0005059798194254272
2008-08-13,-0.0033280497357388666,-0.004513265689308954,0.0007859760263495449,0.001996249224139486,-0.0028097021031870954,-0.0028154864893487758,-0.0032634141101042353,-0.004585788919136642,-0.0008900250325869488
2008-08-14,0.0015868121981745282,0.0023092729449708787,-0.004462856197768897,-0.0033038336007444155,0.0012475389149840008,0.0008035040729839063,0.004146388332684236,0.0058771903521152155,0.005163820090480147
2008-08-15,-0.0036107585899842485,-0.001996105945148504,-0.010666137335044814,-0.004224784240139229,-0.0009676396176888897,-0.0017777589820735362,0.002692751622970972,0.00449251389439936,-0.0007937872842309304
2008-08-18,-0.004567368004141285,-0.0037780649208549863,-0.0020936823351241926,0.002489706848160978,-0.0005905583320259857,-0.0006454478312420607,-0.007462524882325433,-0.0074640676728735785,-0.005153543589944474
2008-08-19,-0.005104455090009983,-0.005347293922335922,0.0018161715216258563,0.004091352844388628,-0.002538856733100502,-0.0026647538056223104,-0.005907255707579462,-0.007287760179606203,-0.005460087789234808
2008-08-20,0.003316179630344169,0.004894674236922944,0.005941976880273225,0.0035980399158111187,0.003678650481337989,0.003491002001842666,0.0025487402246577658,0.004027303227020218,0.0007873542337415133
2008-08-21,0.0009158966750332432,2.8837079926984853e-05,0.007050707507456685,0.003346072968231544,-0.00045459023189694815,-1.3237678807828925e-05,0.000967344977844715,0.00019063607422489614,-0.002022461886438374
2008-08-22,0.004667692614571738,0.0027802518673723823,-0.0028562601644708733,-0.005994274543959413,0.0001657423524578122,0.00078999478280213,0.007897865074268635,0.007693822721772647,0.005855698216646502
2008-08-25,-0.009753884791349109,-0.007701835528879428,-0.008799279828001362,0.0005646681869215438,-0.0027111625468074036,-0.0038661981151164623,-0.011065694002626188,-0.009865655673154368,-0.009291473075565741
2008-08-26,0.0019692793358008207,0.001599762457463262,0.0019431864564045448,0.0001263924382748575,0.0013374033752946018,0.0018044516960114357,0.0016094432499659402,0.0019140076118636603,-0.0005272413888801107
2008-08-27,0.006093166633277571,0.007189144154954348,0.007652694199718687,0.003134506304902278,0.004708278666462514,0.005025367820524465,0.005312194865981586,0.006541120878335693,0.0028636838561638886
2008-08-28,0.007553321016760115,0.007341600484461961,0.006574750194641871,0.0015927595960643533,0.004657160160233498,0.0057766553714077165,0.0066409448129773575,0.006850196778870333,0.003608558985340154
2008-08-29,-0.005403932521910753,-0.005993735097304496,-0.004401775126242267,-0.001421319093286882,-0.003526729037869357,-0.0039387053179154845,-0.005862310134395599,-0.007125885270881472,-0.009229942405959974
2008-09-02,-0.008811400265541017,-0.007188296830420685,-0.017691724159642805,-0.006288430558066485,-0.002763267797351523,-0.0037286640307470347,-0.003356584856685535,-0.0016207767672617877,-0.005347673805010078
2008-09-03,-0.0014356017764118902,-0.000815877011031946,-0.005481677534678049,-0.0015844077459245787,0.0010083211190619159,0.0012833006580279644,-0.00043660078625061294,0.0004709149614860753,-0.004046750145658567
2008-09-04,-0.018456102876882707,-0.019315029585659227,-0.019714410383944614,-0.00432158396394744,-0.009425188981031396,-0.010671439056895049,-0.015617768107860974,-0.01570678365151834,-0.013452966489394202
2008-09-05,0.000458139699393794,-0.0009215106738830456,0.004606107153427887,0.001196609518030233,-0.0007684671128221296,-0.0004422058405556658,0.0016402332916597376,0.0009323488151158128,-0.0019257902873052153
2008-09-08,0.008985264375778132,0.009371904877939425,0.004335505392758402,0.0017588534285880833,0.006056192483159155,0.007305481500865069,0.01061130415461068,0.011985282524307403,-0.0007101826020475052
2008-09-09,-0.01803478726620099,-0.01709643896878074,-0.02518139760620867,-0.0071058092136625705,-0.009710898527785594,-0.012112913391690785,-0.015323466488419457,-0.015518439573843567,-0.008592681811880129
2008-09-10,0.0005744236514581696,8.106278730825779e-05,-0.003207449234023312,-0.003024694946381142,-0.002152769601560705,-0.003108315922397849,0.002099897610258125,0.001314866638141536,0.0033508301564789487
2008-09-11,0.001036166958774052,0.0010826512996404778,-0.007342618406436583,-0.002949330671395979,-0.00036176074443212546,-0.0003859933457039526,0.007419569358379213,0.0076300642228825715,0.007583192301797284
2008-09-12,0.008653072698664646,0.008132037588117374,0.01850074001561346,0.0065215212074343125,0.004504318772670571,0.005666089119451806,0.002404918621223338,0.0007076898390641083,-0.0015566008357016713
2008-09-15,-0.020956880576360623,-0.012000661318172498,-0.017733145400853155,0.00870069325073551,0.0025276235358312484,0.000986101932970815,-0.024504893586332135,-0.020167381642176078,-0.012632648858618119
2008-09-16,0.003457221586431193,0.0007068176493054346,-0.0010789067521599469,-0.0017943576698838644,8.461862978737112e-05,0.001243953283139055,0.00843858477359912,0.00831118531053778,0.0031531139628856084
2008-09-17,-0.010923142714781365,-0.005248942791757051,0.008985081326396133,0.018037436007873324,0.0071553727656375726,0.009000247267532272,-0.02281075232210446,-0.02202397450272278,-0.02082322544777887
2008-09-18,0.018841718024100753,0.013209657975446442,0.01239221740171982,-0.0024477508927478737,0.0028520498806607147,0.004378612422416477,0.014716548447597405,0.011637062951267551,0.013152309441810348
2008-09-19,0.029646603398097382,0.022123408773088996,0.047970678545048766,0.004170198817292416,0.006048474566916955,0.009036790124709766,0.02000108082785216,0.015263794503822214,0.012989622866848507
2008-09-22,-0.019264306450211696,-0.019784823901986038,-0.00971462359705029,-0.001209471895620928,-0.011117012396407777,-0.012225834714894412,-0.011586280127615893,-0.013991075384069683,-0.019009068324481335
2008-09-23,-0.008036870416841528,-0.008791578063484753,-0.012164359646008168,-0.001798988904419936,-0.003929343650477125,-0.00419391728292255,-0.011522280131273712,-0.013101406675435514,-0.0029593713920610756
2008-09-24,-9.792015597432198e-05,0.0025748648654216394,-0.002185591500731854,0.0009259567805241428,0.0016829174839161434,0.0006066858357497731,0.0016166787416380755,0.002872763419473029,0.00271013610030685
2008-09-25,0.010090320618912539,0.00820114330005982,0.013837674404337297,-0.0002848080036818465,0.002144453297076322,0.0025512049950683993,0.007868265428367695,0.007699309420502488,0.006264937955944667
2008-09-26,-0.0028994265998591724,-0.0033958458077798597,-0.008789259956956792,-9.940960671123943e-05,-8.242643914118807e-05,0.0008630276709235202,0.0002685592612860725,1.703434656286153e-05,-0.003990577248424521
2008-09-29,-0.04127570246589232,-0.03850727609195943,-0.031146841988183134,0.005094632580807465,-0.011977550910823058,-0.013477245222544537,-0.039644157915297344,-0.03950182831073666,-0.031236826356211653
2008-09-30,0.01881846037945341,0.013169040424782072,0.008155648155700409,-0.007908117388245001,-0.0002558912311207171,0.00013439895667312368,0.02012340497027785,0.01727861221554735,0.010811443514179724
2008-10-01,3.291194858520365e-05,0.004728124419195,0.004676662786800606,0.006392337316528511,0.00549818102607658,0.004922254498172058,0.0003161850868901789,0.003225777416756753,-0.003993807530633843
2008-10-02,-0.027776568835407724,-0.026275224554462406,-0.037190111678060675,-0.010861177441386297,-0.01524756318077896,-0.019004644013713684,-0.017979904692806244,-0.018142035222666057,-0.017189598232738686
2008-10-03,-0.004690898256294984,-0.0036992201612547904,-0.003384696213898697,0.0019481092351329998,-0.0014008208926951093,-0.0029239941227603428,-0.004233337121233749,-0.004225287086584206,-0.00466505769151504
2008-10-06,-0.012399588461587877,-0.01357814061365398,-0.006574516894241789,0.0017868174842181899,-0.006902163863697126,-0.007227264129726438,-0.015165740715003156,-0.015757890111505996,-0.010708120165494694
2008-10-07,-0.013457585440012392,-0.01671651606657328,-0.004327581391045046,-0.0024321583665887574,-0.014086198766609317,-0.015234182628835472,-0.012840498823393423,-0.0151567851048492,-0.018124065046203824
2008-10-08,-0.003291821054784431,-0.009483185873833698,0.003211106960805108,-0.0058029476928518585,-0.012124556661429128,-0.010970455201852318,-0.006982460321110188,-0.011289441950447556,-0.002154927544633318
2008-10-09,-0.014917790720861402,-0.0204953843600103,-0.009480092115103927,-0.003919811224928976,-0.020077541746026977,-0.02195349756939652,-0.01903729775434166,-0.02478811568223093,-0.007274334753120107
2008-10-10,-0.0033985463342706404,-0.006920544968687246,-0.014591020204260225,-0.001350299498317475,-0.008112896713323898,-0.008933863076977619,-0.0062676823210281295,-0.010304118467598194,-0.001681246976278144
2008-10-13,0.030509655591503548,0.036073847558553404,0.02434264732179963,-0.000917477024944841,0.02326731258041763,0.02489163532692145,0.03689068680158939,0.04199630031126651,0.03222761368913759
2008-10-14,-0.00968731386396438,-0.012343342759452876,-0.007356567382311457,-0.004198336427349139,-0.01316052998541536,-0.015111676309077888,-0.004142504274014346,-0.005999050244527079,-0.01244345062663807
2008-10-15,-0.02724058260089033,-0.03138473615001476,-0.019346114776887875,-0.0031598343407598507,-0.02373825130238625,-0.02729665254531889,-0.02731812068029795,-0.03032640881952483,-0.024964467705983574
2008-10-16,0.008726131723236961,0.011216882960874846,-0.0030282628034995567,-0.002709279623631557,0.006827572277311606,0.006232365217486465,0.010730172782937997,0.012758341968041095,0.014137283269141154
2008-10-17,-0.0037217007564858164,-0.0030697617988702038,-0.007869091861613681,-0.002671302382750755,-0.0024201557601173907,-0.004010876539513161,-0.0015594150835678794,-0.00033066668034425714,0.00035961614471463686
2008-10-20,0.011243597389067364,0.01480413283209018,0.011694848095118034,0.0023480363762849355,0.011916587022452194,0.012924669900947355,0.01589451832296545,0.018995669962546986,0.007583657561387017
2008-10-21,-0.013362000490286272,-0.014257066591285696,-0.01464698927196014,-0.003092260871961895,-0.009977012712785201,-0.012600016307764892,-0.008191915136955968,-0.007126440361068568,-0.014285184500708363
2008-10-22,-0.017432306391089142,-0.020079611695487963,-0.021661438903199343,-0.008453572809386174,-0.018294332595931984,-0.022929484869341023,-0.014640757547312856,-0.015366002617109095,-0.0073161466911541755
2008-10-23,0.0005228356232813801,0.0005525821286470415,0.0008449656137145848,-0.002893290217204186,-0.001677500029581248,-0.0029562825454375456,0.0030235356399619818,0.003875933670978023,-0.0009919565439815057
2008-10-24,-0.011841282194110406,-0.015226882236530608,-0.008693892752627313,-0.001060237840564093,-0.012533147265431732,-0.013240404202135313,-0.013197293948466015,-0.016586230655725925,-0.00831867855889987
2008-10-27,-0.009020574001367559,-0.013978708798918764,-0.0028333051138588502,-0.007365727784680412,-0.014575042854064631,-0.016026317756476022,-0.008879827783440342,-0.010631398831713563,-0.00701599586691938
2008-10-28,0.03006092423582846,0.03872323773899843,0.02394490917068926,0.013844888575599628,0.03411101656062163,0.03928944955465877,0.02854643345318892,0.03166888235831984,0.027433843145354516
2008-10-29,-0.0017254241386580468,-0.0009983206081152392,-0.003116125058103568,-0.000813664310042833,-0.0011416968903987547,-0.0020072413102359904,-0.0019042258642808741,-0.0018942315675050442,-0.0006552655915000055
2008-10-30,0.010791296702162086,0.012118971278125928,0.011788717117491318,0.005082351581223244,0.008611945381137633,0.009412495130788815,0.0091318726597083,0.008868038924301925,0.008938720515746873
2008-10-31,0.0012692772599965621,0.0013329697733116845,-0.004442564449467027,0.0013016553101424608,0.002173566432475577,0.003118068907246501,0.0015008500735429892,0.001266550471160512,0.0004306485593901975
2008-11-03,-0.0013662167041111895,-0.0009853481542840825,-0.0010737799027320527,0.002747758921932464,-0.0010605707433404277,-0.0019362393252764232,0.0003684027894506059,0.00040013492052826116,-0.00045885408837953445
2008-11-04,0.010813980140128314,0.013096693885406898,0.018799144731963566,0.007049692294915818,0.01751466182309358,0.01786118231790879,0.005474116442205569,0.007096875360766957,0.00503927721370715
2008-11-05,-0.0122415554949741,-0.012098241721956941,-0.015634324558198815,-0.005270424613232434,-0.013542410338834158,-0.014684072988419554,-0.006928582506462362,-0.006675832392910092,-0.009446404900884536
2008-11-06,-0.008130247632825981,-0.009569051367943964,-0.00549972683992895,-0.0020769628243868187,-0.010416418761709055,-0.01006499314095917,-0.008818271609686427,-0.009600247104305893,-0.007748470574214999
2008-11-07,0.007192699880227541,0.006775506512695693,0.005779952208783544,0.00021485094875547532,0.006353349011269124,0.0067386916744638726,0.005024006472763781,0.004859402743580157,0.003455163057695336
2008-11-10,-0.0029465337633234174,-0.00202761590040685,0.0032838560138535615,0.007102224375190592,-0.002003107637426091,-0.002995766109188298,-0.0020356147129438496,-0.0020238677725839503,-0.002279187989713413
2008-11-11,-0.004575401774690528,-0.004494172572892531,-0.007547033403355571,-0.0027779091084032164,-0.004306894159785486,-0.0045606301867819965,-0.004755715539279336,-0.004570677047302971,-0.0036498951954952947
2008-11-12,-0.008664188344207124,-0.008625797217560089,-0.008924335192742302,-0.0019618881577308472,-0.008925133975074013,-0.009737679835955287,-0.006606955630154336,-0.006225817574922097,-0.007613822034186256
2008-11-13,0.011739381817295667,0.01132059803586093,0.012987999985893428,0.002477547100470985,0.011464193611346143,0.012536788090666868,0.00902404336426232,0.008622699965130438,0.009674192456105646
2008-11-14,-0.008840326262938772,-0.008588629840507706,-0.0031142536333267825,-0.0039125742031879815,-0.008433868978565311,-0.008804091656907213,-0.007594676175338397,-0.006837806718887329,-0.008092126960284543
2008-11-17,-0.002607895878186167,-0.0019453691257882003,-0.001898883255862894,0.002125424080060264,-0.0013815812365426062,-0.002029264948380709,-0.0019314773237285828,-0.0015327529576848271,-0.003360572985908732
2008-11-18,0.000609383937174937,0.0020746985398049237,-2.4802588168865582e-05,0.0012746884981446284,0.0033320189762208606,0.0026598570088527335,0.0027190179177817055,0.0037635147289514013,-0.0001619894523265328
2008-11-19,-0.00930816951224986,-0.008724247920616159,-0.0045305586834873245,-0.0009751171803550044,-0.008383423090342103,-0.009370281286994388,-0.009381605291132035,-0.008556747703707842,-0.008189639715872188
2008-11-20,-0.0064224774856953765,-0.0045819750337920415,0.0016753372227283371,0.001910852485130828,-0.000531517234108284,-0.0010793191505722973,-0.010269756398201567,-0.008327513374923014,-0.0072540937871562105
2008-11-21,0.00907332647279922,0.008565960744717663,0.0187068409949801,0.005991504253550936,0.009678878220213828,0.011443321603866486,0.006981768124984399,0.006158392329076442,0.006240691235822351
2008-11-24,0.010327244037859158,0.009907971548371225,0.006847275629911626,-0.0007575657934240023,0.010338767939822023,0.01194591811906448,0.009390011037510068,0.008675431012113741,0.009110784090279007
2008-11-25,0.0009061355160400469,0.0031259058344409994,0.0014584374153512765,0.0007169805190863571,0.006301834069630794,0.005607800665758322,0.0010666016839357621,0.0031719983942990744,-0.0007164031553234378
2008-11-26,0.005174211093519434,0.0072229125172999275,0.00496747038849415,0.008397631215575636,0.009786196829791689,0.009028166287429768,0.005581429361279542,0.006567441930484571,0.006539214976692959
2008-11-28,-0.0006290181471906469,-7.723859619175464e-05,-0.0011688785328700187,0.00019515087190814353,0.00016075492132333852,-0.00012064997249633551,0.001877949725665358,0.0022038395920385197,-0.0012656359434059428
2008-12-01,-0.014727743087172812,-0.014684177698639462,-0.014526756493682964,-0.004651279697369802,-0.016979233613891514,-0.019470490686496707,-0.013349999180594195,-0.012279412354568184,-0.012067330743534116
2008-12-02,0.007706919604321678,0.008922418294337108,0.007777062141788781,0.0031548289885004145,0.01190927224254786,0.012478030463048179,0.005360953521417337,0.006237505353351624,0.005022758291756054
2008-12-03,0.0020119112179977083,0.002493318841611636,-0.0016732902628400215,0.0012575663376466206,0.0032056423334094752,0.0031815443975269364,0.0031883304588808947,0.0034833114426333633,0.004250066493350468
2008-12-04,-0.003351000658446402,-0.003197625648852966,-0.00045486793648905196,-0.0013504023202581643,-0.002673017909091272,-0.0027617074678201715,-0.0031410178701975966,-0.002730573317812009,-0.004342612023127102
2008-12-05,0.004682857975958119,0.0035848264921083165,-0.00444385614388167,-0.0013045002135311803,0.0029719274635351617,0.003487752629774195,0.004104062632269018,0.00333314661878747,0.006086238653651946
2008-12-08,0.0066388455509460735,0.006506007651804718,0.0032349222783679705,0.000570083575377513,0.00722167775015933,0.007716205283871463,0.004771116846425746,0.0046862047027978245,0.006103279739003165
2008-12-09,-0.002589135492285141,-0.000892340145934435,0.002168434897184819,0.0055726575715508465,-0.0005999701837366724,-0.0015961235581731634,-0.002318580965868972,-0.0016634932350813834,-0.0003714781738707821
2008-12-10,0.004696975387091054,0.0043283286855100135,0.007938023274742913,0.0020243483968081922,0.006363614158786448,0.007261228944316452,0.0009454746948897249,0.0009102105671281112,-0.0005322383251801544
2008-12-11,-0.004477343895941101,-0.003150654688793069,0.003479172553801511,0.004191961303905827,-0.004064960279617956,-0.005114286316596136,-0.0033599906833506545,-0.00298286520786774,-0.0043662762830230335
2008-12-12,0.003238059877166795,0.0036219760291821734,0.0009403099832201949,0.001551192776471888,0.005801741883244487,0.00619350641870191,0.0016320730178971486,0.0019835729226898545,0.003156213051996884
2008-12-15,-0.0007456456219281746,-0.00020870647374313217,0.004722440217430622,0.0020632698676298364,0.00031675451084346154,0.00024913292308464523,-0.0019224500153899862,-0.001823300026056298,-0.002771435717869799
2008-12-16,0.009299022216503094,0.01145279955708289,0.007372397181816945,0.00553179178902174,0.01507876192853839,0.014858284163429748,0.006420315186759009,0.00826516758084898,0.007486512280810278
2008-12-17,-0.0009256296950286093,-0.0012009899788798634,0.003351417179699562,-0.003807501236612318,-0.00013496277928096566,0.00032724569328705937,-0.0013728078569592227,-0.0007989756721200974,-0.001961867796337484
2008-12-18,-0.004791706653157918,-0.004469860636976027,-0.002350200058759701,-0.0008974563327336179,-0.0054118495064498714,-0.006089354607959299,-0.0026288087377906787,-0.0021182131949121935,-0.002818205734684516
2008-12-19,0.0005390540576686801,-0.00043057317391510775,-0.0036168307169233927,-0.0025996881993747487,-2.19961190462394e-05,0.0005541395073519973,-0.0005948751455728858,-0.0009444475696743607,0.0012983133688392841
2008-12-22,-0.002371396085150703,-0.0030984396953685346,0.0012920084167780945,-0.004512289749900299,-0.004200726245781091,-0.003933969420521511,-0.001767013223472051,-0.002109746574341707,-0.0034660853474506193
2008-12-23,-0.0010537694377872112,-0.001226909916497965,-0.0020250676619030096,-0.0004936959351883704,-0.0014642128959411178,-0.001512792136789199,-0.0014094193682359776,-0.0015311623448843066,-0.0008021477015287324
2008-12-24,0.000884373251797607,0.0009933227256980072,0.0017885309167157647,0.0012067286915094597,0.0014156628294220057,0.0015504460597065123,0.0007844487401196101,0.0007281409739855624,0.0004285168688108036
2008-12-26,0.0015841193441943125,0.00272360778586762,0.006144183984022207,0.003671278005953241,0.004610692484952679,0.004629413421049756,0.0007849364187597207,0.001340021101760933,-5.249704799876273e-05
2008-12-29,-0.001683490883104484,-0.0007538223590310085,0.0023663447410143985,0.004577676911151936,-0.0005741989017748022,-0.0010540719923898341,-0.0003895584055490397,-0.00019689126784541326,-0.0012829635587789728
2008-12-30,0.0034050476697352326,0.004089517486457341,-0.0006992132777269005,0.002433924072702065,0.004628676318778979,0.004382383448332905,0.003231804558776758,0.0035332184282283138,0.0032198211539264747
2008-12-31,0.0024854919976329084,0.001593987843033172,-0.0006628516469591911,-0.0003149580021575752,0.0012923160158913604,0.0019082292036511233,0.0019875460313717626,0.0010215054432496401,0.0013395703309993707
2009-01-02,0.0016595461226580417,-0.0006109269842677925,-0.0038106793215291366,-0.008689258409362164,-0.00525751116953664,-0.005016723263812795,0.004243229129453307,0.0030973842773873894,0.0068866470949498024
2009-01-05,-0.00042733293818197904,-0.00011576448179484444,-0.0028883349700578043,0.0023507482665423574,-0.0005222086626163192,-0.0009529958448428744,-0.00016511315740685983,-0.00034693960650200584,-5.310199993380227e-05
2009-01-06,0.0024692090835465213,0.0025692177259517006,0.0023044135784158386,0.0022232891715370695,0.003309660353193236,0.003447511250128058,0.0009370310976673199,0.0009133806427191111,0.001577441855695496
2009-01-07,-0.004218142307092948,-0.004820809076401053,-0.007418135655365736,-0.005695431518573207,-0.005639826174006346,-0.005662323245155609,-0.00420255826962909,-0.004348844213359773,-0.004504592075223034
2009-01-08,0.0010524072241442583,0.001731848510927847,0.003319706821794831,0.0018398712789247209,0.002305691411945512,0.0022622913212400507,0.0005612350457857602,0.0008430653419213476,0.0016313724769346982
2009-01-09,-0.00352706302599808,-0.003231798065727628,-0.0013441722516492908,0.0004144218165482237,-0.002894846945651112,-0.003076558370444634,-0.0029377087960689016,-0.0026034464392119205,-0.003502925131506521
2009-01-12,-0.0040935193322328,-0.0038989539206422353,-0.0068700503820141425,-0.0031230423086751283,-0.0044955898324477465,-0.00500455997525613,-0.0032319862593960472,-0.0027469207988031676,-0.002799896042098136
2009-01-13,-8.861573582360004e-05,-0.00018316612364735314,0.0004814980357934183,0.0004607782701987241,0.0005203016867479333,0.0007213835613857166,0.00024653651950300095,0.00032581634972932654,5.489542107475065e-05
2009-01-14,-0.00472007612120568,-0.004327961180418482,-0.0034248246320086376,-6.573787437956846e-05,-0.00361627917862561,-0.003784214668798889,-0.00415164088190035,-0.0037588120008409135,-0.004596737640696393
2009-01-15,0.0012147229988717812,0.0008461500413369315,0.001476261186825187,-0.0011397970666658227,0.0009047506656010357,0.0011620246232733103,4.9468124516094546e-05,-2.9916858229774546e-05,0.002417474854825076
2009-01-16,0.0016553978754485154,0.001265152056130007,0.003295377595688581,0.0019870103978921953,0.0015959047934782345,0.002138468676118449,0.0010092933888970386,0.00012905247780001716,0.001643436240552641
2009-01-20,-0.00747315652478172,-0.007721195161589976,-0.0004331560926390232,-0.0008027998312754047,-0.007378402713825742,-0.007016235764824847,-0.0068267098462399265,-0.007244407197098149,-0.00746316098919046
2009-01-21,0.00530365779217476,0.004349583296664638,0.0002511180907609935,-0.0021586510835944913,0.0032384533411286462,0.003532750974643849,0.005334785908589282,0.0046601972200636995,0.0061360644938428825
2009-01-22,-0.003130917031871587,-0.003526185269997365,-0.0017603217436274509,-0.000839004395162957,-0.004167262448685883,-0.003994369177525215,-0.001977379895466912,-0.00270425334544694,-0.001994127592648654
2009-01-23,0.0015547398221926701,0.001779858640051796,0.007827568758801652,0.003131927435679933,0.0033559573949423606,0.003912680716226059,0.0005533486068007553,0.0005955445746985527,0.0007221929241737253
2009-01-26,0.0012890202311889878,0.0009282904057805589,0.0008704149861997647,-0.0018876400276677976,-8.420992885292395e-06,2.5034019932649187e-05,0.0008747021675199967,0.0006663201341246977,0.001081707781094776
2009-01-27,0.0014415921227443514,0.0023314080940272136,0.0008175217663523718,0.0028027092636414147,0.003068978265122335,0.0026740957136244686,0.0013003618726068512,0.001990964947804179,0.00108009968966019
2009-01-28,0.004509020659740625,0.003981629105750496,-0.00040579365025239533,-0.00024016909845639287,0.0033340541694717174,0.0034190042891744346,0.004361271332752874,0.003909334026977681,0.005277225693348551
2009-01-29,-0.004740028025464124,-0.006298969128140869,-0.0007420379093743028,-0.005250169520972317,-0.00797146511118349,-0.007253924052614623,-0.004297559983683294,-0.005732417205628258,-0.003911919913739454
2009-01-30,-0.0011989551732834562,-0.0009908760500457827,0.0028987786110549244,0.0021143575113179752,-0.0005922775772330533,-0.0005028501247716438,-0.002610483014216653,-0.0027625782395245815,-0.0026493279267888583
2009-02-02,-0.00066233157311028,-6.718279118151108e-05,-0.003668141399245058,0.0001690940750413494,0.0006879629500675917,0.0003210281392419011,-0.0003722981597380566,0.0003904493888984519,0.0018025701178957193
2009-02-03,0.0019669095841405313,0.0012374899218416,-0.0006655944839014369,-0.0021013572327176007,-0.0007567730618426192,-0.00081005561429236,0.0017825480030250565,0.0010202105201698927,0.002363503112858069
2009-02-04,-0.001003255514764434,-0.0023238066794123435,0.0001751224339441304,-0.002824679650722861,-0.003658600574388493,-0.003211782218232706,-0.0010041224472606691,-0.001809524263254536,0.00023277014099520876
2009-02-05,0.0023876033823778133,0.0034114646059791314,0.004000954311238019,0.001597482118843741,0.0029904065065541477,0.0025413479121978648,0.002878551338177071,0.003377634294014546,0.004633419445822399
2009-02-06,0.0051696367231165935,0.004432842331098768,-0.003752104388465116,-0.0001689059932496247,0.0033711118522651144,0.0034691069442118316,0.005569569518726029,0.005088699545883033,0.005588166242823171
2009-02-09,0.00047161544787499397,3.0656734492297725e-05,-0.0050561573262938985,-0.0017331018275847888,-0.0007177122511197523,-0.0007319144658818957,0.00028537323247794733,2.661702901884395e-05,0.0009115037592639
2009-02-10,-0.007868600787061114,-0.005929304166437932,0.01098458352947563,0.0038139933386034126,-0.0026074123484885886,-0.002767189385519988,-0.009142700916187749,-0.007919969264114963,-0.008028185693204298
2009-02-11,0.0023604622371555225,0.0032042189407695274,0.009463703868546888,0.0016827682716925555,0.004773056096609306,0.004744657868779927,0.0011439974749704509,0.0022740537129390496,-0.0009686007540931944
2009-02-12,-0.00018857915788391482,0.0005856347396222042,0.0030812836114436897,0.0026340784449374833,0.0010101667592637966,0.0008904061908218858,0.00014809344969472603,0.0001113389843617804,0.0025960835082657605
2009-02-13,-0.002504640652343571,-0.004206303690011985,-0.0047718551428005945,-0.003946848779243194,-0.00684021288735383,-0.006599310003622875,-0.002071515576837802,-0.0032877009482052528,-0.0009673250109858
2009-02-17,-0.006630421620973065,-0.004060958376033621,0.01536536100649241,0.005115489886585854,0.0006411709843856547,0.0005482642855177495,-0.008191391566690149,-0.006388073062704235,-0.008436627185727432
2009-02-18,0.00016267305676290436,-0.0011805360014131014,0.002454376115841201,-0.0024324421772630024,-0.0018751729255098155,-0.001140534885337516,-0.00043384446683313976,-0.0014879625759065351,0.00015054426856333651
2009-02-19,-0.0022969538036712598,-0.0032691138217715897,-0.005532483233630408,-0.001729528739880594,-0.0048034097646114295,-0.004739328757582094,-0.0019767077499213727,-0.002877654646768554,-0.003158076737481034
2009-02-20,0.0004424677930834219,0.001069366587022189,0.007816288906924151,0.002244350894439142,0.003703945289618325,0.00417990125238628,-0.0017710621922270788,-0.001486038269273553,0.000573502047278186
2009-02-23,-0.005307151252067981,-0.005800033527569284,3.303727661830191e-05,-0.000932214886732441,-0.005739268986549879,-0.0055869531555269684,-0.006488227719905698,-0.00675963118505655,-0.007118718025995612
2009-02-24,0.0050849894563072505,0.004322301883363999,-0.011256022834361756,-0.002082892192331472,0.0023871540830791137,0.002072442972608117,0.006692306445287599,0.006571810171267491,0.006549421898843837
2009-02-25,-0.0028354076623964466,-0.00497597616348329,-0.008346691152091192,-0.005175889694460896,-0.007151277288973502,-0.00662949907178996,-0.001420805062477554,-0.002779298359742105,-0.0013323371213593957
2009-02-26,-0.0026778591058423274,-0.0030148626054078364,-0.0009991680234125153,0.0005838157092496669,-0.0034317037666812033,-0.0034059613729747365,-0.0029272574113776346,-0.0034707360222459914,-0.005648217841782544
2009-02-27,-0.0018893878440336053,-0.0020547212299574648,-0.0016307182350817717,0.0004098551744098053,-0.0018283398284312156,-0.0017624105367555372,-0.003972563069403209,-0.004348883536055007,-0.0018406451621839133
2009-03-02,-0.007053343079172537,-0.005935084437774124,-0.002454148210058242,0.00164255298133258,-0.0037652750843885432,-0.0041133323388110295,-0.007866325314771746,-0.006977215488570861,-0.0063317046081130856
2009-03-03,-0.0003265327021937336,-0.0011392709115018661,-0.0035591585365143705,-0.0019204088824238891,-0.0018429250576864626,-0.0017384645251931781,-0.0012545413352862455,-0.0015172313110452037,-0.0001348040072956796
2009-03-04,0.003921989822939793,0.0031003373450481635,-0.005321307707212218,-0.0011667251326666918,0.0007709393032140666,0.0005401829291302877,0.003970640359427814,0.003499983545819912,0.005099527564465002
2009-03-05,-0.0042291265380162086,-0.0025937653393867635,0.014126461342128126,0.0032186850874346812,0.0007634734972062204,0.0008518313920931816,-0.006958998536135159,-0.005758902114987804,-0.0058437155239383694
2009-03-06,-0.00027001356403344445,-0.001653277431455602,-0.0005698566894993817,-0.0007963017446139808,-0.0029557207193423585,-0.0026862837021790487,0.00037691812864038,-0.0005796810283937859,-0.0023158734814673343
2009-03-09,-0.0034107213920857435,-0.0049903060209929,-0.005726708037881681,-0.003584580115901438,-0.004493648768267387,-0.004068723100927836,-0.0032547708791555,-0.003360945076494236,-0.005955143487523942
2009-03-10,0.014952671575170672,0.013850147864471743,-0.01043852524241623,-0.0009564182083046013,0.010528209338674585,0.010375234844055921,0.01640810361066231,0.015921454745371107,0.017035442966511542
2009-03-11,0.001100852688991543,0.0030943201508512445,0.005912323925047982,0.0016409669816969555,0.0039147321158597564,0.003438723555773651,0.0018745960633992972,0.0033414494796009356,0.004429351082105108
2009-03-12,0.010584783034627445,0.012090883551666314,0.007243631100999108,0.003004907143731597,0.013021611349514238,0.013134830164781725,0.011352184289852595,0.01253506298467839,0.009651514502607485
2009-03-13,0.00022307555533115285,0.0009879799056153004,0.0005697125577443984,0.0018397438563028592,0.0004497588221213892,7.68961345873151e-05,0.002319843298886587,0.002305496797021339,0.0007323570035589876
2009-03-16,-0.0035622156193347355,-0.004770350485415892,-0.0036049731946578454,-0.0028791570090184594,-0.008247586303955957,-0.008618079258674829,-0.0008934270292170105,-0.002022118222759498,-0.004973794966767848
2009-03-17,0.007536590302256296,0.007504046296385549,-0.00315671702010744,-0.00044976090828277934,0.006689379628788667,0.0067446313960465585,0.009094189338095169,0.009243106451363189,0.01116462187058298
2009-03-18,0.008603752652390625,0.016413338473081737,0.021272277036332554,0.010021427578156722,0.024018856494026457,0.022601886391728634,0.00679871436731122,0.013555413945362187,0.0038217130661951037
2009-03-19,-0.0032901678616319655,-0.003885448555482119,0.002908082566085036,-0.0015940239128718532,-0.005534387379712256,-0.0054890002214709206,-0.003811277488284107,-0.004644790514660139,-0.00020005909989620165
2009-03-20,-0.00616966838664004,-0.0054625418879434345,-0.0023059521395918364,0.001285324031375784,-0.006357435845458866,-0.007134055403335923,-0.006499754813869188,-0.006826071754275258,-0.004635901212762625
2009-03-23,0.01925145043001195,0.018766283960450915,-0.006126002538537552,-0.0001235730811979844,0.01598200192965962,0.015817202039018298,0.021624171097106928,0.022055727481709177,0.017791993952216034
2009-03-24,-0.009368689510066452,-0.01059324129877987,-0.004374063911340694,-0.004278973308247834,-0.011889044407349714,-0.01194775657487752,-0.006215694607514034,-0.006797840638459487,-0.005785391988303089
2009-03-25,0.003119460309016754,0.0024471675909364947,0.0015170574877652636,0.0006815055248872675,0.001546482809177611,0.001904145215242649,0.0032898910592771575,0.0023246157895301955,0.0014358755754230108
2009-03-26,0.004782968777071931,0.006359532245374811,0.0008367801009437912,0.0032289726380672137,0.006490797427908162,0.005970159559251219,0.006397963186413341,0.007211019905205483,0.009596162265033771
2009-03-27,-0.00803426358027687,-0.008480565556155837,-0.004219299439981476,-0.0009333542719424068,-0.00802338179104077,-0.008037466527032926,-0.005736999767644947,-0.006144105274058881,-0.005959461763615337
2009-03-30,-0.009290265981580536,-0.008728777310311147,-0.0008915919478756472,-0.00028928542840069525,-0.006945449599787696,-0.007078587108862905,-0.01085034005371565,-0.010609595435038924,-0.007722825752394565
2009-03-31,0.006798331063207576,0.007830372999016894,0.0017652651511943075,0.0034972634797862997,0.009028149938769124,0.008975977327311084,0.002846818995839379,0.0033227967247112648,0.002669942363365964
2009-04-01,0.004728254414452916,0.005645580265493446,0.0032172570008949766,0.0010115900798452408,0.004529115530571292,0.004049440562347373,0.005981862686071183,0.006743008621890844,0.004604979547289719
2009-04-02,0.010220765649198275,0.008377799628709395,-0.009652802154032261,-0.0031679476914193466,0.004633236267719086,0.004510909083689757,0.009148165246476518,0.008371545516093405,0.01007726412416298
2009-04-03,0.005152021188512807,0.0017776519328916987,-0.00795768995827131,-0.004817439843610484,-9.092681632611622e-05,0.001041686723119997,0.003178377236326306,0.0012114305391064811,0.00594780281658337
2009-04-06,-0.0033866013618152335,-0.00389661311629963,-0.009247931788000208,-0.00034289599819092853,-0.004451556786521871,-0.0047856811254434195,-0.001976997417549531,-0.002455821281835746,-0.0006990657339801531
2009-04-07,-0.005814728489827222,-0.005102945786604587,0.005082784100480051,0.0004962129481329247,-0.0040149569391957135,-0.00405485138221294,-0.005633662472594345,-0.0054035036569242845,-0.0067969917459423405
2009-04-08,0.0024792974651753484,0.003305563124322618,0.0016150773512461055,0.000517680011666237,0.003462247464927468,0.0031948067951475495,0.002564968155819189,0.0034885796888697706,0.004276170485690146
2009-04-09,0.00889837718110164,0.007171846065986006,-0.0013186627649346048,-0.0009032049836743702,0.006306116346697063,0.007124509219853212,0.009521157505314725,0.008841373678712601,0.007948858997349092
2009-04-13,0.0019244028009159301,0.0040727435692049785,0.007730899094268011,0.004664419900431856,0.006097142045213226,0.005915056242314717,6.285094402448162e-05,0.0010493624851028681,-0.00039272672781022244
2009-04-14,-0.005169166001459199,-0.003787798435805786,-0.0007359898410158979,0.0007459935995495122,-0.0038789604268567195,-0.004753300577388311,-0.004247949184970407,-0.003527313559537901,-0.003180545516144383
2009-04-15,0.004796230176364626,0.004693239033965432,0.0013562694041332917,0.0014951871422437162,0.005980159518944779,0.006438810840128946,0.0026018200703790163,0.002843004148166801,-0.0007145847443984389
2009-04-16,0.0024749187747615193,0.0010642717523143411,-0.006873000303264865,-0.0032743390496895778,-0.000948894183434385,-0.0009032552754221374,0.0036017871243498325,0.003046965930786564,0.0067194872816220535
2009-04-17,4.6877815049392187e-05,-0.0017295214272173042,-0.004930578900689391,-0.0027698798334180176,-0.0031725873566657782,-0.002725470659701225,0.0016676599558720078,0.0003698645682686866,0.0005599019677374211
2009-04-20,-0.01007364584075688,-0.008452204700017415,0.006337852802620482,0.0007739576665129638,-0.00611308925375761,-0.006331628408430243,-0.010446664282759333,-0.009643388163552648,-0.008488406062091473
2009-04-21,0.005883383450175862,0.005174221048315521,-0.0005741936876663653,0.0008935346630998626,0.005251053500577116,0.00577985541043218,0.004720753571567928,0.004219889133376682,0.003606580288053408
2009-04-22,-0.002098801690084419,-0.002096927362655618,0.0006402163353816349,-0.00017378794706164832,-0.002604241495940428,-0.0026413020019790943,-0.0014931262481896904,-0.0019497624310560516,0.0008016327434303044
2009-04-23,0.005029201358053442,0.004886158342822423,0.005382352346510936,-0.00014314751070446544,0.005000826464294788,0.005467249577556999,0.0023966842562529213,0.002441992329721753,0.002553297775814755
2009-04-24,0.004477006680776293,0.004133784063371827,0.0027303377632224186,0.0010624855366528141,0.004086078828660949,0.004561036350801587,0.0037148151839902165,0.0031878046608974013,0.004613653212408926
2009-04-27,-0.004239637038990177,-0.0026132804665964056,-0.00238917943511134,0.0006270729788794614,-0.0025802783068818143,-0.0033802003344031895,-0.0023468817161230427,-0.0017436039104621254,0.0003202894859249353
2009-04-28,-0.001112661172657467,-0.0027981753182240976,-0.006052269198120139,-0.0026519143052815782,-0.003821616567163728,-0.0035664097486712175,-0.0007719023582119368,-0.0016086920889783636,-0.0019738301883440823
2009-04-29,0.006155376487590266,0.005781451192426774,0.002444120489152541,0.003053145684249388,0.0049941937725884655,0.005194629924353797,0.005236892974825244,0.00451882842172757,0.003649074358779402
2009-04-30,0.000805273395533981,0.0010402882402450453,-0.0037232127790534347,0.0013787454125554276,0.0001906102488452257,-0.00022658319079526984,9.011513383661148e-05,-0.00018853561814684457,0.0026892113042497633
2009-05-01,0.00057714404671364,0.00014376039439501805,-0.001568931853361334,-0.0010861006154093116,-0.002060941019648451,-0.002414799109478094,0.001349092736871096,0.0008680059037085017,0.0007134164063824976
2009-05-04,0.009896950790140116,0.010009910054913418,0.009007865690850518,0.0031313956853685227,0.010408087182645026,0.010875063451409,0.008546487266998427,0.009012740975832052,0.005357586261254587
2009-05-05,-0.0025869933860415083,-0.0025436048104403052,-0.00183011552891001,-0.0010783600982608547,-0.0033583659557918106,-0.0036528466798935837,-0.0008722445419504515,-0.0009397858575130156,-0.00022954248503894608
2009-05-06,0.0049077160319968005,0.0056278810876295715,0.006243210972530111,0.0020298630250825678,0.006082611547219896,0.006253326975481199,0.00444314914727495,0.004705934155907476,7.785678792116002e-05
2009-05-07,-0.005688084045068057,-0.007801452776955256,-0.005600417871757219,-0.003910553298735534,-0.009469525213726973,-0.009095020822750523,-0.003597165277565289,-0.005251811071595253,-0.006604891712975076
2009-05-08,0.007756216060242671,0.00854079943133612,0.005786942489977092,0.0028654829204940225,0.008604472263178446,0.008562786945283151,0.005993641359573969,0.006488252453397762,0.00016777481583237768
2009-05-11,-0.00478006452939122,-0.002604481718305522,-0.0007069591023408705,0.0021112263675357123,-0.00023014786583465199,-0.0007991098603904107,-0.004879969481276861,-0.003453829491931301,0.000979061898616748
2009-05-12,0.0008834444184911218,0.0008439646468499163,0.0039769593912190645,0.00023563924584914182,0.0009193083503670903,0.0010978292926127912,-0.0007563000355759167,-0.0009070880495159888,-0.0033988343599370917
2009-05-13,-0.007417815894191571,-0.006674004988913975,-0.0012586781645085776,-0.0006055270214814025,-0.004916844407717557,-0.005017766073162669,-0.006460891641825545,-0.005935184569320652,-0.007396123484250326
2009-05-14,0.0026554599871763227,0.0029624904037736264,0.0013412506268240885,0.0012244830156055875,0.002802179364619402,0.0027249219706785943,0.0021646225351668997,0.00228047249361323,0.0030362236396245614
2009-05-15,-0.0022974836206557216,-0.0024987803774197226,3.885604199095081e-05,-0.000551845948650098,-0.0027820953972315324,-0.002686836645308442,-0.0020651810062933132,-0.0026018752284860986,-0.00015837014061534358
2009-05-18,0.008393974416542249,0.006849498206227921,1.4596413629257512e-05,0.00015121566091445216,0.0041461095435763535,0.004204953538996489,0.0071667407265926,0.006433068317529981,0.007113370094982944
2009-05-19,0.001132508435801166,0.001715572611222232,0.0028771389871095785,0.0017256992509795067,0.001176793802886144,0.0009662446527700574,-0.0003051925579345814,-0.0005694652274464388,0.001303063166150276
2009-05-20,0.0007190586581994528,0.0022250720426990798,0.005639597477445119,0.0028955242020958583,0.0035468125399378773,0.0034254533564685944,-0.0017161197949619377,-0.0012427603175746043,-0.0009670263957567359
2009-05-21,-0.001845528841101483,-0.00424833022994134,-7.1396708625302265e-06,-0.0030596182248592233,-0.004732462050027554,-0.0035741906624575897,-0.0036698290308811977,-0.0057965929923688006,-0.005103495559847963
2009-05-22,-0.0008113592393806068,-0.0013157930269178252,-0.0002107381377342116,0.0006715130007898381,-0.0022701178958462707,-0.002206714976567102,-0.0005337954998397575,-0.0016024717579724485,-0.0008916200332201354
2009-05-26,0.005195691573276322,0.00382954183246158,-0.0019664795411032843,-0.0021398989192228978,0.0017683454840721187,0.002155645138711823,0.006478558827155629,0.005619848678226005,0.01020334145253676
2009-05-27,-0.0035378717243726063,-0.005380865067644957,-0.005573414880279417,-0.0010809333495510292,-0.007068463373534335,-0.006757591728668449,-0.004592947692938691,-0.006804314329123211,-0.0019333009886839114
2009-05-28,0.003710270620523654,0.004710142440340005,0.007539536205845948,0.0012381656642319295,0.004936126866759683,0.0047436390341173956,0.0035468644276707164,0.004641628666810218,0.003240996721191725
2009-05-29,0.00491315530540297,0.007988098118123739,0.011524421980168568,0.00381792715839188,0.010533029910099261,0.010274412614036919,0.0045504037145677415,0.006747363008093972,0.0034721555000638486
2009-06-01,0.006169845792658164,0.003580376367586264,-0.0014686404402636868,0.0001861903369999169,4.8287919660231555e-05,0.0005529173431577545,0.006300607456061711,0.0037570450504000167,0.008121763495272813
2009-06-02,0.00017648800129001254,0.0010272928538056598,0.0012992682462853833,-0.0012850815506669814,0.0008618829356806136,0.0006623825138006467,0.0002276144132007193,0.0008112800423499058,0.0004025919176136501
2009-06-03,-0.005240421559777507,-0.004193789325181745,-0.008743990825068156,0.001341376399794963,-0.001960264857568286,-0.0023360216164261855,-0.003347328889146003,-0.002470505203597092,-0.0008727856525775252
2009-06-04,0.00307424123316257,0.0012321728175358879,0.004788304206405575,-0.0006686629797018463,0.00014533727959924122,0.0011510807093801153,0.002470065297076044,0.0005841487711711331,0.0032744480048389007
2009-06-05,-0.002619135072555734,-0.009171019401896574,-0.00822764782855101,-0.013484985203441657,-0.013965910353463729,-0.013148127870509452,2.404836528224763e-05,-0.0020559739553507317,0.00032793696366573144
2009-06-08,-0.001939627797979653,-0.00427670855123463,-0.0041056955143292965,-0.005960957168143675,-0.006182818889711081,-0.005740026000495844,-0.001280950944288936,-0.002321838199745176,-0.0010256277113795354
2009-06-09,0.0014218033859790212,0.0038601290563741422,0.0018440186720421485,0.004573612327204708,0.005060731183575858,0.004540702686474461,0.001590077025711367,0.002468672089595536,0.0026312536988434606
2009-06-10,-0.00017179776905755498,-0.0011094006459855853,0.0011559074488420393,0.0003415367207316727,-0.002397698665348681,-0.0023396703560780874,-0.0007863437407074726,-0.002013769544129557,-0.0012117382987594783
2009-06-11,0.0013904382090672998,0.00266252766601331,0.00470235006548148,0.0011717906438548195,0.0024399467428903704,0.0018184664769330845,0.0013908244204154938,0.0027806313855240294,4.934880975632262e-06
2009-06-12,-4.086264140604163e-06,0.0008390859983016105,-0.005799671742787192,0.0006715418287208637,0.002226868258522145,0.001956801461992457,0.0008617083530475917,0.0019458950662255199,-0.0015871392774228542
2009-06-15,-0.007928004540856372,-0.007125944720583927,-0.008297904783422103,-0.0008084879586810479,-0.005275125871231811,-0.005591825377126984,-0.007171309950039268,-0.006224018719834824,-0.007031375148742284
2009-06-16,-0.0021740122930458813,-0.0004951434994102401,0.0006343340221497811,0.0016368956775985716,0.0015069835760856696,0.001376015075994213,-0.004172721839418147,-0.0029932417952810387,-0.0033019928249119167
2009-06-17,-0.0008754164251714133,-0.00010331669010468975,-0.0013542821811147099,0.0016723925154045153,-6.32923880370068e-05,-0.00015806898080370527,-0.00029510964154946605,-0.0008546315496300932,0.003226986719744675
2009-06-18,-0.0005856534460276491,-0.00374553308552329,-0.004787872724707974,-0.0036890448890693067,-0.006235236018283416,-0.005652597553279203,0.002236340406227642,-0.00031989112106803894,-0.0006564540950416883
2009-06-19,0.002807970944462532,0.00417644317757439,0.002521961099594556,0.0014526969734118052,0.0044206992468259435,0.004107140387287998,0.001134788161740115,0.0020875998524811042,0.003639816607345203
2009-06-22,-0.008540193652852726,-0.007461816968663077,-0.008650327692848556,0.0003283710859894497,-0.005118886244396047,-0.005565893302255669,-0.009207169693279737,-0.008059037647483763,-0.010180931781145746
2009-06-23,0.0017773067202844805,0.0023170264408698352,0.0027170512778020815,0.0003810708471031535,0.002512060896502304,0.002425116783890664,0.00024152152789783343,0.0009195513071385616,-0.0007569424581628264
2009-06-24,0.0030556735654381287,0.002505330699551885,0.0042833659222345135,0.0008954936316753683,0.0016487033895184362,0.0018795489035173434,0.002598545180127424,0.0017855564791060066,0.005631065774484981
2009-06-25,0.004780525306544367,0.008448944517727458,0.009742187355412985,0.005331447801287308,0.01005333464166429,0.009294127715410067,0.006589425946686589,0.009182050947099247,0.006642571036797363
2009-06-26,0.00014091959192897573,0.00046910183203078724,0.001123652892755,0.0011130801712800466,0.0010506443184580881,0.0010325245033527605,-0.0007954235090628141,-0.0005131716865138408,0.0007588229739492137
2009-06-29,0.0017974643009345775,0.0022621853125696814,0.0010556454299459465,0.00020822909983058603,0.0016750130455001852,0.0013836634708333869,0.002877892985759057,0.0032965050575702115,0.0007582476395935262
2009-06-30,-0.0014409925254209672,-0.002294455570134263,-0.004501110787265424,-0.0010742616860714615,-0.0024995486551283893,-0.002397302663579415,-0.0024926784725681126,-0.0030303900863886484,-0.0006533717453853298
2009-07-01,0.0029764556163853445,0.003620110746532792,0.006180218969756283,0.0031459664632721204,0.004062755547020389,0.004185600259850495,0.001273481490363967,0.0011279215820525197,0.00019260876540485135
2009-07-02,-0.007265731115446099,-0.0064014111590619555,-0.0070859481894855435,0.00030016561073121573,-0.004851413987044221,-0.005283794838043651,-0.0083985046190182,-0.007643461585702747,-0.007523520416176071
2009-07-06,0.00022527710281326945,0.00011176395161892504,-0.0015127599132666637,0.0003595273344654497,0.0007057131269495528,0.0007790190747211047,-2.826763984782531e-05,0.00011095774388942163,-0.0017965702837983266
2009-07-07,-0.0077299237540049415,-0.007555698694294621,-0.0032655845856260912,-0.0014304559764261038,-0.005194561992809876,-0.005625218558310996,-0.007711445788547322,-0.006955957365507692,-0.010989369094187462
2009-07-08,-0.0016879190218249244,0.0015105439631793996,-0.0035257930511470906,0.0019167881828670475,0.003192098339137786,0.002231660950371645,-0.0002605646830115823,0.002884144683718563,0.002256780163824965
2009-07-09,0.0016153567993317135,0.0004702100104814011,0.0020497096561846923,-5.609951797861059e-05,-0.001770805698820276,-0.0018844961090363943,0.0007554163122431972,-0.0008436778436835296,0.0007534588131529103
2009-07-10,-0.0015203776172755057,0.0004674448797552642,0.0001564453949092068,0.001254846186096828,0.0023680759328632063,0.0022462125735496757,-0.0009225375810576587,0.000757388551804767,0.001875400742290732
2009-07-13,0.00657868271657714,0.005943956452854501,0.002261142117421965,-0.0006589624564530822,0.003882572975644849,0.00447719774423878,0.009458568019486732,0.008731103271257937,0.008347714959815412
2009-07-14,0.002110741002427051,0.0003874544897474667,0.001997971354172542,-0.0007054287942598931,-0.0009541917345277022,-0.00044398430733253927,0.002236253380613729,0.00048583074652311083,0.0016094441166807716
2009-07-15,0.011662649366680064,0.008193459977674246,0.010338572689029229,-0.0016092445600533298,0.0025217990105526077,0.0035242778436470113,0.011576076373108077,0.008421990190865394,0.01480036679018222
2009-07-16,0.0023816781891701604,0.00472147752555209,0.0012302201839748262,0.0029427900270782253,0.0054953176294970036,0.005233748915026209,-0.0006431319915562116,0.0009231577753381543,0.005350357414518408
2009-07-17,-0.001007114335227634,-0.002063996154440802,-0.0003780586597957313,-0.00023713107956857869,-0.0038752846795857532,-0.004123987905891182,0.004409974970043583,0.0027547482819087286,0.0024207623188269556
2009-07-20,0.0075309381697381385,0.008219662804936157,0.012357061951012473,0.001976588459326657,0.007802325413842928,0.008460369973977323,0.004304979722106053,0.00541576027982729,0.004344417778581489
2009-07-21,0.000862205997808842,0.004059009321428444,0.002297231800584538,0.0020395617340081837,0.005525298063953395,0.005067865535441981,0.0018885998803331255,0.004894986147403464,0.003125279337689015
2009-07-22,0.0007465429486814476,-0.0004398054110725634,-0.0011424843374127785,-0.0009763425484033077,-0.0016448500727685317,-0.0013989348987028206,-8.094086827211406e-05,-0.0016535658703674002,0.003833781081756725
2009-07-23,0.007100795259993736,0.003953181417362902,0.001708484202032605,-0.0020613216066121347,7.541080964261815e-05,0.0006404600148330934,0.009023290742308648,0.0067422102683596516,0.010136990259703074
2009-07-24,0.0006828028356851628,0.0014899279242446533,0.00023980209863571668,0.0008927522109990637,0.0021264090245953003,0.0021816278290764054,0.001698602847344266,0.0023022608302131903,-0.0035367124107050668
2009-07-27,0.0019023523724209994,0.0004734653322943037,0.0013047497627475257,-0.0008523620577676542,-0.0005622233489995852,-0.00015000341342081557,0.0012308307911162559,5.839541597024116e-05,0.003557149860742247
2009-07-28,-0.0027263001858469503,-0.003622626901477251,-0.005777471441481939,-0.001960710692718044,-0.003547909347213443,-0.0039965720844893,-0.0019385895816975908,-0.0014878621141752302,-0.0031821872006618005
2009-07-29,-0.002819440078902376,-0.003049260503998592,-0.007250877805835877,-0.00270334907861505,-0.0033408184079574492,-0.003734324316433742,-0.0010110962747194461,-0.0008741027034890363,0.003082125418939669
2009-07-30,0.006309153637980071,0.006941397071044657,0.007324088444894335,0.0016231380005484622,0.006675203625034808,0.007064078702064992,0.004325044123897852,0.0055074552155680995,0.0027181709399163693
2009-07-31,0.002556159852334446,0.006233078040933985,0.009940397328290376,0.003998616401651374,0.008483750705106825,0.008657031813942423,0.0005947195149181119,0.0032262399846282102,-0.0014084984980769373
2009-08-03,0.0075111132799212995,0.0048353205477710505,0.005722207360316158,-0.0005638532867381568,0.0006318062564154077,0.0010957193001778901,0.006875685419903538,0.004301871612932467,0.006958632047580869
2009-08-04,0.002622079271725636,0.0009517423372976773,0.00011855014400632372,-0.0018930400617945939,0.0018008823541374754,0.0030532568411526014,0.0010925236146784789,0.00038178742130639745,3.7915445617178373e-06
2009-08-05,0.0012464731589885147,-0.001385956301895197,-0.0027929178736657567,-0.0011641066518168763,-0.0008672786264798393,-0.0001889271707060658,-0.0013936513038872445,-0.003386558770359094,-0.0036133281574252107
2009-08-06,-0.0032523513063945453,-0.003481115869129744,-0.002460441731306623,-0.000556724667064329,-0.0021635763894752823,-0.002300124405028264,-0.002420616733015094,-0.002534114008349704,-0.0040928067706671204
2009-08-07,0.004959291627041675,0.0008295518621738066,-0.0006056045957391935,-0.0030207621664853227,-0.0011861444290836981,-0.00052890307918285,0.0061254760263510675,0.004245332767820323,0.0058803217867060865
2009-08-10,-0.003696119663163493,-0.0008016834426494324,-0.004082135335784401,0.0020490256696579848,0.0007971702379240611,2.9140408140843295e-05,-0.0009713171740184525,0.0010560497763688673,-0.0032675346192844314
2009-08-11,-0.005100687083604656,-0.0023002606933982977,-0.004069281467028873,0.0009557199379781481,6.077818133474959e-05,-0.0005200188726620637,-0.005853903499945652,-0.003868144737683215,-0.003981586666296744
2009-08-12,0.0036752586462009736,0.003771576820399118,0.0022305980138516406,0.0011774817532663638,0.0019189470072694679,0.0020445472569632713,0.00500745117871332,0.004310586684842835,0.007182654243271945
2009-08-13,0.005169105240347539,0.008853451778307642,0.007141930421765749,0.004358452050850169,0.008152417428708566,0.008323773066052663,0.003586391571098018,0.006289790278510283,0.0025742883902845196
2009-08-14,-0.0038602698342899964,-0.0028122193788381895,-0.005882534529276764,9.527510739437716e-05,-0.0010364202376624485,-0.0014441968950314836,-0.0036127930244828467,-0.002753426401550102,-0.005357476729436373
2009-08-17,-0.013277520232374338,-0.010999741283873777,-0.012161523598756573,-0.0005518243156993969,-0.006015536159020413,-0.007338328518971834,-0.011536369927259212,-0.009761336012533572,-0.013471801188640836
2009-08-18,0.00508084125804942,0.004257504262799045,0.005839040188982749,0.0007681676420064956,0.001804321600923917,0.0020914705473047933,0.0036760239602191807,0.002644676003891377,0.006536838948522335
2009-08-19,0.0023147317307917466,0.004241220010030483,0.0023142916463888942,0.0011637738384684929,0.0033876622890085277,0.003344681779283658,0.004084116627819371,0.005486048182542744,0.003189834889578945
2009-08-20,0.005942298412112665,0.005665695616849426,0.0037638561178747797,0.0003113799997275209,0.004207497594050678,0.004644818217495098,0.004814856049449875,0.00586953660621861,0.005414747214510752
2009-08-21,0.007775922819608991,0.004576199088773606,0.005945739783084531,-0.001731478251876253,0.0007491765246658249,0.0017363019935582086,0.009208492666758517,0.006192908916178367,0.006204350235346391
2009-08-24,-0.0005768874382019582,0.00139935658196202,-0.0015591280797454025,0.0020232467573465373,0.0018287214980271553,0.001164625791956329,-4.2285818943588866e-05,0.001962996655907429,-0.00046163268277195975
2009-08-25,0.0022550875406405807,0.002905912469389051,0.0008873070658284557,-1.9998620926014917e-05,0.0026675312740368808,0.002963205731914115,0.0009248837354376272,0.001817188268810981,0.0013994638240974247
2009-08-26,-0.0005244497714899919,0.00022075017272463865,-0.0004900017295818808,0.0009419195183024927,0.0009487009354150778,0.000994532558459394,4.881724744560191e-05,0.0004776267372349843,-0.0008097955772246788
2009-08-27,0.0015995992584338452,0.000951548468365389,0.00023019017309290556,-0.0002414915784677733,0.00039124358469432523,0.0007174153883979218,0.0010616416592954233,0.00020555063154458777,0.0011657440761473328
2009-08-28,0.0012501337341437686,0.0029217102246588515,0.0007851582228144782,0.0019590301576760767,0.00356404556964069,0.003909137992823843,-8.868825860970375e-05,0.0006558425735982938,0.0004676696719315636
2009-08-31,-0.00474775443413768,-0.0034827543400694316,-0.005584969278152897,0.00010722537611790389,-0.0014731764319580042,-0.0018988106957685917,-0.004226692650840947,-0.003422237523743666,-0.004755842965405356
2009-09-01,-0.009395529998003225,-0.0075086281032938065,-0.0028636454902108556,0.0006835520206668809,-0.003987399793827963,-0.0046024338342068784,-0.010432199598569255,-0.009961699985804819,-0.008743941177130501
2009-09-02,0.0009610649116982222,0.0041711261668850984,0.009171708777002359,0.003336303409626952,0.005152341583691317,0.005620762906795517,-0.0017699993424165463,-2.1927169527432496e-05,-0.0003504273490328118
2009-09-03,0.005455410842612807,0.003612028411485557,0.008069472427468805,-0.00031203172882554586,0.0017420581108664734,0.002553749781347925,0.004287780181860601,0.0032519619440252168,0.00333254156683771
2009-09-04,0.006453359108925528,0.004973457407805557,0.003769004145594458,8.598963480055646e-05,0.0010119838719965762,0.0011813567780540645,0.007344827914492449,0.005781070835951682,0.011006999140673525
2009-09-08,0.00791497843015099,0.0070771619399478064,0.004421377312270048,0.00123903759612808,0.003831811062818211,0.004268125786353246,0.004551621829404537,0.0041340242963104476,0.00486911380501381
2009-09-09,0.004327847872319601,0.004511886657754871,0.0004686640463072724,0.00032809166286212974,0.0026815552761868993,0.00279650045984885,0.004067739567257964,0.004793174590519238,0.004462794684367823
2009-09-10,0.006002861116551175,0.008728877308698037,0.006917934155662073,0.002066945523099258,0.0069056010271951445,0.007214255059072237,0.005435247249261855,0.008729014620644853,0.004950160021024573
2009-09-11,0.00023899351245794864,0.0009426240293592736,0.004137570760184534,-0.00023936682100244848,0.001471838790793229,0.0018426729620282716,-9.947090293054291e-05,0.0009772191517797605,0.000507506832967025
2009-09-14,0.0018667748679223328,-0.0009011963701382919,-0.004745093991013422,-0.0017283314818130474,-0.0017169666904240028,-0.001454471722357289,0.0026025065253300586,0.0006675862092486362,0.002021736675582819
2009-09-15,0.003715654713922422,0.003770359233660264,0.005609374910593183,0.001917536578446733,0.0028816421224760686,0.0034785574887753606,0.0022395743738734446,0.001685353515162369,0.0016393889001484504
2009-09-16,0.00985426083865287,0.008280458436837623,0.009561884115672516,-0.0007060582510714184,0.004756818508677549,0.005785228487984344,0.008119008326280538,0.008613354352546412,0.007670695833159727
2009-09-17,-0.0010229491346231273,0.0014759366685055465,-0.002167211310164355,0.00212930879722386,0.0021790105880980077,0.001790921751527647,-0.0008033450460710033,0.0009110366390045688,-0.00012308735073514947
2009-09-18,-0.00043781077840343975,-0.003022702855674067,-0.0024307232070038477,-0.0019743165042460215,-0.003665581223414133,-0.003798297435972984,0.0003455816571974449,-0.0015736940447016062,0.0008882405804783586
2009-09-21,-0.0038159903922609355,-0.003418728898650217,-0.0034129040964486074,8.878626494862646e-06,-0.0022405286475403433,-0.002601402786543043,-0.001363732948202827,-0.0017351788999395176,0.0016243387015408928
2009-09-22,0.006769951869051448,0.007006073876917606,0.008655423468131716,0.0009197689420887266,0.005628990488454572,0.006605590303534022,0.003142601866503079,0.00440017406314554,0.0009989164942551339
2009-09-23,-0.006226952982664797,-0.0038091886881038883,-0.006138214082394917,0.0016838065043928046,-0.0020737162901924787,-0.003073413293696208,-0.0044923302521450775,-0.0041236531427963925,-0.002487278105242091
2009-09-24,-0.008880231998631421,-0.008127287696195112,-0.008587630155288104,-0.0012390987269968981,-0.00523061771167685,-0.006285425806276451,-0.005932849995313704,-0.0054947225166798695,-0.004739183027786319
2009-09-25,-0.0011584037674438805,-0.0013733821251737115,0.0002269548596338294,-0.0007186344681529586,-0.0003925330292370117,-0.0005386983781749928,-0.002855712305328327,-0.001639847365765878,-0.004636589232976915
2009-09-28,0.008327353353464429,0.008441363268389554,0.0038939155216390167,0.0004640781775424676,0.005548346755811479,0.006168320417780074,0.009571729102916524,0.011095736380004871,0.008943925864084249
2009-09-29,-0.0014137944483435096,-0.0013688756142217768,0.0017112500377448687,2.1243993261836454e-05,-0.001128982781728629,-0.0012600833674930535,-0.001619728391291385,-0.001927447684614431,-0.0023691034919124322
2009-09-30,0.0005890704625619144,0.002484973741621535,0.006219876432526874,0.002941580704065782,0.0027969881167363114,0.003105278542822277,-0.0020791647684647576,-0.001992126231483482,0.0003779455378602747
2009-10-01,-0.01278533364066865,-0.01053700709883522,-0.008602914834900574,-9.112911797414177e-05,-0.0047802417351722835,-0.005843606386275261,-0.01332759927859707,-0.011766228973228487,-0.01563289553192881
2009-10-02,-0.002284258818375843,-0.002004768706433058,0.0014750352255702014,0.0008518511533942866,-0.0006310198918126932,-0.0005358293818693356,-0.0024733375982402624,-0.002857724717906455,-0.0015229535704666148
2009-10-05,0.008583810833859618,0.008186833762972245,0.010820619016798982,0.0019386064227429056,0.005541130442831221,0.006414070676407979,0.008767575262992322,0.009981251004780534,0.004472193121324741
2009-10-06,0.007605193846979414,0.0072843046853859296,0.011492869797123056,0.0010064540765755197,0.0038496734937602567,0.004657720517546128,0.00852360663933477,0.008390301873962754,0.009931397070481122
2009-10-07,0.0012030518652535805,0.004216047076246593,0.0008288818623562459,0.00241497390667124,0.004259750849092741,0.004149233233198481,0.0016463806862293024,0.004748315181434733,0.0016180845307312752
2009-10-08,0.005543198247920648,0.003483489075755569,0.006721808312646131,-0.0005043885856129858,0.0015852546912195962,0.002363796439232381,0.004587100931828466,0.0036482638832062474,0.0024212017965029725
2009-10-09,-0.00029178933541131844,-0.004408721760103936,-0.003395382264104434,-0.003106619480554355,-0.005419302392404508,-0.005434836886784769,0.003664562015017737,-4.125419952065347e-05,0.003220950694138705
2009-10-12,0.0027924215990379267,0.004927975149201481,0.004912068895820329,0.0030482629169407143,0.004226776186116101,0.004353924302414985,0.002359444246640333,0.004020424912988367,0.0012043669023611978
2009-10-13,-0.0009955154795292518,0.0006901231787646446,0.0028221058185492775,0.0015400319052376425,0.0012829049758494725,0.0012822677979742471,-0.0012310833443978835,-0.00042824315973007186,0.00013477487971119437
2009-10-14,0.010758404487239267,0.006549313532642052,0.00839545501846064,-0.0007245137080286674,0.0016288165958977402,0.0021336256928387917,0.010378293809603579,0.008980083790166765,0.0077465496191633666
2009-10-15,-0.0013827813266886768,-0.002882912310520116,-0.0058324654090771205,-0.0021673044964473356,-0.003698928620640151,-0.00427356117110764,0.0022218978936240715,0.0011451000163708617,-0.001323899106859447
2009-10-16,-0.004250663253993117,-0.0017329520473573093,-0.002650267125238639,0.0004456556825029385,-3.2678915129683025e-05,-0.00035711267976182634,-0.0045413447948857155,-0.0032834443409725522,-0.003713751608675859
2009-10-19,0.0071322229905129535,0.0071389562635769555,0.008926788899187639,0.001596530134212,0.004988852244446342,0.005613413494061123,0.0050094452357329,0.006453393493631795,0.0057277229749854025
2009-10-20,-0.0039560117735249105,-0.0025593839204223383,-0.005973228385863522,-0.0003360770854040085,-0.0015385574918869477,-0.0021337008885104927,-0.003210252734457414,-0.002726986808007552,0.00013391831736053066
2009-10-21,-0.0023269305072441287,-0.00300150162739988,-0.0009964214643453208,-0.0010773287226052447,-0.00238718632706317,-0.0023974646738643317,-0.0054423766057035555,-0.0072858277044649585,-0.0010579297795787676
2009-10-22,0.004953427847605276,0.003783116489240502,0.0025743543204465903,0.0007488224944574308,0.0021361236019449632,0.0025741692557802124,0.006144615659249476,0.005818158134725188,0.002254239453549775
2009-10-23,-0.00617570267386213,-0.009010588391421536,-0.004376238495390523,-0.0038858016052111324,-0.00712017637212653,-0.007262694465726081,-0.006937652490886593,-0.01016720723776576,-0.002379467700447112
2009-10-26,-0.005878605835729654,-0.008855407446629713,-0.009151039716411728,-0.0036333686999727327,-0.007331017065623646,-0.007793395084734614,-0.006539085339923981,-0.010087579611264717,-0.0018544627584745409
2009-10-27,-0.004336115353668333,0.00015078045770537928,-0.00404507095075457,0.0028060866980670817,0.0029215765051918393,0.0025977027762375967,-0.0027557964377116894,0.00054826816195649,-0.008631363829198695
2009-10-28,-0.01385901446959361,-0.010715929086490562,-0.016287368054571674,-0.00047064850700271954,-0.0052831938906223504,-0.006257968778249404,-0.01133961774244306,-0.01182838954881565,-0.012725631665203808
2009-10-29,0.01508791079463276,0.012271154351066422,0.01770067728602718,0.0017532467495790197,0.006698097390855281,0.008015224478731266,0.012784432827165305,0.012701904436781614,0.00949950002088347
2009-10-30,-0.014101271333681975,-0.010749477374669284,-0.01313208619491366,-0.0004646654295489343,-0.0031155227157047658,-0.003317290328168208,-0.01741108574133793,-0.016963158070892735,-0.015188154622092663
2009-11-02,0.004089694843362371,0.003963885495205167,0.007980627375470815,0.0017072888091120182,0.002350992904502772,0.002838645773544544,0.004359307301751278,0.0038692781318920475,0.0023215366934210167
2009-11-03,0.0030769138081128133,0.0030976706424989953,0.006659854507052643,0.001204662777557708,0.003001060106889941,0.004124322278655113,0.001749936869063884,0.0009214091396942958,0.0017801181657011167
2009-11-04,0.001737327982579629,0.0014967212465300539,0.006005435129162413,0.0010390625296617232,-0.00022736634339149358,-0.00035580091078283205,0.0014553925729680654,0.00047161874296651734,0.000959255027168328
2009-11-05,0.008263958136668526,0.009411890858457147,0.0050328202822140615,0.0027600262962755753,0.005622253439360086,0.005752033348061786,0.010383768342441662,0.011671041890335193,0.013954155146377987
2009-11-06,0.0004248856942161782,0.002629123612151977,0.0013139376075748958,0.0014858500286022579,0.0021456480454241558,0.001970366368362679,0.0014919483641072187,0.0028830137396207278,0.003373763741505948
2009-11-09,0.014228101958583676,0.0139282956136526,0.01169468570900542,0.00231858858172271,0.008401382141627955,0.00921272340083693,0.012973865888925972,0.014610117049353725,0.012237013118620868
2009-11-10,-0.001494086785253839,-0.001261392557489344,-0.0006026017587133942,-0.0006292358030388333,-0.0007217369755581432,-0.0007496663899136857,0.00010582160086973038,0.0004261622790067884,0.0014623326756253725
2009-11-11,0.003748811246492127,0.005609117927088005,0.0058590177913838875,0.003104432590238499,0.005365716809065086,0.005979293276086749,0.00294024575272098,0.004419316134532616,0.003715068203529882
2009-11-12,-0.005594891097444352,-0.0059345414577342374,-0.009495658512674235,-0.0022470487327892964,-0.004029490954831546,-0.004590352666686774,-0.005859453539716846,-0.0063661800118496314,-0.003302420206812386
2009-11-13,0.006150909321324729,0.006854537555016025,0.008615456057340386,0.002163296943088726,0.004913597170042472,0.005557620394926577,0.003106496696431625,0.0037550638144196306,0.004773978001353281
2009-11-16,0.009481975344008683,0.011605868433667196,0.012388196226325334,0.0034776502488892483,0.008883314715613449,0.009715648671301364,0.008344277410368738,0.011424980841033567,0.005939312589881771
2009-11-17,-0.0010924574400023369,0.00031299793706585023,0.0002373512052142891,0.00039146039152180103,0.0004144004374095823,0.00021985991246881094,0.0006774831492289998,0.001624917070310016,0.0018372974269199591
2009-11-18,0.00012071538308904085,-0.0008408409094154687,-0.001788745988958786,-0.0003217212441594324,-0.00014866212338264555,0.0002814397702530538,-0.0003635170203609847,-0.001413390635555392,-0.003272459389047373
2009-11-19,-0.007241827940030927,-0.006400433403192307,-0.004636621755362491,-0.00035926140794969674,-0.003133294825299389,-0.0033916305317402825,-0.0075425996516949485,-0.007854779275326578,-0.009064276981320162
2009-11-20,-0.0030962912325962788,-0.0026839586304645965,0.000524146613525474,0.0005316169293862549,-0.0008717515880024652,-0.0007130614880444011,-0.0020439406394025736,-0.0023058172243531454,-0.0029163294444456717
2009-11-23,0.00798512027211957,0.007993871300578381,0.008721259320487932,0.0015969253438295045,0.004546350350919464,0.0050918198326799615,0.007301920669951856,0.007494927618578104,0.009307917818628098
2009-11-24,-0.0008998365308484131,0.001686894649723052,0.00042807550690800866,0.0014507387886712538,0.002249299448272679,0.002085900254519585,0.0008870383913408805,0.003049692451927602,-0.001974786444009832
2009-11-25,0.00488688256087866,0.006705978665843827,0.008377496526931736,0.0025100471763878727,0.00548518017987738,0.006066927759240827,0.00203270308056424,0.0036013361579834173,0.0025086349787870857
2009-11-27,-0.011728055250776914,-0.009877696351317548,-0.01350141778690613,-0.0016882054905292166,-0.0050192579656755,-0.005882474723711129,-0.009409845389925333,-0.008528646678063452,-0.008820950732553547
2009-11-30,0.0025828816191225522,0.0022247877209560386,0.004236980318370736,0.0010093566726255862,0.0029351891497876557,0.0036834844305689723,0.0019429449094210294,0.002797482615867286,0.0006653263612208247
2009-12-01,0.00885540073484982,0.008094451828350073,0.01098650481640448,0.0028971607378356573,0.004345465256029608,0.005064140020705282,0.007125057756585745,0.0055725379551804476,0.00597428499639748
2009-12-02,0.0031827346862432315,0.001997899217301506,0.005281494759239892,-0.0003925304780545921,0.0015653671927547605,0.002453864692422874,-0.00025956377694963466,-0.0011221575099172414,0.0007927449482769751
2009-12-03,-0.0044524517246054,-0.006331721462470852,-0.003990885022332691,-0.001925790458166654,-0.004994803287868166,-0.005201368551088104,-0.004607320603231768,-0.006845578450118017,-0.002455319852459392
2009-12-04,0.00015030262687363752,-0.006700365515086068,-0.009027801017383595,-0.006968841561930504,-0.008717165659822373,-0.009659840177056471,0.0033470118496425794,0.0004651957472164688,0.003125974608426872
2009-12-07,-0.0032977995797129904,-7.815337274136956e-06,-0.0031794416572499245,0.003271850727732662,0.0012061183998545615,0.000610711762104805,-0.0008990920816169071,0.00017482229267557273,-0.0028439202419665
2009-12-08,-0.007008638663110199,-0.00585760946666738,-0.008796312583785968,-0.00031851475441225797,-0.002681859356113465,-0.003404216272372407,-0.006516068754372506,-0.0054885091100673805,-0.0036671974634779193
2009-12-09,0.0006469136808905972,-0.0004889222743667775,0.0010398149265759603,-0.0011579988624962712,-0.0013609104227927092,-0.0014075119647680647,0.0021868732767390763,0.0015022878302099298,0.00599949346258174
2009-12-10,0.0007589836581409318,-0.0002944210425602298,0.000990421478999144,-0.00044180018534798393,-0.001287092286087231,-0.00133744764498132,0.0032993577299654077,0.002097519406612351,0.002982265842764727
2009-12-11,0.0001724177874292564,-0.0032063809144684628,-0.0029131472702714828,-0.00270780095725552,-0.0038029691508349632,-0.003953021357266794,0.002493060597776059,0.0006076581616779701,-0.0022968614745049794
2009-12-14,0.005133417654138149,0.004052119331400035,0.0036801639785139927,-0.0012548674388818855,0.0020750952799712297,0.002621872355026545,0.004021144252783498,0.0042919564591195,0.0056892698368349115
2009-12-15,-0.0036780963710456127,-0.004616152042166976,-0.0030775645134943266,-0.0010380313164458292,-0.0032964038888031255,-0.0033802937436931456,-0.002738901365807578,-0.004239432558674194,-0.003366054899103144
2009-12-16,0.0033318978084137213,0.004403490844645923,0.004419136856871164,0.0023654703353537575,0.0036308298710389666,0.004122018482068223,0.0008987256820756118,0.0009586208545473731,0.0008114645611956186
2009-12-17,-0.009269968002999332,-0.006495737585939048,-0.01518179092898502,-0.00013364918155451226,-0.0024178715468548286,-0.003859196212296788,-0.007072774818037261,-0.003930700052954332,-0.007290477878731125
2009-12-18,0.0028170957936892284,0.001566468417212149,0.0035342510668959445,-0.0004065624569453622,0.0002794774185540257,0.0009188005037468331,0.003314834421144739,0.001478296362247992,0.009714496154213145
2009-12-21,0.0008619359142088292,-0.003939586152619504,-0.005917492326566421,-0.004142575961326411,-0.006009875613907897,-0.006323559230350823,0.005967680391401003,0.0021340113524849157,0.00674743533348701
2009-12-22,0.0027373959918083747,-0.0001448319498026449,0.0002579069031018848,-0.0022559419431837416,-0.002136997996969897,-0.002186204488463598,0.002119764003975204,0.0004513578296603745,0.0036197867600688835
2009-12-23,0.0034455411032968493,0.003224171750560197,0.0032606061282437564,0.000656358017559983,0.0019666599654410612,0.002245603846455358,0.001163734445346671,0.001065182576438984,0.004408117450116244
2009-12-24,0.004022532490310175,0.0022138814705580634,0.006012215980321713,-0.0008474226434388412,0.0008821504484757145,0.0017230078643238112,0.0027984147106373406,0.0015499688783411406,0.005584969771121086
2009-12-28,0.001090221570748383,-0.001146992337252039,0.0009403803394516592,-0.002520577215948234,-0.0019801567488421986,-0.0017856404386391354,0.001264920839902928,0.0002690130442898423,0.003174628017350475
2009-12-29,-0.001882248920429699,-0.0006203150378223609,-0.0029048404056003624,0.0004511912832748198,-0.0004121472948025645,-0.0010428170498433405,-0.0008395399570135057,0.00015463700844748862,-0.002502652538358605
2009-12-30,0.000331930483011889,8.552849615747751e-05,0.00017424529474079428,-0.0008041272713224095,-0.00019285684717459934,-0.0003486666686781039,-0.0002096972444397421,0.0004980786314571586,0.0018505290920128347
2009-12-31,-0.0037359850839424292,-0.006243048804238414,0.0010849474363301974,-0.0019637493868617127,-0.0051509308543358215,-0.005188631686372652,-0.005682268581159024,-0.008057250607714898,-0.005538248830545556
2010-01-04,0.00882547295814345,0.012217974263848906,0.013137719400216963,0.005349744310735678,0.008524009919161376,0.009048709351194362,0.01000437705940443,0.011776223203045841,0.00888679798203846
2010-01-05,0.001681405592645735,0.0038375036687088304,0.00199589421952151,0.0023704010394272057,0.0034398359619851604,0.003278242146536048,0.0016467675947788862,0.0036898187193568077,-2.6705953737993227e-05
2010-01-06,0.0009115278953900611,0.0005080670321527401,0.003919028263558357,0.0011634220291413323,0.0005989497348709582,0.00120180111655112,0.0004508946393100148,-0.0013570361493138589,-0.0038467514778403283
2010-01-07,-0.0003716826219237274,-0.0009696228171729322,-0.002855835376489132,-0.0010949032884077243,-0.000773266353051488,-0.0008186785039859609,0.002699945459045124,0.00286595413645076,0.0004143641505877841
2010-01-08,0.0024668343884294325,0.004099061784116554,0.0032077544627588505,0.0025637347628371136,0.002972144569589134,0.002949745274044955,0.002132199595738074,0.0028194469084869465,0.005240722262642921
2010-01-11,0.0022637073907003143,0.003134962489791369,0.0027740406769526443,0.0015299533972399427,0.0030596480853635694,0.003597063900042867,0.0008960191543964017,0.0012497611464015006,-0.002605677378527058
2010-01-12,-0.006660956762569958,-0.004250747649416622,-0.00797188740851271,-0.0007134641293863164,-0.001856943860905669,-0.0029018235356670975,-0.005982291353177943,-0.0031278929289143974,-0.007976327933548952
2010-01-13,0.004612011240237713,0.0024582733610490444,0.002403489315208624,-0.0006233774829391691,0.0007239257954357707,0.0013932469543535947,0.005400937457550013,0.0035358861940478457,0.007903140641363488
2010-01-14,0.0011360810828466707,0.0034933806456137165,0.001024521981831095,0.001954432420462923,0.003573847031222868,0.0036311197097810303,0.0017351423120770338,0.003957438145513174,0.0005511732476206146
2010-01-15,-0.006125638212725176,-0.004305451752941512,-0.004669965731947177,0.0001626627937894265,-0.0013786050116220906,-0.0018551547067023227,-0.007204075562954831,-0.0056237289567648,-0.0074226648786159324
2010-01-19,0.0072829649144835465,0.006574454640885621,0.005902586250454708,0.0019015886813519168,0.003801746644376488,0.004240576389810415,0.007989439072950877,0.007632366533892893,0.010249833031404932
2010-01-20,-0.009401927831542105,-0.008734278898847526,-0.010785220570356,-0.0027492315921583133,-0.005272141741293465,-0.006194170780431441,-0.006529230387939886,-0.005355948429918856,-0.009184653673215897
2010-01-21,-0.011730639312733812,-0.00916280814312126,-0.009951645977997027,-0.0007051541853750867,-0.004624727128767164,-0.005495991417148082,-0.012302642663306667,-0.011338718316989764,-0.005949051423693295
2010-01-22,-0.010699202893627196,-0.009031085705427034,-0.005368706037401895,-3.353479809560335e-05,-0.004099055160010817,-0.004427740903398389,-0.014162511555861974,-0.014546288538746071,-0.018512199024066214
2010-01-25,0.004189890023430365,0.00241342574310432,0.002040912606487075,-0.0011034147400082704,0.00033030111863713323,0.0005256925937049493,0.00323179712319732,0.0023691007994180004,0.0021285382852936113
2010-01-26,-0.0029543801808632805,-0.0016625462654954982,-0.00423654939633264,-0.0005008037207523984,-0.0004707261311992411,-0.0005696876277721962,-0.0026443540359839092,-0.001870706240780991,0.0005670663018129148
2010-01-27,0.0008273834274916266,-0.0005176212038804921,-0.003138089324209224,-0.0012259060587132792,-0.0014492729507624344,-0.0016493696233970895,0.002999865535460533,0.002073747727761187,0.004951222814675854
2010-01-28,-0.00732378038877509,-0.006903458122920822,-0.0016804667677364112,3.245905972837403e-05,-0.0030787507589481807,-0.0031206643827021148,-0.007242854871525971,-0.007818050123363502,-0.016184047118392997
2010-01-29,-0.00467201301487271,-0.0028030348066058037,-0.00304751930065402,0.0007182270795520477,-0.00019356940717723793,-0.00044474106243707576,-0.006832241818982693,-0.005409282815283044,-0.010871037693622116
2010-02-01,0.008187813632210803,0.006722779268806363,0.01076059272051541,0.0016623090224334803,0.003997918391656039,0.005025047350183839,0.009739195542983992,0.008648309060705706,0.006798696670642285
2010-02-02,0.007427176718745404,0.007691508552248032,0.0037353696257381324,0.0011017728666950601,0.004761930566128029,0.0051080221472364256,0.00762370513670179,0.008834425960973107,0.005604288565407096
2010-02-03,-0.004739862347708593,-0.006115513540334544,-0.0028323660398491563,-0.0017273201307327055,-0.005090656699587557,-0.0053626049762041895,-0.0031502693446503194,-0.005554801814735009,0.0034299872009617826
2010-02-04,-0.02094570945474894,-0.016029610948174122,-0.019702729695751042,-0.0015641004642675815,-0.008438011575354398,-0.010314677403750916,-0.021376413124228222,-0.01861123645259455,-0.01759720666686715
2010-02-05,-0.0003784857037176916,0.0021668288085506422,-0.0006247246533012601,0.0026461182008753895,0.003615749818209279,0.003944702024841777,0.001415010475656658,0.0030811191606072937,0.005074194154060511
2010-02-08,-0.00603490118673566,-0.006168044049112252,-0.004044032879185366,-0.0021660339521557804,-0.004623180607653994,-0.005079277292954317,-0.004939327024840158,-0.005648238161077665,-0.00434423124330409
2010-02-09,0.009382426920581572,0.006285928865660062,0.009119546583346896,0.00018583388583579853,0.0017019136614220306,0.002063743019062927,0.008578084719039892,0.006308039841986519,0.006197962881781177
2010-02-10,-0.001592520608312134,-0.0035028084579381068,-0.0020360996466212353,-0.002354773894441205,-0.0031697161989304944,-0.003159127600200084,-0.001341375587811833,-0.0028019327143589813,-0.0012578574165026143
2010-02-11,0.007442960491454726,0.007159372195281775,0.010802626186481881,0.0028009283115650718,0.004850584241866687,0.0055894452503592405,0.007172203161274539,0.00696155711740429,0.009109960958022975
2010-02-12,-0.0014414457674443249,8.430044572894086e-05,-0.0023228299969899955,0.0009706437349573311,0.0014589508417411218,0.001589580778478197,-0.0005709392096380714,0.0005359323288951122,0.00125098307197834
2010-02-16,0.012730183610802035,0.012183548735542128,0.013085707913693057,0.0025718382480130367,0.00858159253941167,0.009715038278199216,0.010814194658885706,0.01250196072312747,0.007767934019358878
2010-02-17,0.0010272664989978983,-0.0015346344826344357,-0.0015513987505696388,-0.001602811494427366,-0.002445996001919588,-0.002369883544646039,0.0032729926611820602,0.0008439611643583043,0.0034420048202325245
2010-02-18,0.0034968445523791956,0.0015966939829325727,0.0019617817241203888,-0.0006305941156146449,0.0004365252152086943,0.0009266765882503749,0.004077909427132688,0.0025691262424786623,0.0038417310404974016
2010-02-19,-0.0014783863493881336,-0.0016373875521323562,-0.0030811624190360304,-0.0013465108872278988,-0.0012489127559735457,-0.0013829343567321887,0.0014380850725485062,0.0017803141262890988,-0.0002713751532186549
2010-02-22,-0.0003021587273097055,-0.00036336486000080546,-0.0010236733834099732,0.0004988232579330724,-0.00025428704134040084,-0.0003492845571694511,0.00012617944659742625,-0.000253719910692329,-0.0012283975707863674
2010-02-23,-0.00726400503519318,-0.004083354940299126,-0.006309665832320522,-0.0001128623422980287,-0.0006638634312069171,-0.0011714672846722296,-0.00841808203586455,-0.005260633151212325,-0.007934103629582075
2010-02-24,0.0037415604373872606,0.0036928715700076725,0.0006520538752993003,0.0011130443859069656,0.0020932615083024053,0.0020000767076750925,0.006353928989138982,0.006962031786592669,0.006208261280177048
2010-02-25,-0.0011800528667359658,0.0010252231124752262,0.0018098910190931683,0.0016209687757603698,0.002613811025981909,0.0029635561451321624,-0.0009359194178604809,0.0007748183919759804,-0.00013503780400457317
2010-02-26,0.0030224897619103895,0.003695053347430524,0.005579905130891011,0.0016111011774495381,0.0029689943460593786,0.0032724835447321098,0.00043945954194685643,0.0012026108690424175,0.002195255506186983
2010-03-01,0.004550250679978264,0.003975753129635035,0.003776550461393105,0.00046043206436987254,0.00210577742111433,0.00217212681301739,0.007192562220292374,0.008058330035280259,0.00889333313049944
2010-03-02,0.0041287451517998085,0.004183157461716045,0.006900678790064283,0.0012071468298602756,0.0030395401773612323,0.003517445132523632,0.0019262094351684854,0.002278690458122436,0.0019001235802663893
2010-03-03,0.003079035597949767,0.0026302740760110496,0.001693590982839207,7.02353437351226e-05,0.0011791821402659785,0.001301591687763051,0.0006212828703624614,0.000162993773193605,0.0006787316752377242
2010-03-04,-0.0002088495963035481,-0.0004212054089836731,-0.002864398620049113,-0.001298098866792944,-0.0004585670464049291,-0.0006253054812920243,0.0021068142849657353,0.003053782113686056,0.002030438424361779
2010-03-05,0.00995255539213151,0.006145014339294343,0.004306165320958633,-0.00036470985946757915,0.001964634504068158,0.0023277922041997287,0.009951100604901385,0.008155122594099617,0.009314404820722353
2010-03-08,-0.0006790603774654569,-0.002380667072687581,-0.0024257929505573372,-0.0013829933576403608,-0.002338522263097831,-0.0024407400207752117,8.599207681170284e-05,-0.0012352542017410872,0.0010999090802634726
2010-03-09,0.0007391366572619148,0.0019247502489077339,0.0013452408390776348,0.0015836315412772943,0.0019059802990635517,0.0018334616897631361,0.0011095409896047673,0.002499112966822399,0.0032729596330634664
2010-03-10,0.0021131718601318855,0.0006528031904442311,-0.0012663620411916393,-0.0006509597982479365,-0.0008108653846410149,-0.0010992462202721739,0.0029710904894886554,0.002487371882996688,0.004766763837748513
2010-03-11,0.0022718265042106387,0.0005142403433835678,0.0002411829756096741,-0.0021224769144851277,-0.0006517722799969471,-0.0004994484939132373,0.0027884075915532106,0.0026709398310185884,0.002248705726522905
2010-03-12,0.0009147982612179688,0.0009182524896993099,-0.0020942369687336807,-0.0002689860298683732,0.0006284558145611926,0.0005108456580933763,5.987528988797019e-05,0.000820095111430962,0.00012697211823971673
2010-03-15,-0.0018922018830518858,-0.0010788162602939273,-0.0008790071091354262,0.0004995395485510077,-3.1170464678787454e-05,8.549239983980288e-05,0.0001760512726519415,0.0001834173147201902,-0.0014911909261691053
2010-03-16,0.008033055213674214,0.008448057626491525,0.008256346422665106,0.002086661017760925,0.006891470383189711,0.007828137777384945,0.005326574342036768,0.007862871209489834,0.003742749706941328
2010-03-17,0.003093470680306525,0.002582068733990637,0.0010344114513189874,0.0004766242682006337,0.001529780274589889,0.0014469688376619366,0.003974068174858378,0.005020517803505402,0.0016170075802650165
2010-03-18,-0.0015443091934745998,-0.0021128733600926483,-0.0005694151629659226,-0.0009906586711590838,-0.0016824276532691365,-0.0014618373290343097,-0.00034180594819369835,-0.0016898614398084223,0.00198699220249369
2010-03-19,-0.006532832210600553,-0.007396441202776748,-0.007963430231137944,-0.0030911276629492107,-0.0059113457843666,-0.006650010739994872,-0.00339619746814621,-0.0044550736826555574,-0.0035780850185061414
2010-03-22,0.002665218089028289,0.003225289825975194,0.0001361269723683272,0.0007448912751623354,0.002462780731616296,0.0024177848349104017,0.00358529940440753,0.0056244620756602266,0.005348860594011468
2010-03-23,0.0026365492675007015,0.0018469669918390857,0.002753910536372646,1.655311718383727e-05,0.000375182916322383,0.000502169896288457,0.004723924890763551,0.0042324824229432526,0.00408369779911447
2010-03-24,-0.006475759450686619,-0.010647768157406394,-0.009487249054377523,-0.004698076166524253,-0.00927584137358377,-0.009624618132546758,-0.0032652347901629968,-0.008498274327805233,-0.0028307451139312507
2010-03-25,0.0002164747373233279,-0.0002372774990192397,-4.617861748664095e-05,0.0007393628206844474,-0.00020917875574024382,1.199735113234078e-05,-0.0010907431410007418,-0.003027351074740159,-0.0008627103476477794
2010-03-26,0.0027587551080907615,0.004337634360252301,0.005593963421500688,0.002219827188534484,0.003922602759150015,0.004363068714048401,-0.0004011088109889232,0.000679128464984025,0.0006205981085880045
2010-03-29,0.0041210220727908005,0.0037256925886684864,0.004626124666068601,0.0017423085197466898,0.0019450001737783198,0.001982665127615253,0.004263538158735909,0.004068579582324087,0.0028442041189173147
2010-03-30,-0.00011220321808968835,-0.0003885694654803592,-0.0006569638225118536,-0.00065687402083812,-0.0007448789741551534,-0.0010320067913838782,0.00046093304898382824,0.0009922334346141955,0.0019737357520255828
2010-03-31,0.00015845191633730542,0.0018569664720046249,0.003206238023708524,0.0017847041634214624,0.0021397278608831297,0.002228617540351876,-0.0022906851420970513,-0.0014492827347358538,-0.002825518363236194
2010-04-01,0.006729476653663954,0.0051095081933634195,0.009227187294024749,0.000932696690249719,0.0026092625435062567,0.003067078745244507,0.00459801106952524,0.004139865537141949,2.576718226385829e-06
2010-04-05,0.004370296585244912,-0.0013682991605024665,0.002589405978737897,-0.0043136102946544595,-0.0035197522569755182,-0.002828489676436847,0.005492297250305895,0.0018224603860031799,0.0055517732470839656
2010-04-06,0.0021987743842740957,0.0028719023190723813,0.0014375550277076195,0.0015822332501377392,0.0033054818364415426,0.003674967957628339,0.0015944981187857843,0.003186726640959334,0.0017194132019250283
2010-04-07,-0.003331679849126523,0.0012674211375216515,0.0021313956424886538,0.003225918979523845,0.0033362752024554965,0.0034089465196676105,-0.004051354462516921,-0.0012738536114443866,-0.0015683290536565586
2010-04-08,0.0007661526964757878,0.00015231800131206073,0.0011107513235043094,-0.00022651946179556287,-0.00023810620827131046,-0.00016031816189239901,0.002438629628656877,0.002065931627411392,0.0014176287169675723
2010-04-09,0.006051027508673801,0.0058085285398099965,0.004139784176412878,0.0013112798567438996,0.004080649625563873,0.004528293766575552,0.00462603916905959,0.0056187403549928395,0.0037279712668321675
2010-04-12,-0.0004339336080828384,0.0008651455551773755,-0.0031758410146028033,0.00033365646987160147,0.0006965216999165493,0.0003486510952190404,0.0011230593852634826,0.002596236401275913,0.0005141613879841005
2010-04-13,0.0021807991049418523,0.0014520572189957283,-0.0010227598046805189,-0.0005153007031214954,0.0013623931971103887,0.0016078431855958751,0.0005321742862394436,0.0015435414760994555,0.0032003998337044705
2010-04-14,0.005370285580846872,0.0042113438203196605,0.0042039997061201016,0.001033359837067789,0.0015874361850722529,0.0016615425927184449,0.008013942467561921,0.007329610271339086,0.007525293981789155
2010-04-15,-0.0015637718218960276,0.0008754778562295276,0.0003228461812371352,0.0016163364151509459,0.0008408818958923258,0.0005777296795288093,0.0005862385761810484,0.0014795920614426247,0.0027866657721854963
2010-04-16,-0.011170456355526475,-0.006803926169531141,-0.012415324415274149,0.0003277798580564475,-0.0028846946490586646,-0.003984990616992479,-0.011270937853147237,-0.009204113193322138,-0.0075697728698730276
2010-04-19,-0.001133191217722723,-0.002666007876866418,-0.0015854611219844096,-0.0020244732890663643,-0.0024143742061005615,-0.002308422238554702,0.0026601861883816954,0.0016089246713610272,-0.00037951688386639125
2010-04-20,0.0057236243704334566,0.0048585599451354535,0.0037961650115543614,0.0008754989942584776,0.0030502151481350526,0.0033288896124478344,0.00630598846163462,0.0070708293774546585,0.00318307933023998
2010-04-21,0.0007109788214607874,0.0014372213257273611,0.0017042698870647882,0.0007239243141154034,0.0024613458469410552,0.0029837980918458115,-0.0012862151763796035,0.0002417860367505845,0.003552682669506431
2010-04-22,-0.00014214357499244372,-0.0019570377950751936,-0.0004113439075367996,-0.0012763717741492088,-0.0017904696666311507,-0.0016516502377574628,0.002112517170978575,0.001079102919190047,0.0035409187007366377
2010-04-23,0.004766742581044781,0.0032290650546427345,0.004223423112037137,0.0002718177711376502,0.0018567736321893687,0.0024863196935596145,0.004623396608344541,0.0035822650323972228,0.002646498266370976
2010-04-26,-0.0003600991976083734,-0.0006594015476577577,-0.0009610134590115524,-0.000349654628321865,-0.00022092507252028566,-0.00023155810942049727,-0.0026770634717582487,-0.002584730660893566,-0.0013792129229321817
2010-04-27,-0.014407376524429557,-0.006972240668014543,-0.003186968983517886,0.00256126395496459,0.0004829615154907282,0.0006529223469951091,-0.016755605296357105,-0.013447033058248486,-0.01345372465443198
2010-04-28,0.0003938238554732624,-0.0013651579487728332,0.0005507113351900964,-0.0003878158895476672,-0.0019954964025112264,-0.002005802861566436,0.005346529772470635,0.0031235910232704635,0.0003845206489477022
2010-04-29,0.010193184650871405,0.008476690186954348,0.004255572419886645,0.001546092659743176,0.005665091736608488,0.006210083333760368,0.008743740487870823,0.010339622925433991,0.010961210426876205
2010-04-30,-0.007316499982559721,-0.002910864445110864,0.0004894057841080171,0.0015854736593797626,0.0005719337610017734,0.0004280176592773268,-0.012001989811190765,-0.009894332170146722,-0.012476125845624516
2010-05-03,0.005502568007690596,0.002631844735381062,0.0018621156716007374,-0.0009942521696208672,0.0011041451929403403,0.0017396720563533385,0.009129228672574177,0.008492808421928353,0.008809561587659054
2010-05-04,-0.015304421700462386,-0.010818836718575538,-0.012476701052433774,-0.001867196060296571,-0.004281558256178692,-0.004784284814573451,-0.016619116137985012,-0.014515744909697925,-0.018975981440951344
2010-05-05,-0.007380069342447496,-0.0034614273890744723,-0.0032325763593500233,0.001828489571205247,-2.8822545521705922e-06,-0.0001218625746164777,-0.004178800555726937,-0.002497054754277449,-0.0032222490445334945
2010-05-06,-0.019660739121787008,-0.008409054258431747,0.00859774188559248,0.0032307268636264652,0.0010295901992907197,0.0015718943353673076,-0.025958251676409638,-0.023583643371525298,-0.024618604294558644
2010-05-07,-0.006141002463084439,-0.006189696526189262,-0.000960800607359562,-0.0017678336036479525,-0.004263819686993559,-0.004469215293617531,-0.011503689739800675,-0.014985391280542153,-0.018103625647425545
2010-05-10,0.033124746601865054,0.020208240155383323,0.009537541301202337,0.0008564446177275538,0.007810496880134483,0.008271112672263508,0.03394746201539499,0.0344860715887725,0.03751516846052102
2010-05-11,-0.0011337446676019723,0.0011399791210199189,0.008356648069657784,0.002130810651074073,0.0033381543959481474,0.004417782506665247,-0.002209678507840424,-0.0018534202029346887,-0.0007643118621433474
2010-05-12,0.008206457585771132,0.005552362949697768,0.0045458292351669176,0.0009597490945860458,0.0027311782330807608,0.0031435730160803334,0.010879752557269138,0.011035680434596544,0.013800683717378954
2010-05-13,-0.008205660459615984,-0.00522594267012109,-0.004152538070361666,-0.00024830291910697076,-0.0023890313953368373,-0.002851681317623468,-0.00969705796720144,-0.00960041870806641,-0.011643461276828566
2010-05-14,-0.014643938366686756,-0.007805289490739859,-0.002542046452367689,0.0009969924059110926,-0.0022775342514972517,-0.0027529934348978456,-0.014085087927024004,-0.012405349888357274,-0.01407617920148092
2010-05-17,0.00013910932576832865,-0.0010339876730700525,-0.006240944626076415,-0.0011965353810195454,-0.001813515130821477,-0.002091814166187011,0.0004098080980490083,-0.0008943850875839513,0.002330116100507843
2010-05-18,-0.009990968012716041,-0.004153161546400471,-0.0008706303679837988,0.0009625807290198575,-0.0002053966606363948,-0.0005300581683222673,-0.010540238115257764,-0.007711532299033965,-0.01006333013928226
2010-05-19,-0.004140122078261602,-0.004278997856723114,-0.012855747442883729,-0.002858142499773482,-0.004206118479898373,-0.00521263892249169,-0.0043970372787800905,-0.004553044536611505,-0.005785568077313222
2010-05-20,-0.02231306918921442,-0.012661711380704195,-0.00952768026131554,-0.0008210784499635524,-0.004683201409502059,-0.005562667404588389,-0.029132250559069612,-0.027496061272919665,-0.026900895917978822
2010-05-21,0.012722576764973095,0.007661753172285895,0.004573394531550951,-0.000557920020206548,0.0034381767814600905,0.003596074449222725,0.011165459578563845,0.013175614158338804,0.007923792445588426
2010-05-24,-0.007591883290960966,-0.004895128317988994,0.004161897375823038,9.600545712983691e-05,-0.0019010698356591719,-0.0016101762224381285,-0.009843847170414142,-0.011334922407052602,-0.0028852873296269206
2010-05-25,-7.892990033078057e-05,0.0007978294043989955,0.0013346622538264788,-0.0001879331547141282,0.0015108597573941435,0.00177650959221132,0.0007830025105033397,0.0031076991045243933,0.0006454834936827287
2010-05-26,-0.0038950822106377644,-0.004254549385205072,0.003312197143954985,-0.0015381316443201672,-0.0023538104774556063,-0.0019218335566129124,-0.004611263049425421,-0.00664174690450825,-0.008036356049663303
2010-05-27,0.027513448208653223,0.016322168334257137,0.00912302661118427,0.001497865255113785,0.006278674994159929,0.006924761805924184,0.025596669499218506,0.023180904516369078,0.027067280260969776
2010-05-28,-0.007224779800658483,-0.0019425942205426722,-0.0008415459780407628,0.003024621745424604,0.001308448517258299,0.0011606028268082917,-0.009661080568375004,-0.008288520447158467,-0.004258665022905015
2010-06-01,-0.007045803732611549,-0.004291178752458024,0.000619656090979239,-0.00031844118559916476,-0.001605368444298239,-0.0015108393833121354,-0.012914769598938995,-0.01406444073056576,-0.006654303023908893
2010-06-02,0.014040593781824377,0.008023255843872971,0.00432345699380017,0.0002393552845525612,0.0022443060011040432,0.0023847639054544994,0.019913679226237827,0.01920629607550676,0.01707227331240584
2010-06-03,-0.0017307535694356577,-0.0021741421503726098,-0.008495965664206226,-0.0010632674537330725,-0.0027070042573396134,-0.00330386506569963,0.002650747431912266,0.0021372400445213904,0.006902669978254338
2010-06-04,-0.020729163795214434,-0.008650924450375942,0.003314174584971206,0.0025425779680622674,-5.7371103558376525e-05,-0.00044564034145117617,-0.027050191747490435,-0.022443820450639182,-0.02492319003003122
2010-06-07,-0.0030984983395263566,-0.002363585902649179,0.0073219039263217045,-0.0005974656222835772,0.0007009956394394834,0.0013903663182168735,-0.005755084769318297,-0.005686620479247506,-0.007780076677091463
2010-06-08,0.003445776380936815,0.002434635463424953,0.0017665718945266626,3.6227957555326606e-05,0.000586205293059051,0.0006850905570386042,0.004643513230444226,0.004402470720968734,-0.0007318659595048233
2010-06-09,-0.0011080013399018369,-0.00169015472096441,-0.0028857653524149702,-0.0003931009745157441,-0.0007527633113931896,-0.0007701952293774393,-0.0023279101505725964,-0.0027097543205778906,-0.0033989684834476916
2010-06-10,0.011601994174406648,0.009241155839636504,-0.0026011648140849054,-0.001448955931469108,0.001560265580816786,0.00164560660030052,0.012704120284471196,0.01178222162752034,0.011531999759281018
2010-06-11,0.003149341304067904,0.00661316064614891,0.008229380653662978,0.002946741612933235,0.006125188649932848,0.006501827368652087,0.0021462634563605212,0.0046769217181895605,0.003922867666396261
2010-06-14,0.0015897595527359547,0.0014505987410628337,-0.0019308730837916486,0.00025148156207157376,0.0008023718455583018,0.0008562222557191757,-0.0006847895638321802,-0.0010973243259543766,-8.920511474090114e-05
2010-06-15,0.01051561812101161,0.011692538640904483,0.011075298180732206,0.0013807103941503162,0.00585111519589753,0.006488418229312627,0.010062048054718845,0.010801748544795518,0.01108415407045899
2010-06-16,-0.0010249069052605509,-0.00028558673143687916,-0.001270057213828798,0.00019202544751619038,-0.00011211772045204067,-0.0004943709429466391,-0.00015771833551135505,0.0007439153830753107,0.0017094658223489598
2010-06-17,0.0015857007866734607,0.004194138604842953,0.006990553957702303,0.0018071734143976685,0.004318553060959277,0.004748703023575353,0.0007220164306540538,0.002422896590000615,0.0013471907222552296
2010-06-18,0.0005415749589506432,0.0006049044712736157,0.0036998836580244047,0.0007511724301090169,0.0003941027001678925,0.0006294001335913051,0.000488306281780334,-0.00010755766798926553,0.00035253898134740563
2010-06-21,-0.0018892452320278146,-0.003455625544712724,-0.005524564297013671,-0.0008359856180477376,-0.003380944641754564,-0.0042245693821018485,-0.0012818990100736715,-0.0017585489804980954,-0.0035852695483116915
2010-06-22,-0.004991449081265159,-0.003199458040201796,0.002109523591726969,0.0005105663901817763,-0.0002445308782730431,-0.0003954055986720643,-0.007393847498965088,-0.006689596599231204,-0.0032383289715645983
2010-06-23,0.0010200391026064807,0.002401302849478425,0.0004036315773243118,0.0010032793751358932,0.002156940501240385,0.0019695180105351617,-0.0013739260236233586,-0.0003552291046722397,-0.0017130392437689223
2010-06-24,-0.006507980125492796,-0.007433303983201765,-0.0032716570459803422,-0.0004260022138772751,-0.0038497152244680527,-0.0039584372335221656,-0.00733752550802552,-0.0089008105731865,-0.0063301644772343554
2010-06-25,0.003312829570651133,0.004396794779054384,0.009099049966047624,0.001698160213450124,0.004242555209098817,0.005035257837596278,0.0018413274544869377,0.0027067728060415383,8.515514327686488e-05
2010-06-28,-0.0013064852352542174,0.00044364921470303807,-0.004721245534757793,-4.0931034872159825e-05,0.0006895839075744458,-8.998498622758928e-05,-0.0013828407905768381,0.0008027134139482166,-0.0014556394838871915
2010-06-29,-0.013433663033216324,-0.014354312248130328,-0.006885371516468955,-0.001382535419345946,-0.006197906411901192,-0.006448473794660917,-0.013553590058267099,-0.014397548775028348,-0.015892606723777774
2010-06-30,-0.0035201385227322138,-0.004150527353955053,0.0007377580711499018,-0.0009456055414758419,-0.0018522814879240734,-0.0018215554206148642,-0.004094234518752254,-0.004290173264222916,-0.006122584752025657
2010-07-01,-0.00034351153092297384,-0.0026094713959153035,-0.01639562718533334,-0.00277327316196724,-0.004459990894690801,-0.0059537254609413484,-0.0019081173365192515,-0.0023970544359719873,-0.0011167572893619573
2010-07-02,-0.0007568399387299951,-0.0006550967432328441,0.0057887615184242245,0.0006050532621358865,-0.00039126655382415806,-0.00021590443737094951,-0.002328241314164975,-0.0033663287344420237,-0.0011181697334648596
2010-07-06,0.0017555223205039095,0.002358413700037434,-0.0022714310396435354,-0.0005150479633486471,-0.00034334417754833247,-0.0013916459307496164,0.0028004487591549356,0.004142310773111333,0.0012210463451744254
2010-07-07,0.01158424865441221,0.013688920954807893,0.008541430400382355,0.0014611882077455451,0.007797701421214276,0.008750316698297844,0.012426027703520859,0.013551262856926538,0.011708497776287574
2010-07-08,0.002450010328604697,0.0023417344312869925,-0.002237790430980984,0.00022648673788883697,0.0007408749738036277,0.0007423135504006928,0.003990376627290278,0.003935991442640773,0.0020506462377430277
2010-07-09,0.002680739306912928,0.0025210763077223486,0.006343742562342535,0.0003761696188990849,0.0014549637045941637,0.0020157138169477574,0.0030291531467990427,0.0027494149701084818,0.0035786768210706744
2010-07-12,-0.000633106728188424,-0.0005296743416617909,-0.005309431242786539,-0.0005563523265586071,-0.00036773030806166253,-0.0006462212559394946,0.00026772230013198813,0.0008186076593067024,0.0011063453040554465
2010-07-13,0.006605601695037476,0.006417688014414357,0.004547293918089532,-0.00026712231114994257,0.002836593950628429,0.0035025216226675544,0.006147504634494726,0.005705736861731578,0.004917323091335709
2010-07-14,0.000193004883023913,0.0026790591137770613,0.0016789440632398985,0.0018401029857380632,0.002823308931235692,0.002608616695344739,-3.390404901118917e-05,0.0014395183498190941,0.0019426539936409628
2010-07-15,0.0009814679849586036,0.0027221960938820884,0.0010791621707710937,0.00016861724482112982,0.002309468970133528,0.002150707430557968,0.0001159619160127154,0.001675890293546219,0.0003402358227113461
2010-07-16,-0.010239041149790623,-0.010781668392829933,-0.01062541608527811,-0.0003812199716194075,-0.005182363064434121,-0.0060823531365212175,-0.011309502608300253,-0.011483101730156044,-0.010594193507094056
2010-07-19,0.0022959255714036344,0.0013107703909829673,-0.002234618418853811,-0.0005754261177511904,-0.0004099897551873837,-0.0005182638267982159,0.00239112744681404,0.0019948247961217454,0.003234564781254396
2010-07-20,0.004450967857729602,0.006024484046592484,0.009815954072268072,0.0020842478795540676,0.004438344444071133,0.004935858615042751,0.0045015593465251484,0.0055752788631698086,0.004579617455556252
2010-07-21,-0.00498889864517521,-0.004406979060248017,-0.002631565561181071,-9.703157775506686e-05,-0.0015981924137322616,-0.0021691603018407705,-0.005302145259888428,-0.004267068392480176,-0.005225724818933699
2010-07-22,0.010844446979487748,0.01164098984191276,0.008541075206742965,0.001207364088069856,0.0058122863802510805,0.0065880233486742155,0.009045392601305064,0.008865679940633593,0.009585537874553431
2010-07-23,0.002742084758925735,0.0017695159837590238,-0.003144026326291325,-0.0009220401242615852,-0.0002635553742037694,-0.0003026973513796005,0.0035652545389564315,0.0031816541199385854,0.002439672025809873
2010-07-26,0.0035384303833402857,0.0033449694434606464,-0.0009021493895768354,-0.000483624509516658,0.0016936576259547788,0.001896535112457074,0.004299853179916622,0.004920188190273661,0.0031876083987769205
2010-07-27,-0.00025064932914071786,-0.002325507759067865,-0.010459829226283798,-0.002172397842316311,-0.0034989233395783235,-0.004084115407844277,-3.3587545837574747e-05,-0.001070253492674436,-0.00016338268033363193
2010-07-28,-0.001811976097109345,-0.0004277418816570475,0.0018855124068521455,0.0016482393219376978,0.0014735257430659471,0.0015016957804703927,-0.002674859194249605,-0.0018460910675340203,-0.0030870393411428104
2010-07-29,-0.0005576274751835328,0.0006960625287972314,0.0035790315168066945,0.0017441631536450836,0.0013903230419371648,0.0013670027760845007,-0.0020106621041913798,-0.0017229155965975418,-0.002845044269777139
2010-07-30,0.001398487722804887,0.0036630963256274163,0.00904293153656747,0.001651886767944922,0.0041635358303674305,0.004558071912068456,-7.136896802860755e-05,0.0016677548779166938,0.0008438583386772589
2010-08-02,0.010072190249572842,0.011048246309603639,0.004914724983918378,0.0008675391490301233,0.005525985278950816,0.005950322564241556,0.009310683927247196,0.009904332628327416,0.007224357051562837
2010-08-03,-0.0006116571596548333,0.0012531742493278705,0.002967783615377665,0.0012279639002525649,0.0019809479303650734,0.0018895371658239836,-0.0019961521883533643,-0.0009284799473353293,-0.001663237170270406
2010-08-04,0.0015411496126648957,0.00044051088487778825,0.0013093689635323936,-0.0011440370142758807,-0.0006014303834274282,-0.00021772324365845871,0.0027866015977060965,0.0019926825760378467,0.00392803252918376
2010-08-05,-0.0011872115156632557,0.0012749842465917816,-0.000485645279613367,0.0019570680905951487,0.0022330843237317044,0.0020511695960738763,-0.000440473078268111,0.0010143083446161327,-0.0009585382467538484
2010-08-06,0.0005185770811886962,0.002666137628763109,0.004471109734165272,0.0006699540695890416,0.0030818527308469506,0.0032136487205649913,-0.0016966970002169756,0.0001528211182961685,-0.0006004990860867698
2010-08-09,0.0017401352836405141,0.0010206649156192335,0.0007495084406691313,-0.0009892146004467706,-1.153519889612991e-05,1.4151613378367677e-05,0.002224904215525028,0.0025143558020653692,0.0027659193064059544
2010-08-10,-0.002635677771482071,-0.0011362596810902887,0.0006029802522535082,0.00037553060290831215,0.0007822162948550948,0.0007297911883483311,-0.002250223419358766,-0.0009634242886623944,-0.003525643766154667
2010-08-11,-0.011955461239838955,-0.012503006125003394,-0.005175739306872776,-0.0012975355477777087,-0.005263741843178759,-0.005578817313610726,-0.01140047124924148,-0.011368348037522178,-0.010966916852794788
2010-08-12,-0.0009626718499081354,-0.0015680907314194832,0.0017604656314692776,-3.9927699807023025e-05,-0.0009206181571472492,-0.0006053785926468554,-0.002505650787433766,-0.0037626757048219712,-0.003140427154925093
2010-08-13,-0.0003075531728469764,0.00021705756740185954,0.0017415875648648105,-0.0001803927257135446,0.0008465027320475919,0.000817992756685744,-0.0011979763448137922,4.5848993590214043e-05,-0.002800012663590588
2010-08-16,0.0019182209405425466,0.005233163548561923,0.006369310251487338,0.002477604073244703,0.005146716756897483,0.005323301545381181,-0.0001841910641084165,0.0022169291149717117,0.0007067613915100606
2010-08-17,0.004482592688290024,0.0034674560562125774,0.002639977590935361,0.00023737517265226204,0.0009424709474427613,0.0012534358297631447,0.005004665464650708,0.00407663992591076,0.005008448487168225
2010-08-18,0.00021528623921623704,0.0004752639953808521,0.00136105382449845,0.0006389503117127378,0.00048263708978326866,0.0006412514442620864,0.0007521735312388768,0.0005273640106297195,0.0015762881789702188
2010-08-19,-0.005886445998085577,-0.00542676821370471,-0.0026701571109736862,-0.00023217800313904394,-0.0019723201748979694,-0.0022321310027960902,-0.007136853053424004,-0.006771790123448236,-0.006014594206261018
2010-08-20,-0.0021490990471882752,-0.0037801380692619267,-0.0033400687994486326,-0.0010293077812225666,-0.003009401747583631,-0.003109402024381285,-0.0013143577758895127,-0.0026217482779081255,0.0005301524012218165
2010-08-23,-0.0014866790946875656,-0.001381709766443155,-0.0014504106055024076,-0.00031607752283206573,-0.0005357764052753324,-0.0006593244082043668,-0.0015418084606086666,-0.001344073797092885,-0.0038548818201662774
2010-08-24,-0.003866403891538546,-0.001981746583938637,0.003736194142570546,0.0009967491069118187,0.0015525998392850815,0.001676963510745539,-0.0060002193096212,-0.0042742445682278155,-0.00730375230910323
2010-08-25,0.0013183917937131331,-0.00036768476435833304,0.004190111006271321,-0.001285034441453607,-0.0008255022956650301,-0.00022585286002491678,0.001561459633218858,0.0002483458541365186,0.0037288710457406044
2010-08-26,-0.0016288539853113173,-0.0010804980574513085,-0.0009542014077005196,-0.0005783631369703425,2.693792406415295e-05,-0.00019304625932451417,-0.002689366580244343,-0.0015643657385081425,-0.004679360906995956
2010-08-27,0.005188370060480726,0.0021959956526325266,-0.0003978457683566458,-0.0004302040916028179,-0.001523870131469592,-0.0012448603857713079,0.006202825502056343,0.0032311048136944307,0.004708900988477597
2010-08-30,-0.004412038122113548,-0.0020799033321379644,0.00046536339721350243,0.0014938422896464817,0.0012977018971020713,0.001137152290957877,-0.005855303410183821,-0.004212504262950733,-0.004061341794110414
2010-08-31,0.0020783679015354724,0.003926341980828042,0.00723399805751656,0.0014090686240295486,0.003860947724633736,0.004263050420750611,3.3288785364924168e-06,0.001525344908400988,-0.0013273889145615533
2010-09-01,0.010506218868705024,0.009428670540753038,0.003155482997136165,0.00034414874182070524,0.002867884269228414,0.0030999605395600938,0.011979299856665016,0.011386737698745006,0.011552419712519519
2010-09-02,0.002885377497972887,0.0022981276948775033,0.0028456885701764294,9.637528018233837e-05,0.000693124397161068,0.0010622482624087525,0.0037977796139826766,0.002988578570179561,0.0043943968107800135
2010-09-03,0.004984017496872495,0.0029156490315107586,-0.0012644131627506106,-0.000579719543090329,-7.193416541306785e-05,-3.7444955230947485e-06,0.006218507263438644,0.005052065547241691,0.007587298607323767
2010-09-07,-0.005259169284953075,-0.001639047380011947,0.003399942454512122,0.0016979125127020572,0.0016867494896451256,0.0016872387969971597,-0.0055007663003933845,-0.0034791373984806484,-0.003135168406066153
2010-09-08,0.0033062129977288733,0.0018786014656210922,-0.000538105115227754,-0.0010329123077204847,-0.00023194742441264935,-0.00021209647857070634,0.0034117914226743247,0.0029378133381959587,0.005588279579387465
2010-09-09,6.933034573549563e-05,-0.0029806736222688095,-0.010696356669815178,-0.0026648872186803628,-0.004814447142566807,-0.005260871607534938,0.0022531765958465943,-0.000329232006302816,0.0018207867283981283
2010-09-10,0.00178217602192203,0.0009307836948951431,0.000523027225450689,9.766383005953993e-06,-1.2836334713043567e-05,0.00011889531564569474,0.0024682156066721758,0.001809967252441425,0.0017166583341138237
2010-09-13,0.007592743846262559,0.009011072136495577,0.006113044646972387,0.0024766501115498895,0.006079739628100814,0.006113115202076333,0.005448292101999073,0.008140682206658196,0.006544160061008071
2010-09-14,0.002830431255891039,0.005539481949693331,0.01118363001544968,0.0024162432164159878,0.005341931432064476,0.005896476505557802,-0.0003024891991664599,0.0015069260721508999,0.0020024092040471096
2010-09-15,0.0016817353423858683,0.0010155342403616926,-0.0001108446049059749,0.0005556840900831183,0.0001509667822806733,0.00025355545883996486,0.0018815407731484655,0.0008989556184646673,0.0029966795103034804
2010-09-16,-0.00014108900472076797,-0.00020788431594166186,-0.00024653449053449494,0.0004971010287581082,-0.000375450863174831,-0.00023523788345648937,-0.00012754823954870453,-0.0014419953202004275,0.0018932816666478959
2010-09-17,-0.0007558292731801633,-1.0762335969072905e-05,0.0013124270327576134,0.0003582223369352674,0.0006420129305660418,0.0006506997340048658,0.00018729258982016817,0.001051331309112717,0.001615763748182949
2010-09-20,0.008084275660122393,0.00851728774694262,0.008477196670012085,0.001244217487665594,0.005465899124800824,0.0057841270802059894,0.007543865631804837,0.00994216993230531,0.008349938056362426
2010-09-21,4.7832999415339765e-05,0.003535949742651607,0.005615436945922638,0.0015087438277131314,0.004181816106586936,0.004180263405957378,-0.0009973703015945937,0.00225498281827062,-9.504320307257863e-05
2010-09-22,-0.0010130459530037373,-0.0005980371201845977,-0.0014106849896901139,-0.0003916160027278103,-0.00039261771608955056,-0.000545101892426249,-0.0024360765260824143,-0.0022692670080485724,-0.0012779827474310097
2010-09-23,-0.0045821723542982,-0.003467510797923354,-0.0043311283776606225,-0.00039006264773100294,-0.0019052310875458923,-0.0022064434465679794,-0.004013359079826059,-0.004135775484502273,-0.00019392596141954693
2010-09-24,0.010795741848049458,0.009074763116549596,0.0055257671039604835,0.0009583451289140276,0.004062042766128,0.0044655903119266835,0.010173109689545972,0.009957342875213349,0.00977405724019634
2010-09-27,-0.0020776293612605203,4.761040235389709e-05,0.001146402258913065,0.00015012265070162348,0.0013517639382482256,0.0011337680920497578,-0.0023837228352391253,6.897891507983206e-05,-0.002636045539458705
2010-09-28,0.0027675544782551536,0.0038000820613076033,0.007046043818026874,0.0012510051115446515,0.0033184486359457725,0.003636941765519662,0.0017433141642487526,0.0032487653065447135,-0.00019250804037488882
2010-09-29,-0.0013358106876732113,-0.002039820149826488,-0.002299426624799966,-0.0004688943247135659,-0.0017901941182859812,-0.001832025425217201,-0.0008652087887511615,-0.001898114242686703,-0.0007810742897412735
2010-09-30,-0.000761893108613174,-0.0012473454677526883,3.56534425671409e-05,0.0003903745529048679,-0.0006759246301461533,-0.0006174717542980642,-0.0014747510131585236,-0.002158509405262498,-0.0021545204521642445
2010-10-01,0.0040023756285541045,0.004136830659651957,0.005612504291613219,0.0013304795225055135,0.0028244330168259784,0.003121184309083866,0.0020925229445621064,0.002619928919031209,-0.0005866762477096454
2010-10-04,-0.002654995118257176,-0.0023225070816345742,0.0017426647802141944,1.392686600123422e-05,-0.0002766077501665025,-0.0002398931032567112,-0.0037326666415591803,-0.0030163966652521864,-0.00521064941496422
2010-10-05,0.012798594310198697,0.011869420203269643,0.017895877624732215,0.0029539769475370736,0.007594266406833583,0.008356016709767822,0.011523859726148888,0.013805401938282502,0.013415316411290013
2010-10-06,0.0009407619968284209,0.0024973550460142126,0.007183089582970331,0.0004963863286749677,0.0027522337912658235,0.002833210100646175,-4.779265760283933e-05,0.0028692485530221624,-0.004847861744787764
2010-10-07,-0.0013323753444133962,-0.000292782371483075,-0.00740172664336966,0.0007063055861717979,-9.484451314616219e-06,-0.0003925102956106754,-0.0006990181836679742,-0.00038673898717302477,0.002042422724322531
2010-10-08,0.004038538209481968,0.0036887741781118414,0.008970437398820044,0.001009710661996531,0.002512757782648635,0.002859636953371246,0.003260033845818829,0.004065510938458574,0.0038476574858579116
2010-10-11,-9.002893125104036e-05,0.0004660727503265112,0.0035785440496243063,0.0004673430302461893,0.0008178804507685163,0.0009825866977239304,0.0005515933694657502,0.001104704301029972,0.00022758721333737046
2010-10-12,0.0006117792007455525,-0.0010041313755653704,-0.0029504179189522154,-0.001509829763086393,-0.0015786413982043551,-0.001524141000003105,0.0017999106153017703,0.0008168398248928571,0.0038320640193069493
2010-10-13,0.007732100778660072,0.006752989163474438,0.014941224791664357,0.0018904875562411163,0.0045925539712437895,0.005236075615797948,0.004538153514349841,0.005406428799475525,0.004603405524306277
2010-10-14,0.00024687247041413866,-0.001462866239782006,-0.0010014561037951218,-0.0008552868558216202,-0.001882849415154296,-0.0016740480386786757,-0.0022803712136346163,-0.0053070553835933305,-0.0011146715665400185
2010-10-15,0.0003218565515025107,-0.00016127088050187576,-0.008330260157759442,0.00026408821978036984,-0.0012889822608455035,-0.0016050599423367336,0.0011961789772155411,-0.0005345253572628144,0.011968004752473282
2010-10-18,0.005145905051819983,0.0052949415849989105,0.008105982037495052,0.0009045584114895351,0.0042073492595340045,0.004462525821126624,0.002883699990708424,0.00558353429856922,-0.0020969586446907187
2010-10-19,-0.014802005413149815,-0.01163912217181375,-0.02510801495873323,-0.0021588823755532335,-0.0069237379069638175,-0.008110478667477548,-0.007675202787599983,-0.007641196361387879,-0.005313048728246422
2010-10-20,0.008341653179999768,0.006628586765807126,0.011784637071531752,0.0015349519575167164,0.004278470758761786,0.004854824181847392,0.005692688569037579,0.006517790590199411,0.004121619615297092
2010-10-21,-0.0016591831125439616,-0.0029414273157343765,-0.012814773615595333,-0.0007766113715379186,-0.003391763150266715,-0.0038697151466999128,0.0012924116079311993,-0.0009576254774657185,0.0011107169619664606
2010-10-22,0.001783429835280115,0.0014270843579903998,0.0017255454177306842,-0.00022877810490741323,0.0006521122115692304,0.0007103420126976934,0.001092561735343656,0.0014337917885209875,0.0038787669230975906
2010-10-25,0.0027230891272754876,0.0026336078793989834,0.007364059122394942,0.0012888878505289154,0.001970034409908441,0.0022702938869081793,0.0017351586807660103,0.0019303237740127507,0.0027603441455985164
2010-10-26,-0.0017201689645703776,-0.003690438783764763,-0.005477798700601468,-0.002024464204824367,-0.003952001627105742,-0.003955354855709514,0.00010138032206947497,-0.00287089954609769,0.0015426877567157572
2010-10-27,-0.005376419322311913,-0.00618822522688388,-0.014346283863078688,-0.002205407240539122,-0.005301820710985614,-0.005666617675228491,-0.0016780011000105473,-0.004605957594249014,0.0017599613558140037
2010-10-28,0.0038713902829345015,0.006454028585925023,0.012275283913860577,0.003419093540624362,0.005833007074777203,0.006072499746431608,0.00010117633127935602,0.002708255583692348,0.0012084202073015338
2010-10-29,0.0015740089973361817,0.0028160790754341797,0.010148012821945435,0.0011706957414243581,0.0030752692749317933,0.00340507236794802,0.000447365109420756,0.002525577977551933,-0.0013122499035227659
2010-11-01,0.0007578211254126123,0.00014853227443017948,-0.0013545345384870157,0.00084819397034559,-5.594895061088532e-05,-0.0001237009811706754,0.00020020890405694942,-0.0005186682151169516,0.00044068339404071025
2010-11-02,0.006596555830554208,0.0055671753545701586,0.008034064220709736,-0.0002187987806663559,0.0032041206666726546,0.0033687013772463145,0.004652339321761939,0.007064288662275302,0.006141070197290805
2010-11-03,0.0019415259738557733,0.002316958380365941,-0.002458944271096053,0.0003791330923486047,0.0014290068069073847,0.001107669358187957,0.0026017006929641706,0.004571685394025193,0.0027209130799783487
2010-11-04,0.01510345887300776,0.014306154612014016,0.028665844472533113,0.0032544526805505687,0.011252056526234035,0.012570998359434109,0.012859299619890836,0.018737453980099197,0.0074248508720638024
2010-11-05,-0.0007461190805534717,-0.0025013772793941666,0.0020204838573313747,-0.0013193581121336278,-0.0021253434471286857,-0.0017868193453359595,0.0025298445404875673,0.0007427448988627347,2.0189820490108662e-06
2010-11-08,-0.0016374823245771744,-0.001148209316697463,0.004197647079220151,-0.0004905602203579568,-0.0002824597905700161,4.5802077767089094e-05,-0.0012593099750095361,-0.0012929707759756436,0.0007954016661242708
2010-11-09,-0.010096622882781413,-0.010652529266896991,-0.023862002793615167,-0.004392974393998514,-0.009903352523527805,-0.010900210438308501,-0.00482800656077726,-0.009717760466100232,-0.0032826022219216745
2010-11-10,0.004283152438058015,0.004928715776667289,0.011878221341104658,0.002191765833171684,0.00465340493648665,0.005193644438424961,0.002704120442139288,0.0049496716037058346,0.0030701366262913784
2010-11-11,-0.003928430226138921,-0.0046732328620501555,-0.0010226532365093296,-0.003237002462521583,-0.0035902462476389164,-0.0034829312922936536,-0.002528500241685777,-0.003447340617032487,-0.0038496821384498632
2010-11-12,-0.010058768648384469,-0.010522320336171129,-0.022595751284589443,-0.002619020547129001,-0.008776131675278825,-0.009798977038103979,-0.007938620223001304,-0.01321526010332907,-0.009892165605079963
2010-11-15,-0.003788037982490644,-0.006697116067519813,-0.014588985914063714,-0.001943104208195165,-0.00700100979585371,-0.0073361141337557455,-0.0009431044220536128,-0.007568088649572629,-0.0022951216487821745
2010-11-16,-0.013532339872499705,-0.007847409611752185,-0.011141405202779646,-0.0011090655788879172,-0.0035021748797571003,-0.0043274769342449846,-0.010401859882616759,-0.008281156694897108,-0.009898739647433418
2010-11-17,0.0019079855769746873,0.0010499846284965726,-0.002050624606484065,0.0011115501107447382,0.00026018531847870225,0.00018737206436696108,0.0003393351750409289,-0.0010854431352237358,0.0017462625130374287
2010-11-18,0.010891505812335521,0.00820348465130046,0.008194971842169857,0.0017882843719162218,0.004459133074616074,0.00493856859398932,0.009780805355758797,0.010053160681499172,0.009636767322847288
2010-11-19,0.0011386651484367586,0.0005383183256866152,0.0029429766064108503,-0.0010165038529670754,0.000348033431232452,0.0004501010633552823,0.001838520846188987,0.0031380718638771804,0.00046202840101757485
2010-11-22,-0.00046076750059239664,0.0024132723868366926,0.008858116457218118,0.0024960772060173527,0.003651327553414909,0.003983648176674104,-0.0005534463094274486,0.002030673228611688,0.005058683332068888
2010-11-23,-0.011531626417325538,-0.0071482027546434755,0.002838454845452519,0.0004270365274003625,-0.0020678860183327595,-0.001803023618575271,-0.009670147122789187,-0.010081668115062734,-0.00960204717621088
2010-11-24,0.007512048815025384,0.0008833442203132909,-0.0017314841282713932,-0.0023471974782540666,-0.0027629291170612478,-0.0024997584878587173,0.00982477883497906,0.00580472981840901,0.012124244919418492
2010-11-26,-0.006912754308524336,-0.003651859951767757,-0.002627895687186134,0.00028505394121570174,-0.0008704905996632368,-0.0011599107212724377,-0.00777946206611173,-0.006810161454034563,-0.003989536188503391
2010-11-29,-0.0019681202473579066,-0.0010984751020349864,0.0026359123805005436,-2.1864942940271694e-05,1.2564879169606498e-05,0.00013295335924598525,0.002019079448882134,0.003401857927148822,-0.000455253581323605
2010-11-30,-0.003675572399338523,-0.0011083331375613056,0.007566125804163238,0.0015689377317213609,0.0013134292244617457,0.0017950406368389374,-0.0037434045914579712,-0.0034369511719899155,-0.007329907524020105
2010-12-01,0.010950846598532243,0.0035839290408699437,-0.005677882414860972,-0.0018326635266960691,-0.0020976855934290613,-0.002029537987433763,0.014143065721522121,0.00955814479326034,0.012698505036303254
2010-12-02,0.008712842051218974,0.005638587630848151,0.00198502021379771,0.0006935978946066055,0.002363989242970436,0.0024492423827493217,0.008578601624357043,0.008650237328535948,0.006156891481709436
2010-12-03,0.005030977792778835,0.006121918384253577,0.006915803410770804,0.003967859499339976,0.00528235104925745,0.0059179094664441045,0.001956173323906185,0.00203332408880752,0.0017059475344705088
2010-12-06,0.0001225221355963214,0.0023636522808863874,0.004866216057722022,0.0016235219782053858,0.0033096401494955635,0.0035475231425443256,-0.0008009667535027033,0.0023249222917237906,-0.00025190143748532993
2010-12-07,-0.0023102697280017385,-0.008138312491202029,-0.01063276228760843,-0.004668834423439849,-0.00956871627893425,-0.01000635559868969,0.00043384482003230146,-0.00791945789900734,0.00038237062902583526
2010-12-08,-0.0021819480012857835,-0.00524296517093749,-0.010406285285784113,-0.0038623806859683337,-0.006588726102885063,-0.0071331321066961,0.002778800491209351,-0.0014924001548809163,0.0025371526535869693
2010-12-09,0.00011169847136193973,0.0008654339508194933,-0.00012000789831680943,-4.2205664893778856e-05,0.0007133967513667484,0.0007144800520619254,0.0029563372358808646,0.004003794571336243,0.0006340925470324235
2010-12-10,0.0020013298169360844,-0.0007303769380340832,-0.0005926739305551977,-0.00021611517145606513,-0.0020468650695139633,-0.0019006368337474403,0.004419927714084923,0.00022439292048273869,0.0045506655634590994
2010-12-13,0.0030137962883612962,0.003598510695688688,0.0029491607825697292,0.0012393111578630977,0.003072879551389068,0.003186747479337381,0.0004898790103411194,0.002051185850955785,-0.0023882463860675197
2010-12-14,-0.0014937462204285853,-0.003708782067176385,-0.004943670728850783,-0.0009130852438165738,-0.004297988890308041,-0.00430874736534818,0.0006733371556282636,-0.004511392456889929,0.001262924700244965
2010-12-15,-0.007555807394855295,-0.007217146751349703,-0.007316537897726657,-0.0019006445622629935,-0.005393589288490178,-0.005784694879268176,-0.003477336240205478,-0.005519483864946414,-0.0030206881364995175
2010-12-16,0.00260850274666226,0.003414675418642096,-0.00031921608511248963,0.0003760804274472807,0.0024030322318980063,0.0021023599028707624,0.00441070123092016,0.007354352440589224,0.005306917841759423
2010-12-17,0.0009782001616985205,0.003455834221354314,0.005403849085573572,0.001896193995004641,0.004285853993196119,0.004420838704372953,0.0008164197823273343,0.005003833776122181,0.0006057744842840511
2010-12-20,0.0014514714812559296,0.0014251485978120145,0.0053127449458474744,0.0011136623312205931,0.0016172946918544548,0.0020133826912347584,0.0018386293135812435,0.0017823671636672358,0.0005052454165941665
2010-12-21,0.0050128250424705855,0.003787734365907402,0.0037456976175178586,0.00012954841039834934,0.0023060970506614286,0.002445603702635772,0.004830732653230171,0.005881232432836111,0.0041512595679460175
2010-12-22,0.0010693686571464657,-0.0003393315510416727,0.0004777037978061453,-0.0005207604795653578,-0.0008088481080945177,-0.000749444559433251,0.0023738381856469176,0.0010240158831277637,-0.00012336530007924456
2010-12-23,-0.0014906661136565836,-0.0034987775341422203,-0.0031029322498022597,-0.002906921328340381,-0.003675535337426943,-0.0037608251125082525,-0.0010908452427085354,-0.002814880102041354,-0.0017516921415791891
2010-12-27,0.0002265916742663705,0.0015277455673423305,0.005109013966292951,0.0014867381130077527,0.002439598023562466,0.002682218331667204,0.0003053017089820942,0.002160405640661296,0.00037833639893974116
2010-12-28,0.0004495456394048869,-0.0029748061562122024,0.003887985021457783,-0.0013806085379077437,-0.0031644058107752173,-0.002410188252214148,0.00109491437047189,-0.004006343631707319,-0.00125227834810448
2010-12-29,0.00455880216212824,0.008532263861367769,0.004746629214145717,0.00481598105709407,0.008197409166266333,0.008134268628425884,0.0005472218996404098,0.005956184013404967,0.001508767140065785
2010-12-30,-0.0010495333280072575,-0.0020890827825140595,-0.0015977710037143476,-0.0011611646417162048,-0.0019108477365397277,-0.002001258637672957,-0.0012118823351233259,-0.002213037683940663,-0.0016287023247583108
2010-12-31,0.0036620018314490826,0.005528627669486905,0.0051793528109256295,0.0028400844654346605,0.005206906041650122,0.005493691318213159,0.00018328905781333826,0.0026106617552586137,-0.0025105151872392207
2011-01-03,0.004319633315859063,0.002013753712769794,0.0020388272203939644,0.000295153459692601,0.00029209575325932723,0.00035752435511346854,0.007893068332204406,0.0064039081949088085,0.010704562825727206
2011-01-04,-0.0028894140807618207,-0.002300154381983721,-0.013204145456706895,-0.0023457239029296417,-0.003023675520643865,-0.004124063299132064,-0.0006146208699234768,0.0006994575903960243,-0.0006639145091972276
2011-01-05,-0.001246810169756361,-0.005154461602263405,-0.0014606609377484493,-0.0030519942665845766,-0.005930734400821324,-0.005841607858489208,0.004626804881842098,-0.0016595818882918665,0.0066837820033052294
2011-01-06,-0.004006448969451504,-0.00015957239703363833,-0.0033563709459239633,0.001712253451365076,0.0012145695020326606,0.0009136360664798416,-0.0017435040040913725,0.0011772920930614504,0.002543661089848196
2011-01-07,-0.0019801323521744835,0.0017230550902243371,0.0005934386989725171,0.0024806420191493843,0.0030657838283570616,0.0029460551999012582,-0.0017468735547179156,0.0019943639010565816,-0.0007030805470132439
2011-01-10,-0.0006902679646353171,0.0011554253448350735,0.0017369513532721156,0.0012654652393842736,0.0018016208939804015,0.0019077300768874832,-0.0011195517629294012,0.0008196133262339076,0.0029617832836705774
2011-01-11,0.002991655495235873,0.0006312073417546097,0.0005162317094245026,-0.0007770821811096468,-0.0006399878926157076,-0.00046474525162620265,0.003154875887494288,0.0007235974355546935,0.0011261490820664438
2011-01-12,0.009737670417909104,0.005947391516960368,0.002106191812281571,0.0006550736123970112,0.0024874378957426484,0.002584377359267064,0.008036597798239587,0.00580907054001683,0.005617481004553512
2011-01-13,7.722975246918604e-06,0.0014143928684584052,-0.001159363473061883,8.760101682498299e-05,0.001551342008996452,0.0011848310607796705,-0.001455474336218146,0.0022892350928823586,0.0002805572446831825
2011-01-14,0.003270248035828013,0.001268184078142925,-0.0014867018846524847,-0.00011594827052708112,-0.0004793231295962645,-0.0007567655901171439,0.0064566191218292865,0.004416199974734281,0.005863579839869634
2011-01-18,0.003084371479359135,0.00137878823699747,0.004023184149518687,0.00014230242990338182,0.0005602768499199209,0.0008627416763002096,0.0015185529801638948,5.788937829029477e-05,0.002221523767033617
2011-01-19,-0.004976439391978955,-0.0022785717250701195,-0.0030831613640092148,0.0001075017807304692,-0.0004137137182907884,-0.0005020472948648389,-0.00874577690262696,-0.006704405928405291,-0.008998457020446313
2011-01-20,-0.006184737829713882,-0.007895392120062012,-0.0069861050735434,-0.003511892403719268,-0.007193066752092334,-0.007677508215472096,-0.001180629828916175,-0.005332911452895802,-0.005587814744495073
2011-01-21,0.001094188395536307,0.001632425668406386,0.00036451972838829927,-6.715578485992123e-05,0.0014658391144396197,0.00139181940690599,0.002017750863440698,0.00365314515377778,-0.006040329448014818
2011-01-24,0.004472903619001602,0.0028491523171420086,5.3575572749642155e-05,0.00025689689537980735,0.0009795436633578732,0.0008239349655265511,0.005068453081738937,0.004719188370067538,0.010885991027111065
2011-01-25,-0.00033088735892390083,0.001405024495292135,0.003889353675145203,0.0014783419464083976,0.0023526438721690863,0.0024175628571509737,0.0004838527002637855,0.003143753745794595,0.0011199655997755134
2011-01-26,0.00336461059800468,0.000980049847146599,0.0019867921138355497,0.0002818285679325625,-0.00034714754700761164,-5.02381043411668e-05,0.0034526082505229264,-0.00011926638442610094,0.004191913679954593
2011-01-27,0.0015962094276760676,0.0016050274073950348,-0.0018290535967408004,0.0005229460848682452,0.0008086868453938784,0.0001533352230840255,0.0022019686200405435,0.004032773890946042,0.00486948198535353
2011-01-28,-0.011935611069144826,-0.005978801642488624,0.0007926784140112973,0.00017219829934566344,-0.000755143745478375,-0.0002916066604006845,-0.015581641159917265,-0.01192486206332808,-0.020070208611534357
2011-01-31,0.005572095664572754,0.002404787364117565,0.0026592825342904003,7.008224026674291e-05,0.0003868592040886462,0.0004426039143962299,0.00669491168016164,0.003988495470268919,0.0038153806304352
2011-02-01,0.011389638583044719,0.005931574134209301,0.0021894746996090177,-0.000657830868977762,0.0014024113145394207,0.0015888509640109318,0.014269895209402625,0.010612685618275804,0.01477717142520398
2011-02-02,-0.001559333573968931,-0.0023324345335202024,-0.0011758754510010235,-0.0014004963091999922,-0.0021872742125475823,-0.002226507875878411,-0.0017065974855092463,-0.0028575021969537567,-0.0012468718371080375
2011-02-03,0.00036651143174770695,-0.0015652268640193867,0.005239613736373272,-0.0010335547670746736,-0.0015636298383111535,-0.0009969561668869975,0.0019068099553014584,-0.0015537748717173727,0.0011929384348143834
2011-02-04,-0.0015503702731750333,-0.00310951703651781,-0.0008019279244170245,-0.0012959417169895622,-0.0037508547370854787,-0.003924983741963797,0.0024589556938192816,-0.0011408530101911498,0.004037620767968107
2011-02-07,0.003595940307985363,0.0015289414012904655,0.003507826986980717,-0.0004483958233183719,0.0004819624884485207,0.0006073668368088882,0.0054351299148077716,0.005333842287517249,0.0033933939867872003
2011-02-08,0.0039618068131753266,-1.301281216739767e-05,0.007143678241547644,-0.0012617474571149645,-0.0014763982373329375,-0.000987163886205774,0.003955440915005091,4.66288313317959e-05,0.004758868256713091
2011-02-09,-0.001990565330061622,0.0009252226120343587,-0.0006834146627062744,0.001093899519565337,0.0020163221809686746,0.00196895997912869,-0.0019688892783047925,0.0012509388576887122,-0.001244431227010319
2011-02-10,-0.0026707487612786566,-0.002924363643639322,0.0007088194560351547,-0.0008564517082233106,-0.0023284622663577023,-0.002255709642688417,0.0003294237319347497,-0.0015913707858157202,0.0011240615887467766
2011-02-11,0.003444672246417348,0.0028716678577388804,0.0023449473375853243,0.00046037211831149197,0.002022144124388276,0.001907501131299973,0.005195727122196424,0.008036956487259607,0.005234970047583563
2011-02-14,0.00026517102375022604,0.0005453312550677635,0.0026014547899537634,0.00043737633566304945,0.0006224384877328053,0.0007841271131708892,0.0020941651817606693,0.0023304998793026947,0.0017370663895623609
2011-02-15,5.42929304415309e-05,0.0012933320520440953,0.001580091834402735,0.001101705371961983,0.0018044454214403245,0.00198814537402749,-0.002741220752283022,-0.0015270938733969628,-0.0009886210996409984
2011-02-16,0.0044576474668202755,0.0024104904874421643,0.0030892824752418425,0.0004208040173470731,0.0008306900272647259,0.0008538343523362078,0.005499656796924286,0.0048277380304078245,0.004708501755397509
2011-02-17,0.003193394100057266,0.004359732324438835,0.0025895092994126984,0.002509255347965026,0.004128043670216809,0.004288824006911721,0.0026046216483681488,0.0048059514657941005,-0.0002457632715433218
2011-02-18,0.0020635982251690902,0.0015355554133628213,0.0009061282352662829,0.0005599456844528789,0.0012302820052867843,0.0013542385301076295,0.0018190000977843786,0.0017259710445629562,-0.0016018358679561716
2011-02-22,-0.013916636417241267,-0.0055379331784395245,-0.009592139151049265,-0.0005421047232903325,0.0003572910414122142,0.0005444260224115116,-0.017500706885972418,-0.012480686094726062,-0.020997175488699466
2011-02-23,-0.0017277340086906431,-0.0016665385157126923,-0.0011197654325371576,-0.000802364045788729,-0.0010244025067479184,-0.0007803960402060274,-0.0053429523394022856,-0.006951020586654716,-0.005928451597433982
2011-02-24,-0.0007183487394988785,0.0005302405011104078,-0.0023048453806472635,0.0009048012698996731,0.00031231998959654563,-0.00010153167374274635,-0.0005962517539142494,0.000894953261590902,0.0038087180201653785
2011-02-25,0.009897928596907872,0.007189630508825133,0.010821160033690966,0.0021085003857748705,0.005023886289269676,0.00539778128433281,0.009291849981309087,0.011409154985701279,0.00999048802229432
2011-02-28,0.006470855138555799,0.0038804605923364365,0.005957623293468963,0.0009945863915363203,0.0028014430460613464,0.0031646184941703133,0.005392592523094873,0.005239493522127047,0.0015040157752710152
2011-03-01,-0.009841363593372975,-0.004355842652985159,-0.004788639282080968,0.0003921734274881856,-0.0009178757741180317,-0.0006584546795712038,-0.014518444223293995,-0.014203930593522129,-0.011623720853092849
2011-03-02,0.0020941614669156504,-0.00028731652864897754,-9.275112074052175e-05,-0.0004989541383748202,-0.0018422298925540078,-0.00198402878747113,0.0018586262909650575,-0.00124260926070471,0.0037955942108912487
2011-03-03,0.0084426870347653,0.0010039947535171046,0.004558015892795759,-0.00260642293256613,-0.003032110465663491,-0.0032936848132133537,0.014971732919053755,0.011314646237448654,0.014238669355940037
2011-03-04,-0.002170173390877565,0.0030458221031444857,-0.00017866075519310009,0.004121381472742531,0.004897200619485372,0.004987197026414495,-0.006525768879645239,-0.0025770004439161997,-0.0037255829658893462
2011-03-07,-0.008019811500065033,-0.005168821390929557,-0.007514209426815244,-0.0026802976556612457,-0.003423911065152052,-0.003329044508077028,-0.007601410336395276,-0.00994842086171821,-0.010132077644828152
2011-03-08,0.005226524626694936,0.0012161496570884294,0.004201799426954043,-0.00041110272548609795,7.716235599457409e-06,0.00010584979781341479,0.008373175844869718,0.007285959664405374,0.003010863832807479
2011-03-09,-0.0002773255231459108,0.0017537173902490274,-0.0034370450115269783,0.0005770249613223632,0.0024323640858454486,0.0023765658199936643,-0.0013717181234138935,0.0024711540860318125,-0.005087613913940134
2011-03-10,-0.01763050775996271,-0.005885765935058664,-0.01742943420820616,-0.0003002287206152393,-0.0014421985216314366,-0.0019936552608101747,-0.017714140123299978,-0.013112617093026968,-0.011671737232682767
2011-03-11,0.005629476786101391,0.002298672484686905,0.007266678412765019,0.0009857372871355029,0.0011677828100917914,0.0013883211452419724,0.006625032665507336,0.00536083555817141,0.004645267047999449
2011-03-14,-0.0016102568421433978,0.0005126853846517239,-0.0019769736178429295,0.0009222080777766618,0.0011447758562438788,0.0011390601697213137,-0.00577688740825743,-0.004613183726652909,-0.0026409054171181168
2011-03-15,-0.01402821670726086,-0.007396424296009674,-0.01771677629382788,-0.003338302659973212,-0.004459053144251158,-0.005050514669783658,-0.010958190430428186,-0.009129345733834926,-0.010594044322411863
2011-03-16,-0.018090917675896784,-0.00489802629503321,-0.015775113569454678,0.0007795390404913545,0.00045820729237484485,0.00030186509698555447,-0.01769743846619165,-0.01277362698935463,-0.017935911601487314
2011-03-17,0.014054141575149249,0.005600060788488874,0.009198839775727618,0.00026422157837375647,0.002046942990206262,0.0022430148669879443,0.012642029301042527,0.01108454423697902,0.006816197493736745
2011-03-18,0.00663943421360634,0.002579162398463637,0.006676292233846229,-0.0006385058455346697,0.0015895852436396123,0.0020467306349710858,0.003476275137074373,0.0031873388768909813,-0.0016671700756001459
2011-03-21,0.014859382671913874,0.004982256176757987,0.014946975225359182,0.00019412547933488148,0.0010090786596721583,0.0012817212549130052,0.014814516812596894,0.01193638421526096,0.014259787816942267
2011-03-22,-0.0023235009241013758,-0.0013333024205843475,-0.002848476273541284,-0.0007020906516482801,-0.0009422783832955062,-0.0010330648451095231,-0.0033174486893587443,-0.003172225122868489,-0.0013378764698317343
2011-03-23,0.002530715004586558,0.0016205822854567743,0.004637544406697067,0.0012218343627578452,0.0008789371126164872,0.0010136516896922813,0.0027373974028468743,0.001975974900669599,0.004157008121841377
2011-03-24,0.008015169907832801,0.0018024566411947462,0.005622267297001091,5.4301423138689215e-05,-0.00121113308986286,-0.001456392827467219,0.009147669411141372,0.006103012354655308,0.013218604477549143
2011-03-25,-0.001089956075065269,-0.0020035763318125583,0.0033025072520698503,-0.0010909051827225644,-0.0017643937265182763,-0.0015902063304410402,0.002924360421631742,0.0012368523038168047,0.0018456999898197608
2011-03-28,-0.0028115648655630218,-0.002147982001519392,-0.0056011535669389665,-0.0017642645455038112,-0.001709778575003638,-0.0018658308649222935,-0.0023323713045712837,-0.0022920768622903456,-0.004076318415015592
2011-03-29,0.005054891127258691,0.0013368692420026704,0.004600807497064957,0.0001922969487285132,-0.0003162452412152776,-0.0003606714814315384,0.006429502175624397,0.004820982240285607,0.0072648406477118
2011-03-30,0.00876356145817899,0.005503534557635939,0.007647855965226702,0.0017297697373950737,0.0042223746747489565,0.004433017710039128,0.0066063001023150495,0.009354700991102732,0.0035407288813507983
2011-03-31,0.0018771634160876262,-0.000339979325577421,0.006997268065880703,-0.0005633133382652024,-0.0003182379704143845,0.00012130878533304454,-0.0012978534570984288,-0.0031521650391863267,0.0010459784416413896
2011-04-01,0.0060744964518760205,0.003957226963630456,-0.0017116420507129557,0.0012507368793370356,0.0025184214242537713,0.0022815993568130583,0.004043507972787872,0.00572152439908783,0.0003925050692873459
2011-04-04,0.003118309123925186,0.0022716696603124107,0.00047103749726177987,0.0002827138950534681,0.0019100381459376426,0.002008951336796843,0.0007916742602993803,0.002337379337591364,-0.002478223577404543
2011-04-05,0.00115516112848435,-0.0010280928723036542,0.005622914567168236,-0.0012302211751790137,-0.0012052425671006395,-0.0006225298010922309,-0.00030786668986204635,-0.003393470176781377,-0.001760274884784363
2011-04-06,0.003376796597934686,0.001131340194502039,0.0022074103453888125,0.0003479105116555365,-0.00013073129871862927,-6.0805042398848326e-05,0.0024080846806956123,0.0002428676526593821,0.0015321762817914098
2011-04-07,-0.0024316371856248128,-0.0003784861290333308,-0.0021423711610189626,0.0012757591481154596,0.00017336234947133532,5.078882295163493e-05,-0.0019438063825638978,-0.002285255686897811,-0.00043610961894394683
2011-04-08,0.0002523704225149769,-0.0006356139537940235,5.992990787545365e-05,-0.0005828157065122395,-0.0007749757077838204,-0.0005769551593664282,-0.0026356393874174496,-0.00494886788890509,-0.002949587213933021
2011-04-11,-0.002637473326296532,-0.001714983041144254,-0.00451852482882756,-0.0010695679922088854,-0.0011315664804538912,-0.0013370432535750876,-0.0022974339625470223,-0.0019921261164380383,-0.0020815985180013532
2011-04-12,-0.006648153044177059,-0.001078346948492527,-0.006624452825724685,0.0018947524045292547,0.0013592650495559393,0.0010856518083343998,-0.005700467037798866,-0.0034385844056753043,-0.004281494557776308
2011-04-13,0.0027526961123505228,0.003128932881641463,0.004276612880488139,0.0017628742567535403,0.00257253078405226,0.0025485601903617815,-5.7040639265896616e-05,0.002290457405040988,0.00529416597606649
2011-04-14,0.003266111699186173,0.00020620973590861207,0.00800222887545451,-0.0010342650753179588,-7.981998774344226e-07,0.000668858855721573,0.0005797955574581754,-0.0013761142333185592,-0.001095813551512541
2011-04-15,0.0031824460112556707,0.00570869056243884,0.0056077251540832575,0.003900411278843409,0.006401306527882082,0.006738893992510643,0.002778854684892573,0.007800305090059136,-0.0010971592482828002
2011-04-18,-0.009911119560212404,-0.0045702678522046465,-0.0023914931313287866,0.0001662348563765257,-0.0012371618398723525,-0.001062859514810125,-0.008542171475213304,-0.008693940510813427,-0.00439688671837518
2011-04-19,0.005199822536823265,0.0033940431890013972,0.004319697544428311,0.0009660012881847707,0.0021330383638085036,0.0021674352628999784,0.004367051720196378,0.0059760413647058416,0.0038658601998624903
2011-04-20,0.01368774282020799,0.007212706400538365,0.013757852392277592,0.0020996865022824243,0.002963851358105931,0.0031214985975262684,0.010376627796831768,0.009891574851429418,0.01408177384165601
2011-04-21,0.00492803104261488,0.002778293120003933,0.0054961361639671155,0.0003859375651731153,0.0014619954388012516,0.001555759483047796,0.003901911492790197,0.005079216168133871,0.004990819470453435
2011-04-25,0.0006457272429774815,0.0012300855302411861,0.002705742845859936,0.0004803471862869984,0.0015168942454432204,0.0016090324017732389,-0.000799390956213143,0.0011657728372214727,0.0016200335514849535
2011-04-26,0.0056883347644444415,0.005113473676528075,0.0027919580936536788,0.0019983760367507162,0.003830363865528422,0.0037153854276500784,0.006577843703810759,0.010372744723125263,0.003557265212595823
2011-04-27,0.007737785717316499,0.005171794596959639,0.012639672730788731,0.0026089656475810274,0.003623072300752557,0.004292893323535999,0.0050005526675117465,0.004161032133080325,0.004296118675713273
2011-04-28,0.002127626290787538,0.0020009833996249894,0.00375543288035826,0.00011037850985837666,0.0022487063718707296,0.0025367979701138026,0.0024878999440555694,0.005219378557338429,-0.0009617248136131105
2011-04-29,0.0029014064173323033,0.0033961467554475067,0.0059161015722898405,0.001963892780282471,0.003295306938873502,0.003732124874426773,0.0018053562572594055,0.003315565258961372,-0.0005346453915468421
2011-05-02,-0.0018904842487907862,-0.0020351444797076534,-0.006120422587523653,-0.0014577160219345975,-0.002013805987401111,-0.0024081283491287305,-0.0011818983364244402,-0.0015986370549105058,-0.0011771136157821154
2011-05-03,-0.006622577791863092,-0.002825358599024375,-0.0054979452294406355,-9.516734221366266e-05,-0.0010161558841969517,-0.0012122887883110997,-0.002761448482247894,-0.00168802919825785,-0.003001481699506457
2011-05-04,-0.006373237817379851,-0.0030755161753854765,-0.008234344465208217,-0.0003465871129661124,-0.0017359520003697136,-0.0022686535528010482,-0.00508626628893081,-0.004483402352584223,-0.0009673031798759814
2011-05-05,-0.01089780118278183,-0.006273031307239774,-0.015928975009946167,-0.0020378800039979605,-0.0037168611256302997,-0.004583213564334332,-0.007197463836902562,-0.005347468636883068,-0.0036880204144468243
2011-05-06,0.0020092131127776866,0.0020390472690984133,0.002659975106852787,0.0012201673156508155,0.0016765732245501812,0.001931306380263692,0.00349307662319786,0.004362768784065418,0.002175934058378063
2011-05-09,0.004266660730715958,0.0038593281192102528,0.011008117282171895,0.002109287107571904,0.0034594345578736244,0.003924738235959636,0.003068224657983641,0.004450150092405723,0.0025137240428269652
2011-05-10,0.007560049293147439,0.002129567398940234,0.00823239509327466,-0.0008437881416097146,-6.875472104601069e-05,0.00023440610743356955,0.006764397582266405,0.004842694026697432,0.005698588917051503
2011-05-11,-0.009523911248288637,-0.0038273781568260823,-0.009231083982671718,0.0004900167928273853,-0.001208976308209037,-0.0015986576430267034,-0.008354267288747979,-0.007535291762459715,-0.0048723177650275284
2011-05-12,0.001676865366037462,2.7328982780970347e-05,0.0002559790231155183,-0.00044835340607134893,-0.0007395684832761426,-0.0007016747038370283,0.0037709711465692694,0.0029916417297105816,0.003985766796735644
2011-05-13,-0.009275618521283883,-0.004099107153484713,-0.007696944218946477,-0.0005427471531201923,-0.0014790729431849766,-0.0017711418238698239,-0.006104183218514751,-0.004717847219105118,-0.007938773968191917
2011-05-16,-0.002906717748710697,-0.001182966650030107,0.0005593574174961454,-0.0005398874065813211,0.00021306624821274895,0.0001917325187192233,-0.005019112597384778,-0.004348931595382023,-0.011546564195626535
2011-05-17,0.0008665864417845339,0.001071609712779681,-0.0015845174837137124,8.518037603919267e-05,0.0007883796516654378,0.0006130374559125755,-0.00011816593095967682,0.0016695872808000177,0.0018511682324660165
2011-05-18,0.005941795917950413,0.0017077743341869977,0.006209775192972362,0.00013221271363013566,-5.2293455678073266e-05,0.00025281618667027483,0.007063871759616665,0.004563834234179696,0.00554211025597697
2011-05-19,0.002731578922560088,0.0019763708052393356,0.0026763837867886586,0.00043796440551448175,0.0012865417439897064,0.0013145367872387194,0.001886790361145062,0.0028150281333433184,0.0019525701516035913
2011-05-20,-0.0053876821201451095,-0.0015970813910060851,0.001568743366893047,0.0008524138260438248,0.0005110756298880747,0.0007883743237160486,-0.006294767876576232,-0.0058282633306563515,-0.005041151692665841
2011-05-23,-0.011040787850958269,-0.00584881416321525,-0.0033779735738335257,-0.0007870793234141785,-0.0023932821080192125,-0.002340677132050624,-0.009176303327971131,-0.009806533017971004,-0.00978872705371726
2011-05-24,0.0021836043193392755,0.0012992319922450564,0.004701525848313634,-0.00011317242435581381,0.001175764764718826,0.0013622498416242911,-0.0006571034496048008,-0.00012744018224852819,-0.00407007477096353
2011-05-25,0.0034216675631947796,0.0025116546235508276,0.002282582745618128,0.001137521168160939,0.001624998892951595,0.0016315145094641771,0.0026316363626765365,0.003090814470804108,0.0025703461815605112
2011-05-26,0.00627126010408525,0.005092609560152767,0.007135203398932114,0.0014032876540275541,0.003941554457893933,0.003928169215942803,0.003638146283738175,0.00766428172333839,0.004077504734029595
2011-05-27,0.005620877044162676,0.0038732420263193146,0.00832465524429515,0.0016949256094362,0.002804032759300195,0.0031378116412278346,0.0030306100710732332,0.0034070046250173013,0.003364660309601824
2011-05-31,0.010862826434241926,0.006398702164382191,0.00819448596191164,0.001181892627002774,0.0035137996786471486,0.0035863242438461665,0.00823528488738652,0.010443300862049407,0.010754042156683201
2011-06-01,-0.014701639505641453,-0.005858186062078507,-0.010709902793342775,-0.00043652786925386645,-0.001257753798457891,-0.0014949876714622505,-0.017803008655978638,-0.015394485087239937,-0.014527276784343476
2011-06-02,0.0005458126455317621,-0.00179025569910841,-0.007117584023725272,-0.001216759152012252,-0.002795021907896186,-0.0029396052381669285,-0.0008371963459596802,-0.004771892523558197,0.0013934066741819948
2011-06-03,-0.0006626666713640679,0.0005281754666885656,0.005963859133940956,-0.0001038969237133854,0.0016699256896464945,0.0018686837634575627,-0.007842807001235595,-0.006564329516547118,-0.009968258016394933
2011-06-06,-0.00770731715625339,-0.004475684197732033,-0.00606522155663014,-0.0003751137094045731,-0.002329675805772924,-0.002381289566017575,-0.008418425413365571,-0.010446430863299327,-0.005544029525938798
2011-06-07,0.00401273980253797,0.003251628088476876,0.0051296000849233225,0.0012912987011932122,0.0026103250214806473,0.0026656608441308622,-0.0004911474463591169,0.0005716864617795049,-0.0012076674445710381
2011-06-08,-0.005245021145797195,-0.0028569116754416945,-0.002692597207734828,-0.0005193227243270646,-0.0011542586594546266,-0.0012725833211993578,-0.003320778224248231,-0.0025942250354499307,-0.004838574117498778
2011-06-09,0.00318307389829249,0.00025762148437177216,-0.0036043075503753687,-0.001727883201953317,-0.0014826759183268693,-0.001458953915891609,0.006047263865660526,0.004593627371558739,0.0012164614321700858
2011-06-10,-0.014100246235621979,-0.00708505084807836,-0.014871783332465744,-0.00022932226128746628,-0.003177111347393773,-0.003670419767574667,-0.01103922718794928,-0.011123365768537329,-0.010319914791448104
2011-06-13,-0.00010092604560718527,-0.0014257261548311533,-0.004091086408126183,-0.0013198188482644818,-0.0019020827771076957,-0.002145058215155826,0.000620486944398155,-0.0006762478314004559,6.53935611787717e-07
2011-06-14,0.008573348355393716,0.0026910616580912428,0.0072187794071593165,-0.00032083175830507405,-0.00016450692237294335,0.00018943354528618193,0.01004078172847518,0.006834804051779325,0.008588463694841193
2011-06-15,-0.012915847682093381,-0.0038978245907005378,-0.002123460428657644,0.0015966819806493913,0.0011607162058217488,0.0011087335338551376,-0.014112949951202831,-0.010045466655711708,-0.012771453725561634
2011-06-16,-0.0010107707532818308,-7.622170638165457e-05,0.0038985947587773712,4.708604646475402e-06,0.0006912377857605842,0.0007591146634577027,0.0017433342709191973,0.0038418255892274586,-0.002586497950211035
2011-06-17,0.0046018001562738295,0.0028778163239257487,0.007425849591541664,0.0007884507506878144,0.002010350661594321,0.002294106781784606,0.002360326049579185,0.0023146106088177873,-0.0020915748964577844
2011-06-20,0.0018647045025778945,0.0007623900187414333,0.00523743794587587,0.0004232577299912637,0.00040358540976972074,0.0005708181030098228,0.004049532578409484,0.003793079771873916,0.0034741314834846717
2011-06-21,0.01092876852484261,0.0068910388334689964,0.005620296655549433,0.0017423338823757172,0.0034227936405426007,0.003550121092140335,0.010857593396450345,0.012014312089914776,0.014342121810803484
2011-06-22,-0.005036294880290074,-0.003480283993820764,-0.0006972145788977517,-0.000807889147206186,-0.0018157765108496062,-0.0017327337868966034,-0.00478712989875939,-0.005960771981479342,-0.004875282711309217
2011-06-23,-0.005285634468563566,-0.001557381723334861,-0.016593743386937077,0.00012061368359223229,-0.0010180205127396588,-0.0018577556603844594,-0.0022819462463404077,0.0006000758557130859,0.006247013048444341
2011-06-24,-0.006865369893479134,-0.0036563946190509055,-0.005856578664302907,-0.0008093765556419575,-0.0013158270746903725,-0.001710916675068614,-0.009209825004107575,-0.008250154405107464,-0.011685347132953673
2011-06-27,0.005302457068272026,0.0012793269348264572,-0.0012581886311847823,-0.0011420227635824773,-0.0010862609833617364,-0.0011672696963145634,0.0070499416133757925,0.0058130131009622565,0.010715611426104818
2011-06-28,0.006953414051193929,0.00038430467873815945,0.002493084600016543,-0.002227887993059483,-0.0025706989709928635,-0.0023389092034106235,0.01034600845870585,0.006336536975288787,0.009992867010902996
2011-06-29,0.006877622509118647,0.0030305034571783186,0.006102863816023251,0.0007397004672723532,0.0009491109145834791,0.0012447448722128652,0.00680611270719176,0.004295984237366477,0.0027751875443323957
2011-06-30,0.006032548318543515,0.002713794669128211,-0.004049732586412603,-2.5301287650637617e-05,4.778751650857828e-06,-0.0002752420735639143,0.007612984333163188,0.0069136481834086135,0.009024449958953242
2011-07-01,0.0071900564013559504,0.003230539721180175,0.0033248493420611224,-0.00010920190792056886,0.0006687586734269662,0.0006012304760090178,0.011785727139585825,0.012494672101104791,0.010255393048627005
2011-07-05,0.0022131624948819187,0.004719167382077144,0.01512239628899187,0.003781048639435494,0.005649743321378142,0.006254838220660585,-0.0006568693066044726,0.003016663846433199,0.0034229850431616382
2011-07-06,0.00011898562263090717,0.0011871846000190978,0.006185906081374926,0.0012989220946821867,0.0018818916249765394,0.00223288142895095,0.0008759945546676917,0.0021328208330755327,0.002028285356462378
2011-07-07,0.006077848897118861,0.0018266622286627443,0.0066980309137019255,-0.0006785978178722287,-0.00023833229751487405,-4.76918019066107e-05,0.007921963111467973,0.00715886418503589,0.008726490731979012
2011-07-08,-0.003218202079049963,0.002191066487403813,0.002897599981492917,0.0027896045126917677,0.004468234748350484,0.004628099617007452,-0.005427915944258073,-0.00010355616045384981,-0.0017298358600273038
2011-07-11,-0.013673278136127537,-0.0055052972143850715,-0.004679298661927989,0.00031945610815307864,-0.00039592058013778917,-0.00023704799466033977,-0.013813764180147473,-0.011897368041823914,-0.011589569277946994
2011-07-12,-0.002688610420445946,-0.0013656403432498819,0.003638216899467177,-0.0003645307201576273,0.0001507741723884033,0.00047838380522513145,-0.0032859026717523385,-0.0030558076650317573,-0.00482147429990939
2011-07-13,0.005388028464576996,0.004331555765595639,0.00035045865949505345,0.001068256164406849,0.002722637740993897,0.002800948312787305,0.0025449398828989236,0.0040515554778436874,0.0026430286569234236
2011-07-14,-0.005333017545620476,-0.004792634410632428,-0.004224107255031484,-0.0014412863548791618,-0.0035139340925354886,-0.0034415144802722847,-0.005249362014202623,-0.009878539773476393,-0.007358387187050791
2011-07-15,0.004743566703977094,0.004211593285128666,0.0076423679474541305,0.0016158657919780205,0.0033448255466938426,0.0035378139256502495,0.004407563931956267,0.007855366264130836,0.008409060742499598
2011-07-18,-0.00505878528933757,-0.0028012859644899013,0.00023781005198678107,-7.342907706777484e-06,-0.0009389229459998634,-0.000674809314659495,-0.006235637567386615,-0.007864874097506924,-0.003401052340973493
2011-07-19,0.008344219155300262,0.00548358848421337,0.003901840561875496,0.0010080364354699176,0.00262954002889763,0.002303108067730173,0.012317609129004432,0.017127288131941004,0.014423173419628918
2011-07-20,0.0035096558828019344,0.0007017316246890478,0.0053703498205871555,-0.0004894786840559553,-7.539144351538148e-05,0.00030790701947286826,-0.0004587593786066129,-0.003621689425948601,-0.00271307273309136
2011-07-21,0.008009701433027,0.0027575022926679483,0.00030316118016112547,-0.0007932739615168747,-0.0004921661875705312,-0.0006916901802073808,0.010565934136939703,0.009168917457571604,0.004244932673096248
2011-07-22,0.003341090751380694,0.003386514023668951,0.006614060672745426,0.0013766530863183206,0.0029551091217040262,0.0032242732892423954,0.000511691639905478,0.0029308557638800057,0.006610838303850311
2011-07-25,-0.0029610822660655948,-0.0026433922048770815,-0.0009666528402376309,-0.0007361284160251167,-0.0018594141942407376,-0.0016581541822532646,-0.0042593244593693985,-0.007067018449411444,-0.0012908563635904338
2011-07-26,0.002568571767918537,0.003113584812602291,0.0025508366274483345,0.0014040566095921468,0.0028435175009718073,0.00289089708119588,-0.002850594392858557,-0.000835057450654495,0.0016178117537559236
2011-07-27,-0.014831890905013363,-0.010334363429813418,-0.015084357868525742,-0.0033963080011387564,-0.006399276953392505,-0.006673114136676233,-0.015614039133552015,-0.01971261472673081,-0.01657218859809376
2011-07-28,-0.0003957580336749578,0.0008576066642647677,0.0010471090224710858,0.0012367040862748292,0.001281158292081728,0.0012971194098971572,-0.002207494731441584,-0.0014422099906115568,0.0010954246931377141
2011-07-29,0.0012884390642688868,0.004528771016720603,0.003166325450441733,0.002044564803721387,0.0054388678963865076,0.0055342365007181775,-0.005181786487938323,0.0014201701492894405,-0.002075718450640071
2011-08-01,-0.005358937015758818,-0.0028939677953225234,-0.007286005379595246,-0.0013106123380983393,-0.001589003168867416,-0.001848750248936205,-0.0032185319703706373,-0.0015346690771424248,-0.0029559132112019107
2011-08-02,-0.01349039665367157,-0.00354042165605857,-0.004049964509968776,0.0016726966524438453,0.0020157406113301204,0.0024857284768333384,-0.019320111222402993,-0.017090166652363705,-0.016039518083671066
2011-08-03,0.0015547147271840432,0.0013602187210399088,-0.001956404482873356,0.00031087067298176166,0.0003987372116913079,0.00026303387654490727,0.004072331552701857,0.005342237094309747,0.006029784958144604
2011-08-04,-0.03113599441678805,-0.016678367664746396,-0.022860806434251812,-0.002239527213186654,-0.0060197945900818395,-0.006497477327300771,-0.030562839513079032,-0.0293286990794438,-0.025427909290080764
2011-08-05,-4.161851722743049e-05,-0.0021629722720690188,-0.01030951246457982,-0.0005869696528323778,-0.00339365095678988,-0.003432583757183662,-0.000956820519008086,-0.007285701640323388,-0.0033487191297662303
2011-08-08,-0.03698781069284511,-0.018303594387708347,-0.017597637843113852,-0.0016623420972563432,-0.0049405220565583085,-0.0045719077839464,-0.04161553241902444,-0.040721218673617235,-0.03202046776581986
2011-08-09,0.03388245342165343,0.023633767065869362,0.04318934784107475,0.005990584824953668,0.014882491135954379,0.01571262580178579,0.028986348774952014,0.03743379707091188,0.024913038036099282
2011-08-10,-0.021288219137846332,-0.008838449864175407,0.010648865303342409,0.0007628538558704723,0.0009273653653941236,0.001987680582258288,-0.028007061904852158,-0.025590997043586975,-0.021616874885065824
2011-08-11,0.021941547093738106,0.009320635613138726,0.006173707729284196,0.0010100038347734114,0.0008702122085237772,0.000546139313769183,0.027982023128071097,0.0243394344039048,0.022808260089009838
2011-08-12,0.0059699945753242415,0.0053789987812448495,-0.0005593645344018947,0.0005328430565020336,0.003325007655256869,0.003052147105895874,0.004266903726726755,0.008770915636670295,0.004679269465101957
2011-08-15,0.013664938124619427,0.007542508266672108,0.02001319138576399,0.001129513674076093,0.003992246776244248,0.004640501201864008,0.013444828813934249,0.01365459240560659,0.007827970035832523
2011-08-16,-0.003775077235227675,-0.0010943875496564517,0.005946279215126994,0.00020221797436941965,0.0010850492604711432,0.0014751409871338638,-0.005465257985346963,-0.003931213629049992,-0.004521799988772559
2011-08-17,0.002223044293544178,0.002997016403695763,0.0047932719353436844,0.000203324544791043,0.0029964013089821707,0.0030557632853701667,0.00042706853412636966,0.0042550476202544325,-0.003160358901060709
2011-08-18,-0.022878274860415476,-0.013060464845023215,-0.00871585920608432,-0.002515839198796843,-0.004742302692241814,-0.004392964898299511,-0.027520165103729403,-0.029103465049341814,-0.02605677157311219
2011-08-19,-0.008029469585034133,-0.004400960937031803,-0.000991553954009021,-0.00041193477149340364,-0.001317716171635948,-0.0010253839545295857,-0.0102551271872956,-0.011330388398123541,-0.00935868573201904
2011-08-22,0.005005528923725234,0.0037942705099976836,0.013648866237399403,0.0018243844178255034,0.0031070624740030315,0.003938865591513639,0.0004988598183159085,-0.00046426954346330784,0.001848559381017594
2011-08-23,0.012511947668263133,0.005072647772081447,-0.010774487286912363,-0.000872689268334492,-0.0011450554957922415,-0.0022884303256018737,0.020547340217122605,0.021616818512205833,0.021217453103755748
2011-08-24,-0.0016866342231318446,-0.004623583582403209,-0.016071955051714104,-0.001917557826220869,-0.0060481092554418615,-0.006942903646382061,0.008900370009619638,0.004431294885206882,0.004115663885163752
2011-08-25,-0.010188668047226937,-0.00430948016499589,-0.004427807927482612,0.00018513362394676034,-0.0005020538090593796,-0.0005124499015291148,-0.009682148361753335,-0.00798064918210138,-0.008596235187594281
2011-08-26,0.01145047924758062,0.009585403536733116,0.02180472922383217,0.003998057757654318,0.007204899716493871,0.008144573187768452,0.00917953322619746,0.012450116280431743,0.013107327045514088
2011-08-29,0.012814640465284279,0.005504012513685876,0.00225761401770522,0.00010568577518339743,0.0004268657977412511,4.1324319429760637e-05,0.018245989644348225,0.017602320280506574,0.014729274651995732
2011-08-30,0.0038916972790806453,0.005560491204681315,0.018414100275810686,0.0029829979964486036,0.006010761776604905,0.006925294259130039,0.00169133565384345,0.005633500702547415,0.003530945119206048
2011-08-31,0.005352417061278607,0.0019256417353922767,0.0003459926947221721,-0.00046640267843186433,-7.19942164278419e-05,-0.00023411700908187115,0.0028499124581350182,0.0013830493376050994,0.0008799729384265879
2011-09-01,-0.004874756230097674,-0.0011112369175070714,-0.0034415286915041067,-0.00011025505421131806,0.0008049951903707385,0.0006647399449496212,-0.006734976730445783,-0.0035992974341287317,-0.004881737791888582
2011-09-02,-0.005698269838457004,-0.003908835460146198,0.004392796790525955,0.0005141289900105761,0.0006385902110690456,0.001375237345109026,-0.008641661404537815,-0.007892751009022314,-0.007520392677612064
2011-09-06,-0.0045612412330944905,-0.004666778849273449,-0.0026379320142876856,4.2943455555284615e-05,-0.002079335456707259,-0.0020819617861714164,-0.0023373161800605163,-0.0023301890254275436,5.808932152861378e-05
2011-09-07,0.006928545891054677,0.005078107732355177,-0.002566921850547559,-0.0019906575835133586,1.87035389117733e-05,-0.0006671815996418592,0.008992604681757431,0.008909369247111583,0.007753876170132169
2011-09-08,-0.0024149762242276105,-0.00020143131768315156,0.004901063059902814,0.0030431945844053353,0.0025581472584213024,0.003303678894658855,-0.0033752426293530416,-0.002629972112008055,-0.0014242897973361776
2011-09-09,-0.009320123391647608,-0.009252946295477987,-0.01046743251062877,-0.0015300107172593607,-0.004388351713740775,-0.00476182459855093,-0.008453916216242875,-0.008417072751460553,-0.006905472249222373
2011-09-12,-0.0009588488955888766,-0.0030966768756021616,-0.008109691570658986,-0.002704615681544717,-0.003977523966721181,-0.004580879412544311,0.0020497675086020234,0.001561494385660833,0.003908195060047425
2011-09-13,0.002239702741342103,0.002790592010000387,0.0034185230802915947,0.002105979318767981,0.0016059407977862385,0.0019025147933399585,0.002918463193354386,0.002579846540644632,0.0041219222470907976
2011-09-14,0.003503186575820354,0.004065733754438335,-0.0021170075502784575,0.00032997919846755407,0.001614975859502848,0.0013624562656383808,0.004432681109342088,0.00520566179528914,0.004447202916930281
2011-09-15,0.004477316278874492,0.0031572629663877048,-0.002469735331600533,-0.0005107934152370875,-0.00035106656194912696,-0.0007203216819119631,0.005577314358719973,0.004487455419010013,0.004654455938685971
2011-09-16,0.0016939128116773658,0.0029845716675101193,0.004867926081364628,0.0020734698553730533,0.0027454008311038436,0.003090419518096951,0.001935121145856473,0.0026884062502663913,0.0029095717943112627
2011-09-19,-0.006205226917614061,-0.004936561909339712,-0.01105125583025194,-0.00038456460510860564,-0.0021044660735706935,-0.0027512766587074553,-0.0032678271903245877,-0.0017007867094476314,0.00011301070467193745
2011-09-20,0.0006698474737031453,0.0009388096144780508,0.00363649934361393,0.00018235392836676368,0.0011318138851991873,0.0015424739750798556,-0.00037914695956626707,-9.719517175196987e-05,-0.0014103591797445733
2011-09-21,-0.010275140045845493,-0.01203625008772626,-0.015441028271202906,-0.004371343823768829,-0.007933859115377704,-0.008708492493800221,-0.009596195405219944,-0.00985521708245158,-0.005537696464906769
2011-09-22,-0.011783276259633957,-0.012405642577110113,-0.02090506062651203,-0.004527354583617867,-0.006297500738270398,-0.007119024638720724,-0.01031884323704792,-0.009390555544655978,-0.010228276375277345
2011-09-23,0.00012029091836918268,-0.003579759556030862,-0.014938303744062836,-0.004490544250716233,-0.006292331660621011,-0.00780708185535371,0.001880866029611164,-4.432259780587979e-06,0.003272779518516907
2011-09-26,0.0046066083841554435,0.003590883902179055,-0.0013271192276430785,-0.0011891253054085288,8.376466347039769e-05,-0.0002388796224531395,0.007453935712144663,0.007427992368982131,0.0036055198429977772
2011-09-27,0.006086344633551793,0.005661507409163893,0.010982265950535228,0.0015880329043213648,0.0024983524680186257,0.0030482259696020977,0.0035621188571197545,0.0023686294064825695,0.003250483031926809
2011-09-28,-0.0073948322361740235,-0.009694953779590499,-0.01655118441591361,-0.004305386172970478,-0.007062228752416569,-0.007969379869579383,-0.00655207813351939,-0.007433567684343711,-0.004659987250570145
2011-09-29,0.0035379138464614827,0.004036797634125223,0.006972082571104178,0.0003073833252568792,0.0029848006694649645,0.003359737339225196,0.0025015136855603567,0.00285858978617092,-0.003710863992117556
2011-09-30,-0.009048640406462824,-0.00831909661660715,-0.009282487190223928,-0.0007210084182011616,-0.0028652784867667816,-0.0029376147015123728,-0.007949733992878677,-0.007481903285016974,-0.00796584002352034
2011-10-03,-0.007198999330977705,-0.005322424443453804,-0.0007389264182305725,0.0004181552283242663,-0.0006980796022046846,-0.0006065593328063146,-0.0088976911172646,-0.007783378914274529,-0.007798706989644533
2011-10-04,0.0048851110831578115,0.0028090218308474135,-0.00016834060597281653,-0.002104108161377627,-0.00026032629916972194,-0.0004891717199583256,0.006421767276924006,0.006137245359618015,0.0060360129491334735
2011-10-05,0.004988329927146744,0.005823702023198502,0.009259283453642238,0.002822383853614572,0.0026913641947586757,0.002750831082456415,0.00551785727763104,0.00536498843287913,0.007661102197780685
2011-10-06,0.007556360292725714,0.0069446012844511535,0.006340669278525944,0.0008166085570045487,0.003226136405349565,0.00351387723237024,0.005461690944347851,0.004703031570605242,0.005106726830691585
2011-10-07,-0.0034407715656810545,-0.004988222633987325,-0.005277101154078935,-0.0027165486522037407,-0.004842758466252292,-0.005259345974807166,-0.002046511324243099,-0.0034522617986120765,-0.002031858833317207
2011-10-10,0.012089011170132394,0.011510986065383418,0.016560141089902638,0.002874141460054222,0.006230298124822878,0.0071634533175468805,0.010175930361264332,0.009352470536533765,0.010577823664019551
2011-10-11,-0.0011944989972148792,-0.0001223436724940951,-0.00019592231943992762,0.001150494876864584,-0.00016045455083849226,-0.0005784622722462061,0.0003129754821686538,0.001057702642682811,0.0021274633307309145
2011-10-12,0.005076807390034966,0.004941436783382944,0.0033916332318701414,0.0006905669886436365,0.002805439217197029,0.003052210476302434,0.0027326191367064968,0.002400089092867015,0.001564427415302897
2011-10-13,-0.0006200951862776931,0.0002974026487769697,0.0012925092204957738,0.0012094048067127097,0.0003842292206316187,0.0001444385157443096,-0.0006222094298141321,0.0001305986058973944,0.002900447998818298
2011-10-14,0.005364042384912304,0.005930002015050212,0.007238315167656974,0.0025960058982828957,0.0036378491549929545,0.003927182252830932,0.0053495243080882,0.00505896885725805,0.0058947558378791036
2011-10-17,-0.007173503446738629,-0.006812285216858306,-0.005700692743629246,-0.001017779774270441,-0.003238584095165012,-0.0034326556306671454,-0.006042656722342657,-0.005531651513534207,-0.004974025561134148
2011-10-18,0.005798586162463317,0.005698904625685471,0.0032045075985733676,0.0005911069622301197,0.0032787845108273924,0.0033953913441540865,0.006107549299460872,0.0067432560014460425,0.003945599804350575
2011-10-19,-0.00508552394809771,-0.005588534305820246,-0.008907854104591703,-0.002343422974191456,-0.003358091014583766,-0.0036738448970169363,-0.003744061735177055,-0.003943826834179774,-0.0061970834136057
2011-10-20,-0.0011723758135746215,-0.0019002791517445427,-0.004816442398260853,-0.0018292863818602275,-0.0018453027260428414,-0.002087184913735969,0.0013748678553110823,0.0011378430988480777,-0.0015582733229185007
2011-10-21,0.007687930316980352,0.007822366647496063,0.007195584295954097,0.0013931626681693858,0.004868151867449479,0.00534162231557766,0.005980685064323809,0.006434693055593726,0.00396015656275481
2011-10-24,0.0064574954129822636,0.0071444321489626825,0.009082687926623426,0.002845375947571994,0.0047525211774702035,0.005113956473542754,0.003912184663111306,0.004359642228718662,0.006610847202170621
2011-10-25,-0.003689410604883572,-0.0012963052431849461,0.0018525506637746142,0.0027470453048021545,0.002420139935100295,0.0030328172591859723,-0.006254623889385628,-0.0053492411003454345,-0.006345975190926007
2011-10-26,0.00335953658363221,0.0021080221224441917,0.0020081038386540453,-0.001032368358562183,0.00032493349231959174,0.0006476686026416278,0.003225156509727589,0.002126682949739862,-0.0003882367069900912
2011-10-27,0.014102418265114977,0.01285380358689978,0.011486802162364317,0.001214937279980938,0.006166381769827531,0.006734610185115841,0.01113416177992051,0.010176567991713379,0.008778873327535464
2011-10-28,-0.00118219015858367,0.00019863932047604955,0.0011904248018179318,0.0017061016886162819,0.0014448863587948437,0.0014830980571311208,-7.614279531718894e-05,0.0011388655783988847,0.0004959777655636507
2011-10-31,-0.009684429117442158,-0.008146371635451418,-0.007467938463556777,0.00020497543059389838,-0.002548589829676406,-0.002826612613961825,-0.007883517541885064,-0.0062358079226148425,-0.005449475737979027
2011-11-01,-0.008810346415064002,-0.007766116001807559,-0.0072198928983782515,-0.000910212729386607,-0.002956714180421775,-0.003129385977956669,-0.008971430916085384,-0.0077011331256031995,-0.008357596653090741
2011-11-02,0.004811672644091214,0.005320605362633346,0.004840884522093081,0.0018766765836528698,0.0037451970028459236,0.004060812772983535,0.004869888579148274,0.00512780966170534,0.0025954904383933552
2011-11-03,0.006253743236793253,0.0070265111356435156,0.0070059702430008905,0.003901871720099322,0.0044531391492464,0.004831715045155585,0.005521962973732447,0.005368290243295422,0.00638521006810337
2011-11-04,-0.002715502737176913,-0.002640292834657821,-0.0026068193636128723,-0.0007352182317855679,-0.0015212169167346144,-0.0016728346759127901,-0.001870715956056573,-0.001502823345446234,-0.001612679376317666
2011-11-07,0.002183077007731901,0.00322533545032598,0.004991661278731821,0.004028337079834513,0.0032108894836222414,0.003755638164654,0.001899082960765101,0.0024859278317856206,0.0022081911102496293
2011-11-08,0.0033917551223305487,0.0027346246162082808,0.0017182764604740536,-0.0007935643371204089,0.00043839715720179345,0.00029007484745307573,0.003936417481745895,0.003561328345201831,0.003600543042787227
2011-11-09,-0.013713674728785402,-0.013753219579897799,-0.012037424231038532,-0.003644654588730087,-0.007536495010482919,-0.007902498153304297,-0.011422990667012002,-0.01132785919045278,-0.011082851785753743
2011-11-10,0.001734535700797527,0.0011840000979933963,-0.0010202733470676994,-0.0017767891310122557,-0.0003788589629087674,-0.0005466850069587257,0.002840117963980351,0.002183977974222739,-0.0001622314028750331
2011-11-11,0.006978156156662931,0.006945979912152218,0.00867216407525709,0.002900201069471117,0.004276973323094537,0.00480389928197533,0.005712726410935114,0.0056151658933524685,0.005794432506045377
2011-11-14,-0.003992338231017959,-0.002960378751868862,-0.004035981251328697,0.0006629945988597965,-0.0010127303870604348,-0.0012417474231638057,-0.0029125663272174377,-0.001971177240225966,-0.001937946193582789
2011-11-15,0.0009415232647994665,0.0008877428886589293,0.002485675769115414,0.0011035591918323946,0.0003871603402327026,0.000462845728024334,0.0015096203591574832,0.0014540477605703588,0.0034526591276275117
2011-11-16,-0.005097756147255132,-0.0058987629526842215,-0.005110471748167746,-0.0032385150491578336,-0.003751465792736213,-0.003989338271826055,-0.004861157446428028,-0.004841313069543878,-0.005160498581423942
2011-11-17,-0.005954780728672827,-0.007187319122125645,-0.009671529639287827,-0.0059667409795920385,-0.005543542070220591,-0.006223065347811411,-0.004811642567863573,-0.0051569206842108995,-0.007240186083295974
2011-11-18,0.0003945969447841417,-0.0007181058083328221,0.0004868583007624078,-0.002052733978372254,-0.0009218105745278833,-0.0007689443607328308,-0.00031872577251333906,-0.0012435755897505566,-0.002340280655289562
2011-11-21,-0.007643189287325818,-0.008665703304023293,-0.00978740722855217,-0.004945198961314733,-0.006266022193559022,-0.006943030352933358,-0.005695641332205137,-0.006016695441389889,-0.005782544481893196
2011-11-22,-1.6615579926735888e-05,0.0009505011407459313,0.0016148223676524364,0.002700317984096438,0.0016230783470997847,0.0018347857070106052,-0.0011600505222881866,-0.000638494755375699,0.0009882830504348394
2011-11-23,-0.006998957534633103,-0.0071594694165394695,-0.007046547944563525,-0.0023604113145074116,-0.004069703379831397,-0.004272863207341968,-0.006501288630817751,-0.006796164394939634,-0.006742392294143363
2011-11-25,-0.001407808224897535,-0.0029563681770725186,-0.0017664402268490202,-0.0036326837716508225,-0.002989605694748977,-0.003107053657859326,-0.000546881858119201,-0.002158026559985834,-0.002262354788142323
2011-11-28,0.01034589106950959,0.012368890647546812,0.010117948878952619,0.007104242813322074,0.008345377718083531,0.008784311491251638,0.008391328166741407,0.009857915993679117,0.010179260356795623
2011-11-29,0.000188480829069204,6.425429583166663e-05,-0.0006520452295569046,-0.0009197249040416254,-0.00011481319764830643,-9.324729698528242e-05,0.0008399827605273523,0.0005331383250082293,-0.0018612200723193261
2011-11-30,0.013012387080456902,0.014090792590267649,0.01364031796380578,0.005921693474862696,0.008861114880330399,0.009484547740785545,0.01218685651238611,0.012897160123490115,0.011027734507631481
2011-12-01,-0.0009911220120651498,-0.0008889088895858409,-0.0008122884111882004,0.0005175110748889486,-0.0008773167158560994,-0.0010129513985229395,-4.837700156961615e-05,-0.00012328081941524036,0.002116550675214388
2011-12-02,-0.00017894805058860097,7.821031792287769e-05,-0.0002637573765404966,1.3172183867427023e-05,0.0005139867729588854,0.0005178118999531467,-0.0003401666033276962,0.0007543358356112417,-0.0010574593632649565
2011-12-05,0.002455418699872633,0.0023089314001312217,-0.00012867142070760362,-0.0003235919572105374,0.0005287560653928163,0.00013633851128779133,0.0037360013751473954,0.004272293387225823,0.00390996320681829
2011-12-06,-0.0006898684667259441,-0.000908510783221392,0.0003264559130729968,-0.0002617182601468559,-0.0006188479400090576,-0.0004643836360007738,0.0001096258322603984,-0.0005740655057590958,-0.001004784602355022
2011-12-07,0.0019354360478351334,0.00307137557863485,0.0029104178921965534,0.0024820928439606713,0.0033724789018474972,0.003649523453559439,0.0012865550668908845,0.0027505096184150105,5.087535450657948e-07
2011-12-08,-0.00839168395981569,-0.008719245963591896,-0.008245309536341134,-0.0049893858580476085,-0.005834276900955235,-0.006527740852309229,-0.007596799340941495,-0.0076165562714458224,-0.006036040134904296
2011-12-09,0.005465307746368872,0.00494430455717769,0.005181730003913013,0.001812336420020219,0.0023848749128813616,0.0026228132833599036,0.0057829949200396595,0.004960489714319228,0.005693486297484347
2011-12-12,-0.0077144785530697995,-0.008380826795787598,-0.007946159044085884,-0.005403607007263582,-0.00623628184994536,-0.007055510589660636,-0.005037363900689909,-0.005030819683771883,-0.004025350040200259
2011-12-13,-0.004114894552698991,-0.004412189620790484,-0.0061365469525213835,-0.004342498089068041,-0.003408321349048122,-0.0040942301543538395,-0.003191891348642892,-0.00252471186760574,-0.003915344655052546
2011-12-14,-0.004083235026511225,-0.005490406539434579,-0.005626222012955684,-0.007446984888186495,-0.004568825640138515,-0.005380974024135553,-0.003615918962776142,-0.0031263038896526428,-0.005515959788727386
2011-12-15,0.0014668204035713044,0.0009073673351977685,0.0019524731622662952,-0.0013893213049258164,0.0004609647416552131,0.0005491194169822965,0.0012191093920733123,0.0012055038825029736,-0.0009563164164968451
2011-12-16,0.001564747137025699,0.003229147996348747,0.005009691791860484,0.005250629728162989,0.004286270393803948,0.00488060881744267,0.0005012669454738252,0.0019359361597675127,0.0017985555813910948
2011-12-19,-0.0029413038655002714,-0.0029913999474721034,-0.002548490909311013,-0.0015840263080486973,-0.001616817597869331,-0.001729439287474587,-0.0036181484141790425,-0.0033307713305069813,-0.0034498690307498306
2011-12-20,0.009299153046167278,0.008949598245036812,0.009312011309909654,0.004867527229460384,0.004876485155809299,0.00545319948750717,0.010168340645465221,0.009484543434936696,0.010322274825309431
2011-12-21,-0.0010626446918539493,-0.0020821414415099753,-0.001024520207628314,-0.003589064570284911,-0.0018954176313951293,-0.0018196594694159214,0.0006640134021199778,-0.0001030063002474635,-0.0050763495446522824
2011-12-22,0.002936377401933443,0.0028998786993730936,0.0020166301916666103,0.0004900866441101475,0.00160243299627485,0.001523315546533421,0.003040146546960989,0.00393683699029925,0.0029980032841233207
2011-12-23,0.0016270510074368233,0.0016571207484125502,0.001676817607460395,0.001270455480120978,0.0007009146329888015,0.0007710179725599625,0.0030859094506240133,0.002529681861073412,0.0030525771060180736
2011-12-27,-0.0005124243486635316,-0.0010816735587695255,-0.000267165280449138,-0.0011067969431967765,-0.0012635813645487611,-0.0014314638496811364,0.0002750730686224388,0.000478308684259455,0.0013265981157810972
2011-12-28,-0.004963691170701123,-0.0050121390368391815,-0.006645430755275786,-0.004096213918843668,-0.0034348509676900793,-0.0041856041587048035,-0.004557738511407815,-0.003675754586705528,-0.004118563778139192
2011-12-29,0.0032763254749452247,0.0036504973009979865,0.001417502790402777,0.0010237322427229137,0.0022356250596271827,0.002147616527842196,0.003558831800936716,0.004543811578560847,0.002545494439379241
2011-12-30,0.0003899879738483189,0.0016870935822810302,0.0006068908833416068,0.0025774166309422597,0.0024500077708738736,0.0026507375453626906,-0.001703638410368794,-0.0010510527440457653,-0.0010148359722411268
2012-01-03,0.0069687113904266604,0.006858007410376747,0.006706075067636383,0.004851714851932926,0.00397536952446156,0.004648721817082629,0.005507260546103674,0.004755608235666532,0.006798327773977052
2012-01-04,-0.0016749363124441974,-0.0015504619661422803,-0.0017113963351716999,0.0005743140377800771,-0.0012543622001019994,-0.001298258780021766,0.0005699813799420195,-0.00033381160218304284,0.0016208696665969136
2012-01-05,-0.0006505761710615327,-0.00015380934305428206,0.003439325392343597,0.002130348169838579,0.0007044264642544599,0.0010315386085242022,0.001033738122050502,0.0012953025030575435,0.0032331814886635366
2012-01-06,-0.001814762145641624,-0.0014373474358593868,-0.0008825021363823063,0.0006066013193734923,-0.0006105675290075518,-0.000736358254296953,-0.0010012778112492658,8.163433675472372e-06,0.0013715837030737268
2012-01-09,0.0005110971088482106,0.00061539103525006,-0.0016242792025099556,-0.0005920950285694874,0.0001486049601643997,-4.4327884829391625e-05,0.0009421336033329343,0.0011844975497143809,-0.0013006118313225
2012-01-10,0.004477451116563084,0.004881234850828131,0.004817684007609457,0.0022984187654858292,0.0033693428767807812,0.003818674991582587,0.003370479359382844,0.0034084865711228856,0.0028796902581523127
2012-01-11,0.00045725226790199346,0.0017821304439227892,0.002480659474855488,0.002468409941598095,0.0025909232127808157,0.0028328760960813506,0.00021214312023216172,0.0020394645497066625,0.0008208282984552818
2012-01-12,0.0009349505539783536,0.0007877747262238891,-0.00013034286495199206,0.0004884234143843573,4.682637246184518e-05,6.941309891440626e-05,0.000938488549912528,0.0004753801680738964,0.0015715357366442126
2012-01-13,-0.0025183079849344543,-0.0020479995391643707,-0.0011472751077362272,-0.0001887649912396842,-0.0005865088399775151,-0.0007306568199330268,-0.002024183143905041,-0.0010423700595490117,-0.001431341927469352
2012-01-17,0.0038311600317296225,0.004374088253115094,0.0035157360230253154,0.0025121732713486375,0.00309992023145495,0.003346747132031966,0.0015149145865776651,0.0020973291289838633,0.0036200953593466534
2012-01-18,0.004720348111062123,0.004696599910695494,0.003520620974631728,0.002032778013817002,0.0023907910480612123,0.002591668642797464,0.00432468667168133,0.004186907924885595,0.0053081487156707045
2012-01-19,0.0022074423095007067,0.0013877640754113674,0.0007969922179256578,-0.0002893962986187607,-0.00021220201136084148,-0.00025726381866044096,0.002078591232936764,0.0006442794581576832,0.0025054048965034654
2012-01-20,0.0006703242265960535,6.745402157295709e-05,0.001841884771301553,-0.0006914467944154494,-0.00017571702551484706,6.82362172333577e-05,0.0014733853344277915,0.0007111371670541713,-0.0006063640447047877
2012-01-23,0.0016635774333081175,0.0015497164159333106,0.00202848939626777,0.0005153328062154821,0.001107369955107194,0.001343302424453305,-0.001019052793728642,-0.001884565276721292,0.00013599938800121748
2012-01-24,-0.00041252863695036984,-0.0006750768100758558,-7.880783000194705e-05,-0.0008652405397387549,-0.000438283011624069,-0.0005381810833450647,-0.00044950700906092376,-0.00018909206096303217,-0.0007421251468762079
2012-01-25,0.004961520600333972,0.007378908307400008,0.008047501657621007,0.006456914447456834,0.006930508102375928,0.007760590311818964,0.003305809479745181,0.005401957447218162,0.005070822465636881
2012-01-26,0.0006723801455198692,0.001403213837966728,0.0018154330407819047,0.0009987095078851538,0.002047206800292604,0.0022614977580484334,-0.0020350062447649087,-0.0008068979399553932,-0.0014113385356445023
2012-01-27,0.0008716182816530088,0.0018684457910704397,0.002121354053726357,0.0023691005761717573,0.0022028397203798177,0.002474604748338888,-0.00017851912432701014,0.0007125888399758691,0.0012138456658691333
2012-01-30,-0.002899827546684313,-0.0029530541549596325,-0.0022178374745393348,-0.00047300065638669413,-0.001908681708313216,-0.0021187641792161233,-0.0013493728929810187,-0.0005647709364090908,0.00033763971795618093
2012-01-31,0.0019021996936308939,0.0025932992289970404,0.0023222910649714408,0.0015977587837025598,0.002429657671434128,0.0026698228803424826,-0.00014888165751251442,0.000979575080386467,0.0005391225033800564
2012-02-01,0.004291269755555653,0.0035964780647151306,0.0026956599056456904,0.00030324970034840986,0.0013646847432367483,0.0014697998110782848,0.003458093294702612,0.003035415135674341,0.0032948280761720657
2012-02-02,0.0013162597743173975,0.001954764357311613,0.0022416644549370507,0.0018055502831379514,0.0018900816236945123,0.002147835667374919,0.0006308255084182745,0.0011808565419091756,0.0012746474106950496
2012-02-03,0.004504481181784925,0.002518130537181751,0.0025556274050848593,-0.0026185726710660218,-0.0007926150823590605,-0.0012426403214859105,0.006845331738596361,0.004816667117246931,0.006503283404698079
2012-02-06,-0.0015524258773792362,-0.0014263405402388366,-0.0011376794386923287,6.838484357384e-05,-0.0007433598835110947,-0.0008431339222397892,-0.00033187056755177295,0.00065083247540045,-0.000386859874591257
2012-02-07,0.0016646617711288472,0.0008655976924325772,0.0017409260282867688,-0.0002857046101720234,9.849786739308514e-05,0.0004930508739410363,0.0012622145991914016,-0.000972205879980658,0.0010123705328667371
2012-02-08,0.0010001715810249042,0.0008073188958586689,0.00041862784563237736,0.0004412359063960049,1.4536226962175885e-05,-0.00018570298029933633,0.0014831052898488276,0.0018929505780750596,0.002564894630586252
2012-02-09,1.9215059050117336e-05,-0.0007862958890459646,-0.000550810721962008,-0.0001765688837659765,-0.0014925787043683222,-0.001657465495570611,0.0006304428306777329,-0.00012906069653172774,0.0034882153400459144
2012-02-10,-0.005184161319963855,-0.004039955015520918,-0.003815289844948089,-3.0429800611599724e-05,-0.0014203378085234366,-0.0016349280277604189,-0.0036936045414501747,-0.002172534982011603,-0.003395113705554733
2012-02-13,0.003851325757280528,0.003028968781064478,0.004021507046588311,0.001275390573718811,0.0011267484646633324,0.0012780669186936977,0.0037112769582155884,0.0040370525114176116,0.004495347331050463
2012-02-14,-0.002019938850958372,-0.001193616319162512,-0.001907630869568093,0.00126716677603926,-0.00048841488558895,-0.0006783290358835684,-0.0006258806158594486,5.758788913972772e-05,0.0012364394806426194
2012-02-15,-0.0009697965933600124,-0.000641082904877578,-0.0017389896856052,-0.0004948798815868466,9.323212581519318e-05,0.00019451263658931922,-0.0023274620143185942,-0.002405036214421985,-0.003386972316405445
2012-02-16,0.00418149868901032,0.003092619353358583,0.004538785389707513,0.0009298453619127202,0.0006569433734316805,0.0007297412685099853,0.00552477086852577,0.004664428594014413,0.006648892854394067
2012-02-17,0.0007952651201857781,3.400859773444494e-05,-0.000898521355408025,-0.0018760444666146164,-0.0005773431125638238,-0.0006787444436116852,0.0013288669219902864,0.0011430892679560637,-0.001533837714687881
2012-02-21,0.00015917587148134998,0.0002680556654654418,0.00010581457070515211,0.0016684738211467846,0.00028067276444160034,0.0007083727323339409,0.00022238899841877716,-0.0010928355004327579,0.001385759529057375
2012-02-22,-0.0007588495106985356,0.0007864317865354537,-0.0010958326393796765,0.0022195467111274926,0.001750850677678058,0.001950561772406933,-0.0016175652209390798,-0.00041780214713847864,-0.0022250279991013564
2012-02-23,0.0024763053052842448,0.0024509466784258978,0.0037524845685137334,0.0018257652204701727,0.0015373019303485211,0.0016702908763546705,0.0022135378910411014,0.0030901267653550995,0.003234154559294652
2012-02-24,0.0018821008953353597,0.0014494879771951167,0.0003081899120645194,0.00012093507839248193,0.00026788387066557025,0.0001220884666029896,0.0011053371666436274,0.00155804288971834,0.0016894415127793692
2012-02-27,-0.001456247260073382,-0.0006014451089594977,-0.0004567456418444242,0.0013267195058024788,0.0001391656308143767,3.1019491571796874e-05,0.0008476290445727421,0.0022140877958110243,0.000691830051466172
2012-02-28,0.0030095216304652657,0.0038703637247106707,0.0020418312768080483,0.003980716793940391,0.0024642845173120124,0.0026244514514039237,0.0014703247897327886,0.0018696660020073267,0.0049764330384459345
2012-02-29,-0.00555326293570067,-0.007889029862663799,-0.008477153618740513,-0.008838358145663017,-0.007548948775749155,-0.009047128581447824,-0.001977995073832752,-0.0037609616400836733,-0.00220683699434403
2012-03-01,0.004332540287478246,0.003985021450950362,0.004429058321662098,0.0020861959223026686,0.0021644531144977774,0.0025843295399096667,0.00260944686592261,0.0018067022088297385,0.0038938166218468006
2012-03-02,-0.0017669646853877654,-0.0009167551998928635,-0.0006371919272766316,0.0012428362304796482,0.00019195982097020304,0.00013607381096480232,-0.0015372606620900227,-0.0002926675529928378,-0.00037860674077273317
2012-03-05,-0.0021524381471394257,-0.0029746710431950646,-0.00043472854114735295,-0.0035684037134020266,-0.0016012140586948852,-0.0015334783375068703,-0.002053014873680102,-0.003113528556757791,-0.005093785231655145
2012-03-06,-0.014999907908710752,-0.00961347518903477,-0.011178172446274504,-0.002639886804806091,-0.005173398304730403,-0.005661345579428656,-0.01155836144774458,-0.011873516977303433,-0.007300430733969354
2012-03-07,0.0055265631884277725,0.0032489162048595453,0.005135625420190502,0.0012020847509584527,0.001433313735947057,0.0016005105731519518,0.005368852406064379,0.005352580050534419,0.005541107231435275
2012-03-08,0.007801164404928109,0.0047158417522219455,0.004309191425487204,0.00158962462303376,0.0017930320616769183,0.00191615940591874,0.007669021300431669,0.00751908709211627,0.007759609123220216
2012-03-09,0.00042620080061922625,0.0005220693530416236,0.002391831529159815,0.0012458480735955926,0.0006464093236963347,0.0008809837848029282,0.002988403145750376,0.0031665048358440204,0.0030135681660939146
2012-03-12,-0.000721331655556825,-0.0007605502580701181,0.0006140939353808621,-0.0004548213607108629,-0.0005656621647161769,-0.0006738150656836045,5.730054883129137e-05,-0.00013648448142817427,0.0003349586994940906
2012-03-13,0.008544653291553989,0.0035350227698726744,0.014178333014947846,-0.00031269148620655866,-0.00040023687590166575,-0.000650696076343282,0.013938280282709908,0.012604756640904284,0.013456544248148756
2012-03-14,-0.005292189990612798,-0.0073980333134265695,-0.001900772937956237,-0.0063058937534041844,-0.00723417044059058,-0.007577293141408837,-0.0008305574382427655,-0.00811095765035871,0.0025248987637368704
2012-03-15,0.003731683460243169,0.0035040776396230993,0.0014669401475091725,0.0020827497261135005,0.002541037143431111,0.0027081866725412133,0.00449417935824953,0.005368467834080428,0.0020806185711042284
2012-03-16,0.0021921559882243646,0.0020611075217225497,0.001203562957049598,0.000723326867130457,0.0016337264159258275,0.0017071162760483934,0.001076649584482202,0.001130130722500648,-0.0005135683796618081
2012-03-19,0.0016816930835710175,-0.000583054789433857,0.0033289639616119015,-0.0011295548931130584,-0.0014368679239323032,-0.0012807143118268196,0.0030480932467329574,5.326821797337513e-06,0.005146080561919559
2012-03-20,-0.00463245259742686,-0.003530493255038681,-0.0021850921406610345,-0.0006102431025417559,-0.0023270625590233835,-0.0025246419589956726,-0.0022637488878306093,-0.0025420054676369053,0.001308235908522216
2012-03-21,-0.0004972719135796674,0.001181180584972976,-0.00010167333642725194,0.002411755340981632,0.001711091900637208,0.0016788258807409397,-0.0012723854506123946,0.0014914535208338817,0.00010954475863530114
2012-03-22,-0.005797159809856001,-0.0035171947502080805,-0.006316067560664757,-0.0004840456412731655,-0.001960498213569269,-0.002190140001209022,-0.005598433629121782,-0.006192007507390363,-0.0015218276491460138
2012-03-23,0.004137913941234652,0.003658660183939193,0.0024956114552356526,0.0022620245768706824,0.003124892315446204,0.003465826028224685,0.0025093172756383833,0.005362260840944456,-0.00043464265537734436
2012-03-26,0.009879516797752905,0.0075161448429325395,0.010335047272406066,0.005442121502463208,0.004778443998799798,0.00527447789139799,0.010900100647177552,0.012742550140124232,0.012749845333231558
2012-03-27,-0.0028321906578805717,-0.0008125913039807903,-0.00023626739109411246,0.001887863944161672,0.00026041026394640513,8.111442433370467e-05,-0.0024197239975048876,0.00033926683102495595,0.0010767455226407606
2012-03-28,-0.005701446059444956,-0.004775780743503487,-0.003740031149265132,-0.0027115613480159185,-0.003282369089027402,-0.0035011043230025207,-0.0038589726864327145,-0.005835108228763185,-0.00290082982945934
2012-03-29,-0.0015992292799171912,-0.00011913748671371772,-0.0010963049158812586,0.0007759830813347312,0.0007383138266786024,0.0007045912508547763,-0.001328119973774133,0.0008797976560288948,-0.002801733195986238
2012-03-30,0.0030445652882006226,0.0010798887571241856,0.002648843115570416,-0.0016112923756359068,0.00023180483853986792,0.00046403313906090985,0.0032156697499831346,0.0009200652610633094,-0.0014042431861909005
2012-04-02,0.0071827783555338,0.00571900283860472,0.006613567445070052,0.003855867034677331,0.003573981992910303,0.0036991584429714452,0.005691189031689495,0.008457364919890081,0.007577809868954144
2012-04-03,-0.0073013062215912874,-0.007272587655417212,-0.0019016141244501158,-0.005007739198777867,-0.006135770472332676,-0.006552079395791767,-0.0031855328179912525,-0.008400814158944834,-0.00021407070674205332
2012-04-04,-0.013100133704316841,-0.006423943791059927,-0.014781793506369767,-0.0025633221454207655,-0.00332455365359996,-0.0037674072995772523,-0.010911642462752003,-0.008302047908138488,-0.013755430092336374
2012-04-05,0.0002646804061336521,0.0016474463365713185,0.0025359796325094804,0.003188709124665254,0.0019285524603143275,0.0020161614465931854,-0.0005397543981964738,0.0029710774827608846,0.00618111104640573
2012-04-09,-0.003819532191513489,0.0003780675682048208,-0.006361141498794515,0.002659751088523563,0.002251222444160327,0.002262705138100997,-0.012046202777837084,-0.00513723683485338,-0.007459483142558072
2012-04-10,-0.012024081858070704,-0.004926957952828482,-0.013716976200256338,-0.00043364844418147564,-0.001155603794672627,-0.0010870006433598978,-0.018016447103255617,-0.016083919229626084,-0.01591513462690726
2012-04-11,0.0071252407138935265,0.0028915919090398284,0.007440263207746798,-0.00018923045492485555,0.0009746053140362401,0.0010821757300194473,0.008694637893053192,0.006264783180285593,0.004791843729378598
2012-04-12,0.012371695329518938,0.00673385090576216,0.012982438305979435,0.0026316658869611426,0.003797373943372215,0.004104579002201194,0.014027897845078472,0.013792665151699413,0.01132650818218121
2012-04-13,-0.011625768201992097,-0.005663439205487798,-0.01076510061103435,-0.0019116326046786222,-0.0023965425126059856,-0.00263543455715883,-0.01275794699127808,-0.009201146805177265,-0.015031123111068247
2012-04-16,0.0016523653833868412,0.0002334748816308755,0.000543830536432114,-0.0019327180450174498,0.0003193406027734961,0.00042984933003513794,-0.00070782072251888,-0.0010568031179611836,-0.01107081864591529
2012-04-17,0.010155533314570753,0.00552058298669474,0.011960161297571327,0.0031431860410647858,0.002454885921337317,0.002438552424677574,0.01590307396440151,0.016610339697228183,0.020121091200541875
2012-04-18,-0.0038351186003513517,-0.0014905058305224623,-0.0052726513465100764,-0.00021214894702081772,-0.0007542042350435853,-0.0009609437293179369,-0.0036281065363132164,-0.0023962660038641817,-0.002521119637072514
2012-04-19,-0.003718754854115659,-0.0018724376947589743,-0.004626282689666901,-0.0014206346263417376,-0.0005423339475025919,-0.0004934809556955622,-0.006892678340609008,-0.006681267445396139,-0.011151137733326147
2012-04-20,0.00427486128994699,0.001941971957484477,0.004268870606184713,-0.0001804731303852561,0.001271028126668929,0.0014114776722778837,0.0017899503318599746,0.0020068089361262136,-0.0027060885385185376
2012-04-23,-0.009577784720255451,-0.004534023411067225,-0.008976491956764166,-0.0011452210317868775,-0.0020386637238309397,-0.002168988999856041,-0.009029253659722168,-0.00831571301748919,-0.009045537735628297
2012-04-24,0.00335832052057239,0.0006092631601249168,0.004598066275365307,-0.0017171655898843426,0.0001290321469649779,0.00034938162656236244,0.004079786342144074,0.0023030129368294314,-0.005324875870742356
2012-04-25,0.010450418603080176,0.00605648319479181,0.016535361901718303,0.0047755640903363,0.003168832210890296,0.003264004262335407,0.014697887919418074,0.015107071817391848,0.02630765868832081
2012-04-26,0.005311052484893748,0.0038325344665465265,0.005433145453716396,0.002746561999714831,0.0028378198842116246,0.0030149917456882883,0.007472292493455176,0.010902406828087758,0.005811983874430011
2012-04-27,0.0038479994720033947,0.0019218304062048593,0.005992579274131813,0.0012133303469254286,0.0011161124936826053,0.0012264759679279124,0.0017558656625980996,0.0027328554506287107,0.005927405968506616
2012-04-30,-0.0030314855443969056,-0.0012302237643616728,-0.0034646577515377586,-0.0004946277939128904,-0.0001422630189183467,-8.19187408243929e-05,-0.003973540846126696,-0.0037000382399985073,-0.0070705014507802585
2012-05-01,0.003995062112185173,0.0016234310500856176,0.00468600759228971,-0.00033248224878774224,0.0005647234295905287,0.0005965836188113704,0.006666364263639639,0.005777263307829406,0.0016316337466320422
2012-05-02,-0.00285890872088901,-0.00110720216380777,-0.0004555664804560527,0.0007116559743434995,-0.00046161968953095927,-0.0005742631449983905,-0.0032015506962222305,-0.0020123035728256697,0.0028141623178437607
2012-05-03,-0.006639385709993133,-0.004229542283492681,-0.00811381754416519,-0.002921086704533732,-0.002719960351390892,-0.0029371143449567053,-0.008178064621246605,-0.009066090070678686,-0.010485991749160328
2012-05-04,-0.009665697737879841,-0.005224891157474931,-0.011878801771960323,-0.0025990631133806508,-0.0016307692810876295,-0.0015937862456913976,-0.014212842392139935,-0.013730057201249535,-0.018021891632053366
2012-05-07,0.0031275528788719626,0.0015571574317996093,0.002462144707980997,8.311967460590287e-05,0.0007302498198942912,0.0007437117437796433,0.0006320520879309107,0.0005020474934248225,0.0006583938049271439
2012-05-08,-0.007426867900895921,-0.004485368588082017,-0.00557472354353123,-0.0014262205841871765,-0.0028059574749425328,-0.0032080706422550724,-0.0034710427600195912,-0.002468129339027835,-0.0026260892395212595
2012-05-09,-0.0064094731383644256,-0.0040738467569108325,-0.004082330155505953,-0.0013690973814897435,-0.0024967582508189164,-0.002698493850686461,-0.005129620208419502,-0.005302399119386995,-0.0021939171480739256
2012-05-10,0.0016416296034871619,0.0005321459059029207,-9.504483591024657e-05,-0.0008546707327933624,5.042501783453085e-05,9.637474255667397e-05,0.0017831815000541634,0.001045447959069945,-0.0014285576951880577
2012-05-11,-0.0027129642203675515,-0.001255074184293605,-0.0006807661312968522,0.0007312977843340011,-0.00039617557627409026,-0.0005256010054751146,-0.002605227349799622,-0.0007686771152324426,-0.00010884191622187687
2012-05-14,-0.01068919588822017,-0.0062598979436858946,-0.010673674872359208,-0.0018421462446999361,-0.00356760188699129,-0.003972116451108237,-0.009556283182689387,-0.007908936690496849,-0.006608164350756869
2012-05-15,-0.0065383291750540674,-0.004212886823024543,-0.0050173435251498096,-0.001726074845841412,-0.00272611667287305,-0.0029664108727945897,-0.004952809234609282,-0.0054655288332885925,-0.0023276185477882822
2012-05-16,-0.005233076313311223,-0.003237533799635421,-0.006864045955448866,-0.0016225450784942222,-0.0019419342752332583,-0.002084995255430833,-0.0032963755436903586,-0.0032598826889284165,-0.0047781383872526695
2012-05-17,-0.008727079606142522,-0.004981400389480244,-0.014394359104427006,-0.0019994219286811627,-0.0018751407471538004,-0.001698835317271604,-0.012777719299694987,-0.01196263267304257,-0.01485223107737747
2012-05-18,-0.003980822904329108,-0.002331574801195133,-0.0069349840711901865,-0.001667806333584508,-0.000781111918399111,-0.0006445790619770714,-0.007358019320964499,-0.008848728382859123,-0.009068101898945864
2012-05-21,0.013212297922899031,0.007860794592875815,0.017956466580262346,0.0043682489696011744,0.003918065661240677,0.004092357225504863,0.014760868872747192,0.014909020654573646,0.019449138367991604
2012-05-22,-0.00346530928981905,-0.0032178615581007447,-0.002797013160122676,-0.0028508176503447102,-0.0029524805645777417,-0.0032558710652213587,0.0015008507690000823,0.00017605019119784412,-0.0007843937366324835
2012-05-23,-0.0021532133418431174,-0.00021724093868456812,0.0006631651524641028,0.0016856756386517105,0.0005459688153812634,0.0004983790159416471,0.00045590287206342554,0.0023175196006519332,0.0013487915642861508
2012-05-24,-0.0021173795799042175,-0.002055334838226173,-0.000991416363594488,-0.002302954480089196,-0.0014691886934631586,-0.001405516586990928,0.0016934784238324559,0.0003978317653135549,-0.004597293037755164
2012-05-25,-0.00027508702821615004,0.0010113828674907547,-0.0003861424887354536,0.002027782957570354,0.001590799952194141,0.0017079764115629475,-0.0027943041418183458,-0.0011931610507934416,-0.000900395839691589
2012-05-29,0.0069785313139210685,0.0035389419474690133,0.007751450509491948,0.000974566813795273,0.0010576532658092448,0.0009439009911411281,0.010427751828160874,0.011236276640759619,0.008910393337756072
2012-05-30,-0.01038767455389963,-0.0039030686990337705,-0.010706170247638522,0.0023420468883776006,-0.0004743825863150671,-0.000608321560261705,-0.01251211889517723,-0.007665708559365606,-0.005923414552309238
2012-05-31,0.0014843355683826075,0.0015878431718063773,0.0008300040296177996,0.0013631026388466103,0.0016851997310002149,0.001716081046879689,-0.0018940114288115181,0.0005582000248975535,-0.003035188557808083
2012-06-01,-0.009695730459711843,-0.003722566375345402,-0.011385714321800092,0.0014382202040037727,0.0010204421761037027,0.0016255249636638993,-0.02165999365889668,-0.018396830832522176,-0.018609064225047888
2012-06-04,0.001485823005414068,-0.00021877812045119596,-4.138652433292215e-06,-0.0016078585081417283,-0.0013431565681233369,-0.0014563792612544355,-0.00040071443127487723,-0.004652020601112568,0.005287543906668547
2012-06-05,0.003599942314832072,0.001994753964197793,0.008109243338254801,-0.0014975531072466408,0.0013029731608753536,0.001540256673467466,0.0053771613655608785,0.004239287717125784,0.0023113835020707185
2012-06-06,0.015504038898221086,0.00842525123887608,0.014275418085745601,0.0014968940873405613,0.003377880758861621,0.0035626058474589562,0.016375557963911012,0.0153830238190446,0.013507249916589787
2012-06-07,-0.0013759572197220796,-0.0011439599122798744,-0.008666847367212498,-0.0011968109145317001,-0.0015719204091793548,-0.002053470581588616,0.0004452174799723695,0.0018233877626662493,-0.002378158466773077
2012-06-08,0.002439843986750831,0.0019211064889910767,0.00826954445310779,0.0042663679916332626,0.0015587406595024432,0.001771720064344105,0.005831353908207755,0.007176211885685776,0.005726145412276361
2012-06-11,-0.00834960382993264,-0.004995354545137381,-0.011746467492468693,-0.0034488838897805286,-0.0025333164274020845,-0.002695285234928937,-0.009328946786772676,-0.009400884748992184,-0.010054446392094758
2012-06-12,0.009257504555325506,0.004708859816648502,0.008734492506934232,-0.0005767428574982588,0.001692475483738232,0.0019073364055884464,0.008415758888584517,0.00681255076321623,0.007188886471425352
2012-06-13,-0.0031853917499479038,-0.0014782675349284318,-0.002486134987314473,0.002626516412580145,-3.13421010947526e-05,1.3786437479770251e-05,-0.004696175811511248,-0.0026046827198056843,-0.004089625974756469
2012-06-14,0.005635090758125076,0.0033695755535711144,0.007560650978735384,0.00016931997168874061,0.002003029558317226,0.002251045520577254,0.007774247486639646,0.007544553876155247,0.002198977280899602
2012-06-15,0.008533161099942446,0.006501745077332987,0.005686062087060226,0.007837280681906058,0.004085739148175897,0.00406765667883649,0.00752155287144737,0.011240297613453014,0.00738729184410579
2012-06-18,0.0005796134818316323,0.0003267479867769065,0.005725369095906934,0.0026297299734793227,0.0002313768512340067,0.0003653207109696632,0.0014302179699016199,0.0014887228365824598,0.005597421631699159
2012-06-19,0.007746073455063376,0.004064911138097019,0.0028428692802403956,-0.0004915842412050881,0.0011141524919846123,0.000987527386896151,0.007136718336264335,0.006406961612603664,0.006226594046543922
2012-06-20,0.00019738224468263533,-0.0009417516341541562,-0.0021132296818129285,-0.002528987634741469,-0.0014766265716713487,-0.0016376550486242817,-0.0011983178422040402,-0.0024922639029543053,0.0004700875945405963
2012-06-21,-0.01814499958208367,-0.012006245824726017,-0.01984119146032166,-0.008130426277850697,-0.007095825301665316,-0.007691212555330337,-0.016586439930955668,-0.018124704743752818,-0.014989171589461768
2012-06-22,0.003964747752913693,0.002292538984573231,0.003961229282702086,-0.0006297084035345772,0.00075151989096661,0.0008004984266921444,0.005660151404579485,0.0041901691415848095,0.006279399976484024
2012-06-25,-0.009843883972963388,-0.0054667853825207495,-0.004956179546510742,-8.596050003017851e-05,-0.0015268521608742425,-0.001340483079276376,-0.011805792160468816,-0.010796246536661253,-0.011530514622254861
2012-06-26,0.002420396585461569,0.000851008300070588,0.0008002986713244282,-0.0009225716583486397,-0.0004399982892457912,-0.0005713091830045145,0.0036859512776258995,0.0030486985752289277,0.0037310847524457433
2012-06-27,0.004944460340987601,0.0033891589674015757,0.003484444230947587,0.0031238494063460884,0.001908480863610324,0.0019360457206890648,0.006620528229761136,0.00844228463468273,0.0036217946779052426
2012-06-28,-0.0021205036763389806,-0.0013609261233026556,-0.0020348930789266485,-0.00018309957517615734,-0.00031673359715754474,-0.0003819278531901739,-0.0020988752580894487,-0.0006995231256264209,-0.006643592885972513
2012-06-29,0.023251157069404123,0.014504937755842471,0.025617375387461727,0.008356821531312212,0.008343233241698974,0.009073187366428278,0.018330502314715846,0.018728422267825742,0.018731652331268844
2012-07-02,0.004202428242414648,0.003606447858634004,0.004824019937405988,0.005701585212212277,0.0028888906788249384,0.002978497536755641,0.0022307600803711915,0.005035031497626804,0.0017838791368318262
2012-07-03,0.006603348176009863,0.0039028875090467525,0.008696602178604499,0.0016580208086649163,0.002282907941079817,0.002642266314854805,0.004883772016216709,0.004301807983136607,0.005057874300672733
2012-07-05,-0.005743883492121071,-0.003148840902437944,-0.003252158947597672,4.51743502651869e-05,-0.0016099927899033695,-0.0018982105289873097,-0.0028707444389207692,-0.002140641929678111,0.00019962042212173792
2012-07-06,-0.006274107193381113,-0.0037773919348409505,-0.004364056637131685,-0.0004382708280832689,-0.00149994844975873,-0.001678836703314414,-0.0057535804184498645,-0.0050564920417122215,-0.006195966572341637
2012-07-09,-0.00012654541111231584,0.00024946195836093453,6.844631934418997e-05,0.0016093892840820996,0.0005938934804387164,0.0006497183869827736,-0.0007555153923161906,0.0004305808239594865,-0.0009220952450298369
2012-07-10,-0.00523315917410221,-0.004046144203287866,-0.00707946117963298,-0.0033082627537832396,-0.0027633160561536547,-0.00311496852446036,-0.005256834810101428,-0.005910672375010092,-0.004853032562769074
2012-07-11,0.0012232610326479206,0.0007928335036340542,-0.0004512722544322312,-0.0009397816607483729,0.0006353270512612351,0.0007546074986525331,9.130056036012634e-05,-0.000345581789584604,-0.0027083119661056275
2012-07-12,-0.004046122231172382,-0.0023513401849090273,-0.0019882434355868463,0.00010836683481245393,-0.0005721503343789653,-0.0005470940223002312,-0.002909952582686071,-0.0022950629327847987,-0.004579344728307751
2012-07-13,0.008770856042400833,0.006711419077979924,0.008600900942445765,0.004083148313628341,0.00398304432039272,0.004264736167996859,0.010064033183107586,0.011314627631854519,0.0074124721308364
2012-07-16,-0.00020839618155831397,0.0005095999657145702,-0.00015922424737679726,0.001419914964408844,0.0008988674644729029,0.0009263892123650672,-0.00142145522004915,-0.0006100166514891912,-0.0013916786133575368
2012-07-17,0.0028564266328009774,0.0013451822412107073,0.0033210671688273397,-0.00041047267297307304,0.00021207007980382657,0.00022524876497511206,0.00414336369920177,0.0035775218218936098,0.0025610421706470533
2012-07-18,0.0020604758418655126,0.0020867231666464765,0.0015835312061811756,0.0024289198290291837,0.0008831561111471982,0.0007013758113567312,0.00448105488222918,0.00568456078975292,0.006653024490514747
2012-07-19,0.00272680686041416,0.0021475051524894777,0.00039414347222151174,0.000450810624388428,0.0006849020182653838,0.0005423728369265343,0.0015911632323906168,0.0011430358401601439,0.0054569119490646655
2012-07-20,-0.00739065154077763,-0.004368442258840628,-0.004701191561448473,-8.898906344786819e-05,-0.0014166861168723984,-0.0013808881087826296,-0.005553376551244094,-0.004595352958581765,-0.00656992606153215
2012-07-23,-0.008813658322578636,-0.005806157936916564,-0.005709933856547187,-0.0019255634254082025,-0.0027252285090979193,-0.002823132529023598,-0.006116192419109564,-0.006326225905682166,-0.005997687479635218
2012-07-24,-0.003976549337331164,-0.002827221931193562,-0.0025527364853498123,-0.0004818881247813955,-0.0011761672254387953,-0.0011094072351251897,-0.005172350891673688,-0.005094444998166868,-0.0038671391454272114
2012-07-25,0.0019075073352939511,0.0015849092437354812,-2.4682266218320814e-05,0.0003035329651479034,0.0015666264378780585,0.0018339057702986363,0.00013584826134108494,0.0004132377664672453,-0.003260814556299529
2012-07-26,0.011290885544818344,0.0073496976064806934,0.0067717215624432,0.0015390767741487062,0.003465930993669273,0.00362297301198405,0.009909241954522047,0.009994097365203451,0.006471337089744815
2012-07-27,0.010541672927746115,0.00559588976511561,0.009423308849817324,-6.519063795372133e-05,0.0014465778385221188,0.0015984691023278005,0.011143632262649722,0.009473930053105931,0.011617743536018707
2012-07-30,-6.112982124152008e-05,0.0010020837318430657,0.0009444456823448281,0.00266296988146919,0.0013856926471718406,0.0014177684564164743,1.706591651363886e-06,0.0015076469598094455,-0.00038076422193572546
2012-07-31,-0.0027682901984150167,-0.0016176231176823434,-0.0012751318332590935,0.000643916686921283,-0.0006706327480694112,-0.0007968451325799725,-0.004256437631156175,-0.004130420555878145,-0.0001509068943352837
2012-08-01,-0.0011920764753342015,-0.0018229898819295503,-0.0032037222875830555,-0.004067236038120664,-0.0020755475134754966,-0.0023006950247386362,-0.0005277026063785161,-0.0023530020890306005,-0.0014530237151961882
2012-08-02,-0.005305660730505972,-0.0031957485140010735,-0.001040740887581992,0.0007042386682360073,-0.0012571783450744895,-0.0013044618260000447,-0.004189195102831958,-0.0037484511022992145,-0.0017624013654196666
2012-08-03,0.014095337161871058,0.008466561175348941,0.008233115183514661,-0.00016810989619131522,0.003459043275309881,0.0036123905913678644,0.012104517296863904,0.011688400908077101,0.009850726815185062
2012-08-06,0.0030767300104982843,0.0024015854619357626,0.0024748524924795507,0.0014964069693333797,0.0014421449174196722,0.0014859780721645497,0.0011932480370282778,0.0016936858663881204,0.004009578868959833
2012-08-07,0.0014752852172927452,-0.00026727269007243955,-0.0024736271490221648,-0.0027622984817290063,-0.0016572063527685644,-0.0018276671278785654,0.0030881194830898705,0.0011482005782177797,0.004392995085902368
2012-08-08,-0.00013804854424304347,-0.0006560540551020173,-0.0018283912073793946,-0.0015701458401194868,-0.000980563708646695,-0.00103942239041464,0.0007490151187117327,0.00022199142329400865,-0.00023628147154099903
2012-08-09,3.678177786956044e-06,5.353819441984179e-05,0.0005513876171022855,-4.785715604804326e-05,-3.2925503243170525e-05,-9.322055119222076e-06,0.0005285652719040508,0.00026624928302725363,0.001592135057197018
2012-08-10,0.00173368370105746,0.0018882241402723664,0.0009320770107477804,0.0017671180335155632,0.0015024504320284339,0.001513068110244779,0.001011386839671528,0.0025177560465248897,0.0003194146392875265
2012-08-13,-0.0018828688195962429,-0.0013518777314330186,-0.002323182024470482,-0.00029620624183005097,-0.001027320141899304,-0.0011795009325399832,-0.0003052929296367222,-0.0006702545061377656,0.0012715433872379043
2012-08-14,-0.0005554277566400423,-0.0015242483701495089,-0.002399507985791822,-0.0028822084067008993,-0.0019002706228703552,-0.0020240342693370198,8.940451266009195e-05,-0.0021889104643128304,0.00023981405151795256
2012-08-15,0.00025914815940442646,-0.0008566360517749075,0.002929935226712315,-0.001960454866662903,-0.0010331238969036336,-0.0008838884109930367,0.0007031049625420173,-0.001514080659369325,0.0013487854313407347
2012-08-16,0.005411218228945578,0.0033880397365858494,0.006363070720832585,0.0010245066028364278,0.0016451199827528283,0.0018200897863173155,0.004560237496469143,0.004248711883977485,0.006331950192370112
2012-08-17,0.0006170973299301569,0.000776706615640407,0.0011745972420843195,0.0012819722443929804,0.0006449637946591804,0.0006565511288631919,0.0008305157543637074,0.0015312417411116647,0.0023604009087020428
2012-08-20,-0.0003231792320968964,-4.902233821316294e-05,0.0004571459313351398,0.00036877866521668127,0.0001063721185827354,0.00014054366980244788,4.5277589052682866e-05,0.00030062455681368895,0.0007865887798423686
2012-08-21,0.0017662157169633342,0.0012046586349660458,0.003257104860852235,0.0004497823788258697,0.0012204700093432898,0.0014465604816688528,-0.0018730378631384643,-0.0018328444667853325,-0.0021144261279834897
2012-08-22,0.0017755706051837392,0.00331895138276269,0.004035553824527841,0.0051687156181399315,0.003513825864423344,0.003680741464954689,0.0002638139534792271,0.0038757777818850428,0.0022014000773365374
2012-08-23,-0.002981430291988339,-0.0016166891492078216,0.0004473654451497956,6.435683012996957e-05,-6.593402620353071e-05,0.0001077897783455975,-0.005063938453735118,-0.005147564549377211,-0.004386925585973038
2012-08-24,0.0007732679259808357,0.0006718083936104916,0.002246681532066116,0.0007787792185995046,0.0003576085782913996,0.00040268996039778736,0.0037321590171467025,0.004161719820681832,0.003308181252204301
2012-08-27,0.00024022384230014838,0.00021862089466775168,-3.104876699161356e-05,0.0011591755047892793,0.0001938046512910421,0.0001476163347859111,0.0001326049767299506,0.0013480032525335988,0.0008651522781388387
2012-08-28,0.00043526667380338897,0.00041892845449053494,0.0016677311264677,0.0005892768285056427,0.0005287852879856494,0.0006084978802425052,-0.0006103927699166168,-0.0005548702233623053,1.8394909139302119e-06
2012-08-29,-0.001720478837873122,-0.0013577110356618658,-0.002245445642736123,-0.0006744226876566229,-0.0010718443603043423,-0.0011964831251495664,0.00048308901064850624,0.00025600296053538655,2.2071741400429543e-06
2012-08-30,-0.004666564885068014,-0.002923482664230689,-0.002552296717858502,-0.0005257849840774008,-0.0010829244832637,-0.001070506664005437,-0.0044585894562596835,-0.004385142435001643,-0.005407617025468838
2012-08-31,0.006274140493661252,0.006404757061405972,0.009728726753291346,0.005786310268747244,0.005519046085019713,0.00595634081063136,0.002944184893492584,0.006462131084348572,0.0035486402074405453
2012-09-04,-0.00015042656053088077,-0.0006075839572627917,0.0023310693499436486,-0.0018010341991169243,-0.00032874480736366785,-0.0001867346895385591,-0.0007694798578379292,-0.0022054645376092807,-0.0007036457665450246
2012-09-05,-0.001221849429416055,-0.0008538996806527841,-0.0011651239802700608,-0.0006818744182218419,-0.000563328734116045,-0.0005960376330399696,-0.000613449236434287,-0.0009179361746569639,-0.0006275842652585147
2012-09-06,0.011877205883517261,0.005902007118369812,0.010151522493163815,0.00032822674018699377,0.001777998894497342,0.0018684260675068895,0.014663862919821176,0.01294339180309158,0.01358081545152913
2012-09-07,0.0073514092018817576,0.005124786306746464,0.005171600037419221,0.0024317872197466175,0.003750199158316501,0.004118688810010822,0.002830871207083571,0.003909010603089751,-0.0008853658610033108
2012-09-10,-0.005841899622207152,-0.004129249527982932,-0.007991925545248676,-0.0036174999519290756,-0.0026418127140510183,-0.002824668550940729,-0.0041304429379432584,-0.004474962570008175,-0.007901738925441933
2012-09-11,0.003938966528194369,0.0022556008488714835,0.001501107815504195,-0.0008316621472847073,0.0012488964635362335,0.0013262650310969027,0.002024924569233982,0.0012938923809864063,-0.0009834407061480928
2012-09-12,0.0018537959554224242,0.00025020329587596484,0.0015626184183303079,-0.0025874340351120842,-0.0005549203533146624,-0.0005286940200979303,0.002424545860432359,0.00010930107942206775,0.0017936254404933953
2012-09-13,0.011400531081429289,0.008489649312322217,0.013066817762958325,0.007273452817612836,0.005901463974149933,0.006350985428452865,0.011081944569273172,0.014194250632298882,0.008319133908601771
2012-09-14,0.004556040707682511,0.0009429274805300083,0.005123774674404871,-0.004107909361043837,-0.000844071448935717,-0.0007210131418179469,0.003239491580531607,-0.0012831318184973201,0.0055008494204443975
2012-09-17,-0.0030744811717968888,-0.0017945062229511258,-0.0029352056840738928,0.0005078366845177567,-0.0011055547922940376,-0.0012912304852697137,-0.002481660733992347,-0.001776808336918557,0.00026654471830344
2012-09-18,-0.0013281487615270488,-5.302433491918737e-06,-0.0011472410744945867,0.0018212157518437753,0.0004561254740946374,0.000482289158920883,-0.0005967439188309194,0.000630203477858217,0.0005307553288468423
2012-09-19,0.0008108834296162362,0.0007574461745912069,-0.0013930592399282928,0.001449819838234668,0.00040476083383838397,0.00030988921160694224,0.0003998756501084392,0.001669552257793001,0.0011475344610031878
2012-09-20,-0.003502877728979251,-0.002334139856943012,-0.005783224133804947,-0.0012418637658991542,-0.0018161246717625006,-0.002022439460748584,5.093900527420858e-05,0.0003357424810675478,-0.0006144303750926683
2012-09-21,0.000898513552535224,0.0009546337172343742,0.0008535804277253756,0.0017345658280593006,0.0009290679826330977,0.0009747327477729654,-0.000303988055185601,0.0007656893481865893,0.00017787452790110175
2012-09-24,-0.0021918632890983994,-0.001088087798807094,-0.0042496975704970266,-0.00035601507209529707,-0.0005357035912052112,-0.0006837545651782244,-0.0011004874494665287,-9.397209811665277e-05,-0.00361971945799611
2012-09-25,-0.006406045711737092,-0.0040642045321719516,-0.009400795513666052,-0.0018551388945046107,-0.002180546299482133,-0.0023504248941887784,-0.007767580513141619,-0.006896583449149046,-0.008686409149070949
2012-09-26,-0.004362082106033865,-0.0019871501287736897,-0.0037594645820104603,0.0007843018078793994,-0.0004709509220990548,-0.0005567511624774437,-0.004090670223350783,-0.0024469357443545714,-0.0050064750011390826
2012-09-27,0.007298553739661571,0.00481457917779238,0.00909714987543739,0.002890850956957855,0.002877674787510189,0.0031682640029061858,0.006848519714280629,0.006621240393154058,0.008450216649505966
2012-09-28,-0.005885719073644828,-0.002971561748046133,-0.003493433462872307,-0.0015228418781645602,-0.0011040018188047352,-0.0011259458528354604,-0.0033743170393114126,-0.003849576977985973,-0.0050790947677015474
2012-10-01,0.0024350891466516774,0.001642520777862303,-0.0023241505964998336,0.0005887420436359502,0.0008226181748994862,0.0007364589266976227,0.0019218703772005852,0.003161172528118802,-0.0008943489887020052
2012-10-02,0.0018761803567154986,0.0006166507125207502,0.003103102286893373,0.0002825026859210207,0.00015657022552833453,0.00022655433020071281,0.0007577752939231866,0.0004985873148215415,0.0017947418062663845
2012-10-03,0.00018089228096340726,0.0005086555364217649,0.0027808000673559263,0.0021896384827204685,0.00047903820430050814,0.000535447712914916,0.0034246946512024312,0.004398803329080492,0.004584840835386128
2012-10-04,0.005497611918123605,0.002366537828086197,0.0037567615616551924,-0.001320518920624338,0.0008601756348657986,0.0009571649973436017,0.00627316533284562,0.0044679659887106975,0.00255494766601428
2012-10-05,-0.0010617049447036676,-0.0021298158321871054,-0.003219721610817911,-0.0051941286232713895,-0.0022013432376419948,-0.0022657517233846203,6.0361242477830214e-05,-0.0029207753825313295,-0.003925779961391502
2012-10-08,-0.004312818650343534,-0.0017711108357465724,-0.0044987325312355764,-0.00018838411136756127,-0.0005370618634709694,-0.0006067828800887068,-0.0029957816551795394,-0.0013184684499327728,-0.006711896501088515
2012-10-09,-0.008284716511627446,-0.004818761728122871,-0.00799166814048666,-0.005694329200618256,-0.0028396294105251753,-0.0029368559423595337,-0.008655802784725506,-0.01119957629847115,-0.011691938346811545
2012-10-10,-0.002188871776463253,-0.0011288137491251738,0.0002905669631088644,0.0005210632009223696,-0.00022563090305362848,-0.0001630676917670244,-0.005578479431461341,-0.004788305033670709,-0.0036896067086461455
2012-10-11,0.0030805700538272434,0.00132906553360535,0.00021658320869619914,1.2755106072605102e-05,0.000677986374659605,0.0006999470958429193,0.00048826091238039424,0.0011428120781052612,-0.002286838481275401
2012-10-12,-0.00202773779040421,-0.000788926863769722,-0.005017096718370244,-0.0006171930193440243,-0.0005328733172233124,-0.0007274215315868295,-0.002863751284190018,-0.003225195774381913,-0.00032637569139990614
2012-10-15,0.003610575795820518,0.00141534473960293,0.00010796157568091166,0.0009263455154914091,0.00014936234129224587,1.183055318745762e-05,0.007274268420872376,0.00843375859931061,0.005353381843078269
2012-10-16,0.008774684883211167,0.003955261297342964,0.008763494311333442,0.0007342486605955677,0.0016589729227167423,0.0018096417533493355,0.008859970985534102,0.006916961158569626,0.010323042457846605
2012-10-17,0.002646562691322371,-0.00042498729352178017,-0.0010708276950317608,-0.005104725794157173,-0.0016024373477512646,-0.0016241416581900695,0.0039703925781055475,0.0003548953747765928,-0.0004291565667693759
2012-10-18,-0.0027054556960741053,-0.0017709048426238357,8.541768733019155e-05,-0.003524757275241528,-0.0007621877093222866,-0.0006661734094725711,-0.002275873426276633,-0.0037858274378623643,-0.008498273934331118
2012-10-19,-0.010539258668964921,-0.005506048951290202,-0.013881124734581826,-0.0038936228950803534,-0.0027684495498862764,-0.0030190167748365246,-0.014591601200221686,-0.013984946116068708,-0.01746865478206622
2012-10-22,0.0022244421267574328,0.0002018805073918954,0.00042530834698475717,-0.0015205101593727748,-0.0006845543239568448,-0.000692024122955224,0.00012243233361093687,-0.002118514043315486,0.0037558486215578265
2012-10-23,-0.01178206176993216,-0.005047354861808484,-0.0124586531287211,-0.000146514090407723,-0.0022186889535023395,-0.0025458947984270818,-0.012124050910914438,-0.010766577563505469,-0.006930261776247376
2012-10-24,-0.0014024329218317068,-0.0013233324529556237,-0.0026706498357276726,-0.002736317796996013,-0.0011780731443879451,-0.001237940457384577,-0.0024666862526715166,-0.004297159525686581,-0.0025468771911307496
2012-10-25,0.002776699099149843,0.0005344560176536172,0.0018375613327588282,-0.002398125639139995,-0.00032992875574273776,-0.00024005390954531797,0.0025354326141951485,0.00042099737210764086,1.205123540870092e-06
2012-10-26,-0.0005521921832393867,0.0008510186330746233,-0.0036001497644847,0.00463278648469504,0.0010169048867540152,0.0008589636487607736,-0.0004928338360751733,0.003685613884442559,0.002111715115898731
2012-10-31,0.0014133238049398552,0.00201242050054926,0.005509403821273972,0.003066438702757053,0.002529537022667535,0.0027519029687120733,5.57621946414494e-07,0.0027310204736664353,-0.004432636351955116
2012-11-01,0.006947765679581694,0.0029878527157142466,0.0032567164806810013,0.0011999618323899183,0.0007647523669106404,0.0006870615111117449,0.009132758166977473,0.009050060457570173,0.010243711003633048
2012-11-02,-0.006595684384889153,-0.004046551782565501,-0.008599621911816355,-0.0034087814624948385,-0.002588248189072529,-0.0028437651822471794,-0.007765044010090881,-0.008335792082554278,-0.007713510696720746
2012-11-05,0.00048080775788128527,0.0008151141133703188,0.00035485323519712786,0.00252556493287015,0.0005743171327123875,0.0005360636535143293,0.0019161521540234094,0.003816463048015306,0.005073570495088386
2012-11-06,0.007697635778379361,0.002465952497974006,0.008858878167547777,-0.001541447027692236,0.0012597615377475642,0.001672530509665803,0.007790899374364933,0.005208276238004149,0.001423747103224526
2012-11-07,-0.012173151547468444,-0.003350257794294906,-0.010128997923814735,0.0017958503905458577,0.00018349993204547628,0.00020765490756875869,-0.022565211207508318,-0.018829721936487735,-0.018354504575515216
2012-11-08,-0.008256276382522567,-0.0029061844017462556,-0.007980640330688436,-0.00018315267752449854,-0.0007205042490229623,-0.0006510725003014343,-0.011970616069727704,-0.009877999365192614,-0.01218331046368271
2012-11-09,-0.0002996261306000642,-6.273743991822302e-05,-6.217981034645699e-05,0.0005179060968245265,-0.0001855770551426437,-0.0002470377717844355,0.0008660303259416742,0.0009806355839645764,0.003298205787894011
2012-11-12,0.0003029053069738408,8.889893011962218e-05,-0.0018884768811678037,3.6732771437429595e-05,-0.00010078253599277466,-0.00018621746954570738,0.0007923893359470393,0.0013153305748930596,-0.00012096853931410178
2012-11-13,-0.004064146882304854,-0.0015041786295305027,-0.0035365288382554175,-0.0005709604243152742,-0.0005585974264996909,-0.0005867741095364376,-0.0034559253176040887,-0.002919242821831859,-0.005355402101948649
2012-11-14,-0.009777346924907712,-0.0039972906172553654,-0.012592071861362913,-0.0031934411224674984,-0.0021617301908182117,-0.0023594852190244988,-0.013438017590394433,-0.014521438769091887,-0.009056435886448907
2012-11-15,-0.0012896421456038863,-0.0008788530534006343,-0.005490467528878785,-0.0017731184656487773,-0.0009433945727356742,-0.0011319587194139548,-0.0016839840189064067,-0.002231187573155445,-0.002593053643674386
2012-11-16,0.0004742227767197524,0.000474390565286405,0.003864688447913964,0.0015689230408424634,0.000409369869999744,0.00046216116221450376,0.004915031480452443,0.00584006045027012,0.003344121921354872
2012-11-19,0.016853560081237187,0.006952989764533627,0.018151316119065574,0.004493851108250832,0.0036751839768979465,0.0039802434807067865,0.020146551543299203,0.020465200207933746,0.018267083375024057
2012-11-20,0.0013319207284302255,-0.0004873386074175315,0.0024748920702937494,-0.0027231042877344587,-0.0008510582642176889,-0.0007953611846589545,0.00042891514029216925,-0.002654374057261332,0.0002431980342635199
2012-11-21,0.00084615986865689,-3.2272513867890316e-06,0.0002817018858599874,-0.0008739759903329809,-0.00032548370204150035,-0.00033068357932725524,0.0018598034502550335,0.0009030350773054892,0.001575920317577127
2012-11-23,0.014357274607373292,0.006116975485286044,0.012929052931740606,0.0038179832259928625,0.0034627805875033,0.0037187445729249423,0.013564012269158,0.014447376936645582,0.011737092099559447
2012-11-26,-0.0002350309246836418,-4.305389800328977e-05,0.0020810742115362543,0.001881257023511982,6.922361657668027e-05,7.667021725782101e-05,-0.002112936511979024,-0.0011349698434526274,0.0033489215704133163
2012-11-27,-0.004750573071178749,-0.0016618942153019632,-0.005187382744710786,0.00029465714790491654,-0.0007764862314182475,-0.0009211646672046389,-0.005082247769712593,-0.0039103860076528125,-0.0026210895324729876
2012-11-28,0.0034890008686312333,0.0015915495176909336,-0.0018609680644833468,0.0015633713911206047,0.0002416122577827766,-8.692059728121196e-05,0.008016801004670284,0.009695242164134883,0.006692604844665106
2012-11-29,0.0059819266584959,0.0026822240769124785,0.005896712013263151,0.0024674496329587245,0.0016597549010664086,0.0017706441291974483,0.004645407273092554,0.005783891090459662,0.0046302300010743645
2012-11-30,-0.0002518922525017925,-0.0002266117929105182,-0.0019776598063974376,-0.0006861014573178075,-0.00030770651693637157,-0.0004189728248623812,0.00021017625562530487,6.083416299409903e-05,-0.0012990756801503202
2012-12-03,0.00029398086782565915,3.5888977888587196e-05,0.0012692864562950847,-0.00022525457790499264,0.00021775571177279257,0.0002876002054772554,-0.0049032160765357016,-0.005678977294769315,-0.001537169639258166
2012-12-04,0.0002755896748714701,-4.0163924078946834e-05,-0.0029766164788117993,0.0004566334093989624,-0.0002882748031000155,-0.0004846568414142658,-0.0014072631215835804,-0.00029027157035478227,-0.00047321161689775447
2012-12-05,0.0003107038380238958,0.00033230932329475493,-0.006279665106088683,-0.0035007605868292435,0.00022920174966634121,0.00013337473218211215,0.0013076436826937599,0.0018613505647053774,-0.007770035256521313
2012-12-06,0.003500755749535122,0.0017892471852395866,0.0067818100108503095,0.003417739911911825,0.0012804485716978794,0.001444530932655911,0.002821251346533106,0.0034691257029454874,0.004456657268712551
2012-12-07,0.0001851168472726681,-0.00021915410893718674,-8.733965849401775e-05,-0.004112639384956296,-0.00013262636374091128,1.7142996780200426e-05,0.0025208591598917004,0.0010356587627463958,-0.004118025420423009
2012-12-10,0.0017133433905556553,0.0009740981014601345,0.0017502324690264958,0.0019391254749614617,0.0006894844372750173,0.0007465572976872592,0.0003512170447263449,0.000934644690786983,0.002016298279497436
2012-12-11,0.004667214909266132,0.0019375163914042417,0.005976989201764876,0.0016245785451523605,0.000636982929652288,0.0006178966186732016,0.005668771107175294,0.0051259532326830455,0.008997766851467043
2012-12-12,0.0005972653866664956,-0.0005786956071708121,-0.0018078632348288851,-0.005492292823420448,-0.0009646388625194261,-0.000983529862107463,0.00040725719426334684,-0.0021554845561427404,-0.0014678948544545865
2012-12-13,-0.0050946613269786676,-0.002960907240803638,-0.007920555271112096,-0.005649171594885113,-0.002260703425419579,-0.0025122365975492264,-0.005110805292545312,-0.006937564654890904,-0.00546211430777405
2012-12-14,0.00033757197472582176,0.00036200267502588496,-0.004139870238466735,-0.00024082847638570628,0.0005438964082376621,0.0005023896181909381,-0.003093941972071023,-0.0021362034223109346,-0.006548700775284074
2012-12-17,0.004256124303462413,0.0012907273998674698,0.0077705518655486715,-0.001579350266323671,-2.567363656462772e-05,7.295214460512772e-05,0.009780141961057106,0.0077110378309443945,0.009144934264594725
2012-12-18,0.005372720476138319,0.0010689664729642344,0.007361322478680683,-0.00012602113430372616,-0.0008958227700493184,-0.0010634717385214593,0.009279579982167213,0.008041935596149722,0.010537385557962948
2012-12-19,-0.001072943693760412,-0.00034067676164513286,-0.0027740385610575597,6.249304414714582e-05,4.457335618572302e-05,-2.3117181122358677e-05,-0.006205682686484431,-0.00617045358848687,-0.003023122243596073
2012-12-20,0.0028790750502224725,0.0009799284772483373,0.002924729301489364,0.0012633523321010382,0.00027568028596082814,0.00021100041506131258,0.004799437550229883,0.005775541401526811,7.30812007690277e-07
2012-12-21,-0.005331472237001339,-0.002084111205493257,-0.004159941901520651,3.176767150022382e-05,-0.0003903337124110893,-0.00029799270030800236,-0.007579458430817782,-0.006924381669942063,-0.007287255024272269
2012-12-24,-0.0010881139266443144,-0.0006482955239691617,0.00010103956031647226,-0.0014471475026154167,-0.00029471833473355535,-0.0002227304238740393,-0.0025692512362670604,-0.0035322954004845795,-0.001376408630577992
2012-12-26,-0.002033339919522265,-0.0008508505777691052,-0.005215165230245317,-0.0006871466302462881,-0.00027032101635533485,-0.0003113490613982271,-0.0035118235562770243,-0.0027230578053828816,-0.006045746012106151
2012-12-27,0.002745189330713657,0.0017908950691466155,0.001354256953568568,0.0024600741452762745,0.0015886656501799728,0.001664582695571486,-0.001116026646348473,-2.8316659155322407e-05,-0.0010662798204809417
2012-12-28,-0.006292115079184778,-0.0027848711143226203,-0.007240262645444635,-0.001099205621259149,-0.0013988626741708718,-0.001535245677445106,-0.008998961071877108,-0.008707579149682027,-0.0066239775447409005
2012-12-31,0.013005231960253438,0.0055822160218006785,0.014485427569114386,0.0016523627234620768,0.0026281983339538737,0.002888141616181073,0.014126153936131723,0.012568821864987251,0.014520123269733617
2013-01-02,0.01404480132344569,0.006335740661595861,0.01906467485006286,0.005479396812778025,0.0028130884658679432,0.003045265250225344,0.021362050130858012,0.02122253430038,0.021946326364527716
2013-01-03,-0.0066850763683515444,-0.003894092796322115,-0.004479587313472002,-0.0077670656479256655,-0.0029515815090544973,-0.0031372926520543865,-0.0018902017770657527,-0.005199303509634243,-0.0036297090263412153
2013-01-04,0.0025318110904761645,0.001152927473339246,-0.00032183306894780276,-0.00019321333526869182,0.0005994292664883575,0.0005538969965899056,0.0036744366363567517,0.00440171933449151,-0.002289706717490272
2013-01-07,-0.0025980641501073265,-0.0011778880354497145,-0.0022317779623721723,-0.0018095023165802804,-0.0007102911445387994,-0.000789121577415064,-0.002101216813305884,-0.002127517168023174,8.035398345040967e-05
2013-01-08,-0.0017278106151809441,-0.00014243421249682055,0.001852376763882262,0.0011816172269299094,0.0005824146003078279,0.0007030104151967263,-0.0020977163491575214,-0.0010537221959705583,-0.0011611961264511815
2013-01-09,0.0020951104792809633,0.0014374646506071962,0.0019183548725593045,0.0012958794592499677,0.001076468999762881,0.0010833691114990034,0.0018528899972149464,0.0024119230274762533,0.0022391146360688846
2013-01-10,0.007531730357741982,0.002684870477096736,0.0059773657650730744,-0.0001285963370438729,0.00118204492748029,0.0013409002578054871,0.005798571546894533,0.004979319656769861,0.003573766671584361
2013-01-11,-0.0002457888245920905,-8.657948623354866e-05,-0.0025278418591792168,0.0013073256890953654,-9.574497108454775e-05,-0.00022367281213538507,-4.874003902201632e-05,0.0016947485666447767,0.0008023434734987134
2013-01-14,0.00013931389501823489,-4.126932698916015e-05,0.0015951577780724316,-0.0003780389335109114,0.00015794649787320746,0.0002637082032071927,-0.0004961488044338905,-0.000791082058995418,-0.0026667320994679567
2013-01-15,0.00044870482221906987,0.0007577997124928347,0.0038620074691887323,0.0015480898963233557,0.0011755933426683563,0.001366673979290598,0.0004982106584469813,0.0019010484845222195,-0.002941277860906186
2013-01-16,-0.0009748747782652435,-0.00016622812958118712,0.000613448706181463,0.0008918811002093907,4.1914848111154655e-05,3.795250348373677e-05,-9.855596300313471e-05,0.000596057840756916,0.0024158360152179716
2013-01-17,0.004732487075833012,0.001247930563085605,0.0043957938167156615,-0.0013303903329923619,0.0001950328868864465,0.0003088718678164849,0.004722251965917679,0.0028170212564393865,0.0028564436704640274
2013-01-18,0.00035175513672529475,0.00047329217714426995,0.0006969891323522912,0.0015884999739130057,0.0005851163989440915,0.0006075509230026858,0.001633494342165576,0.003395336655625835,-0.001333347785892333
2013-01-22,0.0024218552434511318,0.001576657756011143,0.004270856113479166,0.0016745793263002035,0.0013392086978872898,0.0014634485017754413,0.0039517789979640425,0.004943001056880745,0.000981317958272571
2013-01-23,-0.00010307564779393716,8.27753111296905e-05,-4.44538742113367e-05,0.0006621670970716187,-8.133112714621215e-05,-0.00014786656453516557,0.0011818142402810294,0.0015826922135280493,0.0036502041080049034
2013-01-24,-0.0024364937460644312,-0.0017324848998398253,-0.007069281273720311,-0.0022618933434836704,-0.0014408689213760114,-0.0016094763837239832,0.0001972745309838527,-0.0007141954576851183,-0.008245448389179079
2013-01-25,0.003807694429420127,-9.733023149780295e-05,0.00158252684134496,-0.0031381446265030433,-0.001307530477190517,-0.0013191497209289018,0.004127193520784039,0.0010422363787264293,0.0030413969812064148
2013-01-28,-0.0018718330731248745,-0.001563942261218337,0.0006904153645670737,-0.0014743741254710624,-0.001291004426014578,-0.0012686194002154735,-0.000879840985443666,-0.0021462090785926745,0.0013381220260454752
2013-01-29,0.004022506684054194,0.0017180438721169612,0.003280636232874794,3.340105841436769e-06,0.0009757699199572532,0.001079108554036957,0.002889452810614797,0.0024636271110168606,8.99539661680821e-05
2013-01-30,-0.0019566085275079257,-0.00020045816944638066,-0.0015194011597474614,4.308199641823413e-05,0.0002987399785275588,0.0003084271862773133,-0.0028796595460805004,-0.003001217447148621,-0.0012451129679971174
2013-01-31,-0.003385188272953592,-0.0012603951861919216,-0.005933359790065855,-0.0003726615468057934,-0.0008799514982257928,-0.001078567850557545,-0.0018110104339584894,-0.0016254231661826564,-0.0013356430789497982
2013-02-01,0.006265433668316937,0.0021335233168245497,0.005976775745893438,0.00020015380329452132,0.0007005736378526922,0.0007825228482355719,0.007555052590950172,0.006765487264323675,0.0070513122477477855
2013-02-04,-0.011231482630733371,-0.003476127250190639,-0.0034576837816975192,0.0009424018184094339,-0.0005759733588377217,-0.00047474033918398854,-0.008276214911100999,-0.006366238599161475,-0.010455885142971688
2013-02-05,0.003536640594570018,0.0012009876194911668,0.0020835870343297357,-2.4453904942117238e-05,-1.2769060978012921e-05,-7.820578791614638e-05,0.007413991007898164,0.006492502896718797,0.008777472971377657
2013-02-06,0.00019310217603418778,0.0009268130253268225,0.0002110253789229244,0.0018914884194798365,0.0011956767839311766,0.0012904068399841595,0.0005047123155226263,0.0024002132816309807,-0.002260636379918357
2013-02-07,-0.0056550683940625145,-0.0018041244429178522,-0.002160550942944368,-0.00020896713597337742,-0.001067904707115655,-0.001173585414285248,-0.0011270106478697627,-0.0010025740138915446,0.0005992344111764279
2013-02-08,0.007125792509628706,0.0027589998377394744,0.007963434727802268,0.002849773361117708,0.0016186416039773242,0.0016739543193447213,0.004741649684998373,0.005849648442085731,0.006878428447252579
2013-02-11,-0.0030874488175149715,-0.0019239380129531794,-0.0017071080909005845,-0.0017658297136751665,-0.001817230798438426,-0.002006989760885971,-0.00016784684250312616,-0.0008849049456785724,0.00019908368995310438
2013-02-12,0.003943327834460151,0.0007247891298818992,0.0017178268524688067,-0.0007547774741047717,0.0002751427716223452,0.0004046765921651514,0.0014049828668632497,0.0009009500314117068,-0.0027698742573594565
2013-02-13,0.0009140615524325182,-0.0004563027563572942,0.00015796842840383582,-0.0026756917484669312,-0.0010081476607955023,-0.0011215415961826425,0.0007299800678892033,-0.0014423163794587222,0.0023832268007560136
2013-02-14,-0.0029995965003865844,-0.0003500692066206862,-0.002847878758068977,0.0029501140397768895,6.749189588322224e-05,-8.577497758994953e-05,0.0007856097410912036,0.003601155964955916,-0.00019661294249967708
2013-02-15,-0.004958851520988458,-0.002005663603115606,-0.004482581757310985,-0.0020779793074785597,-0.0016551206158523187,-0.001955956474173425,-0.0010075240499153836,-0.0017771797603505228,-0.0019793610950601397
2013-02-19,0.006290553006175294,0.0017214122414510825,0.005977300479770994,0.0007229330154067841,0.0005846667392481663,0.0006201358097744137,0.00639337865035667,0.0062075427147427874,0.0048635573640063755
2013-02-20,-0.014473396204533726,-0.005480906872344843,-0.014524776423610379,-0.0036085103470135413,-0.0035576272213682474,-0.004077292776509023,-0.010642202768055742,-0.010738942446492636,-0.010366793161494473
2013-02-21,-0.008808561175432777,-0.002105314537918102,-0.006318383141349781,-0.00013509982919372992,-0.00029625045017952784,-0.0002188508039792018,-0.005180914161454518,-0.004639058590495016,-0.0071827465041612625
2013-02-22,0.00997958529528835,0.003624603539930526,0.009161392741362009,0.003992694719264802,0.0021550223674079083,0.0022934728758147987,0.008323280603507321,0.010224397057217779,0.00673557501960122
2013-02-25,-0.016296389020448845,-0.004187476364130328,-0.011786219145687853,0.0015339558893297698,-0.0010008465191668737,-0.0010426532564916813,-0.016226384047291886,-0.013462049059359694,-0.00828475655766006
2013-02-26,0.006666918770913748,0.002624064141386608,0.007130728618450463,0.0011424779318221375,0.0019194067557764696,0.0022299758981465423,0.005822711507774709,0.005328116403810452,0.0025185522033372315
2013-02-27,0.009848539082260367,0.0031044310608555575,0.005314829098720106,0.002219223665822201,0.0010350586254881213,0.0008707068590861101,0.01072522546598443,0.011802616310768274,0.006829783547530825
2013-02-28,-0.0032934195043868852,-0.0013466067098063805,-0.0034197591464297994,-0.00020436579311055794,-0.0010614049410834227,-0.001262628515273642,-0.0016839752166413306,-0.0010251340109687656,-0.0013947428065040704
2013-03-01,0.0002748954010723953,0.0007639565025059307,0.002493877663729382,0.0029278265712669154,0.0007507246437410158,0.0007146635902512851,0.0028129840196262084,0.004765697551819372,0.0027975709395178555
2013-03-04,0.002074444635472089,0.00032526221880657506,0.004999353940344171,-0.0003759332801470328,-4.1396024851139336e-05,5.1996663886917325e-05,0.004542962505900678,0.0035883190699036683,0.002989136424078318
2013-03-05,0.010375916081888658,0.0033754808016038043,0.009897043110641728,0.002308500410153402,0.00152107968099988,0.0015941882604135265,0.007648003323317711,0.007943958470210679,0.009930760892104864
2013-03-06,4.435963995912475e-05,-0.0005247693393380928,-0.0012615680035302868,-0.0024600113820874227,-0.0005899403953149737,-0.0005166906026186784,0.001164246110847612,-0.0007380144932873698,-0.0016701395870465877
2013-03-07,0.001283266526350157,-0.0005565214480118123,-0.0016280709726824425,-0.0030914299677406386,-0.001266231916554854,-0.0014056091008966007,0.0015503489804570576,-0.0007172573140567282,0.0017742153852085365
2013-03-08,0.0013815195064355024,2.6658723886852087e-05,0.0012609332912321136,-0.0030422608672069362,-0.00042083566655748417,-0.000391913072654293,0.003668235842683165,0.0007743662146906249,0.0007919264656526259
2013-03-11,0.0015834063587017297,0.0005381335897698993,0.002057018648971037,0.0013521468616478195,0.00027031581688512544,0.00031347567819919186,0.0032726291313003733,0.004119488094968392,0.0020418560260629876
2013-03-12,-0.002912361358914494,-0.00023517368849477812,-0.0015106395744365875,0.0018220475773115224,0.0006498577835997788,0.0007680346487876137,-0.001934172794091095,-0.00047064263684905766,-0.0025446259814353445
2013-03-13,-0.0022797741584107013,-0.0012447223940824812,-0.0009026535982970698,-0.0007589821130366336,-0.001014332825750812,-0.001051694530490883,0.0012189550947461695,0.0008286951445133909,-0.0009178416265047248
2013-03-14,0.007725214855604836,0.002672274205722498,0.004268826501177456,0.001763078834589637,0.0013965146448152645,0.0014480379845081893,0.004592099929922026,0.005527285646605482,0.002351572409691824
2013-03-15,-0.002079631470425832,0.00017418455005673443,0.00023706135007040837,0.002701322038141574,0.0009574302207553986,0.001036723710146658,-0.0011388512514992346,0.0009534058987490584,-0.001950704817362711
2013-03-18,-0.005212504055881002,-0.0008251940376840758,-0.0014289108589769135,0.0015553430971747945,0.0004483860281094027,0.0005738962938976816,-0.004761821613166306,-0.0033936866667865174,-0.0015349716493021635
2013-03-19,-0.001991661660999212,-0.00035906185326810486,-0.0019658452684684314,0.0017074733684732855,0.0001122201406499639,0.0001415252841615681,-0.002003018994229901,-0.00029259722872763754,-0.001332141240286614
2013-03-20,0.0034570572954297604,0.0004706646860732368,0.0034363049909940965,-0.0013048494838546604,-0.0004802727262051471,-0.0005424629961422521,0.0060218481423605745,0.004398551459439925,0.0049294710424606
2013-03-21,-0.006453713908034287,-0.0017688892105253407,-0.005043386785266627,-0.0002739652116073359,-0.00021345452292489367,-0.0001005033095958892,-0.007370522625300668,-0.006859494335140739,-0.007968734832696353
2013-03-22,0.006195468414069652,0.0018539600397974758,0.005537100868056725,0.0023335831181410765,0.0005673794334689967,0.0005133105269272732,0.006923181279013391,0.008276280931228926,0.006798437876009876
2013-03-25,-0.006079424775824609,-0.0019367245020748254,-0.0019823667675198894,-0.0006792844694856289,-0.0008734141517697673,-0.0008787516179486475,-0.003603145515030825,-0.003716740423811665,-0.0025565574282168527
2013-03-26,0.005699113998533578,0.0023317997141758555,0.005413676109722375,0.0030829294556794064,0.0013555834371781783,0.0013730464942836296,0.006900657123855409,0.008676817883696777,0.003795666245305091
2013-03-27,-0.00036717535946027315,0.0009580498753260147,0.00230105831686682,0.003811644920953044,0.0013688619594806081,0.0014719771685631205,4.882862757052342e-07,0.0028236744447172123,0.0009205249498625886
2013-03-28,0.0026408606603299614,0.000692765641955981,0.0012853916388110105,-0.0007097140038843034,1.1412172551421433e-05,-7.883228823346022e-05,0.0026532458962425023,0.0018036704153055522,0.001736120011072087
2013-04-01,-0.00379188026010878,-0.0009282216385267828,-0.0013551241145478687,0.0010093155438561112,0.0001367381549814459,0.00023453095187620564,-0.0034172018556414695,-0.00222292001209846,-0.004788392095985528
2013-04-02,0.0032174280997862947,0.0005367147892379763,0.0016140601168294845,-0.0005441826419677215,-0.0006013998553552785,-0.0008850948208437546,0.004259587910452361,0.0035950944681566173,0.005529967396235628
2013-04-03,-0.007899228368274955,-0.0028635924601649624,-0.00798545806543024,-0.00018529051946251978,-0.0015531143934717022,-0.001801363161006338,-0.008757035256202191,-0.007381138411194408,-0.006414174963549246
2013-04-04,0.0033322090960880065,0.0021101395353303417,0.006760543634169296,0.004686001823893694,0.0021212972551699514,0.0022831459631346526,0.0035010823077995475,0.0066898568111316255,0.00020569461689713017
2013-04-05,-0.0005062754496286035,0.00046288819369629306,0.0024153886755814307,0.0017918525699329648,0.001518454155215121,0.0019630879059270696,-0.0038754919790951583,-0.002391173327853024,-0.005839974029897372
2013-04-08,0.0023095057974499593,7.990228702793142e-05,0.004984356739250294,-0.0009306789733199486,-0.0004950206595807441,-0.0004571096543295509,0.0058365965888313946,0.0045159389139469465,0.0037112737060238255
2013-04-09,0.006621806348023451,0.0022249342049842635,0.005690090812600079,0.0007289232589220429,0.0013336892486055518,0.0014586047797382484,0.003428658946708296,0.004061882724515797,0.005845756564138549
2013-04-10,0.009326604846833734,0.002155697260098034,0.00922874749237543,-6.486667024617834e-05,-0.00013117154509019834,-0.0004470041637846555,0.012798172075082973,0.011327255424140127,0.01749646062731911
2013-04-11,0.003811354883875232,0.0012924625063928626,0.003544763119987104,0.0015288623038933137,0.0009550020349959554,0.0010657469756300752,0.003421257790264612,0.004765215463863357,-0.0003848601261715206
2013-04-12,-0.010132552990212554,-0.003249281892555787,-0.01224259378732729,0.0018777956448843207,-0.00280522679844235,-0.0037180513548614466,-0.0025599508518971167,0.0013729806025470559,-0.000641434734339572
2013-04-15,-0.03581232522929352,-0.012591771026898938,-0.046415842988925406,-0.006265792273433666,-0.009751022278757647,-0.011662997156391507,-0.02420561713466033,-0.025964523627424876,-0.017726549111012714
2013-04-16,0.016854781593544654,0.005022560724643823,0.020097403365549257,0.0019866184641066766,0.0028655662942952886,0.0032560107300721067,0.015433206215805318,0.015325274936614218,0.011900731244713159
2013-04-17,-0.01825160084739688,-0.005397968779393964,-0.01712876761421068,-0.002483407514517754,-0.002514033776592606,-0.002577118360765939,-0.01526865017619545,-0.016057884145979213,-0.01757533057524039
2013-04-18,-0.0023862221749295304,-0.000709667760286474,-0.0059235313049161705,-0.0009967006266851542,0.00012148946850092764,0.0003180677472262575,-0.006540191569869764,-0.00708776100694494,-0.01236569892983256
2013-04-19,0.012288085054595825,0.003905153930143684,0.018975846116534727,0.0019100731586736142,0.002499346446371741,0.0028450910815051226,0.009090159878516895,0.009933062032471405,0.012254585567393035
2013-04-22,0.007642006301927606,0.0029162453344326877,0.009681580830871216,0.0019134142443231125,0.0021222474230331682,0.0023987770521848944,0.004637260364005285,0.005718339912251414,0.009210434175235215
2013-04-23,0.010399990747193066,0.002735808835603797,0.006593585913831751,0.0017963822224031415,0.0008606517416156634,0.0007506675755171226,0.010773535386858085,0.011773030673969332,0.008605137855747716
2013-04-24,0.005680223029796915,0.001974495531987748,0.003821466162867546,0.0007712130265919885,0.0015339811833556386,0.0017476192825771773,0.0006604398494697185,0.0010803540503194202,-0.00038751538916875154
2013-04-25,0.007509818203236905,0.00250981824823892,0.007251083160734342,0.0006444527667427462,0.0017226274674361467,0.0020900481650730158,0.004233021503968633,0.003925247758934798,0.004785461432061297
2013-04-26,-0.002118281748577887,-7.744871772462082e-05,-0.0049728843918101645,0.0019466282417257596,0.00023303571328143002,7.896797169911865e-05,-0.001846869863122259,0.0006784813159307942,-0.00283162913701649
2013-04-29,0.01189920153475709,0.004043155217366895,0.01261364472630774,0.001862963484306163,0.0026430638398667367,0.0029045548641237124,0.006995538632254964,0.00764840721636492,0.008260615084593222
2013-04-30,0.006016606789341776,0.001799278970102119,0.011516091183527647,0.00038165064639271044,0.0011797033263179263,0.0014015941827900064,0.0024898545091458254,0.0026550638651988393,0.006528343026127403
2013-05-01,-0.008073770024832226,-0.0021897616421825343,-0.010183967227444085,-0.00020087991423979202,-0.001215450403707644,-0.001541780944991046,-0.009157161846053708,-0.007920731168229691,-0.004196534799781547
2013-05-02,0.0083166235945663,0.002706938709555739,0.012281949361970667,0.0022580875607808837,0.0015242850359183323,0.0016951309183741306,0.009699572853034666,0.010998648664004452,0.011367060858423282
2013-05-03,0.009272911880911564,0.0014539186374155782,0.009135651578656976,-0.003286364490669753,-0.0004814411861158868,-0.0004231478813920688,0.0105869591774498,0.0053319864077001665,0.010607651442130552
2013-05-06,0.002084896187781703,0.000574113820889725,0.005162458538444363,-0.00020661097007511057,0.00028457617410995457,0.00036601376405925125,0.002649980073128773,0.0019930232383270578,0.003498808340430746
2013-05-07,0.0018631485623805389,0.00013687684753261302,-0.0004562333537165086,9.091601606308352e-05,-0.0004632221864971878,-0.00062916703099496,0.005288238000543986,0.004940517469537582,-0.0004978629594868492
2013-05-08,0.005998897514336354,0.0031385545494824196,0.0018279131151908157,0.0020079122460796572,0.002225670072407926,0.0024568822251231914,0.003619466274837002,0.004802981342318713,0.003486992293525004
2013-05-09,-0.005433205247006993,-0.002637053298110292,-0.0032753597846676414,-0.0011729357086485575,-0.002024917619694121,-0.002301587123126849,-0.002367256614569458,-0.002863905126825266,-0.0010350194007638647
2013-05-10,-0.00039477147147270255,-0.0010650207471656254,0.003999720285460515,-0.0036696476937728905,-0.0014570531284475658,-0.0015504625921520623,0.0027349149854092904,-0.0005182687899427183,0.004560200892078387
2013-05-13,-0.0025866231196159752,-0.0016846703182105828,0.002227257346781673,-0.0014251268899905661,-0.001368541703564517,-0.001427861739561029,0.000668820414888048,-0.0003876345988599274,0.0009288089869659897
2013-05-14,0.002401756801630957,0.0006238663643122026,0.0049311435820349955,-5.992095703221304e-05,-0.0002519867288726579,-0.0002955425896114425,0.008690885409697266,0.007440590406160065,0.003916962128991214
2013-05-15,0.00021376376016847543,0.000274599680878419,0.005134251191172718,0.0038916435586818098,-0.00014383146928919477,-0.00043489273292721944,0.004536749207235877,0.0068772632557615775,0.0015405892676013228
2013-05-16,-0.0021835859635414455,-0.00016824627965225994,-0.0030243122439524224,0.002553179320577555,0.0003000706627660745,0.00015030460324433987,-0.0039581104354307565,-0.0015887785689526414,-0.0008196754731896735
2013-05-17,0.001822258654329856,-0.0004154005391307505,0.007064457680855969,-0.0014880706809540507,-0.0017470265181725824,-0.0020743391826098813,0.008152403385198258,0.005935831402389929,0.007284657546268168
2013-05-20,0.0048132573818437255,0.0024831001615587276,0.00027863155060104614,-0.0005886250496669188,0.0024102801244084947,0.0029609503437952886,-5.037479756363055e-05,-0.0005517045184401151,-0.0011203872964762752
2013-05-21,-0.0005623915129394323,-0.000204302442652373,0.0026204941735133553,0.0025442714534490945,-0.0003191718960224486,-0.0005359507997371423,0.0012128707517518023,0.0030150666083656606,0.0008161787543083333
2013-05-22,-0.009936142743185486,-0.005930942752228439,-0.012946233808411495,-0.0092193128286978,-0.004932449623324301,-0.0053381072217985335,-0.006258992732570668,-0.012198152715909377,-0.0066217610019653015
2013-05-23,-0.0020814576669015263,-0.0002633178087512738,-0.007852200134798079,6.277605829018603e-05,0.0003811057747499081,0.00046883345400505587,-0.002437544525293909,-0.0021982534503252583,-0.0017433144755403108
2013-05-24,-0.002851335099087578,-0.0015899155888141738,-0.0012178893561470001,-0.0002140915531665568,-0.0012457940929972238,-0.0013742670463035799,-0.0007130618308051507,-0.0006135219896966206,-0.0004101696483158035
2013-05-28,0.0008705552873658839,-0.0020516802902437498,0.00045240958689994485,-0.008218994627068942,-0.0032314374028697295,-0.003369927716194127,0.005045232803599825,-0.0015982412972489677,0.004933771316347617
2013-05-29,-0.00512956743388019,-0.0017146222183869618,-0.010084655555300843,0.0011374304088103296,-0.0006225862092597486,-0.0007212950964405159,-0.005475372129718347,-0.0038533763242128466,-0.003579179368726463
2013-05-30,0.003590628196691441,0.002019957484840742,-0.0005842331563186639,0.001485295586010845,0.0013626418354126904,0.001448803816369609,0.003110141254088434,0.003653677696380841,0.00400370264045736
2013-05-31,-0.013659760146665959,-0.006687710163925453,-0.010392549486365723,-0.007017579543446844,-0.004626768634930665,-0.00508845353961455,-0.012095213468770025,-0.01581690518967723,-0.006951820222574514
2013-06-03,0.007894159082302444,0.004156782049770341,0.0035155568399164515,0.0031549772342290435,0.0032246524576368513,0.0035955499582831243,0.004630725811968296,0.006299690267852067,0.0013387332531361528
2013-06-04,-0.006673449735308117,-0.0033443855185019866,-0.007378259986837171,-0.0037085568605548357,-0.0025915761402518942,-0.0029122085203918883,-0.004045558108788892,-0.006363667056949156,-0.0039062221412301825
2013-06-05,-0.00886247173741177,-0.0031794598140138758,-0.009993084058768061,-0.0005688640434133087,-0.0009378862069035758,-0.0009548827905060168,-0.011773594735457882,-0.010696828220916737,-0.009804912085549473
2013-06-06,0.006760961486748931,0.002976112881536642,0.008726077846193515,0.0037182267359350037,0.0021006883574707733,0.002416216312375818,0.007596039957223558,0.009632900128925294,0.003648715750124784
2013-06-07,0.000757047703830116,-0.0007721267160158973,0.0067743426620889835,-0.003320707690321112,-0.0022513277283852107,-0.002656601999584063,0.01075602627574268,0.006904074000905647,0.010796434252102527
2013-06-10,-0.00235071428877033,-0.0017671480159206702,-0.002752841190547316,-0.002830670808906863,-0.001488753556203209,-0.001502953463031315,3.022226995916795e-07,-0.0015328430223977142,0.00032576017458168653
2013-06-11,-0.009083578204623103,-0.004028284565224426,-0.010091926578481101,-0.0022731512608750097,-0.0023386345680925496,-0.00257068305297911,-0.008743861332766448,-0.008144872154128732,-0.007902562995549922
2013-06-12,-0.004726479304405122,-0.002874111480012134,-0.009865155941020907,-0.008671658611458006,-0.0020098817638592613,-0.0020299312860315223,-0.007004352991059357,-0.010492427566315592,-0.009166219498513397
2013-06-13,0.011914868157928466,0.00677111718786908,0.015492198981070985,0.015269862490068238,0.00486330920128366,0.005052169408166092,0.012854770022801758,0.018864156289206832,0.010022624858879418
2013-06-14,-0.003912520308545601,-0.0005140633847265998,-0.002066830108927964,-0.0011864864845760098,0.0009024429432168888,0.0010579056570219814,-0.005313329052555565,-0.005045457361047122,-0.00523346349845612
2013-06-17,0.004664863339096881,0.0016914584575079255,0.005541889001344119,0.0009892125038012557,0.00036306344468348313,0.0002873937992896669,0.0065356685024946575,0.005693585876810884,0.007673187029570395
2013-06-18,0.0028240726855910054,0.0010953927951656973,0.005849036472625431,0.0030095498765041902,7.992153413752831e-05,-7.588809290614235e-05,0.006699164241698224,0.0069917796616877316,0.00652655654062949
2013-06-19,-0.017646010057823375,-0.01106007670841389,-0.016416117822522742,-0.021460525078277122,-0.008895016791103355,-0.009356875146020327,-0.011721626996172017,-0.021216201115530874,-0.008860911661068118
2013-06-20,-0.029446612070779955,-0.014205939865014033,-0.026080161648689298,-0.016514678896930677,-0.010254110187971172,-0.011507055247323749,-0.020976371772872506,-0.026069508345061578,-0.018863336377722664
2013-06-21,0.0011704406551808523,-0.0016732273259375515,0.00312631903060526,-0.010319399778287228,-0.001776188201810066,-0.0013802668851046484,0.002707330701007342,-0.0036061215264952214,-0.004191279224923414
2013-06-24,-0.010213698917897583,-0.005491326662998078,-0.007027788755387991,-0.008860221383279642,-0.0036000311215902284,-0.003720500569705163,-0.010660819749918901,-0.013509426276052346,-0.007836314659154707
2013-06-25,0.008151553829634915,0.003149811537471184,0.00962376059957608,0.0031282716226703135,0.0015064487682036436,0.001626931531652582,0.008095764287641536,0.00834921295179109,0.0057550950954929035
2013-06-26,0.0030508168059414603,0.0020342646069408,0.009727767590674995,0.009207585604269973,0.0006610132498668175,0.00016608677219746374,0.008350101733708183,0.011877914968603579,0.007068469839526397
2013-06-27,0.00548199678826,0.0035619568068782637,0.009110166341441753,0.008794153888381699,0.002621309496405264,0.002553069219859737,0.0049576341251746725,0.008857253694428763,0.003342784917503128
2013-06-28,0.0010590706785960267,0.00040308125132146024,-0.0023153219691172053,-0.0032783963009364483,0.0006597490117074901,0.0009736496032958079,-0.003463352647827125,-0.0046106446312782065,0.0011108258054591054
2013-07-01,0.006009156546862848,0.003400700587268355,0.002344716195014082,0.0033416698334544003,0.0024509970254347176,0.0026262073172374735,0.004950902055427981,0.005749013557783276,0.004880514432303579
2013-07-02,-0.0033558295360842164,-0.0011138746719240463,0.005094782049270388,-5.8607304596899694e-06,-0.0001550936085679255,-5.045215987852153e-05,-0.0007858236274155939,-0.0006619796267043302,0.00033126955055020203
2013-07-03,-0.0008395191399340225,-0.0006444283196003339,-0.0007907910022905447,-0.00197893159256134,-0.0006395188497367533,-0.0006398184513139244,0.00036685825939230377,-0.0008115113895058145,0.003200164047182418
2013-07-05,-0.002692624712841283,-0.0045627338085561095,0.0028136142940296404,-0.013419386635376408,-0.0057354212438945245,-0.006091276652575154,0.009122675605747924,-0.00013092392326165758,0.006049560610110774
2013-07-08,0.0053197339339347265,0.003968957417246294,0.0016396442236997096,0.009314601471003554,0.003455510381669774,0.003596154938205315,0.004831857029690309,0.008970134190468404,0.0007658172999098971
2013-07-09,0.005076179410262949,0.0031287117832003997,0.006126737478961752,0.0021324923308241317,0.0022336958059190337,0.0025382539936811277,0.0049512070719774925,0.0052572665255044004,0.004267620066733979
2013-07-10,0.0005354029032026261,-7.145118254417226e-05,0.001681463000691796,-0.001885429591798269,-0.0002952261124814831,-0.00024330959307070543,0.00025818905506323043,-0.0013690377549326663,0.004129227510765311
2013-07-11,0.01784009934095287,0.01244241162927093,0.013499360456736777,0.012084755256932766,0.009140341505590552,0.00974217326597505,0.00965778187289625,0.013855718515553502,0.014293634731731128
2013-07-12,-0.002749179807648052,-0.0023092894043372403,-0.0004213343974785695,-0.0007986864821677556,-0.001925083122493819,-0.001992872345015699,0.00029765893744740656,-7.387956572697739e-05,0.0031851559175607607
2013-07-15,0.0031540054359677013,0.00272738813494785,0.0022380385814975367,0.0036585272088224324,0.00210299659543383,0.0021248452369578585,0.0027202786674677465,0.004028710635973013,0.001635954084910435
2013-07-16,0.0006247914367160747,0.0004774313535422212,-0.0006636408251205172,-0.0008106382698587977,0.0006061781432100086,0.0007061999818195323,-0.0026694131984621983,-0.0023519420848376054,-0.0009598484157718838
2013-07-17,0.001407598944529028,0.0016190289896832874,0.0019900704416275575,0.0039543121487616555,0.00108502744257928,0.0008938287955587102,0.0018276103442685088,0.0037377060837237752,0.001826978098030517
2013-07-18,0.001970252136414069,0.00045350328031332004,0.002332725256053086,-0.0015408907766559883,0.00010923350293629984,0.0003215480062621411,0.0039028538032546385,0.0016267781229092311,-0.001822992040482874
2013-07-19,0.0006214600707977745,0.001535461715608303,-0.0027132446071007005,0.003894934938350808,0.0019937643863590605,0.002109631704739111,0.0012678028323628114,0.0036725564881129034,-0.007499321388246252
2013-07-22,0.005253962513008138,0.0031980730451104315,0.001864999395375127,0.0006269163979348054,0.002692832413780262,0.0031943993087970644,0.0013933394832248876,0.0012871799047000224,0.0021313418995328503
2013-07-23,0.0011246700354927558,0.00015504854724284213,-0.002530776916273411,-0.0018696788342492368,5.901384606708842e-05,0.00015798640588062605,-0.00151692926718539,-0.0019854065212872767,-0.005316114845886751
2013-07-24,-0.004716385132315449,-0.004384635111309503,-0.004917949390127471,-0.005662017589411364,-0.004495165036969899,-0.005015439344741949,-0.0026167100260981848,-0.005538843955545784,0.002332704945712044
2013-07-25,0.0037052402013430193,0.0030989185034245204,0.00241726354407413,0.0025094891017985533,0.002485514521970798,0.0026173240016069644,0.0017354061557025835,0.002325703344454349,0.0045575123176949525
2013-07-26,0.00028984390999629487,0.00048658194916150296,0.001792755779666832,0.001199089844492119,0.0004566417084050058,0.0004751428288282782,0.0007606240672904252,0.0011208956112244996,0.0038609493800740315
2013-07-29,-0.003597204498601981,-0.0024616200225310095,-0.002894421628444843,-0.0024549078998500297,-0.0017824800121299129,-0.0018914907600504826,-0.0021946320597638,-0.0030378115887850663,-0.0013459742038121117
2013-07-30,-0.0009612023701060227,-0.0004082859206220296,0.0006373213957564324,0.00014646670891176291,-0.00033859653080842394,-0.0004236597406766138,4.551474393266584e-07,-0.0001376273049970508,0.0038513928872884553
2013-07-31,-0.0008521273862179234,-0.0005249503981475723,-0.0037273757620536812,0.0006888043017205791,-0.0008028439847209834,-0.0010555169763609314,0.0005082811886768779,0.0007912846561713173,0.0013432987018714595
2013-08-01,0.003623694291792156,0.00044494434254595293,0.003282068789333612,-0.0019135609748369082,-0.0016658958635531972,-0.001921499947340676,0.008245512006559597,0.003969188467561828,0.007375174604578329
2013-08-02,0.0017327445363555809,0.002829106787322019,0.00048479718824337507,0.006720524120740322,0.0025024505142441757,0.0023493827545078365,0.0012167159229745188,0.004943394217015622,0.004088887175865339
2013-08-05,-0.0020477202693686245,-0.0017132506110483347,-0.00020653891134207692,-0.0025153839540785223,-0.0014469417275800656,-0.0015199317340623569,-0.0010466748728267775,-0.0024109667483807697,0.00047392516676651383
2013-08-06,-0.004689643913333101,-0.0030021740144775865,-0.0033074958098742585,-0.0020044324097062967,-0.0021056093686416086,-0.0023426020645917196,-0.004066837575598568,-0.003796034206725462,-0.004353296503107
2013-08-07,-0.001112299627290536,2.078694174456608e-05,-0.0023490759996754873,0.000970200316362746,0.0005355323528120071,0.000519803408435715,-0.0027236338299777563,-0.000650531255553255,-0.0016206102314676452
2013-08-08,0.007447830750862037,0.003971719386300888,0.0028083646246219313,0.001978567516140261,0.002719341770936927,0.0030166241349923995,0.002970525415222351,0.003321063897808367,0.004128423645290466
2013-08-09,0.0010082900721439195,0.00013099484890599045,-0.000808524672171374,-0.0009231627992461389,0.0001846409552533486,0.0003103543835032812,-0.002339659708611178,-0.0017444920099250396,-0.003353647082632621
2013-08-12,0.0008651708158444885,0.000351154855983099,-0.0007631083052999817,-0.001174630266582889,0.00039167017934709387,0.0005788379195428991,-0.0009576861903906964,-0.00179425163548015,0.0019542733391440096
2013-08-13,-0.0006189045472682528,-0.0020886334098794723,0.0005387007005477966,-0.004328887168625237,-0.0032155287550814956,-0.003568568090207603,0.002396764268520701,-0.002230004928018564,0.0046590855742233385
2013-08-14,0.0006466663208252394,0.00030024463282957343,-0.003430069283078435,-0.0010367213038276648,0.0004605086610899018,0.0005657720459660713,-0.004159092233835675,-0.0032709410026750766,-0.0031269224778609534
2013-08-15,-0.00567193397295301,-0.00424276797693884,-0.012691616179954741,-0.007970397759595134,-0.0025523890401821566,-0.0023904153018794636,-0.0113296282352165,-0.012699684437257159,-0.014061659648415126
2013-08-16,-0.0027146378388718494,-0.0017223676092272496,-0.0049866964991364705,-0.0027666199232552176,-0.001599259566999683,-0.0018024971446027672,-0.0026704756580881524,-0.004250312021426936,-0.0003287897048676049
2013-08-19,-0.006525279095324833,-0.004147574973674334,-0.0045854746285559555,-0.004206234765298353,-0.00310146180076769,-0.0032917832393597594,-0.005160423983581424,-0.006667099636920041,-0.0014259800282805197
2013-08-20,0.00397563832903808,0.003138179069036167,0.006381633333680173,0.004606924685666441,0.0029922976952532336,0.00331143277616324,0.00396440335509698,0.006140473251378609,0.0036270657148908133
2013-08-21,-0.006060967030483743,-0.004609294492779318,-0.0033964853453551814,-0.005778474392829218,-0.0034211468383708084,-0.0034276936399750694,-0.004971676396860791,-0.00746242486436688,-0.0028470916965097405
2013-08-22,0.006428011791156006,0.0027567984950910784,0.006930614440960851,0.0021646530228661472,0.001225527806990843,0.0013592566686517968,0.007348744627763734,0.006338747431393307,0.008127069205534921
2013-08-23,0.006544188461008196,0.0040996357477451366,0.0048120690706139144,0.004283640679176438,0.0033316809224750352,0.0036866491591856522,0.0027237581178079532,0.005123424801161712,0.005555415137058835
2013-08-26,-0.0019387532173897636,-0.0002021904668931276,-0.0014490413265584518,0.0006495520647082641,0.0005053463792247456,0.0005413684843339076,-0.003006619222750754,-0.001720351347963564,0.00043356285200527484
2013-08-27,-0.008936509390488028,-0.0033351827756879456,-0.012392232718523006,-0.001723920481080895,-0.0002013489423393625,-3.757347396996906e-05,-0.012988705453264473,-0.008796166122543672,-0.01700043940927633
2013-08-28,-0.00011995798927654074,-0.001259672902102892,0.0013932071062366209,-0.0018405152470397416,-0.0017639976212152457,-0.0018359825310548868,0.0028587511074918436,0.0005277388840862935,0.003194693739850891
2013-08-29,0.001237040716971085,0.001094968741520998,0.002984059808836486,0.0016960764313382402,0.0005644425280118168,0.00045519181533172263,0.0012781943148010633,0.0016097526367143437,0.00582026564553572
2013-08-30,-0.004312267110480937,-0.0024023147694982403,-0.004366299114878302,-0.0021505506583784522,-0.0018170080813596221,-0.0020603236346402585,-0.002552305058031094,-0.003190138299882839,-0.005349502714917656
2013-09-03,0.004565575085431456,0.0012090204814782454,0.0019145372772090014,-0.0020865331675641407,-0.00015553413012654946,-6.145219044580907e-05,0.00364157610278813,0.00044938921709182034,0.004719973810386262
2013-09-04,0.0034561839368535295,4.8084699637574955e-05,0.007341180268205043,-0.00021811200038339106,-0.00151887311608679,-0.0016384121494381933,0.006668722221861934,0.004315701067203693,0.008848666083844178
2013-09-05,-0.0017577287245705681,-0.0033134694527976153,-0.0006548183021387182,-0.004838250861493261,-0.004270558989789261,-0.004692871735810401,0.0010232139124496556,-0.002778999500680523,0.0014077969405991003
2013-09-06,0.0064601374783122,0.005189948246586029,0.002676981520603361,0.0039851665513122025,0.0048540145194744255,0.00523514645080958,0.00036629317434311304,0.0032477908340193817,0.0008939962832645865
2013-09-09,0.008749453349233592,0.005005365577565539,0.010063150357894266,0.004726643857832625,0.003252085155645333,0.003447808880508942,0.008154969248288561,0.007820020345719955,0.009294817447112861
2013-09-10,0.0024366262909094596,-2.0520591594915688e-07,0.004128315513395627,-0.0006730893325484634,-0.0014813600997248839,-0.0017581433358866102,0.0063084451330435816,0.003091062440689643,0.0038883493490548386
2013-09-11,0.003015438333362641,0.0026127522802169498,0.0016560496203488026,0.002990658946125297,0.002356214383309908,0.002430014125973844,0.0026793803239157105,0.004648152708426777,-0.0015288669651283083
2013-09-12,-0.005917653142050811,-0.0032191817643868635,-0.0020428060526439594,-0.0004955610561763112,-0.0028077342020250517,-0.0033390588088841196,-0.0022686775408333687,-0.0018712917677883758,-0.0005105202921698801
2013-09-13,0.0025925430730098045,0.0013780390221798532,0.0014949447553898542,0.0010193179779073934,0.0008580312880283454,0.0008962562921309933,0.0019205630686052713,0.0022303845898993687,0.0005109423679481704
2013-09-16,0.0032559027470225915,0.0026906610487633605,0.0025760851222047664,0.0021814938089291533,0.0020188630447466704,0.0019604466404450362,0.004942698023900496,0.00520208655058102,-0.00214377265319053
2013-09-17,0.0010395108085522002,0.001292605562198543,0.003418173205639171,0.0032094907585674282,0.001075798255795652,0.0010516699972827294,0.003814370898353321,0.004150418798581299,0.005319774061556906
2013-09-18,0.02056954432237511,0.013696350087486982,0.012982323123380513,0.011242571579173619,0.011273052054684445,0.01223488046764481,0.009899940657045251,0.014175974891699824,0.009565359985683206
2013-09-19,-0.002102488742673469,-0.001896469678069361,-1.2947681308709348e-05,-0.0018794908311106705,-0.0016448726909741994,-0.0016584972094763157,-0.001435898043686063,-0.002839710460215085,0.0019154710399833556
2013-09-20,-0.009308463348418504,-0.004773789380902409,-0.006022259384824796,-0.0010911182588512868,-0.0035833197499633212,-0.004209194681378456,-0.005988555237224852,-0.0045655149254112395,-0.0027450251178856955
2013-09-23,-0.0013621008749695922,-0.00011178625819853921,-0.0031538506650047025,0.0009647141025686777,0.00016859965709008134,1.6109705574212268e-05,-0.003959449520880725,-0.0015429491948652683,-0.0016183119374528578
2013-09-24,-0.0016307791531330743,-0.0003486179400445971,-0.001928968589744819,0.0014835372481718232,6.434849654670229e-05,-3.289590691258429e-05,-0.002012755235953151,4.741102124808593e-05,1.5958183518997497e-07
2013-09-25,0.000705827813806754,0.0010884507874996466,-0.0015359647916760278,0.0006295761960614095,0.0015139199328564838,0.0016831955768026909,-0.002470221790770585,-0.0007533683216498087,-0.0027365368802593553
2013-09-26,0.0013685178994973066,-0.00013574752433738848,0.0047215442095785536,0.00036896383349824323,-0.0008114606731850103,-0.0008377988379245616,0.0032855312245181467,0.0016943539930357307,0.006199420403674059
2013-09-27,-0.0018447405987962221,3.109728790653992e-05,-0.0026510223874488164,0.00041078970633629046,0.0008750023794985494,0.0009534410620691406,-0.0039296876098807105,-0.0026282408201435633,-0.0010098342853837384
2013-09-30,-0.004681550729113492,-0.0019500085811639523,-0.004162792418619787,-0.00017830045582630655,-0.001089707873370211,-0.0013135195125477722,-0.00455239756623058,-0.0029998284324631807,-0.0019210162102970083
2013-10-01,0.0036523095243496226,0.0010130399161135295,0.007947332391323501,0.0016030218260910268,-0.0005568025931388865,-0.0007874750333009859,0.006758258465182323,0.004539882598745951,0.008104098351452866
2013-10-02,0.0029966957101357173,0.001901693196629566,-0.00014168342361505612,0.000683522186941835,0.0018513055109412768,0.0021398359537249463,-0.0008072572554998661,0.00011879321976585665,-0.00030122733418237496
2013-10-03,-0.005586277494109429,-0.00294814460681273,-0.009518904517316363,-0.0028836757946787347,-0.0017708727604395737,-0.0019748066168853834,-0.007879771363691676,-0.005910421424151716,-0.009347487610337898
2013-10-04,0.0020538905013278673,0.0002796064646627575,0.004978012890521003,0.0009120903391324247,-0.0007766400442060978,-0.0008923182380467683,0.006466134676897039,0.0040407195965670144,0.0068995284162848315
2013-10-07,-0.0027827566108397095,-0.0010356475146779953,-0.00646568177183604,-0.002342323129274626,9.259208597245383e-05,0.0003068563165986582,-0.010001076363827632,-0.008576488703483709,-0.008322536743268882
2013-10-08,-0.01005736242435896,-0.005474330869527437,-0.015323019968074812,-0.005850974727249836,-0.0036968888588493286,-0.0037955366443604625,-0.01312545997937268,-0.012026847563245865,-0.018910162887994013
2013-10-09,-0.0012636754007280132,-0.00036929659179857273,-0.0009647414975083171,-0.0007241561764345167,-0.00040088019878584943,-0.0005490878449746935,0.0008127654374842534,-0.000507641942483297,-0.003043347967559907
2013-10-10,0.015187721603825567,0.005754095146973952,0.023406236467867797,0.005283898041077105,0.0025949890756355523,0.002641814440199056,0.024314198446265877,0.020127880084967666,0.020732971520770513
2013-10-11,0.003842206356216469,0.0016943508290899864,0.008141340440673555,0.0027678125136926714,0.0007250341337312978,0.0006411437180103082,0.007243962535611147,0.007431619103277487,0.007725946292610808
2013-10-14,0.003233855783374325,0.0004546192513826756,0.004750381397951223,-0.0003686104172570609,-0.0004170848136954922,-0.0003905969676889805,0.004484264694957658,0.0017625575471891704,0.006924698796420302
2013-10-15,-0.002946027013764509,-0.0007042121165025998,-0.005464049202042907,-0.0012346696974155596,0.00016119713317517742,0.0002272749902910634,-0.008155869045138804,-0.007197206158875977,-0.0038068508464306657
2013-10-16,0.009097366012732526,0.004752610884940448,0.01462398759403741,0.006440443354791037,0.003495339846649162,0.0036726227946815675,0.015701305821221465,0.017234656900485975,0.011094538934375224
2013-10-17,0.013174417944712635,0.006468956247149169,0.008437900773532658,0.004875479013393185,0.005408667137896657,0.005996148775082453,0.007498715839377945,0.010413996972546044,0.005608748572636163
2013-10-18,0.003773745968131762,0.001632195861523883,0.009347797151047084,0.0034062309576213612,0.0004945339117950858,0.0003837061563388707,0.007571915871589452,0.00678554402210125,0.01588280677918307
2013-10-21,3.090830555367149e-05,-8.102186658851776e-05,-0.00035019365563852665,-2.411817955226806e-05,-0.0003113798863778025,-0.0003855208216963923,5.9214113632173596e-05,-0.00041298606322196657,0.0021484991283343643
2013-10-22,0.009793009696548519,0.0057934682511943504,0.0049955065661638496,0.005265357380465857,0.005027928908542499,0.005353861446596558,0.006486764033836675,0.010264108584316757,0.0014289697622522303
2013-10-23,-0.0065036408825119,-0.00288346905390124,-0.004143934000256493,-0.0013343616122477888,-0.0015615961253974873,-0.0015637010546612454,-0.005368792552314166,-0.00366137001061156,-0.0059460394182978835
2013-10-24,0.003468055544145488,0.0010829561922656966,0.00315870105371963,5.858135662899397e-05,0.00047366956785287623,0.0005939402696944827,0.003718549037803475,0.0019529108342835845,0.004306429462101915
2013-10-25,0.004300545798051546,0.0023904500318044854,0.007533861719583773,0.002815946493387345,0.0020387739267545093,0.002249103873840779,0.0051122881362372615,0.005651492256632129,0.0070287105699557454
2013-10-28,-0.0006803976175660183,-3.928294509730094e-05,-0.0007864074073555548,0.00010289754327734004,-0.00015460299332580954,-0.00025125052111211663,0.001776996998676753,0.0009311305414541579,0.00023613067031455528
2013-10-29,0.0007283285118252339,0.00036145459704926093,0.001686998288343875,0.0016866155041831575,-0.00017267644966164486,-0.0003602089734828227,0.005966398895454373,0.006154380538545396,0.0016556447072703132
2013-10-30,-0.004317773526007373,-0.0020524359503134434,-0.004277213409065572,-0.0021739351622079486,-0.0015458059246293552,-0.0016586423345810956,-0.005561838238460589,-0.006639463566330968,-0.000944484919386092
2013-10-31,-0.005801438454467008,-0.0023797458607962567,-0.0034002800443472497,-0.0012154352015472441,-0.0018276386142471927,-0.002097288687427529,-0.003180282852082129,-0.0036007951569102695,-0.0022449518098684768
2013-11-01,-0.0019441812506903688,-0.0018053296446483371,0.0022016538076827853,-0.0025704773790630807,-0.0017647948934519998,-0.0017544399276742534,0.002670968104515858,-0.0012198325520729122,0.00023683952025229323
2013-11-04,0.0038451505484422915,0.001981923868048456,0.0024773977418109834,0.0019177112805986,0.0012928230379642542,0.0012714569946531756,0.003934203194016788,0.0047502189607618,0.001421055697313617
2013-11-05,-0.007364552227332344,-0.0034574214491690514,-0.003732178123916352,-0.005021538551232219,-0.0026321067336275705,-0.002846487414158827,-0.003120606381439628,-0.005410759337711291,0.0007448909285658889
2013-11-06,0.0034120228820589964,0.002021848726245282,0.0014315330137412228,0.004041068608693892,0.0015279360216500176,0.001553630961078118,0.004716782040820013,0.005951295862094143,-0.0001988320522237869
2013-11-07,-0.011850459213976877,-0.004617393896734356,-0.013004583869580585,-0.003413349661692131,-0.002263439675888352,-0.0024924210604607188,-0.011684478754545206,-0.009114986833729861,-0.015556288590798264
2013-11-08,-9.445663621975127e-05,-0.0021093484492667293,0.0070384215786594585,-0.0031197759252960745,-0.003773525620511833,-0.004165623725217781,0.012456680640506278,0.004905680961319914,0.011143158917502448
2013-11-11,-0.0007881164833008199,-0.00016554923655844124,-0.0003113746477158979,-0.00019114438879366824,-3.4199533484084927e-06,-3.679473506762372e-05,0.0001566378454411272,-0.00014727669197746315,-0.0013020107273230596
2013-11-12,-0.003925113425692262,-0.002144223508802278,-0.0009130366153084914,-0.0014995788354737318,-0.0018429733453044714,-0.0020486443187359934,-0.0018764609430351401,-0.0022148242589671656,0.0013046707101135534
2013-11-13,0.00476679103722857,0.002631116003409207,0.008079398800815662,0.006285435051000028,0.0018721167292846384,0.001971248758970339,0.0074159802234855495,0.00902753751828157,0.010019149939932425
2013-11-14,0.006443241182582373,0.004111250346008143,0.003991708410321713,0.005735511544857426,0.0034764297990850864,0.0036879249412859836,0.004613220681173525,0.006831749210585494,0.002579127394045555
2013-11-15,0.004800862904685939,0.0018426434355575058,0.0028024117603561837,0.0010491665793764071,0.0008363177360961797,0.0008645015675990235,0.004025101931879762,0.0031984568289564028,0.0015833067846958463
2013-11-18,-0.001814081598974387,-0.0001056405465545596,-0.005654960430474192,0.0010465017399865343,0.00011455235888721438,-0.00014377389471720555,-0.003237563731809122,-0.00101774048862921,-0.008099029700433767
2013-11-19,-0.00313006410398982,-0.0022499155582294313,-0.0029263957118672726,-0.0038328933868331735,-0.0019417538326035183,-0.002001303490659337,-0.0020102941950477684,-0.0038796743381253433,-0.0023891177564793263
2013-11-20,-0.009111923804452996,-0.0043148614801337,-0.003947366642245099,-0.004940539821254992,-0.0035837189077365886,-0.004035460345627719,-0.0028930630073681664,-0.00566319339116314,-0.001996185839558004
2013-11-21,0.0054894187567715675,0.0031779000591562203,0.007629148354512399,0.004383317545534329,0.0021071215674646733,0.0021440852620041766,0.007461488457897464,0.007254064015574981,0.008402669256155737
2013-11-22,0.0030402708838832195,0.0011835489448260984,0.002985179558790126,0.003756893368753467,0.0004148113373686081,0.0003388817133045337,0.0046286279997460635,0.005755004056092887,0.004463572086709126
2013-11-25,-0.001891714625259134,-0.0006491835205084475,-0.000285954054171242,0.0002721546012223976,-0.00022312776112046634,-0.00021190676891560332,-0.0009211053405612657,-0.00042423973373376263,0.0019756131839256544
2013-11-26,0.0002577959113372825,0.00041612344746808647,0.001355254754939845,0.0019250545779445152,0.00018645388178554267,5.334317826689767e-05,0.00025611694531214716,0.001396359076941371,0.004336662678243811
2013-11-27,0.0035243337423527597,0.0012263425815869499,0.004683865897823574,-0.0003482217717257678,0.00045460809175755827,0.0005070967663961652,0.0022542844751624173,0.0007951455630031222,0.005790082197363069
2013-11-29,0.002927287826051407,0.001316941283846924,0.0003732789585257884,-0.0002443994711598842,0.0006633505096226082,0.0006673372620115902,-0.0006132066004752879,-0.0008943103940514345,0.004975855400734331
2013-12-02,-0.00950786252165676,-0.00540251759112458,-0.0028732450942785524,-0.004596431888345719,-0.0045037427314349385,-0.004888475748848184,-0.0024035346643626002,-0.004538056618429157,-0.0024265734696829726
2013-12-03,-0.0028194056462070207,-0.0005901970148743869,-0.0021222695074274707,-0.00018539611777479529,0.0001764977246605933,0.0002062567524998386,-0.0039981918282244325,-0.0026851190366399226,-0.0006807139355730732
2013-12-04,-5.167972909643297e-06,-0.0006372558520401983,0.0008852217098628736,-0.0033528864730611664,-0.00027905273688776723,2.5427199477424893e-05,-0.0001030990042163531,-0.0025959989046295813,0.0007792055629026244
2013-12-05,-0.004184452631628033,-0.0018883101689353143,-0.0015529426607948649,-0.002583492742835869,-0.0013648752637033246,-0.001501227789889148,-0.004437150387703981,-0.005670082460728643,-0.0011495387578353
2013-12-06,0.009399826851389943,0.0033501277226293926,0.008290684431066205,0.002042031839727484,0.0014960106685715047,0.0015787654028599455,0.011108850446428837,0.01073169253817827,0.006293217113437
2013-12-09,0.003385810510538354,0.0015835029646934895,0.00340654328373232,0.001078009331714641,0.0013018418084932153,0.0014967652796946491,0.002527278742157645,0.003021551880831289,0.0035307244449266214
2013-12-10,0.0012481031687567002,0.001471666427354385,-0.0020955566916319814,0.0013317807136424295,0.0019149312039046839,0.002122177379664384,-0.003561996602992674,-0.0007816041192751124,-0.0006028367183847839
2013-12-11,-0.012072902263929241,-0.006081727254799369,-0.013421614434962603,-0.004616485876522112,-0.004468953856718815,-0.004831007981531299,-0.011163184663614604,-0.012585233602798451,-0.011162861824259275
2013-12-12,-0.0073266474076070865,-0.003916334441200169,-0.0032620023135586465,-0.0022755409123914683,-0.00331359353938932,-0.003662152246621892,-0.00328127667700232,-0.004791090429689434,-0.0022370321374754177
2013-12-13,0.0012743982580817026,0.0009948980249210723,-6.478264278814643e-05,0.0007185586214885606,0.0011990692934894934,0.0013592620488531656,-0.00011130122472755212,0.0007893690415221589,-0.0011206651843431292
2013-12-16,0.006364212932081369,0.002459764301771447,0.005075587500015561,0.00114580839724322,0.001200418510269371,0.0012499423125003528,0.006194172311321929,0.005360041305421385,0.004796418166842623
2013-12-17,-0.0031632839512564306,-0.000639286147086843,-0.00108101415860439,0.0007888790877194538,8.661912306975934e-05,3.0304110442326454e-05,-0.003160900015899999,-0.0009886656655639656,-0.001726251321120327
2013-12-18,0.010764606562720184,0.004024444056642514,0.014138921102713819,0.0021009821140957536,0.0016306583966436644,0.0016886728843785298,0.016968268310494854,0.013232187951347478,0.010072346769638545
2013-12-19,-0.00745417553836268,-0.004492839677359592,-0.0040860481367158644,-0.002751306775225622,-0.004276406929884146,-0.004766564249988544,-0.001149062409751554,-0.0035924700419427582,-0.0024171697607299463
2013-12-20,0.004949010954420948,0.001976422932986662,0.007183051376934751,0.0022147999992204247,0.0013475932680886626,0.001549440038181144,0.0057817441846042825,0.007173536729482479,0.00883283329043161
2013-12-23,0.004972052936618441,0.0015198140927563677,0.006361329769518647,0.0002711066518732195,0.00016086049865996922,0.00011714878059013587,0.005310737194036713,0.00296242055912523,0.009136711777820938
2013-12-24,0.003303581209729829,0.00038416951980074895,0.001167407716534573,-0.0015437527594609722,-0.00039613041271665736,-0.0003231529259930437,0.002178231838828257,-0.00032837264200180096,0.0003978611743017963
2013-12-26,0.0016192353031656437,0.0004977185858358073,0.003321156368691827,0.0005601749861696985,0.0002237400713500352,0.0003083561227744427,0.005053893300757632,0.004143878459875425,0.0028848417926952497
2013-12-27,0.003345944022733073,0.0018209791695258267,-0.0005693792002116635,0.00021996352405849391,0.0013561263185189619,0.0014080843690241302,-5.38840810022695e-05,-0.0004273333803164553,-0.002181449643883888
2013-12-30,-0.00013688262807132431,0.0003311656793799499,-0.0005657847829781621,0.0011171793180016348,0.00010551930642001931,-0.00011646710544533661,-0.0001619999779709605,0.001430697449732634,-0.0012914188191554376
2013-12-31,0.0028579503636702486,0.00042097789861207435,0.003253352456473717,-0.0007343185717754848,-0.00048165527748503576,-0.0004756866305737041,0.0047048678089221955,0.001665443315839767,0.0056726283763536434
2014-01-02,-0.009183152214761833,-0.00237443300011512,-0.0065804477821716735,-0.000117173132727028,0.0003583379187684412,0.000639657399540078,-0.009527719273760098,-0.006558073491489883,-0.006827670798797068
2014-01-03,0.00046094263533874217,-0.000381492760783168,-0.0017586495967910813,-0.0013151937350289712,-1.2028250801212467e-05,0.0002388797178855787,-0.00016333180393973617,-0.0005302274457764074,-0.006276057147984881
2014-01-06,-0.0006940707761151526,8.318393119098523e-05,-0.0015366829146003888,0.00038785717105185304,0.0006435033633640695,0.0007433233737237477,-0.0028800874450199496,-0.0010192542249677198,-0.0032081680339140772
2014-01-07,0.004431273172787353,0.0017059394510974268,0.006684608979175666,0.002131187940279,0.0008064697491780848,0.0007523076726823064,0.006124441833112115,0.006740002067110229,0.00844730143590211
2014-01-08,-0.002735978483907779,-0.0028789464041283543,0.0003816284802737519,-0.0031598005078659896,-0.0030249855565934055,-0.0031349306524645834,0.00021758884597600914,-0.0028954624994904695,0.002001241555289885
2014-01-09,-0.0005454293693819308,0.0004051154925884335,-0.0012687522394785502,0.0012249137155310571,0.0007345060288130975,0.0007704427277326974,0.00065261521376034,0.0022349532704383167,-0.0030479662671699065
2014-01-10,0.01076316763117147,0.005998074786015498,0.004448027476305339,0.00538568821697796,0.005269215885992865,0.005578405779391603,0.0027166772736937975,0.00783609342195214,0.0029521303155518796
2014-01-13,-0.0076401929277874845,-0.0022978613509281056,-0.013370884365100776,-0.001693610581966937,-0.0005064418496986151,-0.00046629512229914757,-0.013276243645609264,-0.01076246178378328,-0.013558692652816852
2014-01-14,0.008281470787931868,0.0022667364922459975,0.014382261201808993,0.0011231465315679017,0.00027158659405087217,0.0001944268280827439,0.01087356928035304,0.007831989463218336,0.01747430376903903
2014-01-15,0.003816055735326385,0.0007933007526728824,0.006344429800095449,0.0005494511635470574,6.847759487108718e-05,0.00012815646815342454,0.005378920440344849,0.004499217600302314,0.007540464529710241
2014-01-16,-0.00024214597460729082,0.0005463536088516727,-0.00028891286502384726,0.0012319235632395897,0.0008109091811780274,0.0008437988080266206,-0.0012967712551741532,0.0004930856204993229,0.0001036605496903943
2014-01-17,-0.0027210418350605953,-0.0006853823238263124,-0.004354939683731964,-0.00013406402133570695,4.501413963887991e-05,0.0001121714375951069,-0.004220649715311163,-0.0025175824356429306,-0.005195864163113798
2014-01-21,0.002981591642185949,0.0007705702451196168,0.0060643975704757005,0.00035836765109057214,3.476654702082495e-05,-2.498829388783491e-06,0.002934379544405125,0.002057742378136634,0.00699921300722821
2014-01-22,0.0021626750813848673,-0.00026090934867132915,0.0022342193722262645,-0.001539540990365444,-0.000868842950368306,-0.0008695849094801907,0.000650179105494378,-0.0011531238581318033,0.0023861831276005808
2014-01-23,-0.0020116525416774634,0.0014030626022305415,-0.005472004754721198,0.002489725458229544,0.0028244968392475227,0.0030844034090942636,-0.00817599048105867,-0.003515453869644548,-0.003104596712168696
2014-01-24,-0.018486072683409266,-0.005692382932389416,-0.021649646886784554,-0.002650896291931731,-0.0020139411113275526,-0.0020281301543936744,-0.021289816585125923,-0.01749639344157727,-0.018064094771370724
2014-01-27,-0.006906574014380798,-0.003147652019155735,-0.007373123559854878,-0.0029223200254377838,-0.0024249447539691866,-0.002637589520002085,-0.004908670699996414,-0.006599903118872214,-0.008880865737724385
2014-01-28,0.005788636147365306,0.002043421158725402,0.0036159742163822737,0.0014552358886964461,0.001271044261090106,0.0013493105332389587,0.005941462818779428,0.006516889186176413,-0.0005335605792849983
2014-01-29,-0.006636894042959179,-0.0007874910487247861,-0.010209777499916608,0.0006624352610355486,0.0010491445455138128,0.0011739083422796445,-0.009584151350616608,-0.005962749096049531,-0.009819028516581913
2014-01-30,0.004880722969928519,0.0015360759005032018,0.01302059524338051,0.002290815831244798,0.00015013368429279305,7.849677605106654e-06,0.010577468476535557,0.009227391906669196,0.016923312424783316
2014-01-31,-0.0031123952658866864,7.48960998852017e-05,-0.00454007908194921,0.0011523322383515731,0.0011265835599453453,0.0012410622501293736,-0.005846127159122209,-0.002958894313535346,-0.0024381009134811973
2014-02-03,-0.015384229650948513,-0.0046142671193492605,-0.022215513739734478,-0.002452818393858632,-0.0013816532798831323,-0.001375110620684161,-0.02245573404194881,-0.017451922498597002,-0.021038566231612783
2014-02-04,0.008257452782020506,0.0026238953138865563,0.007941598626983884,0.00039741594761792345,0.0012138178466269808,0.0012939037257584797,0.0069892449902706575,0.00445581706745149,0.006729498981640015
2014-02-05,-0.0006858012665569572,-0.0013982378972541892,-0.0012895982884189628,-0.0025751602123342096,-0.0014259933281469824,-0.001400159087100251,-0.001251623586035043,-0.003581294402722386,-0.0023714249234283655
2014-02-06,0.011863936818781173,0.004075676861299504,0.010156896458560771,0.001617969335663716,0.001871909306930153,0.0018901797580430646,0.011373874235560466,0.011097572285947654,0.009722135339797155
2014-02-07,0.010133853669417933,0.004400160790262901,0.012078066479200662,0.004075566100263849,0.0028575100307902624,0.0029929599221205773,0.010829194647476517,0.013216408501087835,0.013839380087207148
2014-02-10,0.0006688823591414229,0.00015272041714388125,0.004356352693697287,0.0004988090070963479,0.00036506425184772097,0.0005738369403591523,0.0016073014738267235,0.001993595016573304,0.004461244137496957
2014-02-11,0.011521287356551729,0.0033304300209714547,0.008650752414576296,0.00013078457797188072,0.0012866945724386522,0.0014432728231693257,0.009577301670833366,0.007537759019260496,0.008882223560699806
2014-02-12,0.0012032880738075372,-0.0004924733201797046,0.0009649457469633425,-0.0013499839278614785,-0.0008831122962074499,-0.0008633647726431857,0.0004338332690341775,-0.0009753331995065166,0.0014969037380420105
2014-02-13,0.005839254389539579,0.0034860700835559044,0.005161269259192332,0.003727115095805451,0.0029255946599824156,0.003043369588461934,0.004524809344136512,0.007669701549037389,0.005801927293782693
2014-02-14,0.006111713727156699,0.002155015465676856,0.003368837927118614,0.00044422223919609585,0.001426549850189888,0.0016312829374304642,0.004839567273287616,0.004743293986368218,0.0015731366410358665
2014-02-18,0.003216716796153779,0.002010359862113212,0.003047571939333398,0.0019364030406220415,0.0016533530153881606,0.00171582334463348,0.001049583287820869,0.0025603099838361,0.0038403722603846096
2014-02-19,-0.005766488623723423,-0.002914640453402452,-0.004927101090628716,-0.0025634979661943694,-0.0021448616854833524,-0.0022338795912863777,-0.005811932587135643,-0.007394294441741834,-0.0053892257101296505
2014-02-20,0.00457546005227648,0.0017886848508328452,0.0033966551098489435,0.0007602186441716269,0.0010570732974449922,0.0011477546737899285,0.005175467768241409,0.004867677926786306,0.0036710455316987197
2014-02-21,0.0014214809996538208,0.0006793801207124629,-0.00045517086344069104,0.000351059296953992,0.0005811329766655355,0.0006008155539476343,-0.001001086884697107,-0.00033458841817783343,-0.0010444517208824983
2014-02-24,0.004938859614073391,0.0017737924907578462,0.0043198636968352,0.0006559544581508324,0.0011173330183674916,0.0012793011219554532,0.004867495929622518,0.004597917693175584,0.004184318278539585
2014-02-25,-0.0019524625339558631,-0.0005157296115335373,4.685185117770908e-05,0.0008881750163507475,0.00013148591407938207,0.00021137587977773734,-0.0003323702502933673,0.0016576828079736827,-0.0008674504156755943
2014-02-26,-0.0017028261501702711,0.00033833106213631794,0.00010402295562126968,0.001622077097213228,0.0006351856888217394,0.000538189477156628,4.768416433942604e-05,0.001770113611015127,-0.0006945360521603549
2014-02-27,0.0052777466788300285,0.0018256865474925912,0.003717224329451434,0.0013456730738908304,0.000702451453018291,0.0006422878682461599,0.004607511778598404,0.005583121891292075,0.0050899581286715165
2014-02-28,0.0003213179153898448,2.7356531757822603e-06,0.002133550717306032,-0.0002472738523008313,3.0349948700395535e-05,9.016162424409948e-05,0.002222010101256331,0.0017669757869734637,-0.000868277145221471
2014-03-03,-0.007146995665252653,-0.0009673242447451869,-0.0050663663429065305,0.0011595099655352882,0.0013196647807555873,0.0016542181739041262,-0.006179202682757321,-0.0036871631812981985,-0.0058241426229235504
2014-03-04,0.009997357038628326,0.001565490837633431,0.012116198054293065,-0.0014329509808078972,-0.0008387535730873801,-0.0008595042896109789,0.01234177707943118,0.008519541664147208,0.00996878027099365
2014-03-05,0.000681393027365982,0.0008552356688424528,0.0010855879590623168,0.0012087491430050592,0.0008076059852176445,0.0008001878159207149,0.0007975027350819095,0.0014589527972384431,0.0021651238740440543
2014-03-06,0.0035130932588612785,-0.00020508851877842563,-0.0009891170800904248,-0.0022949995927998975,-0.0010229430227004595,-0.000996496628910729,0.002014822912607072,-0.0003940025846173625,-0.0006904086131850144
2014-03-07,-0.0072540305685524446,-0.004120717968133444,-0.003537118494946265,-0.0030465770413023348,-0.0035620835232828833,-0.003767736961175043,0.0003744248190721894,-0.0021431132156907308,-0.003890212754601103
2014-03-10,-0.0034643932127591537,-0.0009696818479371094,-0.0008170823944213534,0.00038392287941135805,-0.0003960376536652488,-0.0004471015039406723,-0.0004882603005260666,0.00010271950104789873,0.000616637575345802
2014-03-11,-0.0023239970818266097,-0.0006952169434189283,-0.002071098451411958,-0.000640168682906825,0.0001387330866037088,0.0003045296488758955,-0.004125288991890899,-0.00397607398065066,-0.0032029513726539905
2014-03-12,0.0025450539709122926,0.0018926696174117524,0.001870504228082215,0.0024833767348652297,0.0020615469016624184,0.0022673770037141485,0.00022287717619632892,0.002665623187761084,0.0028020727114847583
2014-03-13,-0.010174614761286066,-0.0020339816510217532,-0.009357361804960572,0.0006360539358439105,0.00020131875179782476,0.0002279189120240467,-0.00935234036846899,-0.006684009977544148,-0.01051788187236904
2014-03-14,0.0010829865183210941,-0.00011992515706139492,-0.0028092795889129597,-0.0012417749832200275,-2.8454377109810714e-06,0.00012066939281065695,-0.0023374150903114617,-0.002532415962181085,-0.005065760883710389
2014-03-17,0.005084691538739043,0.0007031868458324843,0.006359229775243312,-0.0003542160446143401,-0.0007396745309664365,-0.000878864703140801,0.007526096770679286,0.005736597224208875,0.006511907093603354
2014-03-18,0.005868169274581147,0.0025826612910064078,0.006977134878664931,0.0032744068882816025,0.001384222985001886,0.001276841449490187,0.005948605674815382,0.008060321364238208,0.008956848031291213
2014-03-19,-0.013632591951723816,-0.008195242037681214,-0.006848494875923345,-0.007454000692992669,-0.007232176629695172,-0.007613064179962828,-0.004446162624841572,-0.010670452051262278,-0.004026944117757099
2014-03-20,0.0017746826021163178,0.0008177252728140807,0.003203020773788374,0.0012209770688972072,0.0004576003414558298,0.000442431758299651,0.004868770936885969,0.005487598638719446,0.00206384487647428
2014-03-21,0.00012605492830392284,0.00025383855058196277,-0.0038418944964967515,-0.0005832419435505615,0.0008031670404204839,0.0009792176083475972,-0.0032359530255332263,-0.002444631146871571,-0.00894740893382563
2014-03-24,-0.0036973265072939745,-0.0022887219935935218,-0.005456446434370055,-0.0017808546849052147,-0.002201743640787345,-0.0024871296467221192,-0.0034481660873183556,-0.0035895147345897153,-0.006496104455793307
2014-03-25,0.0073907759017036,0.00258327055294779,0.004260919290550419,0.0007682119661043841,0.0014793468936975147,0.0015765037130902673,0.003955096213150338,0.003980897160775591,0.002431797048579723
2014-03-26,-0.004575505412906888,-0.00045525427431982216,-0.008673133008495135,0.0007473405099633336,0.00028750288134230233,5.410210791120306e-05,-0.005997431197536633,-0.004025875641512611,-0.009533645323695196
2014-03-27,0.001531765046003432,0.00023428324874068192,-0.0014995587736326011,-0.0005048878234936261,3.949568007831236e-05,3.0380950091191827e-05,-0.0017563352430506466,-0.0013467482064386824,-0.004137406842645463
2014-03-28,0.004054713965684877,0.000963352985077966,0.003358215493314632,-0.0007608205670402687,0.0002356887938686219,0.0002906682003750548,0.00410527818753661,0.0022931986153581474,0.0014420071176719617
2014-03-31,0.003960089898821535,0.002317130567954811,0.006594236038342043,0.0024761068388111113,0.0015890618824574072,0.0015642301781846025,0.006829247750744903,0.007581809603166568,0.0052498349458444515
2014-04-01,0.006382891010118879,0.0011901868048707302,0.008858125994942035,0.0005732089591230415,-0.00019386989408660206,-0.000183517571930353,0.00553370774711655,0.004806954531740354,0.012971239760067723
2014-04-02,0.0015158699667071997,-0.0003499366442814735,0.0021436452956740152,-0.001730752939012238,-0.0006715434947146419,-0.000564774666451393,0.002795922743980324,0.0003998271061405574,0.0019126297726862241
2014-04-03,-0.0025300493078030616,-0.0006038039975806226,-0.003465639796933121,-0.00024565073066765115,-0.00014782930003505955,-0.00020524688080014383,-0.0011060844428297004,-0.0008225786585281847,-0.00589191638442214
2014-04-04,-0.0031496305923413735,0.00041903050163683486,-0.012298339638763683,-3.4562551307330935e-05,0.0020551394012059613,0.0022710381886239415,-0.00987931836903714,-0.007198012845816409,-0.019701256225576013
2014-04-07,-0.0031981314139212344,-0.0009777839049008895,-0.006317840744684885,-0.0010969032517445844,-0.00016790063684662618,-0.00017650536177292106,-0.009217289991790108,-0.008731437022563415,-0.006982434793205386
2014-04-08,0.0064206960830757165,0.002603407638603228,0.0052486217184171124,0.0012205494313268783,0.00180883788964592,0.0019677102774373623,0.0033460326768692816,0.0045999882869471875,0.005870001417106474
2014-04-09,0.007988384191593619,0.0035049926391875256,0.008583160825327675,0.002718869436736266,0.001905385498912717,0.001844790843170443,0.008775208622254175,0.009685111997455881,0.011096656636945318
2014-04-10,-0.012462501098143125,-0.0033279545665033405,-0.01835601840117375,-0.0019056319365438512,-0.0006023467234555484,-0.0005932368870485021,-0.017178639891900833,-0.016806711157432912,-0.020168703341427063
2014-04-11,-0.005144145858180768,-0.001954537926631403,-0.007604127148460056,-0.0012004564151076192,-0.0009911760599929636,-0.0010441979401381398,-0.007338413948008701,-0.007010914614878015,-0.007491654373508082
2014-04-14,0.004303993694162807,0.0013077138267862441,0.005995963591455404,0.0005957427214642691,0.0006815044711194282,0.0008276792287399885,0.006407674965688279,0.006212369622578404,0.0050330839200465995
2014-04-15,-0.0024969958365353585,-0.0005642329648436014,0.005176994648961545,0.0013426229453517454,-0.00039349950462826643,-0.0004825486363801653,0.0056095930610477775,0.007014190969862917,0.002124840244150438
2014-04-16,0.008550268513047464,0.0022606103688855685,0.008661689790430586,0.0008314013621868334,0.0006584780015896714,0.0007055317952159936,0.008544772511746556,0.008617964860912314,0.008555651740500055
2014-04-17,0.0005927295632411118,-0.0008610338975359933,-0.0004148199404495787,-0.0020440579891286307,-0.0015145056249254699,-0.0016602355325431003,0.0011415686181102745,-0.002191446895369423,0.00015045352656640307
2014-04-21,0.001653918524668291,0.0006383614908495693,0.0044326270254205725,0.0006792789813226932,0.00027798897360410116,0.00028602778745909387,0.002850001423176439,0.0030710823145479295,0.004804049351202238
2014-04-22,0.0023479796516830674,7.937821028315172e-05,0.004386773561337533,6.44853425326567e-05,-0.0005414321858501407,-0.0005656268207801904,0.0037167916807122722,0.003928948713347724,0.005154331703368327
2014-04-23,-0.003165777522012688,-0.00021412335639387137,-0.004247642549573657,0.0007860304745271024,0.0004598678174081873,0.0004135381728149254,-0.0019165633866991597,-0.0006404301009754076,-0.005721755234190099
2014-04-24,0.0033445151117042367,0.0008784301628301384,0.004407766344848454,0.0002117044199084039,0.000418546616437801,0.0005381204554655318,0.0016586711297502373,0.0016680090893104618,0.006203499242738175
2014-04-25,-0.005474685440586938,-0.0016918238228971695,-0.008443854405172757,-0.001212317596880805,-0.0004108761191212975,-0.00034269722159724716,-0.006710093701873877,-0.006743953582043967,-0.010398752506147812
2014-04-28,0.002331758528557717,0.0006213043017885688,0.0033194669376318455,3.3668636999391965e-05,0.00020777926250122294,0.00023747812222424215,0.0025885509988387884,0.001997612574049775,0.0021021718257156507
2014-04-29,0.0057988659714106,0.0018766705525739068,0.004178597780705386,0.0010270743962831207,0.0007634321690642639,0.0007400067656958978,0.003806742947534215,0.004800025727973453,0.005168405664614585
2014-04-30,0.0023043155506634163,0.002076996417206101,0.0023917067626436257,0.0023816837971179384,0.001761699732412691,0.0017125025417588833,0.0024409845167521213,0.004322164798988528,0.0017144138626703322
2014-05-01,0.0014993831390632583,0.0007894952658202388,0.0016818496216747605,0.0010599235463577765,0.0006153512217049973,0.0006143460559019136,8.726130669917789e-05,0.0018122229980007546,0.0019344719406211555
2014-05-02,0.0012415771392085592,0.00038389825194364496,-0.0010963578329784673,-1.0169542547621931e-05,0.0004634279378894846,0.0005834349805462036,-0.0011739294744117297,-0.000453332713218178,-0.0011876943087749741
2014-05-05,0.001632670571851371,0.0007995429147435588,0.002647491577153107,0.00043501540270984786,0.0007338732281302721,0.0008666754872926381,0.0015672686399749844,0.0013802874137372077,0.003419872043230549
2014-05-06,-0.0032107503221697844,-0.0017829700218252376,-0.007574066616274371,-0.0019051249310366289,-0.001200891783846514,-0.0012444911571005306,-0.007127082363865411,-0.007298804283003187,-0.00844477696586462
2014-05-07,0.0017057809115125597,0.0010954137519380651,0.0029249937032450003,0.0013525257407462432,0.0007876383633455504,0.0007380737752544601,0.004815093692964948,0.0058478752249875,-0.001867257800182298
2014-05-08,0.0006597864862218916,0.0006047971174543143,-0.0003998757669584352,-0.0003651271742688422,0.0006177869368402256,0.0006369915599948595,-0.0011579400589082356,-0.0006683481805274116,-0.0006218365668514414
2014-05-09,-0.0013344003092245578,0.00018428694996110886,0.0019971593775307806,0.0003205169457100913,0.00034393567283929607,0.00034284802623120014,0.001428321245895928,0.0010074426896821598,0.0024418862584276316
2014-05-12,0.010488670452499868,0.002321538082084633,0.010034660533771517,0.0010738010151644046,0.0007958326701433106,0.0008837381903489804,0.009320686607243346,0.008507392709557995,0.010885801069870268
2014-05-13,-0.0004527661711032577,0.0007395885047267274,-0.000587494898815427,0.003139368021738914,0.0007204873832919929,0.0005973750024513152,0.0008579235714297022,0.0036792001379972873,0.000452160330892943
2014-05-14,0.0010787065554292354,0.0011548775081351708,-0.0035388389250306223,0.0018650625468509601,0.0015331158060485149,0.0016476562465000456,-0.004537833226227175,-0.001868116706967079,-0.0034619348517545387
2014-05-15,-0.0065064079501948755,-0.001365239391600727,-0.006124424583739487,-0.00019352475603867173,-0.00044174641183246756,-0.0005336678061223628,-0.008407326122353459,-0.0068384734294324075,-0.005210699139751725
2014-05-16,0.005107425738665673,0.0013836033254262354,0.005282730659097914,-0.0002051009223156126,0.000698502134469763,0.0007620255640894352,0.0033202919784808033,0.0021327581700977894,0.004327482333001217
2014-05-19,0.0008546221085743407,0.0005067563811180664,0.0031204205287489253,0.0005557899102772938,0.00021943603538383187,0.00017054308764369704,0.0035121790272441148,0.0029749589936580822,0.0046119753464735555
2014-05-20,-0.004687772886930012,-0.0008997136956524326,-0.004145053051203318,0.00015241263633540013,-9.677063405776783e-05,-0.00010937932088636748,-0.00603628712074665,-0.004680443653601966,-0.0024072715433266917
2014-05-21,0.005099311744993296,0.0012543946349193736,0.0053195067304931815,0.0014857127615727703,0.00011361028747183717,-1.7523842979928932e-05,0.008064104834951645,0.007817800483236614,0.006336711171557572
2014-05-22,0.00143953229928095,-5.177003947174522e-05,0.002171411981188909,-0.00020430761102357167,-0.0003579220828740264,-0.00035189684131418296,0.0023286342533454856,0.0018011040901240543,0.0029233763532313392
2014-05-23,0.0029614701489489017,0.0007010700032923168,0.005687649587791137,0.002324960591423058,0.0004368091061316921,0.0005167033117652981,0.0038391389161178163,0.005672461091191611,0.004858335801153918
2014-05-27,0.0019731744007850213,0.0009052456169861957,0.008067513791220003,0.0023984589501143826,0.00018943273690472817,-8.240685412307066e-06,0.005887424544877992,0.006704575026815351,0.008330708403167016
2014-05-28,-0.0020663649897098876,0.00019817986559718455,-0.002517290341363941,0.0035101802890618703,0.0004448514015135089,0.0003001826265945557,-0.0007003028726417693,0.0030468415185120144,-0.0020648180690056492
2014-05-29,0.0034484763745736553,0.0006824864205961919,0.004579542688539379,0.0006122104848715812,3.582445459549992e-05,2.2446092493047104e-05,0.004956243675093235,0.004565707645573124,0.0042876673291190655
2014-05-30,-0.0018170238021872204,-0.0001909333938363194,0.0014265438617004206,0.0001544553688942634,6.99731224720342e-05,7.677927056838546e-05,0.0015441300710647326,0.0011383734984266834,7.410216167745628e-05
2014-06-02,-0.0006197321461100577,-0.0016821279693217562,0.0005908121779870097,-0.0034174575476356456,-0.0019076740671160545,-0.0019252666957621054,0.0010938291855800025,-0.0020128434898851973,-0.000661849496340188
2014-06-03,-0.0007340434592456788,-0.0010597250280547825,-0.0004429250698913903,-0.0037121369830128005,-0.0010999362247962172,-0.0010629110744595981,-0.0004962076284573676,-0.004080362051539214,-0.0002943489883035076
2014-06-04,-0.0006838543766257791,0.00032662667521584347,0.0024597761539842996,0.000480247862862941,0.0003983073418800562,0.00039333208783808705,0.0019383071018344387,0.0015849405689032116,0.0025049347527910464
2014-06-05,0.01100825215373489,0.0033223588784217,0.008716593451676528,0.003072816515262607,0.0024065829718852494,0.002679595878858867,0.006250793246814498,0.00793829711681859,0.005658980152820765
2014-06-06,0.004748466693807508,0.0008215559731568423,0.0030890548462978035,0.0007056344825547757,-0.00011020313631002582,-0.00018201200531077548,0.004585496855134081,0.004529193544548225,0.0038727321608151687
2014-06-09,-0.0025000953530568415,-0.001874684378602609,-0.002083650051474706,-0.0022358260689600007,-0.002004445504150354,-0.0021244322218866296,0.0009819403349007327,-3.72267126809156e-05,-0.0005169560932234418
2014-06-10,0.00021914894075112713,-0.0004839163114075605,-0.0006651504678352255,-0.0014511506466926053,-0.000649086098327491,-0.0006564875087584663,0.00010020140747175648,-0.001188934652099543,0.001107455478692436
2014-06-11,-0.003402880183889702,-0.00015157700128390543,-0.0017994909257507726,0.0003533145554444958,0.00031497506285511337,0.0002892136603492043,-0.0033989704729185657,-0.0028298499583759725,-0.00013768333014635282
2014-06-12,-0.0016893133675452592,0.000356619930800653,-0.006246971047997541,0.0003060952543530114,0.0010589643220182347,0.0011549423411699273,-0.0069212817266701985,-0.00490485370891357,-0.005805567790414308
2014-06-13,0.0010254550469398626,-0.0007483878057965872,0.0025991396569908414,-0.0008794985158643583,-0.0009544182706076414,-0.0008839134518191598,0.002980248013919173,0.0018540094459516359,0.0018778001351581791
2014-06-16,-0.0021600203763006585,-0.0009187795015846021,-0.00029470634050487256,0.00013800446189540008,-0.0009311541149249039,-0.0010362420510100175,0.0008054151075375378,0.0008615647893004987,0.0005557221515845221
2014-06-17,0.00018957947810253193,-0.0016032993299370396,0.0016443019786462098,-0.0033614297329592384,-0.0018672896137251062,-0.001834214032218964,0.0027169612015480486,-6.027446114606639e-05,0.0003473326276068519
2014-06-18,0.009615998764893191,0.004106723670649964,0.005892730784264872,0.0079496494722601,0.003319663454874143,0.00338796365737409,0.0071749755983339875,0.011787719352213972,0.0036057744223174336
2014-06-19,0.007133726687367077,0.0015064397988409867,0.0016327637608013969,-0.002047774602543216,0.0015754053081909363,0.00209552807858115,0.0010960500019964346,-0.0006367852286287965,-0.00041435456630298766
2014-06-20,-0.0004368740952068112,4.431478445018779e-05,0.0017638255663310167,0.0017019365564668288,8.745877904097297e-05,8.216953539066402e-05,0.0019849157550416454,0.0030139885002469138,0.0007554753122510922
2014-06-23,-0.001241861005882441,-0.0003606442750462689,-0.0007607163418116079,-0.0006817181814506293,-0.00026781940705993684,-0.00027601946824026293,-0.00029927972114411025,-0.0008539927386484614,0.00013903547054148091
2014-06-24,-0.0033389886527108613,2.962113945670403e-05,-0.002387474598616588,0.001837134993990453,0.0007540534908485955,0.0007785984856626816,-0.005890486915255856,-0.0036385285796243327,-0.0006229711945359927
2014-06-25,0.0017941096898114884,0.0007690016856417499,0.0035507115831096615,0.003020675490363861,0.0004540145734684923,0.00041953275065557776,0.004418937017184751,0.005565328892291598,0.004088178991209135
2014-06-26,0.00024729465666530645,0.0006400678309816944,-0.00022986047083345902,0.0022300386230254803,0.0006255762396095128,0.0005790067919477671,-0.000699820779431878,0.001076461782864751,0.0003457019542651912
2014-06-27,0.00302489750805983,0.001149683341202931,0.003631432930709785,0.0012745218108651745,0.0009042325082290569,0.0009712492321504142,0.0019010597544604408,0.002067924518942671,0.0028282956721897047
2014-06-30,0.001648300345010107,0.0006904534053292647,7.296006313533622e-06,0.0007867242256199663,0.0007296140336980289,0.0008338197400933456,-0.0004992628303732997,-2.7790374713808034e-05,0.001100929603356817
2014-07-01,0.007411239895337878,0.0009347687174603789,0.007303693556035244,0.00026302246534084395,-0.0002541325508221494,-0.00024346280803350695,0.006544697271186854,0.004839123910567016,0.00707657839507211
2014-07-02,0.0010747120614188923,-0.0006831231255143222,0.0005521376791474923,-0.0032376896594516406,-0.0010945219208594503,-0.0011165452043493894,0.0009922448364208998,-0.0018468571610253473,0.0010915976635990175
2014-07-03,0.002818884902662032,0.0002972171483637647,0.003044306101479704,0.00042041137834455435,-0.0004885033889216062,-0.0006199672845783003,0.00481003624139174,0.003843936603851831,0.004089032043790389
2014-07-07,-0.004274370924546069,-0.0011549676553448782,-0.001838894857729111,0.0004293474101192146,-0.0004929816287363915,-0.00045527776964278285,-0.003405536526227848,-0.002083719913921684,-0.0019674673739463948
2014-07-08,-0.007536233172110845,-0.0011604595030305378,-0.0061717258810485565,0.0005069652651032365,0.00021194917826365613,0.0002725153039264878,-0.006287952915192819,-0.0037444315974474057,-0.007819845684457783
2014-07-09,0.006511225584143743,0.0014834969080379512,0.006106684312596311,0.0022250817465172545,0.0009513875667328531,0.001018583961480024,0.005643032413370719,0.0052939061659906805,0.0068458596482481315
2014-07-10,-0.005227161071213754,3.830067222552772e-05,-0.002498591501681403,0.0006045721663688124,0.0009343734483908009,0.0010576126422332317,-0.005322317769340861,-0.0030865234511359045,-0.0030497070439527503
2014-07-11,0.002208526031894996,0.0009686639507943318,0.0040220862627886895,0.004210762569246331,0.0008264671655058988,0.0008376475635508928,0.0018337662259540423,0.0029222604471471347,0.0062200016365209125
2014-07-14,0.0017063310292866544,-0.00015864713095450786,0.006870077176203293,0.0002444255479431001,-0.0009515636075268829,-0.0011851783945306435,0.0067472034892157974,0.004206730293825762,0.005776613448126286
2014-07-15,-0.005141727145763105,-0.0017798111799752847,-0.0025589228868573973,-0.0027529002724176483,-0.0015824956198652706,-0.0016649945352887991,-0.002523792305525415,-0.0029723519321865825,-0.0033252470037956074
2014-07-16,0.008065705050147948,0.001412250371715401,0.00471528918939199,0.004320940200636598,0.0007747463904368056,0.0008325210403331535,0.0049517992627148705,0.005551373650493098,0.003842098386434885
2014-07-17,-0.012577845186189733,-0.0005353511631803257,-0.013864098487295876,0.0003968658775704397,0.001407589644697797,0.001564605506887659,-0.015241059136579985,-0.009035605417270805,-0.01279001161344395
2014-07-18,0.01257116513396705,0.0009267163546052218,0.01585410286669494,0.0047202312466474395,-0.0005680345580126844,-0.0005625720890404739,0.013730480012029795,0.010528897289891995,0.015301585584502883
2014-07-21,-0.003049508047894125,-0.00038048673750715054,-0.0025332937028574825,-0.0006642612432850809,-9.955794061600884e-05,-0.00011747288264847538,-0.0025216782124008854,-0.002042597483103863,-0.0012051981056330147
2014-07-22,0.0068566154272359445,0.0013624118512034697,0.006257721271007414,0.004818201439306069,0.0006203331387543598,0.0005798854760759787,0.005830873464062955,0.006156042409793056,0.006136167997243529
2014-07-23,0.0032511393111030445,0.0011535874594467076,0.004868267475318021,0.0021485413601443075,0.0008429543102299659,0.0008372931311217079,0.0029590750916075876,0.0025271296335609085,0.006199107736740555
2014-07-24,-0.0013152426305841373,-0.0013452817287900056,-0.0008987402949681831,-0.005768992233951157,-0.0016237494606493204,-0.001744794924812521,5.329249900892805e-05,-0.003173297759643873,-0.0010932407765342107
2014-07-25,-0.003784816052748965,-0.00014312940269718005,-0.006140710027881402,0.002478643154110752,0.0004921762319136544,0.0005506463292252599,-0.006278396416921257,-0.002580401799123925,-0.0037797475573960806
2014-07-28,0.0019720488359071388,-0.00048531787193815013,0.0021228561880309808,-0.0013857611241175519,-0.0006544273821298268,-0.0005877564006285282,0.0005284499259863928,-0.00047574797026546405,0.0002995816632685792
2014-07-29,-0.004966727588548283,-0.0005317534308721364,-0.00431381014359439,-0.0002903497313165459,-0.00012117720483691713,-0.00020603721124625476,-0.005772955735369778,-0.004095137902672237,-0.0016970665817151735
2014-07-30,-0.004218893114760986,-0.0021254212592642903,0.0015559054978524624,-0.00868598256754145,-0.0021529375478253785,-0.0021881973778594137,0.00019044485343796915,-0.005466189863558311,0.0037998289572258467
2014-07-31,-0.027658926054292786,-0.004676939364387798,-0.024166814714970543,-0.01287883516954358,-0.002318769156284311,-0.0025612904552399563,-0.026519347817327982,-0.023958718128067092,-0.01952445477425331
2014-08-01,-0.0013518635349277172,0.0022108842084776425,-0.004082921306753795,0.006076048309414458,0.002856674397000674,0.0029005711488156076,-0.004143693589246889,0.0010821949210390637,-0.003555967426164402
2014-08-04,0.009246417811849473,0.0017495748860150305,0.008993740038516038,0.005118229422232214,0.0008776737223257221,0.0008955336492483183,0.009754864873119216,0.009095441039634522,0.006627589854773462
2014-08-05,-0.015742295200163934,-0.002824171260796442,-0.011500511964587404,-0.004884397154853255,-0.0015005761817422584,-0.0015909471911482518,-0.013100365308225132,-0.011258792198168454,-0.007394115275676421
2014-08-06,0.0012655494330847483,0.0007158609912786748,-0.000341031868246515,0.0011178179437225041,0.0009895578473860685,0.0011479449687916267,0.00040926792673566195,0.001047870286970153,-0.0007145882319633509
2014-08-07,-0.00562094342063868,6.9803400129409e-05,-0.00407221639603228,0.002869101778953498,0.0009965118041250776,0.0010541286255416615,-0.006628656604591332,-0.002939817229640318,-0.003203854658807459
2014-08-08,0.009302953231537962,0.0008927561069854222,0.01038404234534989,0.005376448192935439,-0.00014344014251951563,-9.669593730977027e-05,0.013809985333288938,0.013111179464654687,0.007209218449894374
2014-08-11,0.006189998943855613,0.0012149370265596617,0.005689828449941807,0.0019407142896761703,0.0005779718977035344,0.0006076203031046511,0.0034459220348107573,0.0030412297458114468,0.005894115725128894
2014-08-12,-0.0009993883835552732,-0.0003608321639543105,-0.001252199946017503,-0.0026450967188420098,-0.00033819512749109305,-0.00034960144458700035,-0.0016670554680665716,-0.0028461300586508594,-0.00041863987202545245
2014-08-13,0.009646076669839694,0.0030870401835255347,0.011731143379154235,0.009699374387732421,0.002501443397777268,0.002642555714647652,0.008056737180876357,0.01065412333656859,0.010572427611752226
2014-08-14,0.004836653063360598,0.001555822908033751,0.004546040945350815,0.005854647819079531,0.0010554169310401005,0.0010349403318258429,0.005610764238948589,0.007174786999265203,0.005179702612946659
2014-08-15,-0.0004186218410596991,0.0003076449484982333,0.001958847440528161,0.0063170151280997865,0.0002366128951801197,0.0001457826628939373,-0.0002505898626186251,0.0028653930776854765,0.004843290894372809
2014-08-18,0.009074697203513456,0.0016165149467602215,0.009980361678406035,0.0011777623556115857,0.000561650748470943,0.0005984491681310974,0.00995459237198782,0.007428666557018682,0.007691702516020664
2014-08-19,0.00290968876137492,0.0005452617642639917,0.005626615710695706,0.002131877800651793,0.00011768673570079652,0.00010591102533639539,0.006187219738791395,0.005337631267896296,0.005597005548704306
2014-08-20,-0.0018283151871093183,-0.0020442410381644465,0.0023288599112501677,-0.002773276557082721,-0.0020693432963566744,-0.00203556614684574,0.003161314522733404,0.0008437778759436871,1.758785698847991e-09
2014-08-21,-3.639095114155596e-06,0.00010402957785033066,0.001967177774769317,0.00444433510100654,-0.00014199451318591588,-0.00028383267472472875,0.003448254442609143,0.005048465451100315,0.002024316512178513
2014-08-22,-0.0035168854260854607,-0.001055704182283358,-0.0019153447624021423,-0.00021270000552164246,-0.0008651176081473848,-0.0009166169626521254,-0.0018482522678944177,-0.001807872589196229,0.001515170858293458
2014-08-25,0.006454184960229505,0.0007817783761109653,0.0035585911606099622,0.003964534402155506,-0.0001429449570850494,-0.00022654167433297902,0.006001209293602509,0.0065651055632073045,0.0035295425775138827
2014-08-26,0.00315257916643074,0.001074312555068076,0.001238757844637673,0.00023047426045129984,0.0009693494437999148,0.0010329824180849744,0.0007612235393087953,0.0005844484374455856,0.001005122897986065
2014-08-27,0.0036481207475665936,0.0012899341039505046,5.1849935902583884e-05,0.0034375305335597947,0.001015182575163929,0.0010023687028567734,-0.0004802750100687056,0.001604532597872017,0.0002007066433090943
2014-08-28,-0.0036233537745555574,-0.0001765801489567639,-0.0008260229573678362,0.0011944723185254242,0.0003996792131759992,0.00046594326403578344,-0.0006575134487271536,0.00033232107778960945,-0.0011040739236955171
2014-08-29,0.002215445865813824,0.0012599367303188815,0.004369543204713323,0.0021810039696422293,0.0011191499629589576,0.0011516893290939001,0.0033647868662596892,0.0033990622267432917,0.003717744877416069
2014-09-02,-0.005113445019284279,-0.0030472329248525517,0.0011751614823462119,-0.007815563798774454,-0.003214618960435038,-0.003377938257483548,-0.0005972771690035577,-0.005491750122628619,0.0029034050885414584
2014-09-03,0.006311798957801923,0.0015877132411369352,-0.002479331020189267,0.00016828544108392026,0.0012037500961183027,0.0012566097365090529,-0.0006562428100806492,0.0004081862057785996,-0.0058897770233915904
2014-09-04,-0.005327820649816152,-0.0017043550529232065,-0.0020046621408593927,-0.005477826815198539,-0.0014329496212298189,-0.0015149406377369138,-0.0017200489506055622,-0.004457901023925618,-0.0009034364093887475
2014-09-05,0.00752276087183296,0.0021452457380747897,0.0070184831270673365,0.0034775627299976518,0.0017119572888162602,0.001858017573025607,0.005315120662868019,0.00552673934508156,0.005025104831944703
2014-09-08,-0.011562326076071106,-0.003568416125677487,-0.0006363327884456593,-0.0022777481285007894,-0.0026003545436720232,-0.0026729436428281073,-0.0031202886788651574,-0.004043641274776744,0.0019474312421021711
2014-09-09,-0.007278686032274374,-0.0028525666749414187,-0.008687754689945435,-0.008399153101760412,-0.00220252299985588,-0.002225909307157775,-0.007596597605691223,-0.009504623194954752,-0.008743103178562112
2014-09-10,-0.0008213731341100763,-0.00016224101449246832,0.002023167788894262,0.0011471199021277022,-0.0008374058416168763,-0.001046549376096065,0.004507860816597568,0.0024651165366012585,0.008709805675343095
2014-09-11,-0.004858855332737742,-0.0009755881175295448,0.0003498898324915902,-0.0012240589993833385,-0.0005983613983804008,-0.0006416368674430347,0.0013704664331042808,0.00033446617638134785,-0.0008450778291231819
2014-09-12,-0.013038390138462337,-0.003822837535293624,-0.0128060761144315,-0.009066582574986853,-0.0034443832823991467,-0.0038018783695542365,-0.007011755519947681,-0.010134304371491468,-0.005378494154104347
2014-09-15,-0.002961134255332808,0.00013425976395431898,-0.006339088317626149,-0.0009540336374038366,0.0005871642028723002,0.0005594177261362094,-0.0009121767749561141,0.0005396145047242933,-0.010176769090920591
2014-09-16,0.009073732374348534,0.0029496302632821573,0.010395563187029147,0.0059287762293673005,0.0021464252371444343,0.0022270357970066708,0.009042473384956146,0.008857707578598268,0.009206369845047536
2014-09-17,-0.005232034795396611,-0.0029335140227724626,0.0013425885567371176,-0.002003801002315173,-0.0028837486761317047,-0.002959866976498999,0.0016063167923199555,-0.00043693243802924635,0.0015893796169398513
2014-09-18,0.004843757559540343,0.0012027781958133023,0.00429444783507423,0.00401988507337419,0.000343355338165199,0.00026141717697145524,0.006379862559510167,0.005875041121629817,0.007942508997898735
2014-09-19,-0.00307485698951619,-0.00043959775883974534,-0.0004787733447702859,0.003933354815745543,-0.00012140269063905591,-0.00015847207685228283,-0.001086534816280753,0.001890714754020128,-0.0006553567251761488
2014-09-22,-0.009672571059321714,-0.0010057939967904274,-0.01030780023950645,-0.004053782013023901,0.0001521273749488396,6.897100369354674e-05,-0.009255472497172547,-0.007669866375706212,-0.00980556707736105
2014-09-23,-0.008950230723103313,-0.0014497433898547022,-0.005916323877436525,-0.0011160752848299587,-0.0002552535896241405,-0.000250660299408135,-0.006873596026887253,-0.005242092198041124,-0.002876702215885678
2014-09-24,0.006879327601708048,0.0007225714182465593,0.008616406416771626,0.003541505748961719,-0.0005292955896509963,-0.0006090977992283342,0.009391071743838561,0.007139992199746389,0.011315167299635548
2014-09-25,-0.017778413222644878,-0.002543213840841504,-0.01958728919108388,-0.008370116558345035,-2.178772830047404e-05,-7.186127621843088e-06,-0.019351623838041197,-0.015649176517118446,-0.022172464691177864
2014-09-26,0.007597086806154268,0.0008472805343384313,0.012434424865377344,0.004358847773074115,-8.717277349509256e-06,8.358237198704463e-05,0.009548515460103902,0.007816809342847083,0.01122632739180382
2014-09-29,-0.007210233717095353,-0.0007462810657020265,-0.0018950912515597283,0.0025769479946097336,0.00013120456625725221,0.00012474972148143903,-0.002192870190908157,0.0003500779714059822,-0.001390252306424451
2014-09-30,-0.0045442392260285625,-0.0015357135958562942,-0.0017846714007470684,-0.002019414487118082,-0.0013388676655196202,-0.0014371358206553945,-0.003170296172502868,-0.003920094744332936,0.0014943100850464968
2014-10-01,-0.011619578940231233,-0.00024629962246589356,-0.01454433448692226,-0.0011031855061046116,0.0018504571292950712,0.0019115208518864896,-0.016296604523977836,-0.00954461290973376,-0.016869237236840747
2014-10-02,-0.005210170480158976,-0.0015384831928935403,-0.0003306786103887719,-0.0036466427405931878,-0.001122270545211629,-0.0011260861725114338,0.00017762065674947007,-0.002324272604343869,-2.2168127952301406e-06
2014-10-03,0.0024082738570192484,-0.0007550411046867893,0.011894082323109475,0.007868037224377568,-0.001643150837636898,-0.0017455542271003735,0.013261190585665628,0.01298667930762239,0.010422220750954893
2014-10-06,0.008969643646854191,0.0033428851208386684,-0.0010349272066999468,0.0007792071854397155,0.0029201397294998997,0.003025502169897569,-0.0014155453567175832,-0.00010960092087307356,-0.002259528218003364
2014-10-07,-0.013236267781382427,-0.0024742818347147644,-0.013780778477711642,-0.005262718220691021,-0.0001771747891989861,-0.00022047276707015673,-0.015820866036979964,-0.012818894682608994,-0.012519825933237305
2014-10-08,0.0213113980402138,0.008093923489286432,0.01932568632689137,0.010490961586960654,0.005849669090039476,0.006091580872521908,0.017715163845983817,0.02161982363843331,0.016894326608588372
2014-10-09,-0.0188490394235298,-0.005615531903635692,-0.014507431683495584,-0.009265322248109047,-0.002559822070891038,-0.0025016545462685637,-0.020085950985218502,-0.022776839307715912,-0.014050880883940296
2014-10-10,-0.013348405541481196,-0.002792661383680644,-0.014447482373965233,-0.0031924990789558884,-0.00038333548447122437,-0.0003588691483837898,-0.011563395864759792,-0.009536905054677261,-0.021690256672223115
2014-10-13,-0.001111279536016932,0.0002403395991826653,-0.012649269005117304,-0.003928102222447024,0.0011861474900849737,0.001264590014390751,-0.016643322723985794,-0.013923348836598426,-0.013559484043047552
2014-10-14,0.0050596044515484155,0.0024457498863546517,0.004103890494383633,0.0021824055260269795,0.002357367673015372,0.0025081493795460464,0.001567469445629103,0.003165196831170139,9.303813492751698e-05
2014-10-15,-0.007177345510506925,0.00041549321192601695,-0.006092317007972672,0.00144066909745269,0.0019188640294074762,0.001898671852978841,-0.006856886273172858,-0.0030046795054390475,-0.005572056010181029
2014-10-16,-0.005746705936889676,-0.0025932142937555485,-0.0024810049109001983,-0.002711406380861174,-0.0018468130564791778,-0.0017879971217651077,-0.0008702642912311739,-0.0030627956204352658,-0.005416339817884963
2014-10-17,0.012506389284831729,0.0022422281600156632,0.010178569558005172,0.0027991340737370547,7.134591644919555e-05,5.115358476272132e-05,0.011968895171072882,0.010451722054458932,0.011361707356174996
2014-10-20,0.00898002865696318,0.0037535886904028356,0.013076775302303037,0.005658904990769247,0.003031976026274976,0.003223257841880241,0.009838670156793208,0.01153769914756071,0.01290525223586264
2014-10-21,0.014973917656545087,0.0039053025712359746,0.020272209837987946,0.006997715392181529,0.001545532062251779,0.0016298624384505145,0.020071175005072606,0.019265841117424617,0.02273142625374293
2014-10-22,-0.008096384292951278,-0.002662159866590066,-0.004836768000474498,-0.0033600471261647615,-0.0015903546248690658,-0.001618618096556345,-0.007203410467315231,-0.007915505226914994,-0.004480638338866301
2014-10-23,0.007559071354174422,0.0011681512394720443,0.012269053654283877,0.002483084667871183,-0.0003045662423006309,-0.0002926212595602163,0.01177572934900118,0.00942208917609861,0.013053450054890961
2014-10-24,0.005155509228035481,0.00194182255093914,0.006160365903351058,0.00396671622231891,0.0010493651086225515,0.0010101037466302705,0.007793293688597991,0.008922946992441706,0.007109338071723044
2014-10-27,-0.00235086030081919,-0.0004397352056638885,0.0013019598554974295,4.794810024535506e-06,7.100688829678432e-05,0.00013080977432415505,-0.0013921143977759212,-0.0007569969952391302,0.0006178276967747961
2014-10-28,0.01276439530191781,0.0029868063205900713,0.011527365406329553,0.0036118773249431144,0.0009745963694041424,0.0010027737121145524,0.011615817636756951,0.01055859555733597,0.013139528738252266
2014-10-29,-0.008071748520937217,-0.004473066608274285,-0.0032770167794682874,-0.003841172521998398,-0.004160155422849402,-0.004311462172601848,-0.0015317253662603736,-0.004064997363630349,-0.003220783913434376
2014-10-30,0.004050618322608755,0.0017620465084027112,0.004726376341718299,0.00340441677620106,0.0010888788594109618,0.001044730312077997,0.006491430194825885,0.007673996551412107,0.0018340411381924612
2014-10-31,0.00738657775598914,0.001788225067621011,0.012731681581329648,0.004021683216235965,0.000165832766249009,9.030923431931145e-05,0.011578331885664726,0.011187986281553689,0.012028198098642777
2014-11-03,-0.004266042174221328,-0.0012416091426923617,0.0032470392361395634,1.551164714451533e-05,-0.0005340393227849845,-0.0004670818855407467,0.0005518091021330216,0.0002955068141198786,0.002584115564755908
2014-11-04,-0.0013189149155208198,-0.0006140812277463983,-0.002369993718500191,-0.0017294193358070359,-0.00033475131488013596,-0.0003057619491560503,-0.003512761653557651,-0.003857680980719842,-0.00292044074399748
2014-11-05,-0.0018622918994281035,-0.0008188553372437957,0.0015075133078514824,0.0016175285665385175,-0.001336738574942542,-0.0015596832797258875,0.004754003281637331,0.005130966124633929,-0.00015393391186069305
2014-11-06,-0.002891681743602487,-0.001607125594244936,0.001076933295929036,-0.00020156859069156132,-0.0015005453754982016,-0.0015658636826384644,0.0031596368852378626,0.0016661535791162657,0.002066376982904585
2014-11-07,0.005537599160680733,0.0036127952966294595,-0.0001817297564539808,0.0039775540815817625,0.003653232589026747,0.0038672015280556814,0.0007391297145863249,0.004375449610894373,-0.0005792308822053021
2014-11-10,-0.000147760863238122,-0.0014033572280992362,0.0034567328605648578,-0.0014509713849793647,-0.002100221589544384,-0.0022019715147011017,0.0024872320626867085,0.00035956241411014197,0.0023209896191760037
2014-11-11,0.0036842204350696598,0.001085317002278075,0.0007045526466756569,0.00045760103423252277,0.0006338170899680529,0.0007166487081123956,0.0007754277567406577,0.0008714715252513341,0.002058665013490593
2014-11-12,-0.005173378116620844,-0.0013659108661880422,-0.0009799555816923742,-7.785879720391424e-06,-0.0007354322852913463,-0.0008598859745615532,-0.0008518817008587368,-0.0011473609954256129,0.0011556991097663276
2014-11-13,0.0021129886850028657,0.00129662249041549,0.0026078845314584324,0.001719675167570248,0.001170860721626705,0.0012349640262288135,0.0008917749438454026,0.001852151954436278,0.0028212987083028173
2014-11-14,0.0043863401774792855,0.0022687420434732205,-0.00021187916705108753,0.0018225786770901002,0.002090038922182077,0.002213930686436078,0.00019380561667338428,0.0013650743785072255,0.002046077437053475
2014-11-17,-0.0009584396255062786,-0.0006011518654273429,-6.952783532255528e-05,-0.0007696124289384082,-0.0004602253627242784,-0.00044084486929773527,0.0005034701881837914,-0.00011450307002015104,-0.001977487898560528
2014-11-18,0.007727526544718457,0.0026784378022711715,0.0049612644542632025,0.002850591237013684,0.0015661186850347885,0.0016811672267348832,0.004567164625973801,0.005535303230736797,0.004923194494106278
2014-11-19,-0.004239661609899149,-0.0021251008672390267,-0.0033952409078828434,-0.0023259038478307143,-0.0020187715725053512,-0.0022172638979999883,-0.001271170241440269,-0.0028652664170488932,-0.002990272965639893
2014-11-20,0.0016464701325185317,0.0012222060337314764,0.0025276210324735164,0.002021505785909558,0.0013551274459719892,0.0014798188472827957,0.0013889737316202025,0.0024873553450662613,0.0029355368539444376
2014-11-21,0.00952502925534791,0.003809028109272641,0.0033306841493141023,0.003028872502800594,0.002423009312597996,0.002509366482101732,0.004237267630971209,0.005652877886934881,0.001272445308724995
2014-11-24,0.0032467080683697947,0.0014732335465970088,0.003988386520542779,0.0022072496810380928,0.0008932497674249885,0.0008980889837789359,0.0022252131633648583,0.003004823690859605,0.0051472565421758374
2014-11-25,0.0006514349627085069,0.0005952535941429212,0.0005379037869093707,0.0011457760942749598,0.0007250855493823633,0.0007604821445542229,-0.0005739995041486698,0.0007333871690260102,0.001011712386003456
2014-11-26,0.005780511296481366,0.0024977836416204303,0.004453856647883771,0.0022779233826625256,0.0016356705819988826,0.0017073417869092606,0.0020299311291165356,0.0031036051501370007,0.004294599893145864
2014-11-28,-0.007557880395155943,-0.001791497579855818,0.0012201783739975477,0.0018986476229403164,-0.0008307565592825235,-0.0010509731965844342,-0.001681607429327154,0.0003290769783816742,0.0030813821327598536
2014-12-01,-0.00034101615087295934,-0.0005713074609652185,-0.006330288391882504,-0.004415877857226241,0.0006104789738923688,0.0009596135514846836,-0.005512731403177472,-0.007267917303605781,-0.007522203655040536
2014-12-02,0.000505226573861544,-0.0008801605659646763,0.004369587767239876,-0.0003735961612528834,-0.001563901902696408,-0.0015999906735950206,0.005120138145045583,0.002981580752066671,0.002653305626825149
2014-12-03,0.002152055401304027,0.00017912705880811035,0.0016764450392111724,0.0010041469140447202,-7.491137489084924e-05,1.4951486377852591e-05,0.0030644695908908105,0.0034803621265387125,0.0011971684433251858
2014-12-04,-0.0012722666469003887,0.0007087968238831255,-0.00010045489826817387,0.0018546087918744176,0.001164594563275377,0.0011443392708548143,-0.0008781348487360461,0.0009827652659247443,-0.0003143072385842512
2014-12-05,-0.0018613879322206817,-0.004030958402734153,-0.0002632546042597994,-0.004929450522233925,-0.004725095870954044,-0.0048764323255300335,0.0012967391724427735,-0.0018449477176790685,5.579355418938725e-05
2014-12-08,-0.0033725861236281007,-0.0012272873665215992,-0.003448842437341711,-0.0015974685507205697,0.0002599769040653083,0.00046276560950851356,-0.0052980688331965625,-0.00388792268941843,-0.004672084243314124
2014-12-09,0.00017931671869312644,0.0009436105717217448,0.0015395051301766308,0.002737885405735568,0.001911380912434504,0.0021737184925547173,-0.0005358409390960625,0.001529180020337157,0.0020661702561540693
2014-12-10,-0.00901372150952133,-0.002156463566982323,-0.01040019240869498,-0.004565240427123809,0.0001769666326395822,0.00011874055320149101,-0.012690710337514646,-0.011183606550033386,-0.010306198878409865
2014-12-11,-0.0015973624181863104,-0.0012841630917536867,0.003450599458979187,0.0009708152677497135,-0.0011976868907922376,-0.0011826701308989124,0.004000060222904571,0.0033268654977040906,0.0030929520158352085
2014-12-12,-0.012578990438794435,-0.0030153009478816645,-0.010116227475932384,-0.0014843775474138168,-4.118858838871213e-05,-0.00021790599025411336,-0.012764029777189441,-0.009086533032269929,-0.007109579330802165
2014-12-15,-0.014267234790846316,-0.006846572320798874,-0.007644019756211684,-0.006801933403903714,-0.005345592287672592,-0.005763322217464719,-0.0054064583448978475,-0.008028317947855001,-0.006716476506448266
2014-12-16,0.0015061320428664425,0.001563164687435899,-0.00792434935051034,-0.0015052328968639306,0.00181937539035394,0.0018283230462185216,-0.006302438599948828,-0.0038299208774346186,-0.01039862166425845
2014-12-17,0.012426307149056508,0.003146308334647132,0.015824258502760473,0.0041675354387811685,0.000459294522675189,0.000734772128635295,0.015381321572617184,0.012459172242236338,0.011733526074930578
2014-12-18,0.015044947130033732,0.0047951282685470544,0.01674703607380724,0.008093913814217623,0.001441387490105366,0.0016355322888413667,0.019481990598894865,0.01778156329368653,0.0156122064974675
2014-12-19,0.0021762099335524685,0.00035816527586745315,0.002705544099446986,0.003702473136188961,-0.0003136093340766901,-0.00034786024666765784,0.0033699998992467745,0.005767590706539217,0.002878445793926278
2014-12-22,0.003847283816447552,0.0020039094409618208,0.00502619108627679,0.0021688697144853254,0.0011622700134672171,0.0011847381900870599,0.0036461003010279575,0.0039328504524979895,0.0016333689552336754
2014-12-23,-0.003981133332922572,-0.003939684234398525,-0.001160495018172836,-0.006030439554379351,-0.003639452080028573,-0.0036190498193569664,0.001071136298098151,-0.0036063417267107162,-0.0023190868763057746
2014-12-24,0.0020734839545236165,0.0014867418105480657,-0.00037787089237187717,0.0010155615483704362,0.0010248201224565812,0.0009567743744145817,7.633560929288028e-05,0.0004779332978963558,0.0005655684645391047
2014-12-26,0.005393414348210401,0.0017107841629145856,0.0039017052819016146,0.002648854924167962,0.0012013187105117448,0.0014387458545794334,0.0025591951701779457,0.0035262244838642465,0.004647598686749865
2014-12-29,-0.0028331251046846634,0.0007434003143155649,0.0012780069704470386,0.003307910159085168,0.0014637784595547833,0.0014082890042311069,0.0010668952046369291,0.0030867556453997285,-0.0001245849728616198
2014-12-30,-0.0019975658698757172,-0.0003365518407084761,-0.003996352424098398,-0.0019498115497366996,0.0006602686745724911,0.0007780006937509207,-0.004262090344480718,-0.00399500705953877,-0.004376111259417914
2014-12-31,-0.008848771226691168,-0.004149184507092217,-0.00929001045786729,-0.004725550501183482,-0.0031808704390457352,-0.0035510480124531577,-0.007872668371966802,-0.007907464546854918,-0.006718384821948813
2015-01-02,0.00017352317456564568,0.002174754331687398,0.0013477543120502741,0.0033680827082006675,0.0031929586571458656,0.0034104270480938494,-0.0004236561996721205,0.0024664294065587515,-0.001959337323464376
2015-01-05,-0.011141884391550519,-0.0038288706202517326,-0.009581468723227515,-0.0048509352753693825,-0.0004029724927538767,-0.00018234090567741874,-0.014297673032392204,-0.011945960445757364,-0.009564521407392149
2015-01-06,-0.0023695214614834616,0.000244586590696596,-0.005576515468193502,-0.000715526934889838,0.001964188655332999,0.002196194757965768,-0.0074283825997166425,-0.004070205712108333,-0.008697125827290904
2015-01-07,0.009797140863525344,0.00487441455856219,0.010519554784632623,0.007500868265808869,0.002984017836065389,0.0031349299925285123,0.009303072531025247,0.010690818673738223,0.008332131932541786
2015-01-08,0.01084277724808794,0.00421220687654697,0.012402015842814048,0.008539956216042827,0.0013278961658741719,0.0013589604241109024,0.013342455802814129,0.013126168046275971,0.012427664470277155
2015-01-09,-0.0019839084976605815,0.0006096814103451783,-0.004620739015545055,-0.0004340977367694687,0.0019033918405185915,0.002001337919118404,-0.006051071739773172,-0.004256984900709528,-0.004302293683366632
2015-01-12,-0.0007029490874940372,0.0006285360384411098,-0.004640364612018589,-0.0025976846735674087,0.0018446976796895895,0.002056568210036136,-0.005903928987129407,-0.004854987574306866,-0.006798877946071926
2015-01-13,0.0013591054985835102,0.0012767030938184358,-0.0012373214159716172,-0.00022927986610805795,0.0010128190572456907,0.0009359758732675858,-0.0021152719923127673,-0.0019366002184682252,-0.00019156267378809828
2015-01-14,-0.0016150322501579427,0.0004765704900977406,-0.0022915205180463116,0.00040298146118387035,0.0015219153580341622,0.0016038794544714413,-0.004537633276432306,-0.0026136549100384088,-0.003583058123353051
2015-01-15,0.002762875162874546,0.0037186996324278187,-0.006667275040415473,0.0012209154360547348,0.004819631773513188,0.005075483069120047,-0.006875243630278005,-0.0030049425935122615,-0.00841289923033663
2015-01-16,0.010897452253195276,0.0025660808241169614,0.009303036733517334,0.0012025685659708587,0.00027140625441133,0.000599469189474791,0.009820829921779892,0.006953640169817079,0.007578299823190073
2015-01-20,0.004433495510047797,0.0012897560158684142,0.0018956471357062794,0.0046201712609008965,0.0004449778144258193,0.0004924029786910213,0.0016022618470070196,0.0031579441509861678,0.005143034037728939
2015-01-21,0.006258437883534068,0.002010340246042132,0.0031275893658833293,-0.0009009035437741206,0.00036099839908484516,0.0003701545242120035,0.0037947876892400235,0.001602113442920781,0.0033258746917337097
2015-01-22,0.011700141080683603,0.004533931866286184,0.013554335182241783,0.008417942842243032,0.002424757029655217,0.0028052401490871025,0.011192223294212034,0.011480310644283665,0.012047229435905523
2015-01-23,-0.00381419463665686,-0.00031147355784104066,-0.0015015812237561639,0.004107792113870516,0.0005383093949446965,0.00036978482380230286,-0.004141392311078056,-0.0010901236828057181,0.0014491236139867801
2015-01-26,0.004350857337960825,0.0007773893713978497,0.0017461556238916411,-0.0015974472265500874,-0.00042985244686992544,-0.00039556642235828905,0.001767052236058994,0.0007082064309303105,-0.0007545226514818749
2015-01-27,-0.004363210268713703,-0.0013658878687706196,-0.012485006171925786,-0.010558580072080917,0.0004600623818904045,0.0005752585639301542,-0.009955505437102235,-0.010704949415130557,-0.016992881803238456
2015-01-28,-0.009457022375153558,-0.0023174315930985854,-0.006809979850841745,0.00044922507550431676,-0.0001682784075862207,-0.0004050840383625924,-0.009647376003477674,-0.006704712667881041,-0.003329379075904623
2015-01-29,0.00402146375484369,0.0009346415191791918,0.0065625885372129385,0.0028036916973054517,-0.0008656712634467136,-0.001040096926313288,0.006931628580520329,0.005876347910140243,0.006231841146660438
2015-01-30,-0.009719644878107178,-0.0019418812512827465,-0.009871094513971354,0.0010989052769468403,0.0009344137645777641,0.0008150425656812036,-0.009450967858587447,-0.005819454538488622,-0.005043180383283592
2015-02-02,0.006258280039466796,0.002095037592569061,0.006258589089653637,0.005910160218251715,8.076735469216515e-05,-3.9710450222674976e-05,0.009278654309524795,0.009885993809641011,0.00564689946769231
2015-02-03,0.011034020655236914,0.0027742123395013427,0.009088057392700275,0.0004411590221960747,-0.0004271881881963661,-0.00037635655964197594,0.010868300183884528,0.007531258721584005,0.0062533639765773065
2015-02-04,-0.005119734700412361,-0.0017817484968879538,-0.0021686541657738936,-0.000353069445198717,-0.0005666120077407607,-0.0005889218730139047,-0.002871881268280712,-0.0023770862802335495,-0.0005705431161232709
2015-02-05,0.008976167848576463,0.003076413766051728,0.007942701515879624,0.0029321925913182536,0.001205589685201084,0.0014278263060760355,0.0076065570346239035,0.0066245988042904986,0.005646726956604291
2015-02-06,-0.01640514127164283,-0.011509468162133718,-0.007279268307645692,-0.010483841101466718,-0.010561983473988179,-0.011262674672052886,-0.001995726504691153,-0.00899091749088754,-0.004025541727170512
2015-02-09,-0.003005309960832199,-0.0016615906924576846,-0.0034582506542678955,-0.0019475483428114224,-0.0010626091825380966,-0.001119088742576117,-0.003143541996572126,-0.004232320833111741,-0.0021134545596910035
2015-02-10,0.004574156656593442,0.001620761959970603,0.008637831614395306,0.002912932302337967,0.00014693427066649192,0.00014581904774330345,0.007472699934867225,0.007901987758230686,0.010269282535026623
2015-02-11,-0.003216900119909128,-0.0011831452919856796,0.0008769752066890683,0.00039361974321081906,-0.0009769714665917157,-0.0011708428204799076,0.0004082296782389291,0.00027864366645735536,0.0024141630947511947
2015-02-12,0.013045508517148249,0.0061700253313586575,0.008442424706983125,0.004301678355384561,0.0036352904432286454,0.0038567892059551156,0.006768654592556334,0.008694204779396888,0.007732175297299797
2015-02-13,0.003462936178233791,0.0011034895651563434,0.0029873165695639132,0.00042265942687527713,1.3125465507303258e-05,-1.2358390515027324e-05,0.0029052906300071433,0.0017024257067295115,0.00572313176490133
2015-02-17,-0.003200992589590373,-0.00269226075865772,0.0004206081767571415,-0.0030883666336614427,-0.0030206648325432997,-0.0032300811045676706,0.0011119520981384605,-0.0026695850448405886,0.0006256475577851796
2015-02-18,0.0033807308509227704,0.003633828566499535,0.001856358224522824,0.003555655890152768,0.00367135206256667,0.0038117839693748994,6.75893982009816e-05,0.002788544690737431,0.0009377790906687343
2015-02-19,-0.0037617073281164507,-0.002878981195798713,-0.0018709681181207627,-0.0016465733497329981,-0.003128900329882602,-0.0034899325721280067,-0.0005045669935014803,-0.0020894717627141972,0.0033092249753991295
2015-02-20,0.005833653467995726,0.0023822347661811745,0.005425864924945348,0.0019076104178300018,0.001076772177701716,0.0011721023703561671,0.004241517366925535,0.004996151467019688,0.004480766988876987
2015-02-23,-0.0005155107496264864,0.0010481737030600571,0.0014629685572598368,0.002514820289181487,0.0017342523945120378,0.0018495302437743768,-0.00010020359502027729,0.002456741184876768,0.0006815377276111889
2015-02-24,0.002711421047799035,0.002653721899479926,-0.0017964121265962771,0.004678167104224562,0.0017229713275203886,0.0013608672867317438,0.0020116835887293094,0.006262707800312097,0.0004956218456737504
2015-02-25,-0.0003295362475399805,-0.00010062916771565609,-0.0010269941373627581,-9.66700258189347e-05,0.00015782935891626862,0.00020283368123761577,-0.0006021601340570553,-0.00024394949976950847,-0.001670396194806564
2015-02-26,-0.002478403289139665,-0.0030744843203319386,-0.0003353109317992298,-0.003646541507095055,-0.003229269076289306,-0.0033225483238694393,-0.000836429451174181,-0.0044315531067301885,0.0034093392963332274
2015-02-27,0.0007639148885620037,0.001068540566610753,-0.0013508346736619363,0.0005148283457589591,0.00149366545797651,0.0016046145462840222,-0.002412059508859328,-0.0010306370084984284,-0.0029648854519779043
2015-03-02,0.0015670453947856124,-0.0009712366331841529,0.005708713899611615,-0.0015827559015145183,-0.0018780842200754636,-0.0017944076848668714,0.004466981818321239,0.0013286201882345475,0.00607191237255485
2015-03-03,-0.005481744020840276,-0.002979791881073119,-0.003060829687970079,-0.0028490226087789718,-0.0019175442297841773,-0.0019643800047666276,-0.0029086124704429724,-0.00488536693388476,-0.00314053153252083
2015-03-04,-0.005167111489704966,-0.001971311115539361,-0.003949103670876363,-0.0010168339157596152,-0.0010871285528487424,-0.001286973426013256,-0.002984217414320236,-0.0033448766755765826,-0.0025944282918603494
2015-03-05,0.0018387814592600424,0.001361121585219159,0.001323951494558221,0.0010918062780538426,0.0010607361880554422,0.0010864458066782783,0.0007738052659617237,0.0012744207808092782,0.0011772519878974408
2015-03-06,-0.01927709893756114,-0.01126261633857459,-0.012849907250964574,-0.010789084056394383,-0.009272942060969121,-0.01007666597647581,-0.009947856321772069,-0.018333044381238495,-0.00760899266811941
2015-03-09,0.003262847087179077,0.0026746959848721824,0.003354328602269008,0.003978866237499554,0.0024312711920634234,0.0025444551432597115,0.0029195913242378367,0.006343165540975374,0.0019328579906584377
2015-03-10,-0.012392426124851363,-0.005804976166466913,-0.010240138414433386,-0.005456280559923643,-0.002145445525452594,-0.0022699866776609845,-0.01103038251194921,-0.010674909643841768,-0.01189239527648489
2015-03-11,-0.0004886924914604971,-0.00032339268958680675,-0.002204634341777332,-0.0006684657049765812,-0.00014698625642241796,-0.00021413131359643238,-0.0015797057161729482,-0.000892153512520361,-0.003660857955796521
2015-03-12,0.006469599725072176,0.004021520394454087,0.008091437853731582,0.005335578745896737,0.0028154583194785637,0.0030856349317351425,0.008573132192667669,0.010392861345820638,0.004157144907472863
2015-03-13,-0.004471906783440393,-0.002383139790256065,-0.0031054073678789935,-0.0030692649395621724,-0.001093223601943838,-0.0010947169647475886,-0.004151602299065518,-0.005592245766295052,-0.0027593148484531516
2015-03-16,0.008855366567515191,0.00523178676456198,0.00906823376939888,0.0075272840003971515,0.0031842705677873006,0.0033440450013271375,0.009027988367857242,0.012253592098833947,0.008182247416823024
2015-03-17,0.00017179152699325122,-8.846460952778146e-05,-0.00045723567163454237,3.9407850773928247e-05,-0.0002679259527204256,-0.00033797529688267607,-0.0020164687380384194,-0.001254999946530729,0.0010150798218207435
2015-03-18,0.01648074457996136,0.013000736079374567,0.009400060817077895,0.013019926304354243,0.01071830157794011,0.011214946370102572,0.008150127715854152,0.015411115593868513,0.006259074766232139
2015-03-19,-0.006398981989323969,-0.00541353987547603,-0.0009653709172776354,-0.004848190797880083,-0.004150902859838966,-0.004129664426065087,-0.003103798912704036,-0.006027646772519441,0.0009483560375214197
2015-03-20,0.013809234057142308,0.00854625221258211,0.008182342777083735,0.006222680441187676,0.00636036000298218,0.0068903733002567726,0.005997940791922594,0.009002588183021376,0.004140508397812372
2015-03-23,0.0013657074474515897,0.0011160944542565074,-0.0013114649973303529,0.0001105417890442673,0.0010949986396956895,0.0011387895248537552,-0.001327055895482042,-0.0008527092122626863,-0.0012401818665256305
2015-03-24,-0.0015149506237337289,-0.0003818121200691341,-0.003956639177836342,-0.0003621253329682327,0.0001493769324513883,1.804498247865976e-05,-0.0038265748827619756,-0.0027870207737651274,-0.002306262600066502
2015-03-25,-0.009473365358489782,-0.006136198322087204,-0.013421557927255114,-0.009914489463615433,-0.004141784683720142,-0.004399272147498524,-0.009960984772589422,-0.013651180886565745,-0.014642610827354272
2015-03-26,-0.004606624432523843,-0.0036688984463986106,-0.002448291469296584,-0.004471447012759142,-0.0026746330113525192,-0.0026553040660438087,-0.0016108040917111345,-0.004853174966123622,-0.0021652392879345063
2015-03-27,0.001640606707339978,0.00201104922785532,0.0019938481696807004,0.003724727865588284,0.001749843839760896,0.0016999760014892826,0.0015484226162972073,0.0038384336083414606,0.0025330090989302678
2015-03-30,0.00542067050350297,0.002892438461938555,0.008939450627809492,0.004958449911408476,0.001371347624306211,0.0014725302355849065,0.00825419478788357,0.009396315787935549,0.007277893035286733
2015-03-31,-0.006654159412459398,-0.00231609283004063,-0.0068855805859806786,-0.0019593291558389165,-0.0004327447137070195,-0.0006288439635561835,-0.005935410471248338,-0.0054427937825521485,-0.006746805474950985
2015-04-01,0.004598486191927077,0.0030437447594682224,-0.0027161017937255734,0.000993540703804877,0.0027528650618779044,0.0029172617545086318,-0.002394509090944645,-0.00022587063180767462,-0.003305596566215837
2015-04-02,0.004223359011235767,0.0016324184617263723,0.0023788394701620332,-0.00041771655624897835,0.0005285833797878496,0.000635405800245689,0.0024337613855767693,0.0012446855777409538,0.00042238840045078055
2015-04-06,0.007944953107372149,0.00536822726230818,0.005841799440240566,0.004574036459346475,0.00413997921351759,0.004442283184745567,0.00456076942121386,0.005885888504077122,0.005184988870051951
2015-04-07,-0.0039036702167290363,-0.0030027882492418686,-0.003945519586018214,-0.0014025250683453775,-0.0028912300163275208,-0.0032215956688068335,-0.001795904271763709,-0.0016238313649086368,-0.0010790430011458295
2015-04-08,0.0036466872688260803,0.0018265884079385387,0.0034691159948991783,0.001594286619948312,0.0005577242532412833,0.0005258905745177494,0.002290472874313057,0.0021130831698100527,0.0050439371559073765
2015-04-09,-0.0013923766517944802,-0.001772823530769907,4.484887169553531e-05,-0.001010784373462137,-0.0027388003857188314,-0.0031196929488060965,0.0033747769407670436,0.0013285725699210271,0.004420660301813317
2015-04-10,0.0027915082888489598,0.0011685750943238827,0.0029036696130009063,0.0013676386125666417,0.0006138420009150014,0.000755587032233012,0.004301410339222204,0.004159780255125146,0.002942359401723041
2015-04-13,-0.003126724530836098,-0.0007298958214617923,-0.002629604079605709,7.682998827252797e-05,5.022624578158151e-05,-0.00010754205986936509,-0.0035688003502886948,-0.002535867689946942,-0.0017998271768882934
2015-04-14,0.0024252017745579313,0.002247513595277794,0.00023088680560465544,0.002319168030199459,0.0016622025906166096,0.001624815502944094,0.0015083086865089724,0.0030455382952989172,-0.0020703826024006627
2015-04-15,0.003239999575004887,0.0017578062797913496,0.0022357625820245354,0.0017819377637607312,0.0007931546916947454,0.0007934175623254046,0.00353898858660714,0.0038205586025430436,0.004484622713829276
2015-04-16,0.0009890138730827417,0.0012173261389821558,-0.00014063065670283668,0.0007204370225815891,0.0010187152668781718,0.0010021830724746687,-0.0002248198996745008,0.00014569343707801605,-0.00099918653526237
2015-04-17,-0.007677072687644274,-0.004730882404603028,-0.009279006542830415,-0.0037875650571194885,-0.0023552477511882323,-0.0023786195810786594,-0.009080491723593405,-0.0080448836304264,-0.01120460745980067
2015-04-20,0.0020626113074525684,0.0010361646073396573,0.007822567510128888,0.002286606960132356,-8.319763313800876e-05,-0.00013878922714420145,0.007194980852166641,0.006212858228523577,0.01072507882528027
2015-04-21,0.0029264410454895914,0.001371029022876018,0.001235910966401812,-0.0010461728663728241,0.0007418078394083455,0.0008479835576873533,-0.0009395039916037287,-0.0020582697868514297,0.0030697927058115203
2015-04-22,0.0007673037456643183,-0.0011883832686552707,0.0035990064961423413,-0.0018740648649347188,-0.002328441301222596,-0.0024189616966334123,0.0038761028933370356,0.0008362612993944587,0.003925895469326875
2015-04-23,0.003968666873536387,0.0030724557656422215,0.0024017964234921132,0.002760544942758555,0.002473959726083351,0.002590336650818968,0.0019871227366148212,0.0035716318653204954,0.002717228753915733
2015-04-24,0.002628561752931312,0.0024021593884737606,0.005366986762084903,0.003063893219713951,0.0013372710195851212,0.0011847471247329502,0.0018333015293232452,0.0036485432761109034,0.009781930974578098
2015-04-27,0.0033623794944897074,0.0011141958247625153,-0.0023245296528634635,-0.002234241008278532,0.0008369169429201531,0.0010737124596744245,-0.0032859356079715696,-0.004115638409546494,-0.0018324866270124538
2015-04-28,0.0008680346117294023,-0.0006625918740970538,6.526056848790766e-05,-0.0016870525725962413,-0.0010231730522882111,-0.0009166500600161118,0.0025103415383137873,0.00010514935788029948,-0.0014423332757803281
2015-04-29,-0.007675895079500473,-0.004447409449308237,-0.006359480550568472,-0.002978688455604664,-0.003396531330736606,-0.0037918278896292446,-0.0032511828822609865,-0.005197606485181379,-0.004530761449522668
2015-04-30,-0.009285239209501306,-0.005543768353858052,-0.010630393750354676,-0.003929893809369295,-0.003930199257957978,-0.004405378244974381,-0.007911510896393432,-0.008121717228808032,-0.01134595635050035
2015-05-01,0.004448162143814654,0.0014348890391988143,0.008755756287531027,0.0008629942493794281,-0.00016555452534998565,-5.753189042520834e-05,0.008541529097134834,0.005730317269499576,0.00947482786029629
2015-05-04,0.0017790359805845359,0.0007602386590149655,0.0015792677120989478,1.7357496229148772e-05,0.00045294672178270513,0.0005879524446243332,0.0022485544136298494,0.0011925465512532582,0.0011897214025875936
2015-05-05,-0.010308867531175466,-0.0064240834899016155,-0.012072117221804606,-0.005168879595268857,-0.00408088400606405,-0.004380365323149085,-0.009048150341080514,-0.010028754074702571,-0.01175064129392813
2015-05-06,-0.0017111034603240836,-0.0020990010035230404,-0.003782963028716854,-0.004082318224930582,-0.0019000133834902583,-0.0019153391271044793,-0.0032446918454958522,-0.005834953303866577,-0.004943112704263407
2015-05-07,0.0013166911999770551,0.0009283722514777558,0.005430011104157174,0.0027801442109410975,0.0008452496715545323,0.0009639287906073697,0.003141751882108112,0.005384534765786105,0.004296420768559133
2015-05-08,0.014047340477767456,0.009669445425479983,0.012177448026521542,0.006862667099154285,0.0067538799760584745,0.007010844292625107,0.012090089928170844,0.012883041957482133,0.009546642242459269
2015-05-11,-0.006158504319504316,-0.005425243183863887,-0.0047996357807280525,-0.005614978914845902,-0.005161267910486774,-0.0053936727808253605,-0.00443805873839079,-0.00929396097115843,-0.0029796952553327494
2015-05-12,-0.0011921888138468548,-0.0005128331312271761,-0.003132143761555752,-0.0007476530124042573,0.0003780660360715711,0.0005176496205595665,-0.0027808234630763823,-0.002077711355825477,-0.0034866397277315535
2015-05-13,0.002678049846010214,0.0016151474645713377,0.0017584428798223903,0.00043175340140771533,0.0012058890674447207,0.001278070767188538,0.00017706077833436193,-0.0005790203880589751,0.0015713570311153644
2015-05-14,0.011148314401450359,0.007402851855331685,0.012190617925318807,0.0059166591281587045,0.005532714998203466,0.0058815253418935155,0.009692037821462935,0.010464189185297897,0.011264990737644323
2015-05-15,0.003121397143364212,0.0022777599536888096,0.0004977082493288,0.002247576971651113,0.0023137806180834183,0.0024886264208668156,0.001008147535333736,0.004760643147730203,1.8048288253082688e-07
2015-05-18,-0.0030272039564218462,-0.00286527601769505,0.001279128512680759,-0.0016438527501488752,-0.002675583260829395,-0.002683088953825044,0.0028901034795297655,-0.0011126018169528035,0.003384415229441706
2015-05-19,-0.0034764557624128636,-0.003065592692284031,-0.0004012904300804385,-0.0022552918308512892,-0.0030592465530213746,-0.003261496239073836,-0.000305503653217028,-0.0026766121349272596,-0.0008430833413475177
2015-05-20,0.0013181286442610816,0.0013169723082666386,0.0004043362127053541,0.0009170805972331351,0.0011409193931802583,0.0011340921681332007,-0.0006552129470199448,0.0005739395311453072,0.0004925180790348517
2015-05-21,0.0018919867018432923,0.0021329492010412165,0.003284359881791693,0.003227750780104939,0.0015523957539314403,0.001414887268519859,0.002709542355174205,0.005607837872379459,0.004006736727466486
2015-05-22,-0.003109166188848145,-0.00282123086250968,-0.0030265001443110593,-0.0023400654207047164,-0.0022507659474129203,-0.002260556912810767,-0.002222634254741048,-0.003204331122131915,-0.0007700362807111159
2015-05-26,-0.011583139955155922,-0.005108780987098005,-0.012150285812977129,-0.001732235591343791,-0.002375264780567168,-0.0027249551663275054,-0.010003348489564282,-0.005547728188400964,-0.00889791991356893
2015-05-27,0.006950491452143083,0.003821673949090709,0.01152146492350226,0.0035157961061294102,0.0021421626584414667,0.0023068843504657245,0.008824672106293063,0.0074848170079770985,0.01244199890010134
2015-05-28,-0.001978155316702573,-0.00028535176920058304,-0.0011654469031694443,0.0004261216489250217,0.00034051855729739096,0.0003030020225482002,-0.0010494471080405468,-0.000436973528574821,-0.001745628876835621
2015-05-29,-0.006436535187210405,-0.0030036679982748094,-0.006659469533570955,-0.0015797891471777115,-0.0015570055186040332,-0.0017484509756775333,-0.005779317874194438,-0.00482560448281388,-0.004616129696063567
2015-06-01,-0.000598634710251522,-0.0014855648655899075,0.0014298504223745113,-0.0013924808630561513,-0.0012272052832974969,-0.0010231885798947398,0.0018937247314486927,-0.0007468601447834906,0.0026001491896940577
2015-06-02,0.00038905532351584006,-0.0009761646621383937,0.000578529377068749,-0.002634049863642885,-0.0015801119037254087,-0.0016447812918000675,-0.0009231372735104403,-0.004616708374723287,-0.0024530252555878687
2015-06-03,-0.0018648245087903221,-0.002419731990887316,0.00417077167534198,-0.0020224002968002204,-0.0032253897270504844,-0.0034964570512352583,0.0024638064158923243,-0.002445038667676249,0.0023186962444889684
2015-06-04,-0.007067377438904478,-0.002943919376881644,-0.008023820905580164,-0.0012530093466757712,-0.001029827469172383,-0.0011829534212913235,-0.007855588837025737,-0.0044152247025370656,-0.005888062798511197
2015-06-05,-0.007051092619664471,-0.005550996540265369,-0.004417336297797187,-0.0039840749919575116,-0.0048034434236617195,-0.005004340828682442,-0.0015925534468238893,-0.005365472015286978,-0.0018329847562240903
2015-06-08,-0.0018435053090465954,-0.00024135448168119847,-0.005657108019363003,-0.0011101868881472708,0.000603116149705049,0.0005851606252419551,-0.005715432667252425,-0.004348067121646812,-0.007841104630453833
2015-06-09,-0.0030439238123070034,-0.002616821201346098,-0.0011860748981550318,-0.0017817678012844729,-0.0022342098906096286,-0.002299528673188722,-0.00017087197730891734,-0.0020082812443731335,-0.0012760975192920299
2015-06-10,0.012514973411204498,0.005717487833024797,0.013332357989912277,0.0022202468137044367,0.002505907096354576,0.0027718086666246302,0.011533759267620049,0.007989996824825358,0.010444953276232972
2015-06-11,0.001691098894044703,0.0021087457993480725,0.0020531790465983368,0.001199286622475332,0.002090743119033071,0.0020984070200995015,0.0031013787515823954,0.007127782211745119,0.001117611573669766
2015-06-12,-0.0044260353975199875,-0.0027909871147937977,-0.0075828972725440254,-0.0022284189947921118,-0.001592205262466281,-0.0016178787486299884,-0.007365809726491277,-0.0068277059957465875,-0.006278626160322948
2015-06-15,-0.00448659184581186,-0.0014683048641868093,-0.005324424144266703,-0.00015380857888794394,-6.485565843843567e-05,-0.0001299860945002594,-0.0041224122159600265,-0.002307094236646873,-0.0037910075820791304
2015-06-16,0.002360624749605607,0.002266751990976925,0.003593921221415258,0.0018998560098008326,0.001956833310841216,0.002017312967227204,0.005243594408602153,0.006745148323088621,0.00415804358595718
2015-06-17,0.003178411511090326,0.0027135518946695553,0.0006994965862476791,0.0016431762708047466,0.002455627388759573,0.0026220645197143613,0.0015557054045320846,0.0016695902413329156,0.0021054185619085626
2015-06-18,0.01031650516906909,0.005635884502116705,0.011096156203397699,0.002935092155182672,0.0037212530769938296,0.004102687881349139,0.010004827195966366,0.008340253770173608,0.011135615020536557
2015-06-19,-0.003933708292203293,-0.001287262631161584,-0.004123795981736764,-0.0005230597240817729,-0.00022432370675576016,-0.00039587313488086194,-0.004272413939967283,-0.000811784590578231,-0.003790258751704149
2015-06-22,0.004816209552191598,0.00038361717348039443,0.01003650043042468,-0.00020632766925474252,-0.0023692225001541362,-0.0025976361040325815,0.0049296915547607,-0.000406273676497097,0.0056447345213567895
2015-06-23,-0.0010203538180297623,-0.001232234595693489,0.00013078823644894886,-0.0003634056513314611,-0.0017410597123773094,-0.001921581029244358,0.0006812987854132285,-0.0011098483566613642,0.0006237607788693088
2015-06-24,-0.004585649312179977,-0.0015567380785492448,-0.00576467572704403,-0.0006571589575832719,-0.00030511928820592003,-0.0004534462693219535,-0.006989987438484761,-0.004541791050644434,-0.003947345025030221
2015-06-25,-0.0024461492004068564,-0.0020086519793322045,-0.001229725625192014,-0.0011385662515899441,-0.0019088754000209885,-0.0020623463068181872,-0.0029257680807567303,-0.003976158723835505,-0.0015294983189177826
2015-06-26,-0.001743915354315191,-0.002229896861608637,-0.0013955243858180012,-0.0016304519568132753,-0.0017113854749838907,-0.0015743584589882366,-0.00018318321836515683,-0.00285011144913638,-0.005083187652067581
2015-06-29,-0.016539869861904668,-0.005423330884010332,-0.022384561761251198,-0.0017254915812041527,-0.00018950394449814933,-0.0005083601119012413,-0.020176081441675677,-0.011357585651187926,-0.018057121409533645
2015-06-30,-0.00024155300047514538,-0.000403532134526935,0.000653513407718479,0.00043558716777719494,-0.0007465331189833211,-0.0008137603273903043,0.0020127644482576435,0.00017368247034090227,0.0027087025187422994
2015-07-01,0.00382089428802365,0.0005211701680877687,0.006721369868725009,0.00010041443645114991,-0.0005380194146979072,-0.0002915697971428996,0.0077057962881987505,0.0037683243070906407,0.006042318826995211
2015-07-02,0.0012189900773766497,0.0030467831718672127,-0.0009688815753716252,0.002607778064228737,0.003172089580917621,0.003137930985138883,-0.0008805024634493551,0.0012095421771252267,0.0002119500542101501
2015-07-06,-0.00758920721872646,-0.002447938972187684,-0.007023935113544404,-4.112981492921336e-05,0.00026380339859751514,0.0003251484226286946,-0.002736618260439217,0.0015761425814610406,-0.00176579910698017
2015-07-07,-0.0005855856717351117,0.0001480753754623312,0.003387937116755066,0.0009902638400534163,0.0005176473647029343,0.0006030352016310987,0.006046907925784504,0.006785804534024712,0.0019110305396529998
2015-07-08,-0.011329686552866439,-0.004156640813604058,-0.013846575264475474,-0.0018505013098946254,-0.0005129206025272173,-0.0006228212644867914,-0.016136240535608012,-0.011877177997292225,-0.013278701262991492
2015-07-09,0.0058260206896472155,0.0009002453279833844,0.003588450115254549,-0.0013900818252455815,-0.0011727112548015617,-0.0011460341264786233,0.001637872237279403,-0.0028724109559460365,-0.00043878142547149057
2015-07-10,0.017331248969567333,0.006578907697084462,0.01659560284743514,0.00043441846587427015,0.0017230180390483177,0.0020022545682787875,0.011651600109933068,0.007588696417861489,0.011259435355371208
2015-07-13,0.004077772327477093,0.0015802320445642963,0.00827554742695142,0.0013354141080055516,-0.00013858927153740855,-0.00012162926849231337,0.010222955055097915,0.008856671550748096,0.012989637588983503
2015-07-14,0.004276972437705264,0.0032343923478816263,0.004224275758185342,0.0016952457742971934,0.0022112642279955904,0.0022123967407181298,0.00402106903639077,0.006060763108939888,0.004885040956406176
2015-07-15,-0.002088984706379304,-9.626532267068191e-05,-0.0003834144357359428,0.0006501142324643692,0.0005514027265398144,0.00047962634189036414,-0.00030775958691926086,0.0019902146923074055,0.0008105318361829778
2015-07-16,0.006887982892010762,0.003013803735444686,0.008357547701985697,0.0008480362487545893,0.0011047869085095484,0.0012357432969633837,0.007440027947899597,0.00738934287632452,0.010524497018495286
2015-07-17,-0.0004915047529724081,-0.0003758718939497604,0.004397994365779774,0.0006393288073388299,-0.0009418018957523577,-0.0011085872385650788,0.0007868716536808441,0.000843631143961879,0.011015501547649995
2015-07-20,-0.003084861868208977,-0.0023514124326754777,0.0019301314157255773,-0.0008262095683916128,-0.002779235336592704,-0.0030672501299416227,0.0004804030979330146,-0.0007403831808701904,0.002575754303083154
2015-07-21,-0.002020140734786637,-0.0007514259660146925,-0.001722113677775821,-0.0002562665581196337,-0.00020028310341211464,-0.00030437222874255064,-0.0036659711473461505,-0.0021209773977052017,-0.00046078593626461224
2015-07-22,-0.005231807747944025,-0.002677257269319259,-0.00492973948173036,-0.001234592364221749,-0.0011853798541818436,-0.0012093841728318085,-0.0016646100618992001,-0.0009818075218173948,-0.008499728151866687
2015-07-23,-0.005690026909760425,-0.0025939810764531324,-0.002884991154515502,-0.0006364728271991708,-0.0013933516135605116,-0.0016856033030118844,-0.005221550517820394,-0.002893896444220072,-0.0027910889311403013
2015-07-24,-0.005713351437403626,-0.002707593614281565,-0.007822535420571802,-0.0013007849286544187,-0.00036605235190843914,-0.0002337458886329308,-0.009615701616822262,-0.00928974875336358,-0.007330404848745224
2015-07-27,-0.0057932614672208515,-0.0016314140043856829,-0.005797996059477033,0.00012201020157798323,0.0001772605320164168,8.888540040352891e-05,-0.005388766369083467,-0.0034893649010191144,-0.006176077885364293
2015-07-28,0.0073305069329221055,0.0032679049483646714,0.0081595676839558,0.0012944286082418113,0.000993925502847254,0.0010791153343153795,0.011373748228503688,0.009833479186014566,0.006418080520745822
2015-07-29,0.004314754773254675,0.0018831822044296908,0.0032327999351394175,0.0004535039982374688,0.0008108777822864206,0.0009628551951503661,0.006376165801553907,0.005627655609729444,0.0028197950789513476
2015-07-30,-0.0019242601269078969,-0.0012959607308021001,0.0008971761235249054,-0.0005545955489566161,-0.001457375188137415,-0.001628930674720178,0.00021999561358767628,0.0008962256142513957,0.003548379126417464
2015-07-31,0.005105981081687749,0.004328393657827949,0.0005706975136259518,0.0016740749254691054,0.004133285344427056,0.004296780783581462,-0.001407091585376623,0.0021224914907808424,-0.0008662014416351367
2015-08-03,-0.0029375226266960624,-0.0007433045618379613,-0.0014299670262157944,1.542670475707843e-05,0.00029542595301993086,0.0002644666678146641,-0.003127329353487698,-0.001340602440300651,-0.0023357867629920643
2015-08-04,-0.001505086770256021,-0.003393642706374665,-0.00175670917738006,-0.0031656294709386814,-0.0037898691904732825,-0.0038239534512954096,-0.001811371332020783,-0.005052062226682786,-0.0014042435012100024
2015-08-05,0.0017445555188710267,0.0006544475088770344,0.004729945071986407,0.001029441377255534,-0.0004949248453441197,-0.0006152984940487482,0.0030544492984299703,0.0007099297126574323,0.005763149924440205
2015-08-06,-0.0031165158206669535,-0.0012589401071836735,-0.00713564598001214,-0.0015274952322528318,0.00023625712308269407,0.0002674852591531619,-0.007590436019340734,-0.005642354940311097,-0.011991470347162603
2015-08-07,3.7620674317340175e-05,-0.00025213379825750337,-0.0013765143434277816,-0.0012643227922900513,0.00013549496343800982,0.00021711120763212577,-0.00180403118777972,0.0005393420102226543,-0.0009419577735927387
2015-08-10,0.00826104253392062,0.003687214931126646,0.009234911712482375,0.0024403869998137874,0.0013975097028100089,0.0015388527285635997,0.011783187090536551,0.010294790883923523,0.008442866630293299
2015-08-11,-0.006577851214425255,-0.0010006247212890776,-0.008878127426138699,-2.6310853015176707e-05,0.001956896532542144,0.0020150367659800845,-0.008445174734747277,-0.004949628859573747,-0.009499348207444185
2015-08-12,-0.0009370071681860792,-0.0003691682097507448,-6.576755002972308e-05,0.00047279951315412963,0.00046775034675604506,0.0006873087729678613,0.0011210998550294277,0.0009608418402583018,0.0025498219895894875
2015-08-13,-0.003356678620150525,-0.0029742359348242015,-0.0017358694505951171,-0.001875230107912215,-0.0026581959270444923,-0.0027249279061434266,-0.0011640241746624714,-0.003181209645922764,-0.0012030958229986913
2015-08-14,0.001676614364360071,0.00023644246991963793,0.001312960554164841,-0.00035884974962840417,-0.00020368511945857156,-9.122528604352373e-05,0.0034072427418867105,0.0030708593528527596,0.0011397687199092494
2015-08-17,0.0009912548579404635,0.0017158574523971292,0.0037511973999494333,0.002577987510138032,0.001992590100262092,0.0021401127916352244,0.005227645782661874,0.007095598664558477,0.006156345089208861
2015-08-18,-0.0037078636177736474,-0.0021236550516500405,-0.0037045318672387665,-0.0011864404415576684,-0.0011237476689750566,-0.0010925301886122423,-0.0027109060018190687,-0.004185646013429754,-0.003789785191269495
2015-08-19,-0.004487642261168138,-0.0007015237393666747,-0.005543223168521226,0.00020754547086527706,0.001435774360588856,0.0014256746819872048,-0.0073980033900781055,-0.004080101607567902,-0.004872226811136516
2015-08-20,-0.011701876678917408,-0.00655300731822592,-0.018735169114564375,-0.005911035601286608,-0.0026147840112467216,-0.002581343735657801,-0.019530432328245993,-0.019998024808986388,-0.020457896864257197
2015-08-21,-0.01969357603446687,-0.00883379598377185,-0.02479789473876105,-0.006019170607303253,-0.0031576433731830473,-0.0035322998517478277,-0.028116344033857543,-0.02865144569341835,-0.032047046168317495
2015-08-24,-0.029887927568283696,-0.01488301581662539,-0.02775866132828558,-0.007399411200860704,-0.008402480540730485,-0.009381348416741103,-0.039248570953895216,-0.04280004143251344,-0.027872580752436475
2015-08-25,-0.005604364979351251,-0.004423670585657675,-0.003834974081252491,-0.002499798794332348,-0.004786290562539442,-0.005351286150860612,-0.010936051923108238,-0.016610933226404064,-0.0026919301668294586
2015-08-26,0.02010482446196368,0.009143688075927971,0.029722014798050048,0.007611696396089394,0.0033819620207260013,0.0037622016818794498,0.03565104617482953,0.03546852194742094,0.036047626980977146
2015-08-27,0.01734761592029467,0.00895614844437344,0.016140188749098502,0.005285134255819203,0.004864457236279932,0.005258997207578157,0.02302924964212752,0.025614769617201084,0.018382908569817
2015-08-28,-0.0009835269296446724,-0.0010059321494927398,-0.0011345553352367149,-0.000889296986761618,-0.000587698763971639,-0.0004862643371160181,4.7213733823105414e-05,0.00015847801554017622,-0.0001376970984684296
2015-08-31,-0.00652207322123899,-0.004318133711979418,-0.006613126976334554,-0.0028990697133462816,-0.003463772710014785,-0.0038132925971955103,-0.007534388197055894,-0.009788719073087652,-0.009060495767242896
2015-09-01,-0.02178005040196998,-0.010378998765924055,-0.022042318130324368,-0.005646801903959189,-0.004488595926931677,-0.004882791808923303,-0.0278197134851929,-0.028179313787899944,-0.022754380896953724
2015-09-02,0.011883878290511435,0.006286217647133498,0.015954263590868302,0.005169886393479811,0.002886824944846969,0.003045416646255392,0.01765491020776607,0.017866484060427755,0.02035663491445036
2015-09-03,-0.0003924062266243983,5.786674361196073e-05,-0.0013489918810852652,-0.0004679116387478698,0.00011189031921283118,4.68670761304229e-05,0.0006671580559782384,0.002563482073006179,-0.003569878924467661
2015-09-04,-0.015082883631749923,-0.00705757036758935,-0.011151044190289533,-0.0024989632717587413,-0.003640450715446385,-0.004057674280403779,-0.014098262935136606,-0.013631100214667761,-0.00864068590261021
2015-09-08,0.01418856793243184,0.009529216190368617,0.012916429905734939,0.0033076726293379544,0.0040958704872249285,0.00445253020062597,0.012286603748859815,0.011428595829818144,0.011643497941398406
2015-09-09,-0.0061238533591593865,-0.004832999134045978,-0.005658162570961041,-0.0023882980056987337,-0.003394651541235791,-0.0037728535040463303,-0.006847904620535869,-0.007383493858569716,-0.004835944084009943
2015-09-10,0.004746618812613713,0.0035297031362853597,0.004515335941356093,0.0019360986123185438,0.0018160031304917874,0.001908815210042734,0.002769129138267289,0.002215620401361803,0.004654588623101873
2015-09-11,0.0025862503121738913,0.0027187086733664544,0.001726794595911561,0.0014285318255593958,0.0026217378287368884,0.0028883659784880392,0.0023190923326551886,0.0035106916322037705,0.002378924623398779
2015-09-14,-0.002530490082265759,-0.0020840136496347882,-0.0022841136003448016,-0.0009895161146935634,-0.001015387308429318,-0.0010128109558443382,-0.001895873039576575,-0.001740337895516512,-0.0013072965026707712
2015-09-15,0.004333094882968248,0.0006033893302159183,0.005510879781196556,-0.0007865239067313387,-0.0015682192492582922,-0.0013475873244283136,0.006380434085255241,0.004121158839347049,0.005079785057078732
2015-09-16,0.008893529896880805,0.006071444329441319,0.003946378301126999,0.0008446338564413225,0.0035766365186721857,0.0039742950724724795,0.004451101629139645,0.004793946882410343,0.002446195232773053
2015-09-17,0.002787079185241359,0.00557887168367724,0.0005305704609468935,0.004006095970241735,0.006380897432602543,0.00660581995134535,-0.00115874425981206,0.0017177998672044661,0.00016277134742360646
2015-09-18,-0.008189691725827118,-0.004819657894272475,-0.009236896512206246,-0.0015638366551036312,-0.0010318433600161648,-0.0010487454011471186,-0.008416862629355029,-0.007534050326653663,-0.006192339047422873
2015-09-21,-3.376575741580548e-05,-0.0011708736110384742,0.0012455197004522826,-0.0005279353872418501,-0.001538965500159303,-0.0014383785531211588,0.002640429354724426,0.0008067643575610415,0.001352896326101592
2015-09-22,-0.011301792666018775,-0.0068544596564726465,-0.008535400671635246,-0.0011634015327527238,-0.0028805928390192932,-0.003279018977313446,-0.006648282330813517,-0.005486908543199932,-0.006468047987582621
2015-09-23,-0.000994506993451308,-0.0011520677713427088,-0.0004377077209127108,-0.0007294388672450457,-0.0005188082484347831,-0.0003562223295372551,-0.0008134970797680939,-0.0013045550202498495,0.0003297604469370913
2015-09-24,-0.00011691720887573936,0.0006184708732551393,-0.0017578957052648747,0.00048191413441207095,0.0013120031268664095,0.0014029169645383855,-0.001838515113237932,-0.0014665538164603162,-0.0015650108490406322
2015-09-25,-0.0002215141447086374,-0.0010829702363301327,-0.0009155462029890064,-0.0017029489063140597,-0.0012726206684658117,-0.0012647962493415722,-0.00013170872356498163,-0.0011093791852770777,-0.0036305154128132957
2015-09-28,-0.0127699461663999,-0.007925099747565714,-0.01212484982941935,-0.002901452423485001,-0.0035192333665948657,-0.004058413768564256,-0.012738609415661436,-0.011878902295650418,-0.012131798211931194
2015-09-29,0.001394514337658573,0.0019137307216475048,-0.0004090105735441066,0.00043740912179619394,0.001996325555114252,0.002092989089753948,0.0002933257798710759,0.0016131723827183073,-0.002179312577083305
2015-09-30,0.009604369225746145,0.007294850219692187,0.00943326737419478,0.0035928143384793484,0.0034421320280450486,0.003495913153838359,0.009354964021462315,0.010316351862224835,0.009619396638988429
2015-10-01,0.0017254326773828053,0.0013441036844877628,0.0011884311894109953,0.0005361811236103801,0.0008546310314887284,0.0009260010954639467,0.0013201539822613986,0.0017347550675867237,0.0019139440688612957
2015-10-02,0.0124915932265735,0.011119027406071721,0.00795695222695511,0.0051176953243648425,0.007902972305664958,0.00829947216195645,0.007568218931840711,0.010071932704425043,0.007433323736247623
2015-10-05,0.009120542624634166,0.0051050270963149446,0.008317189387521266,0.0010961528058701854,0.0017439304977180604,0.0020913058952596727,0.009081854412454134,0.007859947169348128,0.006141890572053251
2015-10-06,0.0007777065606474121,0.0003877495034124007,-0.0008741380966261781,-0.0009019499398474125,0.0005447721982024193,0.0006322153823868166,-0.0017636940815348471,-0.0011813980779496079,-0.0020484225590150307
2015-10-07,0.006021980126634352,0.004192796511759633,0.0034728815014470893,0.00031763596544664985,0.001813675108441437,0.002033990136795616,0.0037444337686896034,0.0031948527551219907,0.0023537570004048547
2015-10-08,0.0034242173889522274,0.0022421465033713394,0.0032004738588624275,0.0002327769239199041,0.0006656180431131057,0.0007752149446644188,0.004200917893264652,0.0036982678991273853,0.0015876287814161217
2015-10-09,0.001868096498283975,0.0013569426544349631,0.0007980499765295818,0.0004476257415585802,0.001194961048127004,0.001387928197350293,0.0002790782250612747,0.0004886557855379438,0.0018116746307736784
2015-10-12,0.00018110981940468794,0.0002912201409861908,0.0012944992872926248,-0.00019247251206699206,0.0007787008668491739,0.0009422191601503588,0.00044176167116815967,0.0015911644051356316,0.000979690414155505
2015-10-13,-0.004722375462856874,-0.0033120838596110737,-0.003116266658761802,-0.0002686506886972902,-0.00125335835780862,-0.001359437663006322,-0.0029493509759505256,-0.0028948494872323666,-0.002596548958439434
2015-10-14,0.0026068126420146632,0.00415482896313576,-0.0018908271184618596,0.0022666068279061425,0.0040799590199661895,0.004143271974108551,-0.002235880557512715,-0.0006048942838961602,-0.000641463424196502
2015-10-15,0.007521623438359607,0.00500793943484043,0.007179254335891485,0.0010694302275377732,0.001747735115183482,0.001986458541222128,0.007143656535246327,0.006600469912839563,0.006569920174986747
2015-10-16,0.00039807930147885465,-0.00024258633512496907,0.0023439472007044325,-0.0003237981430090556,-0.0005733516892917983,-0.0005254968959442363,0.0021325534703170116,0.002036593811412528,0.0016880657708095894
2015-10-19,6.883158917019671e-05,0.0006546081968210788,0.002489453491002108,0.0012337463933312061,0.0010465642361412808,0.0012115361881721535,0.0002316035912761492,9.765197028191793e-05,0.0023222226894214293
2015-10-20,-0.0008918813937801431,-0.0019215379804938953,-0.0012456806578619885,-0.001717498485910142,-0.001562404100674903,-0.001455120016195254,-0.0006004490559361662,-0.0017858452386100125,-0.002091696334453987
2015-10-21,-0.003570902753984349,-0.002060206273934425,-0.0026609618856592776,-0.00023475767931082085,-0.0007746990758284753,-0.0010054534957430335,-0.0029153518286502856,-0.002030930403069721,-0.002470680239085694
2015-10-22,0.00731923292071124,0.0065370691032466096,0.007804220071950048,0.00331502274757052,0.0037441190195128815,0.003916562414854756,0.007913269114824751,0.008926687064579013,0.008219058230023299
2015-10-23,0.003670868073512101,0.001360069342468688,0.006446246142563815,0.0017806113838002558,-0.0013457951525281489,-0.0014542648744289303,0.005180638531399592,0.0037564647523773667,0.011428522407041286
2015-10-26,-0.0014848067383123672,-0.0008905589406335266,-0.00036758307438582367,-5.7347112253136757e-05,-0.00016310932366483686,-0.00019600093455678108,-0.0011678091632854979,-0.0004175589563064595,0.00025803935742874085
2015-10-27,-0.0023067429394716707,-0.0010526977720025138,-3.784845531268862e-06,0.0007694111189334254,0.00018145963831147724,0.00016972446367869115,-0.000916446900084777,-0.00017409874490328594,0.0008470695712454226
2015-10-28,0.0008996158825258986,-0.0011522284840979988,0.0038398486971310637,-0.0011345292002266248,-0.002576243583508046,-0.0025986265426082562,0.0053945286791500955,0.004145206323999234,0.0034566123755233004
2015-10-29,-0.0030943299668717986,-0.003966028665216031,-0.0005429707165117793,-0.0015406226624861152,-0.0035842001186853394,-0.0037049534787000696,-0.0002723609543226803,-0.0022949320133141327,-0.0006578904996974469
2015-10-30,-0.0017179016449479752,-0.001368858764703695,-0.0025470807560419102,-0.0006866284479562272,-0.0010177814015474276,-0.0012414996909315473,-0.0020536025253143505,-0.0015977146556396256,-0.0018678945239541747
2015-11-02,0.0064720322020586024,0.004260522144022841,0.006415524480956376,0.0005391808970566795,0.0018152967205205134,0.0021519703553656367,0.005631027639656097,0.00518604041081014,0.004703289265783788
2015-11-03,-0.000949281024832597,-0.0012460367749204872,0.0002891433273290404,0.0002303201503011609,-0.002069402317159739,-0.0024239943397888594,0.001389155139521401,0.000662263442476502,0.00146368537972218
2015-11-04,-0.002973760736901941,-0.003771566627491274,-0.0009766054523756055,-0.002102087068731404,-0.003381625976408626,-0.0035599581693138527,-0.0014532253096514833,-0.0019157785783587172,3.7707701651842195e-05
2015-11-05,-0.0013535727515280316,-0.001321507606082073,-0.0003351863376312991,-0.0009311210646171242,-0.0006295306147373614,-0.000616164257933649,-0.00047681989501557887,-0.0007443357848053722,-0.001084347123903484
2015-11-06,-0.006345485508919371,-0.007253241602870188,-0.002781453915022075,-0.0019762272170382325,-0.006981550862708063,-0.007678087668279284,-0.00023592212909662692,-0.002492251002479099,0.00027545140550101044
2015-11-09,-0.0066426477762135715,-0.006015175985833092,-0.00510635676053494,-0.002708498641261879,-0.003802429057317996,-0.004073435930005139,-0.004230823114969283,-0.005174656046787516,-0.004165095856085892
2015-11-10,0.0001495620473466207,0.0010656364016373796,0.0009538909006412774,0.0003892155233574877,0.001547759549400454,0.0016800336661487547,0.0010441108897193579,0.0017625749649720762,-0.00099174125496153
2015-11-11,0.00025449098723412015,-0.0002712065633912271,-0.0008243300266155327,-0.0007337511448270417,-0.000497766822668525,-0.0005150086125696553,-0.0017741474500242945,-0.002092830783322762,-0.00047773313966787296
2015-11-12,-0.0056729825975202885,-0.004407591227692592,-0.004839104271336783,-0.001330342907330573,-0.0019002004185375736,-0.0020650282903009773,-0.0062927711569965555,-0.006678573645522215,-0.0037762629311308715
2015-11-13,-0.0056059111781845625,-0.0033045044599151535,-0.006485501890222903,-0.002241139899083159,-0.0009256673758650866,-0.0012311264913007628,-0.0050216362224233336,-0.004222275040235512,-0.0075845321133626515
2015-11-16,0.0071965846485961904,0.00620378088405167,0.00622508801708943,0.002834094704337681,0.003456870773982807,0.0037103202192908503,0.006766163178369228,0.007817679746212686,0.005494817868718987
2015-11-17,-0.0008378997543431169,-0.0011457992762136811,-1.596464189295657e-05,-0.0005595020824287542,-0.0014183851234425054,-0.0015930357994444365,-0.00032411449815584375,-0.0004498168947630502,0.0002454546676259022
2015-11-18,0.006088131634321306,0.004688802464653066,0.007004454744065712,0.003085351175157516,0.0021155944229578763,0.0023295505316201,0.007114760972681226,0.007591420656331045,0.007397800731698625
2015-11-19,0.002985256465601002,0.002206964203728987,0.00024410908822537777,-0.00017728563677280444,0.0015734191280637243,0.0017909140512816489,-0.0003874638777351672,0.00029296110796869914,0.0002771049470150103
2015-11-20,0.0008382615325813618,0.0005959752568411651,0.00297702325939814,0.001226190069545704,0.000491506129015636,0.0006436102252006055,0.0016495291060833455,0.0013566554209236553,0.0026434597713722303
2015-11-23,-0.0025487442912366723,-0.0020332377412207612,-0.0005309597979938306,-0.0007465834368329967,-0.001097934007853437,-0.0011926814739606987,-0.0005162838629216632,-0.00012867063896255287,-0.0011253619538498072
2015-11-24,0.0004008024621431126,0.0003168519694439924,-0.0003853445874536911,-0.00016156355285084522,0.0002356724724789367,0.00023721876141912383,0.0006096281492443564,0.0009717075037073453,-0.0003384407560412284
2015-11-25,0.0005804430064710682,0.0007446654385816758,0.0004957665584453354,0.00037073655780915535,0.00048566504448967814,0.00048734561441772593,-6.0674494564734e-05,0.00011738969642226173,0.0003470111266331747
2015-11-27,-0.0009102887022804596,-9.213045360821136e-05,0.001238100474533618,0.0007135285385009133,0.000219292202651672,0.0001855293031262868,0.00052305142889719,0.0009075690033710017,0.0005523022977489154
2015-11-30,-0.00039257524871376154,-0.0009742547500130818,-0.0018607695755650064,-0.00115187110165654,-0.0008346326032474965,-0.000863133561313886,-0.001876395850757799,-0.0019188784336700265,-0.000987184113689462
2015-12-01,0.005032049196852534,0.005679297992131093,0.0047489555738755235,0.0033489408117862627,0.004468918763695634,0.004740497492173992,0.004315641255358212,0.006447903132896374,0.003910190791915971
2015-12-02,-0.00764860742758014,-0.007810564496589196,-0.004785727441403839,-0.0029089951682638587,-0.006167663404708887,-0.0067309112420999235,-0.004633144056001224,-0.005957682247242071,-0.0024175324639195907
2015-12-03,-0.005454307997970805,-0.00612915101869309,-0.006956916460467334,-0.004136321945916805,-0.004323772163887544,-0.004437579912161614,-0.006323406181008796,-0.010359806793611799,-0.006630641597669574
2015-12-04,0.008976835021465207,0.008358489469659504,0.009325306613230796,0.005244029079524872,0.00609319100329871,0.006747961527498654,0.008750388826272895,0.010766543747373443,0.009061400317059464
2015-12-07,-0.0058797857123998876,-0.0033472385378130465,-0.0034394227233723873,-0.0011826858005640206,-0.0019130303253911407,-0.002178216017151069,-0.004305532216355434,-0.003060277606064421,-0.0028736706577027205
2015-12-08,-0.005281583024457895,-0.003429866229251128,-0.001896006881529937,-0.00023257648366672472,-0.0015684962969775978,-0.0015913129257741317,-0.0045221328542808395,-0.004394183799636796,5.59639616856173e-05
2015-12-09,-0.004153962450309808,-0.002120514517307462,-0.006915343114532298,-0.002373901730432949,-0.0008110978951238693,-0.0009694347589310307,-0.005224401025863285,-0.0046726652166496265,-0.008982959023813849
2015-12-10,-0.0017018654118105905,-0.0020175788694034033,0.0009341104881744002,-0.0002741760458074962,-0.002086992748365056,-0.0021931805082025324,0.0017329958481860043,0.000749493571964,0.0026620012136082394
2015-12-11,-0.009790334067554984,-0.003859981514306339,-0.011587830393554302,-0.002264753986887992,0.0004225091682025967,0.00033511135812404997,-0.01299863993435793,-0.009608675762835967,-0.013562908991901795
2015-12-14,0.0007798944714935048,-0.0019011089801209543,0.003978743586533564,-0.0008720258123777019,-0.0031255457619798295,-0.003152933652602732,0.003370925074201998,-8.854710581772179e-05,0.004430475504522668
2015-12-15,0.005435126828786344,0.00296067859286003,0.005883822944706561,0.0008618092731194384,0.001277705909220337,0.0014627678191716164,0.007011851310465827,0.005988704184929513,0.003571647935389125
2015-12-16,0.011646417994440984,0.005926752905287886,0.010515079707396966,0.0012924678874806676,0.0029402462500581978,0.0035217212246609485,0.009806152007647893,0.008833242016471097,0.008734201008345658
2015-12-17,-0.009298234582159465,-0.005502690418805676,-0.008649904041612753,-0.0028262756560206138,-0.003103514680997394,-0.003554055898502161,-0.010254600508883884,-0.008633528765392211,-0.008598609804900154
2015-12-18,-0.006136777834999269,-0.00222209021055592,-0.011429720203793261,-0.0013609141633297748,0.0006461213574769908,0.0005639949915035646,-0.011929213823696655,-0.010586786374744585,-0.011259211371711516
2015-12-21,0.005485796271591812,0.003328815758534028,0.00564893415620327,0.0018652134469195618,0.002014257320045274,0.0022582041864908898,0.005495102021245762,0.005854988905648091,0.006473282313338622
2015-12-22,0.0033643787402260557,0.001553379184338372,0.004702223246473793,0.0007339711776165776,9.070708363553289e-05,0.00012569676352055314,0.006060743476148373,0.004871112902027679,0.0038498146459788624
2015-12-23,0.008397249206961244,0.004639257459588281,0.006679739272885014,0.0007079029586754055,0.0018131444202489262,0.00201161926420149,0.00829448527472519,0.007447118620681943,0.004359456491178082
2015-12-24,0.0004919801729756372,0.0009537922428756122,-0.00048630664001218495,0.0006540865196589811,0.0012572848262743979,0.0013365564608263992,-0.0011071798507259075,-0.0002924086230967629,-0.00010121292668441629
2015-12-28,-0.0021800221695315283,-0.0020573322586945894,1.4568023606952739e-05,-0.0012081138182534377,-0.0014917296585288198,-0.0014990324209558136,-0.0015324920059708966,-0.0014973452844533463,-0.00030970691324088686
2015-12-29,0.004976374899345461,0.0024257801237415532,0.008500733764474657,0.0024829276716245574,0.0007000423100624412,0.0009272693622454129,0.007168755197032548,0.004878958903672891,0.009257037308493518
2015-12-30,-0.006157874375567905,-0.003508918165097478,-0.004783295835053616,-0.001394281826756354,-0.0018021876573540133,-0.002006082764215995,-0.004772893845832619,-0.004749862215155378,-0.0053319294553759305
2015-12-31,-0.006292251373884856,-0.004638139782455589,-0.007190351826794122,-0.003310851444960742,-0.0027911166944827983,-0.002957879665084375,-0.0067222579478966454,-0.0064018133481749135,-0.007340112217533663
2016-01-04,-0.009080661491039702,-0.0037002241381197966,-0.010974486557775186,-0.001717696438197662,-3.6833984634763783e-07,-0.0001237833293009185,-0.009363164156857921,-0.007647489085765313,-0.012377626828732837
2016-01-05,0.0013851157281644295,0.0001328792834674937,0.002673728288200857,-0.0014492439040406527,0.0005028636265973183,0.0008802770620214244,0.0011305081110742471,0.0010171629508867086,-0.0010059068522343913
2016-01-06,-0.005817266552284053,-0.0023399168564769606,-0.006231295161898613,-0.0006869275873242762,0.0006471176429931833,0.0007162025190413556,-0.008413550394945868,-0.005791080422428307,-0.005579946158520814
2016-01-07,-0.015004723124404373,-0.008526314697148596,-0.017374240864359125,-0.007806689912751019,-0.003603782623264551,-0.003820691486001948,-0.016168330675076503,-0.016143947885129628,-0.01807774191950251
2016-01-08,-0.006816370791475143,-0.0029150942526438915,-0.006844753911075436,-0.0005592198597085308,-0.001190999569766595,-0.0015357956562031523,-0.007332560354402579,-0.006556313609896174,-0.004667604478992769
2016-01-11,0.0006053172329285942,0.0004856706743022198,0.0018237349762434789,0.000681680867402176,2.2604814213392315e-05,-6.318505961010864e-06,0.0006617763094916464,-0.0008638567530424536,0.0017498251541388072
2016-01-12,0.003267631259312144,0.0025720251302683694,0.004295253788060332,0.003950108984844266,0.0012359479520643872,0.0010517805091847766,0.005376804238675124,0.007881810627517222,0.006594964600597612
2016-01-13,-0.012580920057215467,-0.006603462640156478,-0.017621591881680696,-0.007240489478641777,-0.0024164017938331436,-0.0026779127547125283,-0.016653139522843922,-0.01572171774023298,-0.019694803268977754
2016-01-14,0.0064644466730589215,0.004048431480296995,0.009551385092643751,0.005245969024259119,0.0009479664211558909,0.0007199033211275143,0.010874324482691615,0.010463992657666626,0.011983442257591969
2016-01-15,-0.01781535357129321,-0.00880307711026858,-0.01474137630188213,-0.005745141744004954,-0.0025111376854186573,-0.0026126566234855844,-0.014289269817362168,-0.01283868252623657,-0.017615549203039982
2016-01-19,0.0037440244828630775,0.0016620762593987928,0.0016132764292311043,5.287589485420586e-05,0.000640655827253592,0.000736569714768796,0.0008832480840316031,0.0002721172961547783,0.001226158722421996
2016-01-20,-0.009645737383806589,-0.004221868441610753,-0.0076951224105461105,0.0012510465830647003,-0.0013282103947948752,-0.0016527816150713123,-0.008470800518242323,-0.006513766064793511,-0.0017146702760586626
2016-01-21,0.004530604456209121,0.002125860984902842,0.002442625549847826,-0.0004746302236629235,0.0007895860330806965,0.000928230661755999,0.00369200899777551,0.0026237561244053455,0.0005602793949150116
2016-01-22,0.01759495991447709,0.00948735330042182,0.016520199917570075,0.006117352279766678,0.00460717041607427,0.0050789976799854595,0.013536648220908578,0.013156957420999864,0.016218625265827277
2016-01-25,-0.007941073656375567,-0.004438072590866655,-0.008703627311615796,-0.0031620616053860537,-0.0014507977875081078,-0.0014609961468652535,-0.01003595396966313,-0.008962007277188785,-0.008408810405853262
2016-01-26,0.013152929011950483,0.008277004432834226,0.00867627763848507,0.003077299674631713,0.005570799269237645,0.006108612956161609,0.009019133995825308,0.009864920204445588,0.005074502466213164
2016-01-27,-0.007930511913589698,-0.00456484279660985,-0.011947805527743256,-0.005800733071353598,-0.0024833330228014837,-0.0027872254733635367,-0.007219778686782471,-0.0072554607288852465,-0.014084028106886422
2016-01-28,0.0034302795952221407,0.0021119293535000958,0.004014151844743276,0.003675474010324025,0.00025809317994172833,-2.275179544156541e-06,0.0034496249815292347,0.00426370771799999,0.007902049810733974
2016-01-29,0.016166750517281767,0.01160220945194115,0.014551324039133657,0.008024863488926434,0.007901299641443362,0.00829790155543816,0.016154412396997112,0.01965017583787026,0.011757290711483981
2016-02-01,0.00010940793095344514,-0.0008542187349941398,0.0008360267059504804,-0.0006435896483843794,-0.0006564794948897881,-0.00045685852096987486,-0.00023647575692991104,-0.0013930994432847473,0.001532653348294841
2016-02-02,-0.014755160075119119,-0.0061309244501971975,-0.01166558534839786,-0.0021487819659009116,-0.001127871701221656,-0.0014088560968533457,-0.01203039156472397,-0.009179623966024165,-0.012298759543013286
2016-02-03,0.008486444181664866,0.004707399133459385,0.0012161132501304392,-0.0010885123402459042,0.002883898178780178,0.0031791404386203957,0.0039829817397055815,0.003610508716706923,-0.0026954246850522208
2016-02-04,0.0035409633631678012,0.002432165090627001,0.0004631629446752741,0.000754145566858389,0.0020846740331021095,0.002265933999469729,0.0010471728703344927,0.002262090692547304,-5.042286120695591e-05
2016-02-05,-0.010835198596945327,-0.006914630157224667,-0.016543784472318288,-0.0087443795907337,-0.0033257758058308985,-0.0034440511641707517,-0.012671939447356407,-0.012641554325502426,-0.019507041065073037
2016-02-08,-0.009267296290602078,-0.004718050603919166,-0.00889757488587617,0.00024018695770600118,-0.0009631768933837659,-0.0013594618167623862,-0.0072083260154234274,-0.004958448581466213,-0.006692948177748237
2016-02-09,-0.00476880416860379,-0.003987502603810815,-0.002446642428173672,-0.0011151793894141697,-0.003028416262193133,-0.003376132809843512,3.410675584689622e-05,9.839306286418172e-05,-0.0013175360674741114
2016-02-10,0.002572522988065038,0.002151477176661841,0.0012886734150995432,0.0009464109120706719,0.0019265884602721066,0.002154811584952322,-0.00044508720727516723,0.000641100212582194,0.001642576949530505
2016-02-11,-0.0022889908246301045,-0.0002069082710362625,-0.00432622964618459,0.0019462559961043054,0.0023467636905110736,0.002664239533672584,-0.006789656337547922,-0.005395497391117047,-0.0006113980298693351
2016-02-12,0.007834090545461855,0.003650524535692642,0.008362229755934251,-0.0007069564491203801,-0.00015638119059757817,4.229048528806965e-05,0.01070758969797006,0.008311063485815194,0.006497732737278314
2016-02-16,0.007803880492555064,0.004871759777539121,0.009853321950842684,0.002119654935761373,0.000744804147841017,0.0006364077966045623,0.00885292106859035,0.008165562717305244,0.0097024065732618
2016-02-17,0.009115773760990528,0.006972054985179418,0.008887294528861769,0.0036866095013693345,0.003644910366616934,0.003925849706974656,0.008636069508635318,0.008153596600171068,0.009869702908114017
2016-02-18,0.00037025231212835843,0.0017567924706236022,-0.002237449816591847,7.675919079064503e-05,0.0035514754905794383,0.004042537411417099,-0.0021749754492279678,-0.0006009025148893671,-0.005027247732009759
2016-02-19,-0.0005631905850847157,-0.0015675482859360361,0.0010989610564344555,-0.001165178599631959,-0.0015619449503622782,-0.0015315623688376605,-0.0002431376602837618,-0.00025982991733536787,0.0013041475843551637
2016-02-22,0.004980386546679493,0.0038239917426530243,0.007325513728416849,0.0026700553711914606,0.0013415773658400063,0.0012507663134481402,0.007697809774269277,0.007696159546166762,0.007133043033065705
2016-02-23,-0.006610971617808613,-0.004737901261356058,-0.006333728529522127,-0.0023167575607883437,-0.001290993572928234,-0.0011513261458473182,-0.006748368292213604,-0.006353322239170277,-0.007282584592772261
2016-02-24,1.0329217075258885e-05,0.0004046262031426607,0.0028150184129141866,0.0019078506313096987,0.0004491007297684317,0.00047361125023191676,0.0024385121402940965,0.002548633688643434,0.004197308964707423
2016-02-25,0.0071711263159888045,0.00624260990470794,0.006622896153950545,0.0023642524654592287,0.004397176034109476,0.004792169477359648,0.006459053116358974,0.007847024795104983,0.004351501081961571
2016-02-26,-0.003085703892060555,-0.004504592618528093,-0.0012618223808220483,-0.0030951359999680118,-0.00432188211953653,-0.004463289867095252,-0.0012269473259231556,-0.003055026820225051,-0.0005494364112422468
2016-02-29,-0.000426967751841176,0.0002723489348542274,-0.003902932383874731,-0.0003320007499440805,0.001190309963880806,0.0012938360740182829,-0.004191140388719126,-0.003805860997901293,-0.003978008756773421
2016-03-01,0.014028324979386851,0.00810596775162674,0.014427273348733007,0.0019419637584876677,0.0024721176834123647,0.0029749169411711573,0.012540532545893159,0.010281953916475715,0.014161773500215183
2016-03-02,0.003395296287317439,0.002118728993746116,0.0017665791029367022,-0.00041588738051752833,0.00129283777901329,0.0015619081612171213,0.0024282176730357507,0.0019224849074632117,0.00017758859544160255
2016-03-03,0.004957531726562365,0.004153219316579442,0.0009689571704896862,0.00038321801965388356,0.003297332280680434,0.003656696708605739,0.0021219061434259636,0.002647706394178762,-0.0008421653038817874
2016-03-04,0.0025064668249600657,0.00042903897994356604,0.0007793345590597927,-0.0016254649232573127,-0.0009261897662203588,-0.0008997165327183366,0.0017658852877962517,0.0006462498041223082,0.0001761447031893933
2016-03-07,9.083532860325777e-06,-0.0011414545149128147,-0.0008558398740958398,-0.002558138487143937,-0.0010603475532623026,-0.0009034375819554946,0.0004382805320440057,-0.0002591390425540339,-0.0027516959367960845
2016-03-08,-0.006082099194114728,-0.0031893789516291185,-0.0051013158935954385,0.0005065891610041857,-0.0008588265117453961,-0.0011853038761473987,-0.005912984898114355,-0.004175608351851636,-0.0036964655763754416
2016-03-09,0.001691858980710892,0.00045595620352933963,0.0026840317694998284,-0.000339783480683975,-0.0007191437629359143,-0.0007123969836175803,0.0024172971329878834,0.0012811498789160325,0.00258864089370503
2016-03-10,0.0005397684905488973,-0.00031519140247318714,-0.00048408911436887406,-0.0013047508276707025,-0.0002205956531689616,-1.2061346118711815e-05,0.00040601687558715593,-0.0008767624508811004,-0.000616362283856744
2016-03-11,0.009120948176807357,0.00585541007187172,0.008644276117060099,0.0014878104649155752,0.0017283591307784608,0.0019434594900861418,0.00804652315777378,0.008041128769781731,0.007147994868041039
2016-03-14,-0.0019185562963086778,-0.0014093549634324153,9.843304413180369e-05,0.00045742473977856057,-0.0010967579998049596,-0.001307286846345755,-0.0006372744095062293,-0.0004570195091939948,0.000705305561296627
2016-03-15,-0.002685725337382458,-0.0016532679083001674,-0.0003344493756417289,0.00038891472329383067,-0.00041823198882892236,-0.0004190477347443638,-0.0008112238573859291,-0.0009924662659016215,-0.00014695290830974274
2016-03-16,0.008233935977934282,0.009571202532025206,0.004039164587203711,0.006095709378948109,0.008184589485479928,0.008696949157399981,0.0029083885635000114,0.005217193627552554,0.0036856116975366826
2016-03-17,0.005102614499910562,0.0039869218839431895,0.002514853594328194,-0.00012610665828959985,0.002314546106358762,0.0025356519390419244,0.003196243032098373,0.004007675658423391,-0.0002248438892487967
2016-03-18,0.0004418606792709375,0.0007732310204244578,0.0006485340038392528,0.0010141569203383047,0.00041172592235318075,0.0002736295480712136,0.00198823369067209,0.002875163374543945,0.0006571252663752291
2016-03-21,-0.0016684983418819737,-0.001866382564347902,0.0001549425025955556,1.5821090651290114e-06,-0.002044437064204664,-0.0023107288463746515,0.0007234786941734281,-0.00022881701469838853,0.0016315395311781778
2016-03-22,-0.0012694852042042667,-0.002045106547103539,0.0005009105165733165,-0.00076570063156724,-0.0016058974125973463,-0.0015362373755041644,-0.00026599741593121126,-0.0010765159246168743,0.0012811460086947844
2016-03-23,-0.006153923324527351,-0.0035866831786097934,-0.0034320821066045316,7.365525178431399e-05,-0.001746071108450512,-0.002264323177078002,-0.003331483452822996,-0.0020904457615982803,-0.00342522362080528
2016-03-24,-0.001582782566177597,-0.001963654366000524,1.0749874807213768e-05,-0.0009443122250267635,-0.0015297266853696668,-0.0015459264776815573,-0.00021730302420210564,-0.0006206805806082312,0.00012317680091661806
2016-03-28,0.0021897555647114805,0.002170338398507099,0.0007292268932262911,0.00032985076216520163,0.001865631932953382,0.0020632217540666755,0.00030337815247445774,0.0008745780442576276,-0.0005737762658980773
2016-03-29,0.009445928548038336,0.010736308356874497,0.007078404765592955,0.007730057754379582,0.009094601453661165,0.009728136502227338,0.004667200121562416,0.007743878724107892,0.006663953523391119
2016-03-30,0.002053875424114996,0.0015525681860935785,0.001628179826358691,0.0008904099683391363,-5.398121028312874e-05,-0.00029323078239120603,0.0022258291505064393,0.001998170718974035,0.0020427635339975905
2016-03-31,-0.0010189320561159172,0.00017545782668726252,-0.00014974412953165585,0.0011324977704148722,0.001400343696323455,0.0015483080487843912,-0.001227442154165078,-5.336216388019185e-05,-0.0006092456299317331
2016-04-01,-0.0009093540817229687,-0.0013180199627124646,0.003299911190332931,0.0012595920313993145,-0.0014713766498357034,-0.0015697708066848078,0.003457212408840191,0.003771404636746252,0.004459951376943642
2016-04-04,-0.0019423379635399706,-0.0004834644009690333,-0.0015298400076288235,0.0004789823229793672,0.00018971238246199692,2.528522355264703e-05,-0.0016422850986785528,-0.001416659262160027,-0.0016004936112788389
2016-04-05,-0.005956974063754113,-0.003895079370363411,-0.0045192804252828615,-0.000736369856227237,-0.000785905883264031,-0.0007711238288461388,-0.005066582691328294,-0.00422867850516192,-0.004053714701766321
2016-04-06,0.00498016747165139,0.0033278859417074595,0.005613812225579995,0.002445633937420267,0.0007543935589909129,0.000750118715727102,0.005522182200673712,0.005387547074044307,0.006887567877251628
2016-04-07,-0.005894966527078724,-0.003449454127584301,-0.005822319643510495,-0.0011558716117850375,-0.00016006359646874172,-0.00013114785858604468,-0.0060734714076063805,-0.004923683772658348,-0.006066205624683762
2016-04-08,0.005146674930419426,0.003562777838472364,0.000970127861959158,-0.0006606920340602729,0.0015647900842488127,0.0016677214369513749,0.0014592069751659942,0.0009399604665254468,-0.000344242098275771
2016-04-11,0.0021895045976516978,0.0012132301775063217,-0.001484370437700501,-0.0008712676510633393,0.0008562977452013051,0.001045651101386392,-0.0013123928381742094,-0.0015341272521235984,-0.0016208501230670568
2016-04-12,0.0054766242286412485,0.0034406938630620644,0.004506829323797975,0.0005510738353111599,0.0011636108063909191,0.0013468090126321876,0.005221757204117243,0.004140161664207182,0.003709953347327721
2016-04-13,0.004894327114315928,0.0032091329739404664,0.00438368996246878,0.0012999192897506543,0.00041283675796391367,0.00019201208436615065,0.00568668897945008,0.006597718269572342,0.005684016331632488
2016-04-14,-0.0023085238164747657,-0.002038789479695259,-0.0005495003333471052,-0.0002451136882697254,-0.0020866436717581877,-0.0024067218889068927,3.0861838024812475e-05,-0.00093003725324766,4.526803511992432e-05
2016-04-15,0.00032087680505356504,0.0014864293337977401,1.5258698692863376e-05,0.0010306609025566144,0.0022868561216334536,0.0024961039525512106,-0.0006211245749159439,0.0005228954245793963,-0.0011246458179439392
2016-04-18,0.003429498926556311,0.002419010723924106,0.003147982387346473,0.000541732199612973,0.0009987164559062379,0.001085223265119235,0.0039727017355053445,0.003989887474779003,0.0023872118494708016
2016-04-19,0.0058544529791674,0.0035862155838843226,-0.0005726192753885016,-0.0018280130267171563,0.0017436993790226328,0.0020396992941302296,0.0017902419036634732,0.0013166069232856438,-0.002734690081970768
2016-04-20,-0.0029683404100534845,-0.0038244708933450476,-0.0014142627774650903,-0.0016012114470029643,-0.00403443236005151,-0.004389045068219349,0.0005445337056655288,-0.001456599722392071,0.00036861122758097406
2016-04-21,-0.003875259510750446,-0.003612669109028915,-0.0029997342870626944,-0.0005915496042803404,-0.00275781352933295,-0.0030205216304992574,-0.003048348403571231,-0.004052540172347338,4.553556260319506e-05
2016-04-22,-0.002439476958487645,-0.001933845264615999,-0.002095209970291163,-0.0026611248929695147,-0.0010628381419283256,-0.0010789210156454036,3.954922581436303e-06,-0.0004441575652388494,-0.006737717668071842
2016-04-25,-0.0005600994283144737,-0.0008269857079456794,0.0004988361620547908,-0.0005610933551738223,-0.00022766555723236973,-2.1162652322571568e-05,-0.0009709668373575628,-0.0015293188116210351,5.5189011958099e-06
2016-04-26,0.002434359833563901,0.0011775274747152903,-0.0002911409043580777,-0.0014507493842263576,0.0003865046107538367,0.0005472153237907146,0.0008448362303529644,8.407119340667291e-05,-0.002149173444142083
2016-04-27,0.0015564089059860087,0.0025869159359282034,-0.001294604772076267,0.00036731996147022045,0.0025325900677240446,0.0025233967958425926,0.0011693995609891024,0.0035132644244257128,-0.003538796615375569
2016-04-28,-0.0019940994150460852,-0.0005872489371955985,-0.004689681416291977,-0.0006702338666488614,0.0013584672211514417,0.0015778643316744863,-0.0051390147321725725,-0.0043165465726584615,-0.005309823301415487
2016-04-29,-0.0008312509726464502,-0.0004592081127847981,-0.003219994333028339,-0.0003072897638617942,0.0004323962708310274,0.0005673680227184746,-0.003043070092808047,-0.003532048062639224,-0.002296746181252724
2016-05-02,0.0032367523581563443,0.001914959752623742,0.005293128183764762,0.0005601753235364007,0.0007403539220447427,0.0010036853020252254,0.004479226719393353,0.003783747884800601,0.004124489418916297
2016-05-03,-0.007343953067314684,-0.003514937309980838,-0.0036246820255688046,0.0008501080224912624,4.272695238382212e-05,-5.783823727771943e-05,-0.004913591241277986,-0.0030604139605657325,-0.004056925248358832
2016-05-04,-0.0040171908035456965,-0.002906676729666584,-0.0009888466450301168,-0.0011173515602400082,-0.0007822912940985933,-0.0006417297949315566,-0.0031361772107083544,-0.0027416347165935156,-0.0027967380047225587
2016-05-05,-0.00020579426232671783,0.0006028678423666535,0.00021187933084131094,0.0007741731301060467,0.000982887140145496,0.0009907854133114336,-0.00010622237844068539,0.000993904463027404,-0.00011934535890233141
2016-05-06,0.003197449866087225,0.0019039655334362462,0.0030681769800421825,0.00017226288407820426,0.0012542864521622678,0.0016371395005598673,0.002057456830624515,0.0013068649442849307,0.0023175777687004834
2016-05-09,-0.003235029733582917,-0.0007020763143540387,0.0025667702450087315,0.0012116843234879493,-7.778614575504328e-05,-0.00026704869356375394,0.0004283971991609903,0.001390832164212652,0.001612484801924552
2016-05-10,0.007865569141377876,0.004732706209493546,0.007970506443749472,0.0023005567090761104,0.0023837638588523635,0.002448304788975295,0.009727920179879007,0.010969020413935927,0.008744532589971234
2016-05-11,-0.004983067788158418,-0.0034031215608073726,-0.00891792430663817,-0.0018868028424187768,-0.002296889321482639,-0.0025600529513338487,-0.007334444539630369,-0.007481675144489202,-0.005793013248935783
2016-05-12,-0.0021238966345206787,-0.0022642414077688544,-0.0003937958538972287,-0.001891015324516826,-0.0019740900951085924,-0.0019751560619253976,0.00022947771050132334,-0.0013761604262828777,-0.002821383027634056
2016-05-13,-0.006161131991823431,-0.002930595080158862,-0.005155425495996861,-0.00014186949093359275,-0.0009835111424712371,-0.0011194281605183438,-0.006818521324701898,-0.005556819390598102,-0.002347012838247242
2016-05-16,0.007508070065715784,0.0032944923620312635,0.0082926142321333,0.0006586959184702621,0.0010499772267577928,0.0013044085293530937,0.0077098400323415625,0.006603917974578497,0.007979982717215669
2016-05-17,-0.006591180543534985,-0.00462547887151059,-0.009531209684087473,-0.0025555584687859175,-0.0033176974474282547,-0.0036156796286835866,-0.00730498726907326,-0.009173643685817079,-0.008028459671936876
2016-05-18,-0.004429025997973994,-0.005704512518705552,-0.0011539609740981306,-0.0031918293976491807,-0.0066803714133434715,-0.007195392000951607,0.0002313859037189435,-0.004587525560425027,0.00230062726683413
2016-05-19,-0.005198385621446277,-0.0026043400659780517,-0.004317601031660896,-0.0003068057023712544,-0.0014623429165419746,-0.0017371538671813087,-0.002704603184081687,-0.002538582920753074,-0.0033114037931894578
2016-05-20,0.0058714714880539936,0.0038617175341295103,0.006512709688852852,0.0021833542236539523,0.002403020388454968,0.0025341388201224183,0.0049351132160660675,0.006024654125491996,0.007021495036034828
2016-05-23,-0.0016951234472609717,-0.0010843328763210196,-0.0008042703593290028,-0.00041834826732550394,-0.0006590780329623645,-0.0007119873893123088,-0.0010623577871734658,-0.0008694149586661808,-0.0008360156689329681
2016-05-24,0.00966419306270873,0.004572459607095411,0.012012498360925347,0.0014357803585710622,0.0009898725552426818,0.0009871534408719652,0.01013471800855632,0.01062592502410944,0.012810387129860433
2016-05-25,0.005642160373379397,0.0038570471775080184,0.004329269857192738,0.0020277415595458693,0.0020510284953807133,0.0020071809566323557,0.005319268995689264,0.005804960370632974,0.00463446195218478
2016-05-26,0.002000166715283707,0.0021280844778359823,0.0012905619866973585,0.001614105404546897,0.0017868414386889777,0.0017359820201145982,0.0002276227384056237,0.0020493580850167955,0.0018951057168032257
2016-05-27,-0.0003020891369248437,-0.0010573707018566943,0.0037496012663710597,-0.0004591137482893938,-0.001366014999561071,-0.0013750684806255618,0.0033778278142781422,0.002718371797223074,0.0033659268797481563
2016-05-31,-0.005065499401848186,-0.0021563790996792075,-1.0271288739704676e-06,0.0011431827439936104,-0.0002709081049443134,-0.00024907791669436793,-0.0014921166128024927,-0.001046638115669738,0.0012390800111595473
2016-06-01,0.0027690718297882296,0.0005330552524261759,0.000783346904389431,-0.0013063957521557733,-0.00045977732297263667,-0.00042680627998281775,0.0016118731051854656,0.0016204711551665379,6.30071092184518e-05
2016-06-02,0.003045193747705516,0.003107130368151832,0.002348672764986376,0.0019165793667027255,0.0026392953832644495,0.0026651360346128276,0.002393943434246987,0.0045228495262663185,0.0013541146423299735
2016-06-03,0.00737206815477755,0.00712605404769951,-0.0017979064381208334,0.0027473727222781076,0.007175551317270791,0.007643541162952413,-0.0023460836481208895,0.0026960533869603972,-0.0030441888820993677
2016-06-06,0.0013408163500140205,4.8309125199053816e-05,0.0015634030987428551,-9.161658661415456e-05,-0.0008967629441022053,-0.0010109231211117497,0.004000691669856396,0.002988489330949401,0.0023560538516684206
2016-06-07,0.0035523564288764842,0.0023683762617294204,0.0005820631985025038,8.306320644193267e-05,0.0016783826843195996,0.001775226366898389,0.0012304448668112652,0.002216019676839946,-0.0016387736626264997
2016-06-08,0.005231271866967591,0.003063341983207568,0.0030590312752458715,0.0005021306499708444,0.002682249406533055,0.003078288824183817,0.003186244159856022,0.004136527342717189,0.001239970968808235
2016-06-09,-0.004398983411703316,-0.0015576832730372762,-0.0007546700559068646,0.0003273914518628424,4.916153249772381e-05,0.0001642631178612226,-0.0014553017954682908,-0.0004377051269581591,-0.0013293138163408531
2016-06-10,-0.015643276651755682,-0.006419101317340425,-0.009330970612815636,-0.000623389492160998,-0.001966137780075077,-0.002077519017132703,-0.010082430878998787,-0.008153122998357604,-0.009254517350868368
2016-06-13,-0.006709748281199482,-0.002728051164872079,-0.006409009794064515,-0.0008984012668825838,-0.0004174666892391662,-0.0003171089836858718,-0.008209404419862837,-0.007283577530142706,-0.006799507046757693
2016-06-14,-0.006225175052562926,-0.002921998034153916,-0.0013239373020805122,7.756542513351149e-05,-0.0013309100922739463,-0.0013850505883320318,-0.0020975882271824413,-0.0024853839678428795,2.0011169626457043e-06
2016-06-15,0.005373250128732399,0.004317248991134177,0.00022769774116729733,0.001915911342939681,0.004136094368602065,0.004416743755767788,-0.001487112300143898,0.0007362961689388297,-0.002331065641179845
2016-06-16,0.0014741251110277445,0.00016769211605336298,0.0035474640554863,-0.00016931621294220237,-0.0005575357067090864,-0.0006245309084079078,0.003174716959285959,0.00416786185702709,0.002415845384153298
2016-06-17,0.003894403182413548,0.0013983537582300297,-0.0065144547386532855,-0.0028949371977619216,0.000783269846100666,0.0010186571157305283,-0.003968631278138205,-0.00688777780792573,-0.009527332107077086
2016-06-20,0.011108733449210487,0.003985575272396062,0.005381451008175435,-0.0006994420710861825,0.0004517432359092546,0.00044924415226143676,0.006855255579608313,0.0039196127540418275,0.0051058686763689265
2016-06-21,0.002053889901413001,-0.00025201885278610346,0.003194539476982209,-0.0010414467763345467,-0.0017746725034279431,-0.002015323131115396,0.003018423389865011,0.0014493660137590923,0.00257889543468105
2016-06-22,0.0007927966783495982,0.0009724166838470861,-0.0019347181743608183,0.0004665727149135323,0.0009169172410184632,0.0008734378177502871,-0.0017391186040111577,-0.0003795935580264969,-0.0019633510638579887
2016-06-23,0.014636944290002837,0.006030421806967441,0.011960959838788742,0.00114124770336814,0.0016824839952015074,0.0017511248143098584,0.013858283570784492,0.011098290200735257,0.011590564539167816
2016-06-24,-0.043959198938326505,-0.0169486726417567,-0.032711867069093056,-0.001487623181236233,-0.0019513382545859061,-0.0015429397184124527,-0.03819509255380598,-0.03049770185977278,-0.03354164016583831
2016-06-27,-0.012585672007949454,-0.004469223704476683,-0.014883543245826077,-0.0009952687244003213,-6.317908095964024e-05,-6.0103413394902617e-05,-0.01909672261339552,-0.013492845993332305,-0.01603428064870503
2016-06-28,0.01967238599679555,0.009902434565253592,0.020354274857265767,0.004560249452090339,0.005127451015885941,0.005384970359187064,0.019248099979404187,0.020166973168228384,0.017638242488234097
2016-06-29,0.01574797271931943,0.006701839807665859,0.016371924072255146,0.0018582126285284334,0.002902584054779204,0.003311595881174948,0.018149988616912128,0.015900376572365187,0.01431569075915936
2016-06-30,0.013534952168617711,0.00758520564655603,0.012230594597870422,0.0034095042151078515,0.004795099950502767,0.0051105443191768705,0.014528366298754787,0.017069726876318116,0.009384149037591622
2016-07-01,0.005081369833050035,0.0031704237281106012,0.0028904479169365323,0.0020604913139117484,0.002782999682462817,0.0030670330443492645,0.002231944580467424,0.00434520309141379,0.004082956273315894
2016-07-05,-0.008285557989350396,-0.0025819238928803646,-0.002936538359669984,0.0006983517933699293,0.0009085051974234219,0.001215429787084881,-0.0076560966629509045,-0.003906920049353068,-0.004965435319704322
2016-07-06,0.00022691166437598491,-0.0003471013781367162,0.004673063366832277,0.0008355068262725731,-0.0005023931677418324,-0.0004580888872969587,0.0063808666329752545,0.006794752160733528,0.006658213023867981
2016-07-07,-0.003894049111544848,-0.002705696912285662,-0.0012849094012697202,-0.0005041640498303211,-0.002521078282057942,-0.002787487989888396,-0.0006631395164602793,-0.0017522345871960052,0.002406475014842387
2016-07-08,0.009772591488874216,0.0075952582774523325,0.012151801104342885,0.004840813270811095,0.004699679219248187,0.00519821760150041,0.01073374526357207,0.013616005433453537,0.009414173022777916
2016-07-11,0.0034968298184790718,0.0003201125065656983,0.004571055981756247,-0.003139910782935683,-0.0016048988610343309,-0.0015575796724262118,0.002631737287708233,2.6403871269504844e-05,0.003572202548671033
2016-07-12,0.003912483046354216,0.001284440904827195,0.0027667116277112543,-0.003117638261186901,-0.0013228637293073839,-0.0015812557294739684,0.005421097274048379,0.0029507678227524356,0.003164141722139789
2016-07-13,0.0012194319790337334,0.0015370655594119805,0.0009805881327620675,0.001281969028772116,0.0019171686803134572,0.0021953970796437503,-0.00010134924120986975,0.0013108058596218916,-0.0015141467206326224
2016-07-14,0.0025049295187791697,0.00024050613254710145,0.00022112289799533583,-0.0015049876454707755,-0.0018039982625810346,-0.002087174756166175,0.0041755565901931595,0.002512968576595607,0.004286063002689154
2016-07-15,-0.0023699965456662727,-0.002782827661367731,-0.0006306135926266026,-0.003776408030515183,-0.0023484675389134567,-0.002384801122824888,-0.0010007854741561383,-0.0033537137999842246,-0.0010048552450343845
2016-07-18,0.0026609296403281566,0.002571557386885039,0.0034424128719268967,0.002407625449170234,0.0018175622090852135,0.0018971621693646766,0.0020135931349373826,0.002193984546872423,0.004159700142857153
2016-07-19,-0.002367178624749342,-0.0010474316383156045,0.00021593870230693062,0.000841269346874389,0.00026705541621847894,0.00036688662987536364,-0.0007580476959269417,0.0005832254748876617,-0.0022878762809532085
2016-07-20,0.002114588222391895,0.0005535374717459178,0.0045003122049993415,0.0016955520020343572,-0.001118442597079604,-0.001350995741064161,0.0031188593577363873,0.0024890097526255876,0.007346573115075918
2016-07-21,0.00044114783875456496,0.001484179424173371,-0.0007209199629013666,0.0015035221135660853,0.0023490205786335684,0.0026434267253964386,-0.0028266544296200544,-0.002104006989024568,-0.0014417032623904428
2016-07-22,0.001625346146025959,0.0006651570861877257,0.004913363693812399,0.00034748288208404874,-3.0652769535788164e-05,4.364504914154269e-05,0.003360203254655731,0.0034733179070887267,0.0026234995702136403
2016-07-25,-0.0019344067587276942,-0.0024392340385029987,-0.001006350813984988,-0.0012780143300174939,-0.00226463834550005,-0.0024148651993605463,-0.0020318502157103805,-0.0028639913841588013,6.0114856521115813e-05
2016-07-26,0.001451534818762461,0.0010871807269654007,-0.0011373044901915332,0.0008757001788496686,0.0005785059589451761,0.0005489501860847805,0.0003487300108883362,0.0007336964164101005,0.0007270707030877908
2016-07-27,0.003558542353963759,0.003808625446545624,-0.0004065754385367477,0.005918607542008247,0.0031889596091627527,0.0032893976602797925,-0.0007913910186208549,0.001441706476007936,0.004391091696061875
2016-07-28,0.0009521957110701831,0.0006828006602149512,0.0043049142476366715,0.0013344530356122677,0.000592752526209503,0.0007436565467331985,0.0008667669804139284,0.0012917298997353638,0.0022150653221978647
2016-07-29,0.004926595537774009,0.005644551676993009,0.005057271014728266,0.004617663751330169,0.005282552375832676,0.005706784687815579,0.0012118747226566625,0.0035386484359109303,0.0013831661799967036
2016-08-01,-0.0018425019722506312,-0.002037503685254472,0.0023060253222886027,-0.0011738994667487342,-0.0014892380679338525,-0.0013777447811865798,-0.0006180634458284738,-0.002698092581270575,0.003364381666894968
2016-08-02,-0.0031673612572100628,-0.003268275344004039,-0.008688603633502495,-0.004541973783755189,-0.0025806993782098715,-0.0027596003311576266,-0.004796315644838288,-0.006996567223509292,-0.004827051159198502
2016-08-03,-0.0006334112881838298,-0.00029057440415473684,-0.00030788466817901626,0.0015037763278976327,-0.0005156238475697798,-0.0007457033926770207,0.0021882129162987336,0.002847286731637519,0.002100330930556904
2016-08-04,0.0016294417851437243,0.0022074888971892214,-0.00018486947092456158,0.0032626728634709908,0.00175975074623437,0.0016691518561338106,0.0007989957181769044,0.002265553756717193,0.001820468602553316
2016-08-05,0.0014552339614280782,-0.0015677796926756823,0.004711201404510252,-0.0027631977521856833,-0.0035766108297753474,-0.0038106926223182612,0.0061251209525780064,0.003660582420444796,0.006103796072003733
2016-08-08,0.0008951516926103409,-5.1242272617990636e-05,9.477475998154183e-05,-0.0023847628912083696,-0.00038393259678903835,-0.00034170261992416684,-0.000473381908926096,-0.000948216029966642,-0.0007376331782825707
2016-08-09,0.0037417692968366644,0.0037160869754399462,0.0027000175378781924,0.005278422421702789,0.003096001107714942,0.00327108570414042,0.00046065445153693795,0.0026613592166994703,0.0015146975971736688
2016-08-10,0.0008773025969948128,0.0014027740698147008,-0.0016439380394662117,0.0019915678003707255,0.0015343955176981504,0.0015738943551161406,-0.001899661348999141,-0.0006437120943201597,-0.0016723039725431276
2016-08-11,0.0013298787901605516,-0.0011699101487019621,-0.0016106237596405651,-0.003912218631001725,-0.0029325967467680987,-0.003256440949026458,0.0035669159295144436,0.0012449560356805735,0.002802317929126098
2016-08-12,9.946144579051755e-05,0.0014253927099643856,0.0014993185142714337,0.00457229589512145,0.001817977495034198,0.0018167091022239048,-0.0006652292426078146,0.001334376737745442,0.000450101493452472
2016-08-15,0.0020487153359091278,0.000672384983694732,0.001588673161658562,-0.0015163379673187834,-0.0002127741077956433,-0.00012557381783220883,0.0022197145206303472,0.0008013294894350812,0.0027935493949570018
2016-08-16,-0.0019332116047252727,-0.0022792643310928303,-0.006735646236567796,-0.004614875462523577,-0.0019576983237611736,-0.0021059934375845793,-0.003965270886134301,-0.005686912807264521,-0.003612098869657259
2016-08-17,5.45597075019475e-05,0.00036308643212184643,0.002269500215447878,0.0025758185749532067,0.0005650511557688912,0.0006497531834488772,0.0014482389487705874,0.0026374785610420123,0.0011765277129886832
2016-08-18,0.0029299475249670707,0.002985965634992395,-0.000763106325284159,0.0023667733784779833,0.0022010099090825895,0.0021911522761772577,0.0017277564315003205,0.0030676543700315275,0.00017161308861173694
2016-08-19,-0.004177284240133326,-0.004594160925476696,-0.0024567029587773495,-0.004363503533014729,-0.00410622176982663,-0.004391062513476319,-0.0011219486522268112,-0.0033728661653166965,-0.0001633563491052394
2016-08-22,-0.0006896939091482591,7.873236670490744e-05,0.0020483181661632628,0.002861072642938951,0.000610480214498218,0.000677058840562112,-3.246827165510739e-05,0.001273983790550055,0.0005058762746303251
2016-08-23,0.0011935454293119797,0.0009406234845975649,0.0011338952011463613,0.0007114692329659234,0.0005040193866451852,0.0005144874861385193,0.0015508235257527458,0.001733722298207122,0.0011744502406023337
2016-08-24,-0.0028872418865898545,-0.0026568346363447515,-0.004504723646915588,-0.003492687326219688,-0.0022265657890517404,-0.0025580989214899633,-0.003931440386229162,-0.0048465504335516,-0.004226556032320717
2016-08-25,-0.0007176659676019025,-0.0011526415935087743,0.0008328651116141169,-0.002748293669805446,-0.0008813325202476447,-0.0007786584321706673,-0.0005258186207004726,-0.001613488179957009,-0.0010576525846056127
2016-08-26,-0.0033578129849774147,-0.004105754438082167,-0.003114053681896022,-0.0041214626233216515,-0.003773372010014754,-0.003974623365065028,-0.001443532569604401,-0.004038748736806131,0.0009560003698941533
2016-08-29,0.0035296804624710843,0.0038273222496252343,0.004560475236500161,0.00547757442033147,0.0033427517683268172,0.003568319014041099,0.0037839793703631905,0.006907272321692946,0.0008991673013875483
2016-08-30,-0.0020054154983743153,-0.001426498758005047,-0.002008464039593449,-0.001582103751944905,-0.0011515403959404993,-0.00141637320928236,-0.001264465055017587,-0.0015665028145311196,-0.002118246406146228
2016-08-31,-0.0020257414294434493,-0.0017237979414064905,-0.0004885717953726116,-0.0018807177306326358,-0.0011014931603145488,-0.001117221338570894,-0.0021822367417272436,-0.0032886842106038643,-0.0006669974634278847
2016-09-01,0.0027031467206875314,0.002502184845436639,5.4857317032923094e-05,0.003086881109792435,0.001778353759257512,0.0017904298921196723,3.849348808240016e-05,0.000960085592819949,0.0016847704813862917
2016-09-02,0.007045424564375711,0.004474028873446236,0.004743815220461596,-0.0014975824355031315,0.002544613929804454,0.0029958527432689115,0.003464435563380198,0.0024704871429614985,0.0021299387636755916
2016-09-06,0.006464518730952508,0.006027857487739667,0.005184889096494808,0.00834219483666259,0.005109383941023469,0.005601882554344955,0.002326101824401295,0.005500770622399763,0.004077851652297744
2016-09-07,-0.00036774552402896177,-0.0001234391125991552,0.0023446938740459,0.0005429162734962301,0.00013426242432523772,0.0001919555235148085,-0.00012630766656396286,0.00013516983967654106,0.00036767143377147704
2016-09-08,-0.003617861688131503,-0.004208006400385606,-0.007176056309453108,-0.0107770555318529,-0.0040850637387130195,-0.004423844667529723,-0.0018760158980924181,-0.005319848555603132,-0.004189923110944523
2016-09-09,-0.01765129103757388,-0.013405893302642344,-0.028584255912962094,-0.021805010530087005,-0.009335841123673454,-0.010391311178093858,-0.01968099547216472,-0.02590112168505087,-0.01800208493027986
2016-09-12,0.0064048842446874955,0.005111814367774212,0.013760186319621625,0.010792253650338734,0.0032082851809039446,0.0034530009992469386,0.011750341977335947,0.014277005961107555,0.012746374841001445
2016-09-13,-0.01261973796144635,-0.009536449922734145,-0.015275291329276094,-0.011411682626251106,-0.006680053054941592,-0.0073888227870141385,-0.011798541358774737,-0.01614925774636916,-0.006378875530656305
2016-09-14,0.0015347777572874434,0.002076173148522643,0.0028966471435093524,0.005838297319754143,0.0020449985539210446,0.0021552112167277904,-0.0003049673050010453,0.0010736220649593634,0.0034009871748245176
2016-09-15,0.0059132018134589424,0.004967624235873045,0.00913076537338407,0.008253715407090476,0.0028167419452131016,0.0027619702245906164,0.008183715802878834,0.009708617872504656,0.011084050365233588
2016-09-16,-0.004696724582003142,-0.0034137985425132735,-0.0007356548202110219,0.0013185563142228676,-0.0019077548695684685,-0.0019601622059609667,-0.003168445564218814,-0.0030357412709375834,-0.0003386668493306611
2016-09-19,0.0027943383583686407,0.0011825094702590784,0.001661473303317986,-0.004171710984316109,0.0006078762693932886,0.0008788649407462548,0.00015602278899840864,-0.0009562367661442313,-0.0031104728716321705
2016-09-20,0.0005734686391313903,0.00022055718551538056,0.00016987460017954195,0.0030367792775309616,3.9580459290707656e-05,2.838117459606456e-05,4.0367358222166125e-05,0.0010030058007198116,0.001350826668417646
2016-09-21,0.010426441211877404,0.00745773299294662,0.010509225346756084,0.007971845161567698,0.0050609976154725785,0.005672350351265153,0.009219230973448227,0.011776329677950144,0.007036608059154047
2016-09-22,0.006867324399679202,0.00477562220633002,0.010720308545367882,0.009300325736757655,0.003320565577737449,0.0037826386264134164,0.005176448665887726,0.00789414115324691,0.005711267374472894
2016-09-23,-0.0034967482416949805,-0.0014882303785888962,-0.0023066703121036314,-0.0023828423854470263,7.63543840222184e-05,0.00011364771254123297,-0.004504094096683516,-0.004974019815380004,-0.004587838888449905
2016-09-26,-0.004860872829796376,-0.00207227268089349,-0.0037750472360576987,0.00010873057185408107,4.008296834230831e-05,1.0712810499736677e-05,-0.006653533275781718,-0.0059270363876365835,-0.006003636937743825
2016-09-27,0.0015362856220702832,0.0012411939749592507,0.0009122579730137668,0.0066113110042863655,-4.757946137353942e-05,-0.00044138694564041064,0.0050939370237533844,0.006976257693084539,0.007083183276087801
2016-09-28,0.004278393104650637,0.0025347779718124675,0.004574812649496415,0.0006316295237501991,0.0012044952172189385,0.0013478027731910027,0.004077463098517616,0.004406370542005973,0.0012152096874714748
2016-09-29,-0.007365956456919874,-0.0044565866937653275,-0.009329564289165808,-0.003527776861214439,-0.002364034268277994,-0.002736923755966093,-0.007433595330917787,-0.008242868943537426,-0.005202992364319169
2016-09-30,0.0029786491923954016,0.00044467581290371755,0.001699387440716833,-0.00041891339806758717,-0.0014105755303047219,-0.001567483014665554,0.006193761451454407,0.005538127498887262,0.005358186477162645
2016-10-03,-0.002522658237771532,-0.002501232876535645,-0.007797334574113067,-0.00524382124320083,-0.0026466215277168984,-0.0030992884853726925,-0.001973010081661731,-0.003809968099291003,-0.0010253515535541744
2016-10-04,-0.006689320629766132,-0.0065179198391451055,-0.006448379949779169,-0.008248065799319807,-0.0066240614927301706,-0.007602051660912837,-0.004184236561110236,-0.007826020373351077,-0.0010870858937516079
2016-10-05,0.000440167474898147,-0.00109171169253818,-0.005046904612467482,-0.002748702238610519,-0.0024272145373752767,-0.002854247422090993,0.0036332879574672468,0.0027565012926001995,0.0025512089303421745
2016-10-06,-0.003644146204684673,-0.0019598605505957156,3.6262745445769795e-05,-0.0034549041410041337,-0.0016539493366632962,-0.0018486095323553275,0.0004887612093948945,-0.0007523735451578917,-0.000732904986499916
2016-10-07,-0.0038865253667247617,-0.00122735536067996,-0.002064880909095216,0.0008302441866406943,-0.00012338669083098168,-0.0001816451693788319,-0.003699108746907436,-0.0024628330970524917,-0.002111514708383343
2016-10-10,0.004406445212421614,0.0012419502515963554,0.005581171022991998,-0.00035084521160651347,0.00024766860126799534,0.0005104114468001391,0.005609022004710032,0.0033676260919824684,0.006106525141213009
2016-10-11,-0.013529033118278452,-0.006850896797135405,-0.011151062284775545,-0.008385095441496475,-0.00397420320130466,-0.004330994820583108,-0.013609423959656529,-0.012658256395751053,-0.013756257069599669
2016-10-12,0.0009270583779925169,0.0006029355239939576,0.004173697254103561,-0.0005257170493985468,0.0009097780017602132,0.001203167958869659,0.001410529195467881,0.0012579915322922229,-0.0008200703362995472
2016-10-13,-0.0014536823253515228,0.00012749491313126992,0.0010152916633835263,0.0010111309027689298,0.001152924767997991,0.00134952985234013,-0.0035356018722636014,-0.001883929071775797,-0.0034484966186820666
2016-10-14,-0.0013441567835950669,-0.0015123934084633425,-0.0011309576529420786,-0.003885836606710554,-0.001837744341419661,-0.002031389963339713,0.0005530875574405895,-0.0015652997743315705,0.0011542084948496438
2016-10-17,-0.000978775063530847,0.0008256937713671415,-0.0008206748064676911,0.0016174071883516073,0.001602867885258522,0.0016581864453459841,-0.003748933183931806,-0.0020167466160871126,-0.0026333586189836843
2016-10-18,0.009866418494012003,0.005393385836864674,0.006768890926808738,0.007765188857442292,0.0035830358263498796,0.003858382127829696,0.006751211835697205,0.007457258458772165,0.008582800775803595
2016-10-19,0.0031218484953129603,0.0015512528396322838,0.0012609344586413627,0.0005564615114098594,0.0011191862309295891,0.0012962006988825922,0.0028719098090570477,0.0028881260628905005,-8.106955250637817e-05
2016-10-20,-0.0016727120088088018,-0.00163652293208116,-0.001620647767166986,-0.002022207464713895,-0.001561403696652794,-0.0016575964626134386,-0.0020166181834527725,-0.0024662748813427497,-0.001145298735389306
2016-10-21,-0.00040620697858816514,0.0002321839081448518,6.259172288464431e-05,0.003589040131053174,0.0002694663800935981,0.00018395764613231784,0.0005000802182749148,0.001143163674324603,0.0036053293920901962
2016-10-24,0.002508073078841275,0.0006452990896162382,0.006023653945201958,0.004613902648481901,-0.00022858956968441609,-0.00019419320320472673,0.004580944029743849,0.0032531576320755876,0.01159173225544432
2016-10-25,-0.0004229075763822483,-0.0003061603258808683,-0.0024458376407703107,-0.002081393298422214,9.262008332489477e-05,0.00021404741224631825,-0.0036152867382434877,-0.003451195185513003,-0.0030661880367817682
2016-10-26,-0.006914527648579087,-0.004235212969385118,-0.007720074915035264,-0.006965752022003987,-0.0034804674288203235,-0.003885337009500656,-0.0021688983259824,-0.0034431524031546573,-0.006555748053609336
2016-10-27,-0.006045512323413645,-0.003403199728073033,-0.011865026389541455,-0.007589385095516207,-0.0030727794828343652,-0.003623610405561674,-0.0028794704387082987,-0.004937813319511417,-0.004399049717916269
2016-10-28,-0.0003635224948189617,-0.00021806743857760483,-0.0020104372227351982,-0.003286406305177692,0.00025708788648752214,0.00040883238574379984,-0.003191338961732965,-0.0028335964706587397,-0.006055568319425952
2016-10-31,0.003111759140151667,0.0026029363881064638,0.005627700955676506,0.0006223852809577282,0.0028339836778521,0.0032309525013136746,4.652374347051531e-05,0.0005551093296372031,-0.0009052863647259319
2016-11-01,-0.006465678257036871,-0.0033622225810026156,-0.012147398301105266,-0.0041719105426872545,-0.0022986447487322505,-0.0026596948762446435,-0.007819824539318293,-0.0071647447801836085,-0.0072512149256331385
2016-11-02,-0.005860437872391954,-0.0017605654632814232,-0.009423744931479681,-6.650604951100955e-05,-0.0002421131049676836,-0.0004578151873610267,-0.006500695245941402,-0.003970345034184872,-0.007719382457579171
2016-11-03,-0.002887190944996366,-0.0015062769234245412,-0.00728934848081518,-0.00637345111832933,-0.0007908110205634379,-0.000847977981768477,-0.00494724310492353,-0.0049743437792293356,-0.009452791336032664
2016-11-04,-0.003007131555774034,-0.0004734529288730194,0.0012352935453587843,0.0009837579277878206,0.0009253405258466962,0.0010730285550475394,-0.00118680230467616,0.0007937897478802469,-0.0032209877078440696
2016-11-07,0.014042474254727955,0.006184348172058819,0.017653533893921266,0.004954764609760254,0.0018351903093488363,0.0019188097424874644,0.022758096389963685,0.01821254648770013,0.021405156419953338
2016-11-08,0.0029719555973812526,-0.0002773648986805566,0.004752676285460207,-0.001679408603355333,-0.0014902947056450336,-0.001383378657965083,0.0046427181409352935,0.002051435649972789,0.005900059618785729
2016-11-09,-0.005221906479132765,-0.0061078558797781615,-0.0017883162833890662,-0.015112578039187703,-0.006800676113669838,-0.007017680670418785,0.010928627761902693,0.0006798426322644691,0.004168287619694926
2016-11-10,-0.011293269488847471,-0.007184946113486135,-0.010694075173756683,-0.013606729680072645,-0.005992061028737976,-0.006674865772830299,0.00257068860222672,-0.0012832251819334145,-0.014597134427315537
2016-11-11,-0.007735482143119659,-0.0041883099519887486,0.0017567683332793671,-0.002091726405517746,-0.002961784958129072,-0.0033111751823146976,-0.0023773535369396802,-0.003497199657026601,0.00039182811533880013
2016-11-14,-0.002871460930875972,-0.003948108999877119,0.004649000312452801,-0.011436478522816209,-0.0030993384533089335,-0.0026446453384523136,0.0008076894995224757,-0.002774793570583919,-0.009117372665617227
2016-11-15,0.007092962863637216,0.004004975964300282,0.0031294634401601976,0.006066356703537298,0.0020354974535166373,0.002030274514032513,0.00804030585861757,0.007537513664504057,0.012509047566827802
2016-11-16,-0.00439887147521795,-0.0021678652871614003,0.0007066018954458126,0.0034559278938650602,-0.001278233271900891,-0.001422256169672672,-0.0019374122041560596,-0.0012949911444201205,0.0053626691884951045
2016-11-17,0.0005175533886344781,-0.0005985055751484959,-7.12798040513547e-05,-0.0017252425094412024,-0.0017888913761935261,-0.0020975209946655633,0.005295221005011499,0.0023101511920702636,0.006569656082837893
2016-11-18,-0.005676631724429219,-0.004238741000490902,-0.0006882847115253782,-0.006757947248084802,-0.0033147516466290505,-0.0033972916868541,-0.002306679112533053,-0.004846298173757542,-0.0033761428785048396
2016-11-21,0.0068775453496818595,0.0034384653593158335,0.0038338948101474006,0.005351444974291634,0.001529964751839364,0.001559531149927151,0.0077791792563792475,0.007839906955711332,0.009399453786210477
2016-11-22,0.005863907574424012,0.0028627016055792595,0.007199099317958887,0.002168662401730141,0.002075903721916146,0.0024952522951656483,0.0020103361137004897,0.0024309027846284303,0.0027494134216298257
2016-11-23,-0.006804366416556576,-0.004837452949635417,-0.002703160511777496,-0.005994046736232692,-0.004382289992239086,-0.004868912043801976,0.0005585892798171574,-0.001624994125997297,-0.0036514526981600076
2016-11-25,0.0029100978842456528,0.001184983614052898,0.003670708624654248,0.00037825395925927493,0.00032062388906912683,0.0003592158094109582,0.0038253342779023102,0.003092445955233941,0.00290464285542302
2016-11-28,-0.0010292791479160337,0.0009015360864984698,-3.8349891482574835e-05,0.004127046485336642,0.00225059457189105,0.002518838039567008,-0.004837354490243398,-0.0019461379697424193,-0.0020545222325758735
2016-11-29,0.003919339733842169,0.002254060562227365,0.00473395571486466,0.0026380050130280753,0.001516231136878559,0.0016462933432842403,0.002007429653994431,0.0024822200981807767,0.003130760844168264
2016-11-30,-0.005854866190044509,-0.004786164635321275,-0.008388297446447094,-0.012753804047210162,-0.004644915666193904,-0.005152941428948464,-0.0024732240505036945,-0.0063257194872601745,-0.010953655640010974
2016-12-01,-0.007554157558770459,-0.005276019314480194,-0.011426093374195527,-0.012033630564703907,-0.0042086701783749245,-0.004575850422197127,-0.003788016720244617,-0.005878934969164472,-0.01561376473383551
2016-12-02,0.004498626813907183,0.004308400071518644,0.0041133538350124005,0.006255114633000644,0.004229225907249582,0.004516422686631436,0.0005145687827447492,0.0031119308169339334,0.0017996261800522011
2016-12-05,0.00707728916015052,0.0034681417518996906,0.006150700224352848,0.002920075942495223,0.0016135032325061006,0.0017032512360459194,0.006188383828307742,0.00561500379224599,0.007021839825903246
2016-12-06,0.004203227589551606,0.00181247270025775,0.0035071063427307703,0.0012114187411549349,0.0008729863027070461,0.00101606436621271,0.0031466910959636607,0.003283309470166973,0.0017072286790082991
2016-12-07,0.01335324761800765,0.007915994510362801,0.01320053111700175,0.012592538380007215,0.005482163733693833,0.006037314224122086,0.013109448501208175,0.015263759261829312,0.00971231983831021
2016-12-08,0.00016724337707549745,-0.0005111944278787503,0.0033517955412368937,-0.003403755518401695,-0.0006404569100816714,-0.0004968242440610168,0.0024536799873398378,-8.642214484638985e-05,0.0013687048169140792
2016-12-09,-0.00034542118662170404,-0.0010046663140588846,0.003280774210035693,-0.0027580916334436854,-0.0018792905700637519,-0.002102793849826949,0.0060532873052329215,0.0026426011324074284,0.006038063225649011
2016-12-12,-0.0005682505518217917,-0.0006389337345685397,0.0005307947375427736,-0.0012328600190369685,-5.711022800312331e-05,0.00019976469917589002,-0.0011503419501127357,-0.0010672376056575909,-0.0034774409400088863
2016-12-13,0.006100778851272685,0.0029865635696444243,0.005190374494205134,0.006487040803134679,0.0010821864767621518,0.001015328411629379,0.0066886001075481295,0.007036391331865271,0.00971113262888165
2016-12-14,-0.015011660613080511,-0.01137680509607108,-0.009511254026875842,-0.014527382069357487,-0.009806623021079677,-0.01056740221859631,-0.008271807611169241,-0.013701110087106744,-0.001597371756472619
2016-12-15,-0.0020259334434760646,-0.0021729213060259407,-0.0007303602459434946,-0.0025878580359006,-0.002797314944397007,-0.00321303031851081,0.004125415293646611,0.0023002260804582853,0.0012243465323734971
2016-12-16,0.0026481551470149524,0.0022105389081424837,0.00340725359159092,0.0007376123714052406,0.0026574158666263395,0.0031409127876656563,-0.0019599260237637022,-0.0012046020120217804,-0.0028568238456744637
2016-12-19,0.001433527248831844,0.0022383622739479414,0.005392967080898424,0.008521250269070142,0.002833989372940167,0.003156900721077849,0.002181997448440035,0.005164126716587123,0.0031643379171182513
2016-12-20,0.001490810370661763,0.0005523297991806427,0.0027186609859766783,-0.00045183908686508337,-0.00021892273419014342,-0.00031495902792475075,0.00386572766900167,0.0024779934222511264,0.0029617016206321327
2016-12-21,-0.0020819602375955724,-0.0005373859932073149,-0.005863159474240774,0.000239283173910029,-0.0004255445093895586,-0.0008198609220617261,-0.002788933904450819,-0.0017914825000053124,-0.0005722559260812128
2016-12-22,-0.0034862006584736446,-0.0015602219031566813,-0.0018106947250836364,-0.0020884818355308005,-0.0007822226613843548,-0.0008953917397417181,-0.001730965696420347,-0.0020605848045203673,-0.002175594457127963
2016-12-23,0.0026206272357255805,0.001429980727993848,0.0013521296719392602,0.001891611736696256,0.0010322558181113768,0.001167173376608058,0.0014669822348380747,0.0020613143636037333,0.000518821940326716
2016-12-27,0.002630442196972501,0.0006276179479348573,0.0028820185663173507,0.0005858365882516221,4.0283239531039406e-05,0.0002618026530304434,0.0024864832139183087,0.0015270699781488378,0.0039869782841597
2016-12-28,-0.002718397212039112,-0.0007609807030145281,-0.006074319032742186,-0.00026778888339204477,0.00025145500385151273,0.00011688050865161595,-0.00828270142688893,-0.006013481163898841,-0.006009085264023646
2016-12-29,0.007545045439009309,0.005575389182263774,0.0036597149576897536,0.004116969072323306,0.00512297188512106,0.005671637193925031,-0.00022311966090835309,0.001740805365756196,-0.001090023845413581
2016-12-30,0.00021781548850039324,0.0008182296001919998,0.000200999764145453,0.0001448795434516455,0.0014040039730336656,0.0015280720777566294,-0.003663006725949492,-0.00177394523105944,-0.00792087371086459
2017-01-03,0.005823788619260857,0.0020469184183443873,0.005398606045312616,0.004256859535806919,0.0006696130336367885,0.0009855495933165515,0.0076663303622811025,0.007316474711849955,0.006889441056728513
2017-01-04,0.00721397384116585,0.004302933914310165,0.00783220712342033,0.005487256897732357,0.00321912657466567,0.0036571472292794807,0.005961838439198382,0.006672984852435984,0.004197581999827629
2017-01-05,0.007381219298092132,0.0055334791793176415,0.0028745259835592308,0.01026855898899089,0.004903609444772004,0.005276548258099943,-0.0007961400611109639,0.0033612744232042334,0.004372625167090941
2017-01-06,-0.0018933440998059048,-0.002463111717611932,0.0037993321747795683,-0.002041012202126158,-0.0028689517613977866,-0.0029770470161400997,0.003929381377238084,0.0003238290442597602,0.007069067923288097
2017-01-09,-0.0011367798332864402,0.0009667196255591885,-0.002644608681102055,0.004645342806702987,0.001605249986227553,0.0015203810525245582,-0.003766081707961783,-0.0009434388176410382,0.002664886333031983
2017-01-10,0.0006305750821316371,-0.0003274768396645119,-0.0022285156303602175,-0.0006474819864160443,-0.0007657503723483167,-0.0008398406735231204,-8.355549723380271e-06,-0.00041163833423761716,0.0017954045552407154
2017-01-11,0.004129365117051594,0.002534195080842992,-0.0006869339740395541,0.0018232883854350293,0.001516148459448721,0.0014338301629555135,0.003210415078646261,0.004013033528921403,0.0021894770721230263
2017-01-12,0.0017757063821475314,0.001282081491716853,0.0007799742939459228,0.00045854348296791225,0.0013731278106376315,0.0015597158170261817,-0.0028659840144456225,-0.00246972353390042,-0.0012518975449445561
2017-01-13,0.0014405898369949052,-0.00019807251127618668,0.0011574442602845854,-0.0012634271555801461,-0.0007659881305925461,-0.0006948333183153335,0.0026063846324518736,0.0009027972952606757,0.0027831813521429073
2017-01-17,0.003090257234239809,0.003123619864931302,0.0009995185659332762,0.005346024702897388,0.0038246370257695103,0.004283139816028532,-0.004020580288938987,-0.00026548600951685193,-0.0024375942038038206
2017-01-18,-0.0035066196375052,-0.003791503039507771,0.0017435013017152873,-0.007247699331582356,-0.003889703365987395,-0.0039705942929799684,0.0025089390095086855,-0.0029159684813686087,0.0016576836682425464
2017-01-19,-0.003700952987172845,-0.0029256398619047237,-0.00447107489378822,-0.005997576538982432,-0.0027391870499176183,-0.0029614750379354095,-0.0042275612711192975,-0.007134114595238019,-0.00039226977445072745
2017-01-20,0.003668654545072449,0.002612935652686589,0.004043359840366168,0.0023893467019543697,0.0022131293607803725,0.0024195573487422687,0.004178499004369125,0.0045005915215680726,0.0017875518940078988
2017-01-23,0.006317301853038145,0.004778993042761939,0.002819620564890543,0.007316358400279906,0.004415829345355481,0.004700788717355307,-0.002972264370411293,0.0009333067260759643,0.0006633592819187961
2017-01-24,0.0018293513984404893,-0.0003618757735923653,0.003700336531461937,-0.0014313611065118052,-0.0014551823765975229,-0.001495939493473684,0.007297601507280944,0.004358768710884164,0.0054737457157584025
2017-01-25,0.004485184730536673,0.0010016521820914866,0.0029214173801201246,-0.0020375176162549784,-0.0012452256010133278,-0.001529421295442144,0.009845027584510018,0.006081703478370325,0.008196487922110461
2017-01-26,-0.00405737756723326,-0.0016844958961148172,-0.0004801919008353434,0.0017055620354727318,-0.0010931959779878055,-0.001384734404679241,-0.001196515808589754,-0.00025003387218230856,0.0008489600554196106
2017-01-27,-0.0007693870199274429,0.00022985514222601365,-0.003001101719851191,0.0010652969813988611,0.00026056651639118,5.398772230151487e-05,-0.001794073214700523,-0.0009194396781604674,0.0015628108909919787
2017-01-30,-0.006005034950692062,-0.003009670112941575,-0.006397006637556174,-0.004674237802301942,-0.001541243309190197,-0.001614116904282828,-0.007062176942635685,-0.007334195583717659,-0.006352219583724274
2017-01-31,0.004486534499702255,0.0030071856755206836,0.001761746189484123,0.0039289575502227565,0.003086820767645173,0.003558060567580882,-0.00010856404824170746,0.0024268137156203714,-0.0016279102106574433
2017-02-01,-0.00037337960735933786,-0.0010467356635846304,-0.0015910072661604344,-0.0006987911252421724,-0.0018296577726928675,-0.0021448128018475695,0.0004424474148310381,-0.0010423092044392261,0.0056260687323568485
2017-02-02,0.0028640074014705196,0.0019521431470310138,0.0039365782112971235,0.0013659274571208783,0.0020933265015462546,0.0024839113567803007,0.000741590782348516,0.0009844159014920676,-0.0007111864962229538
2017-02-03,0.004316765352410891,0.0018367141462805692,0.0042273780140856575,0.0029206248006251965,0.000996115742567914,0.0012043708513635384,0.007838226493247674,0.008373547381401293,0.0023455677371781967
2017-02-06,-0.0004802708581078841,0.0019074906282770224,-0.0004713143488319471,0.005766540612561213,0.0030370117562408152,0.003240654131877633,-0.0020414726093116713,0.0014643170608323857,0.0009775686161154972
2017-02-07,-0.0009541525922416305,-0.0004128037591880629,-0.00020246197324569337,0.00274503870984133,-0.00046596451870350997,-0.0005993326449781344,-0.00024383393268256892,0.0013161426340091431,0.003402819012759739
2017-02-08,0.005045151701851512,0.003913632383632577,0.00477422794381697,0.005674051574055974,0.003836196456915341,0.004101268079904827,0.0018327851824552915,0.004771308609697733,0.0016205048832077197
2017-02-09,0.002129571278330522,-0.000997550911711185,0.004218062822007823,-0.004329325480535162,-0.002297738636424312,-0.0023295928274858803,0.008384178379231654,0.0022682611121714815,0.0035430846034268863
2017-02-10,0.00422760073290637,0.0016299871588351495,0.005790647240218669,0.001261682434612786,0.0010099877808667469,0.001255038337713589,0.005554202984745127,0.00414159407965828,0.0032234285242813106
2017-02-13,0.0026551138025160508,0.0005817096077197489,0.004079670950791568,0.001525563229541598,-0.0005260676457298499,-0.0006410685331597953,0.007658933566659889,0.0052621122559201915,0.0055086014068109765
2017-02-14,-7.048893765714845e-05,-0.0013814559727894564,4.74791303958025e-05,-0.002123127830167484,-0.001982333029402203,-0.0020181220771903633,0.005603274816137237,0.0018933249437407818,0.0032716284856733153
2017-02-15,0.0038126836912011483,0.0009479429151806033,0.0024401607433833833,0.0011654568619633326,-0.000121856663071165,-5.360859107503258e-05,0.0073171045121030185,0.00472098145888595,0.005763645943139279
2017-02-16,0.002983572022866118,0.0024188406340863527,0.00236833888509441,0.004204446357511607,0.0026060734821533654,0.0028209958626996866,-0.00121938922201526,0.002031466961464,-0.0003011699366834942
2017-02-17,-0.0010184240345140843,0.0008838587904256594,0.0032894248668393898,0.005161566786454268,0.0012646695365831678,0.0011777154253001158,0.0021888183843465784,0.0039013305870687757,0.0042238119311006905
2017-02-21,0.006018430984282164,0.0027818685470255185,0.009631408498931756,0.002620195875364895,0.0019513115892295118,0.002273757445704954,0.008331347877716099,0.006691549891365245,0.00480690469657326
2017-02-22,0.0006461050447199748,0.0006671788210433268,-0.0015718781269176978,0.001763320257487036,0.00058977853067373,0.0005246116343975834,-0.0012672912999419949,0.00012598605812225278,0.00037412555654247855
2017-02-23,0.0030057896229423405,0.002284344635729906,0.0007967466040333552,0.0015714395323977793,0.0025001807036125726,0.0027863250012149098,0.000924514992328273,0.002799813088941107,-0.0036603127168604874
2017-02-24,-0.0015851522680808497,0.0008277315159658535,0.0033803764829745,0.006184352503138053,0.001971829812640097,0.002165582911470635,0.0017523919227431216,0.005029882528795743,0.0018753417575482587
2017-02-27,-1.9190034479094338e-05,-0.0015096498403898578,0.0033880503485410767,-0.0034072022315039434,-0.001890924170987357,-0.0018172819061519703,0.00216330791371389,-0.0009620312099831059,0.0011979795838940603
2017-02-28,-0.004036767157753326,-0.002454481298644037,-0.005283245665017415,-0.002482486397357628,-0.0019231018266115396,-0.002048784470138271,-0.003798676373833559,-0.0036319664275647643,-0.002989754239042543
2017-03-01,0.007746603787205369,0.001433266273860966,0.006944094052945569,-0.0007617808942501395,-0.0012656927613107773,-0.0012536517955764324,0.019570506604488995,0.011231289320962254,0.010647888620959835
2017-03-02,-0.009466268273442414,-0.005956478105725296,-0.00635131624908504,-0.006784981101221661,-0.004970444150989704,-0.005341310915269451,-0.008794229599006435,-0.009747238710558454,-0.004895838644457277
2017-03-03,0.003509820499878366,0.0016847707566725334,-0.0008060609334567178,0.0019289108568508913,0.0008171825837564215,0.0007078775979564978,0.0008521542148625657,0.0014189961424355172,0.001789928002804962
2017-03-06,-0.004217232177754711,-0.001745402449262352,-0.0038375706912071065,-0.0017053277064301166,-0.0012369244289794925,-0.0015159980591806339,-0.0041829753836909395,-0.0037760789593006784,-0.002157446516777707
2017-03-07,-0.005004236091345287,-0.0029669578528489964,-0.0037096666303509333,-0.003015714418320275,-0.00254960854065401,-0.002831491715811027,-0.004201174222860095,-0.004741888835397075,-0.0016400345878740236
2017-03-08,-0.007387145194958648,-0.004826898762600882,-0.008113035788264075,-0.0036075297466849794,-0.004679915046384318,-0.005203643255751254,-0.00262439784224501,-0.004866215689333064,0.0017188782185464813
2017-03-09,-0.0035385726893456537,-0.001834344611285732,-0.0068085761736205175,-0.004144585375987164,-0.0024169678466234856,-0.002851158823557909,0.001763555908576464,-0.0008112993477679131,0.0006233631712908583
2017-03-10,0.0075895006245472706,0.0034206681685627453,0.002732719480009228,0.0055329859720121164,0.002257719591978608,0.00222075289134542,0.005143391765370421,0.0058373688555913746,0.005787363342699271
2017-03-13,0.005599229654909411,0.0007883282058023634,0.0024713705931146504,-0.0023439274804028113,-0.0003071488589993309,-0.00019422218676930252,0.000710662576678607,-0.0014536685641731903,0.0022852888490932028
2017-03-14,-0.007319928581678391,-0.002526795423208145,-0.003469919802125015,-0.0003415467172323305,-0.0014274164253092548,-0.001580471339342037,-0.005675288319383458,-0.003827338137768373,-0.003382683778293652
2017-03-15,0.02441449962750155,0.011917345310720433,0.017753177895150008,0.015850008968514386,0.010192299776841163,0.010987903677061085,0.012749849119764038,0.017331426866153,0.008497081217745712
2017-03-16,0.005009045241523372,0.00022088828695519732,-0.0023169302306470267,-0.004243359061272714,-0.0008117480047209716,-0.0006957810255072886,-0.002925856695659457,-0.004603067717592953,-0.0009647409305385543
2017-03-17,0.0018175091693115267,0.0015408802171968652,0.0012093775442040219,0.003197294466558239,0.0017933336612976016,0.0019110636800811344,-0.0026184436320905147,-4.008853130780366e-05,-0.0005074664968987064
2017-03-20,0.002561989333373542,0.0018243799288894177,-0.0003789466821583348,0.0036126005011835843,0.0018148678696226972,0.0018612537090407933,-0.0016493247258846035,0.0005223560423177293,0.0012305830390236163
2017-03-21,-0.006863471044351295,-0.0015765380061028805,-0.017604437868839168,-0.005523484790841308,0.00036877313138017294,0.0004056716738699968,-0.01896758695632226,-0.01270375204637862,-0.02094226684562159
2017-03-22,0.00372411957568582,0.0018367813856834422,0.005054231580080496,0.006691725889541832,0.0013579516729371151,0.0013892333295203781,0.0034579668269087683,0.004269954903053945,0.009372552125230317
2017-03-23,0.0014087019604274251,0.0002605488744454604,0.0015224354109456652,-0.0030367897797141962,0.00023907451509662067,0.00038101373128950365,-0.0016154204470725463,-0.0021802808278730814,-0.0035184421429629575
2017-03-24,0.0011703627900041423,0.0004014598664814482,0.0003930083586593769,0.001917819386430918,0.0002514614657689641,0.00026326999018316805,-0.0011110399636746263,-0.0004735399420758876,0.002839792489182754
2017-03-27,0.0008289280329241858,0.00095203162531945,-0.0039808502903377375,0.004146176153948314,0.0008742772841890757,0.0007739881786573669,-0.0015567128921600147,0.0007043570384943396,0.002197437497341587
2017-03-28,0.00308353790906595,9.968428883755158e-05,0.009291595498668113,-0.0005731006943320975,-0.0008762419424287621,-0.0008205978565885076,0.010768006494188149,0.00580934292355937,0.008426036704441829
2017-03-29,0.003301312653420724,0.0023124278287277654,0.006105634626108886,0.006575530965934414,0.002325199941172981,0.002468256006784485,0.0013492677449743601,0.003330139150426909,0.006364723257031165
2017-03-30,-0.002842151768724007,-0.001612293723134401,0.0033501608095774156,-0.0026669950773864966,-0.0016584716583689877,-0.0017601818744861684,0.0046748124117749045,0.0014274242904563322,0.002264147254906806
2017-03-31,0.000541259397193171,0.0006134825832507609,0.0014140159724447664,0.0020467112926676094,0.0010401634890980233,0.0012018624016636227,-0.003470338283402657,-0.0012413965516771814,-0.0009611368433436513
2017-04-03,0.0016464635291577685,0.0023445863912281042,0.00023170577974168178,0.005987813825518407,0.002926316276910029,0.003039692306701787,-0.002604228423549302,0.001816089610357375,-0.0008584459824124581
2017-04-04,0.0012929713322405079,-0.00020214281438455625,0.0012469542062631136,-0.000946145140875192,-0.0005049309444802232,-0.00042210617612411974,0.0009089714242114819,-0.00045544254060773476,0.002158504894150441
2017-04-05,-0.0035143488174809723,-0.0009808581867627364,-0.003229145559105163,-0.00018152756573857075,-0.00013907953464393092,-0.00013143592342563333,-0.004430906087378054,-0.0020705476322472665,-0.00563383583724722
2017-04-06,0.0014067517698216944,0.0006737468013343679,0.004186775598271019,-0.0004999505164354533,0.0004476861278652419,0.0004793754103335848,0.004129867892523895,0.0027225235058172814,0.0007035937453000782
2017-04-07,-0.0015996206819595127,-0.002469934997545553,-0.0010567573460678048,-0.004561568982844766,-0.002494736465779024,-0.002332309786182818,-0.0015618529228222933,-0.00373288323542309,-0.0009968392661988679
2017-04-10,0.0004184380368247953,0.0010332782118997418,0.0027354362890158884,0.0025799727597948137,0.0014080230390198663,0.0015156709937820903,0.0008511516433458339,0.0020842192111512527,0.0005406564853923104
2017-04-11,0.007302283324427616,0.0041313369936724475,-0.0014280591008989023,0.0032008560279632135,0.004417745075153531,0.004852394749836738,-0.0018063261529941024,0.0022052488513820212,-0.006635836485299325
2017-04-12,0.00026546597493316214,0.0012436044158146504,-0.006367343756076455,0.0013869892870315384,0.0018404322260818105,0.001905040056941061,-0.006564046304979567,-0.002827405610725385,-0.006213524853893435
2017-04-13,-0.0051281062618330755,-0.0006745402669767628,-0.007944761696804007,0.001309901746317475,0.000627193064027251,0.0006304489804719791,-0.009733540884292572,-0.005414262695566803,-0.006135039394685752
2017-04-17,0.010732768131852425,0.003072668002210298,0.015848940910830587,0.003252343804973173,0.001479915006656543,0.0017292484011443793,0.013237044089875773,0.009213966298507034,0.012702462474907679
2017-04-18,-0.0027751461619811226,0.0010364722616636316,-0.0021618530461753067,0.006531062539684885,0.002334777938356161,0.0024196929562068457,-0.004486244421609479,0.0009664038082048631,-0.0023684198906809965
2017-04-19,-0.006123837273917769,-0.0029501497011266524,-0.0007004743814734448,-0.0024909487539179426,-0.0026881156297326645,-0.0029027322422844016,-0.002782212993048411,-0.0043676203596647815,0.0024142945637561516
2017-04-20,0.009126446374491254,0.002402486383011356,0.011162026025598131,0.0024601249525048005,0.0007263137728355882,0.0008205321273622269,0.012134901513810869,0.007815077791257279,0.012775570665687892
2017-04-21,-0.0009281103059328661,0.00022837830743973914,-0.0035999547568660705,0.00040013496178653145,0.0004969030088017571,0.00045430097654761516,-0.004781040645453328,-0.0034950844664314988,-0.0003819751305847343
2017-04-24,0.019026746307898513,0.003928164341110904,0.011739945834576215,0.005199445546049483,-0.00043293689216773214,-0.0007312802720880937,0.016371161237717025,0.011390260284442772,0.018371533331829993
2017-04-25,0.004660247246272757,-0.00046430457382051673,0.010178701361066822,-0.00202645998074503,-0.0021112795698858323,-0.00216028207480603,0.008599582697006834,0.002769715072707957,0.010923410637932408
2017-04-26,-0.003068782881885038,-0.00018594065184287552,-0.003921167151462277,0.0024399587057101807,0.000421874511781644,0.00032397594939781443,-0.000964814283352196,0.0012572553812598,-0.0021605950147662793
2017-04-27,0.0003872036390602963,0.0005933274125166088,0.0037130305627337025,0.004816630954303564,0.0002835861126754951,0.0001191210196940761,0.0012075785615261725,0.001450474700376343,0.009035760267747711
2017-04-28,-0.0020220440848294436,-5.972247005925555e-05,-0.0037588098334561627,0.002465593258081622,0.00011195822030781293,-8.116074178631816e-05,-0.003259059165520477,-0.0018549958112261458,0.0026276593188202238
2017-05-01,0.004012313083079661,7.268427713855249e-05,0.009680062422960366,0.00308307308330841,-0.001084781024338086,-0.001108574859905201,0.0036983085428546137,0.0012254285077550658,0.013360101056467101
2017-05-02,0.0053498849223664905,0.002225985288489829,0.0007962047466057219,0.003746180214129816,0.0014596634530051945,0.001401175249330226,0.0005232450335013816,0.002012281736054871,0.00247675186974369
2017-05-03,-0.01114578602991963,-0.004949876073599676,-0.007423372204680223,-0.004901315262735127,-0.004604288284802255,-0.005207802090618054,-0.0018320410395433046,-0.003149405659572694,-0.004831247693124454
2017-05-04,0.00016195487361943533,-0.0006643571760836096,-0.0005998649274646197,-0.00275938734071965,-0.0015449978898701227,-0.001861976981219456,0.0017026625618172325,-0.00045411048950848743,0.0005110550879582752
2017-05-05,0.012548018419148108,0.004353661080143091,0.008161487317299357,0.0026397368853132153,0.002832980919355515,0.0031029221874937533,0.00578920235500929,0.004785381918426182,0.00543470266820287
2017-05-08,-0.006935361811421202,-0.0031083212656434016,-0.0009550088436871406,-0.001774356622315106,-0.0026717359143071545,-0.002858319115472823,-0.0002824453625844146,-0.002197592221315043,0.0032286365005082533
2017-05-09,0.0005583775208604091,-0.0007727153678123155,-0.00022954229480220967,0.0009244162527439759,-0.0015670216760719224,-0.0017944719906411999,-0.0013920554758505288,-0.0021028730079326596,0.0047833323401060834
2017-05-10,0.004767258997287671,0.001829367966423397,0.0039057467349943842,-0.00014188329630862362,0.0013355345243083034,0.0015155112246500308,0.0025240773997836957,0.0017788277942626214,0.0007815807350203188
2017-05-11,-0.0013275592673679616,-0.0002921605632409634,-0.0033891723898860243,0.00031879150605834553,-1.3020341749880491e-05,-4.89741810185172e-05,-0.002936615116337943,-0.0019233108252562346,-0.0011472177180268752
2017-05-12,0.004823372258410486,0.0035889607811733617,-0.0009440683495842862,0.008074094759485454,0.003245713086364614,0.003144968497955355,-0.0024099907751493604,0.0020138066148985318,0.003122870568487639
2017-05-15,0.007375414050139948,0.002280116236571839,0.006346753329731893,0.0013628919067608294,0.001085151390607611,0.0012454229290827124,0.007836317834200019,0.006005657054986376,0.004427805346063335
2017-05-16,0.004497152910150481,0.001561508363610356,-8.679038968840904e-05,0.0046006134440465364,0.0007314980982332282,0.000686731070786821,-0.0013326934513836232,-0.00011694020730349826,0.005822874487378123
2017-05-17,-0.010519264483422365,-0.0013756798145856113,-0.025973968205243093,-0.00820723157687998,0.002579493398300397,0.0029431477884220127,-0.025261324998093453,-0.014889123401831265,-0.03564515256140394
2017-05-18,-0.0010623376740700162,-0.0007867506516308567,0.009798198325766103,0.005738505517690012,-0.001002041931645248,-0.0010502551613013383,0.0057392941362745175,0.004495593804876671,0.012348632910608342
2017-05-19,0.013467295358709934,0.004753955301476483,0.008416892601145582,0.0025590434980796825,0.002804098261653307,0.0030717087692273843,0.00927056191610396,0.007444100006577306,0.0059290909217008395
2017-05-22,0.004564257489348046,0.00118105753701081,0.009667409435760494,0.004462920721512823,0.0004627784809473984,0.00068664911936309,0.007210437724510706,0.005061421836095861,0.011818737020227699
2017-05-23,-0.001642517183790048,-0.0014104549022457646,0.0022369997293520427,-0.002680606104067038,-0.0016522113499652215,-0.0017494451731184825,0.003117730841367781,0.0004557844571844418,0.001383313885202302
2017-05-24,0.005906359412349221,0.003128388165201865,0.006848652146962477,0.005830197259026167,0.0028012027820181204,0.0030497591428362922,0.0032854747410560933,0.004356864000277842,0.006421338554424409
2017-05-25,0.003123405297054768,0.001246498859007481,0.008297488867747725,0.006712629168112214,0.0005441487428249161,0.000528596247749739,0.006758671724970123,0.006060103226142587,0.011891056634194284
2017-05-26,-0.0008146802413489056,-0.0003030347205385594,-0.0013068172002010758,0.00201571452852913,-7.780579770932423e-05,-3.420089928802166e-05,-0.0003252894022597907,0.00019864515282821916,0.0024440723777558186
2017-05-30,-0.002876883173980354,-0.00032108153910041836,-0.001996447693585299,0.0037007837999200556,-4.408198775100481e-05,-0.0003047047182401045,-0.0012638299592025236,0.0008983874458481489,0.001155314408773496
2017-05-31,0.0002889278021751843,0.0003250258088561856,-0.00023291318845087989,0.00025689313479688737,0.0005222580606348631,0.00062147617936023,-0.000385278308842017,-1.39500535758247e-07,-0.00052427992254668
2017-06-01,0.008077271401373222,0.00255258720135753,0.008956194365472101,0.0020423663408336576,0.001189974869023584,0.0013630558528919293,0.011250976978899489,0.008934317176922689,0.005397740316687434
2017-06-02,0.01036721919830747,0.005238717369422285,0.01235140862454856,0.013565585430713532,0.00448403478246839,0.004850735636112388,0.00467524212857508,0.00732785234408045,0.01587306779177947
2017-06-05,-0.0034716928023706367,-0.002450226413439165,-0.0019513132733883182,-0.002296726985260389,-0.0022523385117997306,-0.002284482885651599,-0.0010729919708452498,-0.0022603289431961417,-0.0003206567569143796
2017-06-06,-0.0009546336213813974,0.0005052518992783634,-0.005977434645073368,0.001015380003836054,0.0013084365912439885,0.001422448838950987,-0.004548983342676324,-0.0013607909069984017,-0.0055398537433660215
2017-06-07,0.0012601953333470986,-0.00023158685690639178,0.005714863604121795,0.00040155609055190356,-0.0006410801164984751,-0.0005769484773242861,0.002585128152185198,0.0006378833582459116,0.005412667367552859
2017-06-08,-0.001966160635399672,-0.001311773016643647,-8.826657984739583e-06,-0.0016084998173055975,-0.0015519083865584982,-0.0017418072497979997,0.0005421503164302344,-0.0007841861561485031,0.00084173608030369
2017-06-09,-0.010181640449823158,-0.0041814484448389234,-0.012796136199334755,-0.018139933376116125,-0.002483096468878846,-0.0025497513083873463,-0.002041908534714549,-0.00264765517755112,-0.02732509342159522
2017-06-12,-0.003420517778605939,-0.0012217091552523295,-0.000552925212881057,-0.003911288222820098,-0.00032137259540199864,-0.00015692587113243835,-0.00029855463947498027,-0.00047483870418503623,-0.005874543286128179
2017-06-13,0.007406214349781103,0.002526134245591627,0.00776703338882277,0.005839644791345234,0.0013142877455757439,0.0014105663007222048,0.0064722470785731935,0.006103065528130069,0.00888443075325851
2017-06-14,-0.0016229778988401632,0.0006185921223553172,-0.0027049709515260013,0.004058945160575317,0.0011607828325294269,0.001000104433648055,-0.001707481787176847,0.00255487852289055,-0.004766013559606701
2017-06-15,-0.008509292063159736,-0.003407964471947365,-0.0020788806294019407,-0.005402745804351895,-0.002075113423130714,-0.0020511699334835537,-0.0025804249313386707,-0.0037898241714405755,-0.004866290403464255
2017-06-16,0.0036117349495510395,0.0015928960618688734,-0.0030014905327095816,-0.002205922949843171,0.0010219007806948103,0.0009514913587410071,0.0002634694537859543,0.0006271121299737566,-0.004761919103465969
2017-06-19,0.006648227346073802,0.0011353225541447425,0.01373431630610462,0.007204049162248247,-0.0008411764418958569,-0.0009392386136965128,0.01103140843591474,0.007673061934949652,0.0183223688007594
2017-06-20,-0.011705766057830682,-0.0034594842856401817,-0.008715109547592166,-0.0019306746201161304,-0.0013748366304715365,-0.0015399815047252058,-0.008959557598355412,-0.006179102964338665,-0.00857881046978869
2017-06-21,0.002635332863916191,0.0010081229821037095,0.0046472625195062974,0.006373698846367414,0.0005396738128956353,0.0005635811433183008,-0.00035315096338953085,-0.0004489291773315248,0.010838582056846999
2017-06-22,0.0012149458858843607,0.0006380757695626946,-0.00017054390497623885,0.0009813015644808513,0.000707572255139014,0.0007968438304630233,-0.0006267390960275521,0.0001222580080454452,-0.00031845953149174145
2017-06-23,0.004826210924731036,0.002362386945881381,0.003712501550927642,0.0028524539843293928,0.001975625868146768,0.0021401676573376584,0.00156036975210054,0.001576701067781305,0.004192661989393196
2017-06-26,0.002412858944543978,0.0006824300073960574,-0.00020651403812805934,-0.0020758327837962784,0.00028734044535446226,0.0002476590534011158,0.0008477991758932206,0.0013764953937180652,-0.005119227170408286
2017-06-27,-0.009838063602583071,-0.005018284677368251,-0.01692881849410377,-0.0187450539121782,-0.003782871398100027,-0.003874577597772678,-0.010718414369078087,-0.013644716369240898,-0.019859618983377382
2017-06-28,0.011099349068200077,0.004213958160095735,0.01350614535533015,0.008240960707092584,0.002283038674182363,0.002379863112709329,0.011884991143624625,0.009945750574498759,0.015799134795019303
2017-06-29,-0.01688022811965695,-0.007159509800585354,-0.017611625833043428,-0.016737959339137205,-0.0051658809262115565,-0.005539291856865408,-0.011688849573304341,-0.013622632547979487,-0.019009134706140875
2017-06-30,0.00017029036762846489,-0.00034467644950602467,0.0012161024239118908,-0.0030415917755347733,-0.000666459785587452,-0.0007046644184337642,0.002454709017486156,0.0002903303554170233,0.0003907904027333605
2017-07-03,-0.0020019813327350287,-0.002311710150456176,-0.0011746862670391565,-0.012187224105856256,-0.0024278646766565694,-0.002453075602676941,0.0022286355364739326,-0.0009769520918995274,-0.011560799272241944
2017-07-05,0.0001868938374718927,0.0005943586359948197,0.0024945997312934964,0.007573173283271124,5.772511398504747e-05,-0.00020605747854808573,0.003046926928351303,0.0033284690505663507,0.010793338074601918
2017-07-06,-0.01247671749314147,-0.004459836278190932,-0.015425209101942892,-0.008746794119945485,-0.003137621105841307,-0.0036160897876065926,-0.01217414548709319,-0.012675004231445644,-0.009896488269098907
2017-07-07,0.0033506206359642,0.00079756729181203,0.011143329138278401,0.00496478027492628,-0.000259052244347562,-0.0003304293057155549,0.008614429321760665,0.006514766379546341,0.011832090325954133
2017-07-10,0.0024376632998115433,0.001538838726339753,0.0011148636409334944,0.006089290348076037,0.0008325303825347241,0.0006389814433773733,0.0012699187687401636,0.002249883933760799,0.004597127444999405
2017-07-11,0.002575591314741927,0.0014104374650465781,0.0006882327878455619,0.0035845758485213036,0.001093329576954889,0.0010817979930575858,-0.0009596940129473106,8.510919327031379e-05,0.0021357596118910804
2017-07-12,0.014439298316771161,0.006324738363267617,0.011618020116960618,0.011914585393407616,0.0044481675502081024,0.0048175679817562544,0.009475172027478185,0.01125822368570895,0.008985618436053097
2017-07-13,0.003138742777051743,0.0003335717825293588,0.0021165192085664396,0.00011003334301025266,-0.00046014018597511735,-0.0004264629611545296,0.0020980400110010215,0.0011041644804257076,0.0016814254128798272
2017-07-14,0.01146027970066798,0.0050697850394482965,0.007870409338760707,0.0071846808437768354,0.003793200640090861,0.004213670954719796,0.005859079645831192,0.006606401132335864,0.005984196581390793
2017-07-17,0.0005948962203441256,0.000669530821178284,0.0019768300932009085,0.0018255575480035494,0.001201497936988705,0.0014778496256970084,-0.00017488431182262156,0.0007374834211126727,0.00038468011793623444
2017-07-18,0.0032708827894114565,0.0020604947477573985,0.0028007459625914283,0.009222459533890238,0.0018746316735758974,0.0019636748599833427,0.0006455308775780075,0.003436153784326328,0.005090579496894319
2017-07-19,0.006178297720767971,0.002352662937856867,0.006819381382510338,0.0039679264314577715,0.001398689100126685,0.001586877211680033,0.006795220107981931,0.006345298079131497,0.0044800566390256905
2017-07-20,0.0014082384848626444,0.0004459745287279134,-0.00025070451412931375,0.0011856816696366541,2.3244869128003043e-05,-4.745228562621049e-05,0.0005385201400061727,0.000665936324166482,0.0010169990129382186
2017-07-21,-0.0005942087073867083,0.0006774559696686075,-0.0007635121924046276,0.0018786056750473797,0.0013516863834666414,0.0015038761664073546,-0.0011417051295386084,0.00025246799779733643,-0.0003067282990830872
2017-07-24,-0.000660872526856439,-0.000781386677146092,0.0015586617873102663,0.0022506681987468384,-0.0008684263474151147,-0.0008815331432459884,-0.0003276091248883325,-0.000882737503682737,0.003504870971209753
2017-07-25,-0.00045311082017998356,-0.0017343030290285046,0.00019202139010567255,-0.008919447927122239,-0.002235195896662856,-0.002211895802409456,0.003035442917323002,-0.0015989085707117468,-0.0019407030727415565
2017-07-26,0.008432118299617465,0.00438927016419422,0.0030591617393295246,0.006225593309141934,0.0038033586497068375,0.004125144800784923,2.918163193748542e-05,0.0024614189462136733,0.0024944973367148687
2017-07-27,-0.004027283260615316,-0.002050025949047117,-0.0030531096175125355,-0.006444913775910395,-0.0013727248220580213,-0.0013534461715326244,-0.001190000922102797,-0.0024285922156790773,-0.004787225114581179
2017-07-28,0.0007709563198637097,0.0011991074705811743,-0.0015358603289311484,0.0014838191851979632,0.0015101136427307753,0.0015905892218127837,-0.0014960127620713892,-0.0001531159008051868,-0.0006256248796694609
2017-07-31,0.0005021922232498684,-2.8537217341721743e-05,-0.0019183782705031608,-0.0026573363611576686,-1.9183576626963838e-05,2.7092840881348524e-05,-0.0007340572665104669,-0.0005324503735353229,-0.0032234100898104537
2017-08-01,0.005163387466318588,0.00263680062477407,0.0030675237722882108,0.00467358766934665,0.0019962712937116383,0.002059056622265498,0.002782300146740735,0.004516152327817277,0.0017649268033930001
2017-08-02,-0.0012904998364607252,-0.0013200555307262497,-0.0006121643355232243,0.0006064134954230678,-0.0017718786914896702,-0.0020037156780438234,0.0005887820160956643,-0.00023743184059100763,0.002080742196959929
2017-08-03,-0.0008238985231984685,0.0004791350359421319,-0.0031261259997033895,0.001623424397451543,0.0009416638346612491,0.0008857016129998256,-0.0024595622994369425,0.0003305217045177015,-0.0029564639788141494
2017-08-04,0.0007071483275451656,-0.0006681272404796874,0.0023945756018389007,-0.0022677020105600805,-0.0012915957287734428,-0.0013634052448227801,0.002270826506353281,-4.6948274704806955e-05,0.001391483279617616
2017-08-07,0.002886846191222256,0.0015178259903858573,0.003490851693243555,0.005005453791075581,0.0008967282048932347,0.0008340690906857301,0.0023167259947493627,0.002565181227413596,0.00483812261855204
2017-08-08,-0.003994957086376982,-0.0015130327004952981,-0.0031617597771100847,-0.0023084886865828436,-0.0009408482739020618,-0.0009869537665019301,-0.0036622605727775204,-0.0037412104771299415,-0.0013055741297747225
2017-08-09,-0.0008276075447952895,-9.129314627741238e-05,-0.001445670801790871,0.0005319852383633738,0.00048423936110726055,0.0006900976871856312,-9.084363268933705e-05,0.0008452146768322241,-0.0009866272260688255
2017-08-10,-0.018265367997060855,-0.00531723463768827,-0.01851099060341944,-0.009545122436773704,-0.0015490126158725097,-0.0016431733788203572,-0.019982171035627074,-0.014025955562933975,-0.0162110259417979
2017-08-11,0.0013992214192414371,0.0022473369152543102,0.0027925843993367623,0.006176829417671366,0.002180784953042787,0.0020984248475978415,0.002066065674337004,0.0026040731388727477,0.005719603947174551
2017-08-14,0.011150764048150661,0.0024881893681727115,0.014712988337345795,0.005302817210412278,0.000467273936583605,0.0007575768278017718,0.014051802672990697,0.009832242358985128,0.009719704176300829
2017-08-15,-0.0033689198690296115,-0.0022962079023166105,-0.0004506637522841057,-0.003207616334820965,-0.0024918094269231884,-0.0027095108605755657,-0.00020567678381304264,-0.0026315517932858227,0.0005356467718386348
2017-08-16,0.007969632811996896,0.0036205189008352338,0.0025637935369151607,0.0033146083968766814,0.0029675634553873982,0.003217521265543767,0.002435856963968646,0.0035236483815627288,0.0013225284527209804
2017-08-17,-0.0146574951683403,-0.00444314485003425,-0.018499116364442767,-0.009117289219034827,-0.0013635304782739122,-0.0014732445874519778,-0.022082267422832664,-0.015935656919972563,-0.01546294860125194
2017-08-18,-0.0010605187710669756,-0.0007494885374290216,-0.0035030174952588185,-0.0002978808270239725,-0.0010655689047976095,-0.0013273610629180898,-0.0022588284074649117,-0.0018051463880435004,-0.0005226968681143131
2017-08-21,0.004098348710315103,0.0017955140298449308,0.0022925667805785022,-9.578852750868693e-05,0.0018174547485902673,0.002141538513037398,0.0010813490086640136,0.0013936786217344903,-0.0009499540410456762
2017-08-22,0.007537023448291682,0.0021473006826915678,0.011428067872410014,0.007349530959655379,0.00012901865785692703,6.889556733168838e-06,0.014859584785068332,0.010865100106154943,0.01148043648667611
2017-08-23,0.003512201741466318,0.0027284350637573457,-0.0009755902674666213,0.0017841983673186112,0.0032195966114487626,0.003476832193092728,-0.005117614872405848,-0.00158816634671749,-0.0026805579226614785
2017-08-24,-0.0028561840244467262,-0.0025213938295592605,-0.0032430399925623262,-0.003871028896855918,-0.00253798891264782,-0.002636528134100357,-0.003343283553780724,-0.004155367847222108,-0.0022112162413590788
2017-08-25,0.006262312230907688,0.0026993686277036622,0.0012361850368127027,0.0005989483940382434,0.002162295440697822,0.002348819048480643,0.0032870742369742532,0.004086276764243007,-0.0015801614319118375
2017-08-28,0.002043755813315854,0.0005280954951147477,-0.0003638588691221465,0.003051665067510712,0.0005253597806205912,0.0007556524974875689,2.5603699280188427e-05,0.0007261025493369297,0.0023456475294727315
2017-08-29,-0.0014159113470373394,0.0004560173470122132,0.002125674842380451,0.005265720105197492,0.000712771915864929,0.0005920473001573446,0.001592490284311336,0.003177452021417872,0.0029757581021825517
2017-08-30,0.0042069783093694165,0.0017576495396991242,0.009119158071054172,0.0064734103605337216,0.0010883490472181727,0.00121392250061579,0.0066919823709174365,0.00489723736331528,0.008881632727908461
2017-08-31,0.01045679505930245,0.0040232949996561185,0.00925095117500606,0.008737289676820624,0.002952311217262425,0.003390080955317294,0.008491343179790134,0.008376594897137378,0.008122845620519153
2017-09-01,0.0032966154891166106,0.00036772034751009913,0.000810784130871571,-0.004453559382978824,-0.00018914187432069363,-2.1001638896026684e-05,0.001965799622104727,-0.000762521358204448,-0.0010283018547240755
2017-09-05,-0.005677836789978967,0.00021300752976435047,-0.008277158041316509,0.002406542878735561,0.002344026440443562,0.0024353947226826178,-0.010178899893481861,-0.0030650532823104813,-0.006799026140217273
2017-09-06,0.004488327280822129,0.0008836534020627172,0.00364815394718051,-0.00098670066802946,-0.00025382065354806547,-0.00028194381775953977,0.004802811790864071,0.0020331598123667803,0.002312728754895542
2017-09-07,0.009144210819355791,0.0046443800620412645,0.002235936085874579,0.007149285338432287,0.004065381399053214,0.0044269862688179895,-0.00032033842720169403,0.003229634940846049,0.0017882042739594262
2017-09-08,-0.0030289719363909566,-0.0015977671350939,-0.004074700389503129,-0.006642011528610116,-0.0010928272499130959,-0.0010986987397415674,-0.0015146786669659922,-0.002074609956743784,-0.006577086600383643
2017-09-11,0.007752566008220777,0.0008269727576605783,0.01155206630715707,-0.00044506333041924073,-0.0015853449995975803,-0.001592093151306347,0.013537048816287046,0.008110561969847935,0.00874515244545239
2017-09-12,0.00033447517165412487,-0.0008514046693210554,-8.112867364457373e-05,-0.0017730970171852814,-0.0016392814889285086,-0.0017965804301660708,0.004251135473656404,0.0020618323621544535,0.0018359484519372693
2017-09-13,-0.005769068097331997,-0.0027149741827282386,0.00023286637480801696,-0.0019451887447123608,-0.002310588034563528,-0.002540924619132509,0.0005862308771282898,-0.001110711581070158,0.001050949390739669
2017-09-14,0.002945498774489611,0.0012031590558653743,-0.000904013069423334,-0.0036726473058887044,0.0013023889110996448,0.00159771801210008,-0.00042666078477730785,-0.0003190211360533843,-0.004463442034546028
2017-09-15,0.002330258340335277,0.0007574638339106037,0.0024581007776593275,0.003798801585974569,0.00019084205615218944,0.00011913964634025509,0.0016834877906399903,0.002491744178710285,0.002622450243461279
2017-09-18,-0.0023580267879682046,-0.002348558428999733,-0.0008131431275726908,-0.006207440635193677,-0.002960103274051152,-0.003254189416499105,0.002671362929539888,-0.0005887270046048962,-0.000987677079325626
2017-09-19,0.0017920993025957676,0.0005106872250713009,-0.0002526970398414805,-0.00047101279085147343,-0.00010879284606752016,-0.00020004217113257837,0.0012456107522447457,0.0002506215545603141,0.0013167815705823697
2017-09-20,-0.0052537194080376735,-0.003308211580878656,-0.0017613318592398252,-0.004763079209582525,-0.0031049469291614365,-0.0033224274246758615,0.0004336897639661179,-0.0011791839781774764,-0.0023397907745143463
2017-09-21,-0.0034711361269108743,-0.00202396695127373,-0.00421168000471154,-0.005888660654146095,-0.0018602119129919482,-0.002075391458347932,-0.00341034403945897,-0.004339801953190081,-0.0046473369172555885
2017-09-22,-0.00028835635355633094,0.0003832361901939908,-0.0018442052709318753,0.0017055667210931409,0.00045927066415184513,0.0003801426928302556,0.00023239980558558584,0.0015573676118561237,-0.0007264770328787878
2017-09-25,-0.005371944043707746,-0.0005837349445667714,-0.00418364090630358,-0.002915559971143221,0.0015010116727883225,0.001809023132671492,-0.002609525548762059,-0.00020544205988449487,-0.007987301931920869
2017-09-26,-0.0032715828202568953,-0.0016842117522730673,0.0017256084478011404,0.00045433915353356867,-0.0016484949565248345,-0.001868381348176315,0.0007410945184568383,-1.3793058537131395e-05,0.001972600197882743
2017-09-27,-0.0018745533711426298,-0.0016513605759764568,0.0036054932104320303,-0.0012317168782367306,-0.0026108340237211624,-0.002996191965143047,0.00491043235480271,0.000587062573999983,0.006838702486516171
2017-09-28,0.003038671635778221,0.0012263389475819949,0.0018140438203766308,-0.0005670250532227064,0.0010399844374151346,0.00124591823744544,0.0014961197136291236,0.0012257201963854754,-0.00025265561974243696
2017-09-29,0.006342444484490379,0.0016864202789653618,0.005053898385116082,0.003000869981271226,0.00016556522982708315,0.00013601726737094827,0.004424029693935806,0.003224309039815655,0.005478584631139598
2017-10-02,-0.001672817317442899,0.0001144932808435172,0.001966422453964534,-0.001035311254027738,5.2839484003930766e-05,-0.00016352381753793695,0.005461478381682172,0.004293658565858418,0.0006896892904995264
2017-10-03,0.0049026285888242255,0.001108763888597888,0.00153742153737223,0.003248427346722886,9.5261248138505e-05,0.00010691596990222055,0.002679870333458791,0.003603355372311719,0.0016302073441529406
2017-10-04,0.001273330176441529,0.002784074866004773,0.001996944923771348,0.00016939838316180292,0.0032150193600263264,0.0033202885830179857,0.0014754097325572837,0.001137255218226081,0.0007406292295120246
2017-10-05,0.0029599964716965858,-0.0015540986738838856,0.007549562425665774,0.005010483263046577,-0.002814173249988803,-0.002740958789719139,0.007451184397212463,0.006291873545125407,0.007466227942638585
2017-10-06,-0.0017545630106620136,-0.0010891518039711778,-0.0010008607706333272,-0.0011991753773471503,-0.0009381898924308851,-0.0008783390835190863,-0.0019150248318530183,-0.0024718257137974486,0.001098573339307407
2017-10-09,0.0021068018891607435,0.0008499867349910958,-0.0008721801888961323,0.00044886215148999233,0.0010862362545316195,0.0013337630714423566,-0.002460526936984072,-0.0011602056764358673,-0.001072380859324704
2017-10-10,0.008994272582083934,0.0030656990078599075,0.0025446735550362677,0.0011918736158345123,0.0018935874780267638,0.002035607276849667,0.0038357120838473425,0.003388133229642807,0.0006990800197931818
2017-10-11,0.004569130903476631,0.001483601115121865,0.003252439313621917,0.0033700187632965005,0.0010418394937141693,0.0012039840108369446,0.002265256122605916,0.002705999619675715,0.0027871912024448595
2017-10-12,0.0007180559884046916,0.0002009129086406364,-7.458518451980276e-05,-0.00020528724030062268,0.00046983069432304293,0.0006356029198826781,-0.002222209745316321,-0.0011174774104542613,-0.001700854544121014
2017-10-13,0.0068172853570306275,0.003403371739036896,0.003330723072747569,0.006695550943486437,0.003041422514984804,0.003248406205284153,0.0017468562541395848,0.004083230082895605,0.003605366857803032
2017-10-16,-0.003536876402842208,-0.0025951741842165825,0.0011664402316774773,4.818264183517136e-05,-0.002911394463774437,-0.0031431708901727535,0.0019163206322313335,0.00016301813276307158,0.003214616734846021
2017-10-17,-0.003476144275014635,-0.0010642881712566383,0.0013285047210021463,0.00029699147771498056,-0.0008024488663093202,-0.0009515171088624839,0.0009947202213486787,0.00046187854510226344,0.0011954824768238678
2017-10-18,6.615055831440009e-05,-0.0009205936331526205,-0.0004313147552933748,-0.0038688536332765287,-0.001395059230423061,-0.0014733446292213223,0.001395048446297097,-0.0009316192719948473,-0.0011257733286652509
2017-10-19,-0.0029988380150941505,-4.15953534715648e-05,-0.002609193984838732,-0.0010002103194250618,0.0007606840833356185,0.0007923943097734746,0.0003621913949957101,0.0010691281808617558,-0.0034495607248144753
2017-10-20,-0.002287538075070437,-0.0020678090552109524,0.002602133583212504,-0.002973011452074895,-0.0027390429528814076,-0.002967613788268986,0.007515927091340734,0.002806956855341113,0.0025224646510620986
2017-10-23,-0.0056929185403295866,-0.0017977060856369201,-0.006506073357557087,-0.0034061270220623724,-0.0008344899300755231,-0.0009078593541361133,-0.005718580814058833,-0.004005973928814118,-0.006091603557533733
2017-10-24,-0.001567681011495513,-0.001345655916104175,0.0002208575017573464,-0.0026229815557737048,-0.001824640872896968,-0.0020230266672378026,0.0025320152889813925,-0.0003708507525537543,0.0015834895515658782
2017-10-25,-0.0036004106377783966,-0.0018635143022864384,-0.0053931123694630325,-0.005069891225704141,-0.0014620663024211837,-0.0015112624923253523,-0.0072758260138343234,-0.007314253887055208,-0.003531670790184754
2017-10-26,-0.007241304741379599,-0.0026369358432949287,-0.003173075650948476,-0.003577511361493473,-0.0023325412025587255,-0.0027307578084014477,0.0018554597261733142,0.0004188426450617317,-0.0029740703091654316
2017-10-27,0.014145386330030311,0.006129441224972026,0.020864296681709762,0.02301115194300221,0.004284031418575215,0.004486327204701609,0.011936487323654016,0.012353291396625023,0.02719258421534969
2017-10-30,0.0013587170882597408,0.001393818864369369,-0.0010028406855192486,0.00528883723238835,0.0015634359604249947,0.0015437331618814163,-0.005473722614343554,-0.0017287523583492254,0.002105401731974372
2017-10-31,0.004933388762810381,0.0005874193046000126,0.002765237072254493,0.0016113105423769976,-0.0006005358397537572,-0.0006494033282640136,0.002238149678956188,0.0012625378259464672,0.003520524864372357
2017-11-01,0.0025949345034624203,0.0007687387640795917,0.0017284795976810474,0.0006358148381534679,0.0007244782772925632,0.0009304118498697465,0.0018920667757494237,0.0019798499115531764,-0.00030452170026477497
2017-11-02,0.002852318555522968,0.0013698042088086575,0.0013246559229184766,0.00041657957363594445,0.0014464154555153537,0.0016402926237905743,0.0005271996344225942,0.001424253455980685,-0.0017810232438663393
2017-11-03,-0.000992089461559709,-0.0006968832173511885,0.00618003812250525,0.008239681849103312,-0.0010313990329591349,-0.001188482700220845,0.004834385239843412,0.0051812900761766135,0.009000549676842353
2017-11-06,0.0084795384578491,0.003627978958008482,0.0017912175038321543,0.004206087365612454,0.0030981419008169198,0.0034392370954097196,0.002263109104040595,0.0027320113808226854,0.0030012192219774914
2017-11-07,-0.004063345538146398,-0.0017170915605626367,-0.002289232790097732,0.0004708644053811004,-0.0009353453937391631,-0.0008306719185013477,-0.0011324789123768125,-0.0006202863465905489,0.0005290954657467368
2017-11-08,0.004103204401663246,0.0010428563286266454,0.0034606514955648347,0.0018907068236700608,0.0006072554765116283,0.0008295158788933732,0.0026023513870196604,0.0009751106254563288,0.0036131683940087774
2017-11-09,-0.0045540781284193884,-0.0016755557088513934,-0.006648390002393421,-0.0041957959032106725,-0.0006687537255241331,-0.0005531422909131514,-0.005700332305028418,-0.00473944687895014,-0.004692049495366772
2017-11-10,-0.0049237772251984665,-0.0028149371487536596,-0.0008834920428139876,-0.0066329172244439915,-0.0027470457135327854,-0.002872322033514672,-0.0005332001881174969,-0.004527859253549596,-5.3231765061452625e-05
2017-11-13,-0.0012058676973845587,-0.0004877660924712586,0.00015306305573034023,0.0004526128863813965,-7.740960618541349e-05,8.019081608339199e-05,0.0014021084660426496,0.0006529502705504957,0.001112113069078614
2017-11-14,-0.0014068407844627653,-7.787985547307204e-05,-0.002030176554591436,-0.001105119473740937,0.0003208813646066167,0.0002941433127728884,-0.0036746650376422523,-0.0017561369057521314,-0.0032539672758789286
2017-11-15,-0.007379082213582695,-0.0024883345117404933,-0.006334521090824154,0.00027001582570711485,-0.0015750741857333491,-0.0018709242895054358,-0.007871972724587444,-0.0032443793234316794,-0.0041989937932552235
2017-11-16,0.013336193124681709,0.004072824482206111,0.01312602264162441,0.006788666726988785,0.001957082959929707,0.00220017451017425,0.013272551210237533,0.008087015700929807,0.011439426205167188
2017-11-17,0.0004397672703013829,-0.0004479734831190568,-0.004894698912544444,-0.0005171390526551,-0.00012792874319175648,7.183372778528217e-05,-0.0046344141349163445,-0.0025727381428842446,-0.0034147332563657226
2017-11-20,-0.002457121989292835,-0.0016874995065834948,0.0002753096545241164,-0.003574655094306121,-0.0022172886223150124,-0.0025621985851971047,0.002615224076951217,0.0006771414223317384,-0.0006930339924121516
2017-11-21,0.010940711645956148,0.0033390264271490866,0.010638384507779602,0.008628607063571634,0.0017737458229004886,0.002025681020303942,0.010162961451727176,0.00794027531422973,0.009726877562864023
2017-11-22,0.004569741607817247,0.0028788465237296256,9.526288952805886e-05,0.005248273751565174,0.0028081633479920963,0.00292351701624965,-0.001425469349081715,0.0013948290869851534,0.0011010741699215
2017-11-24,0.0038358463324961248,0.001041847841152608,0.006792894706362017,0.0015560203372214421,0.00022529338811050196,0.000213762206998914,0.0035438733380516447,0.0020080146460603244,0.0032874883125626445
2017-11-27,-0.006066999601307654,-0.0017474372638402501,-0.001996536245589709,0.0006590224320196636,-0.000763243028561456,-0.0007937084892818965,-0.000825721518353437,-0.00016564987971629436,-0.0003966501924232843
2017-11-28,0.006567372733395988,0.0023296926728582864,0.007557093156942825,0.002177425435687958,0.0009116645560847391,0.0008363290616280785,0.015724734660082184,0.012234357079964581,0.002302464166043038
2017-11-29,-0.01068631571885242,-0.0043128858026068905,-0.010084767051114621,-0.017532829587889997,-0.0029891245648013824,-0.003124640730318545,-0.0009904313698052432,-0.003327133253827171,-0.015635456694720745
2017-11-30,-0.000545911990378526,-0.001094032795748864,0.009435164197789463,0.0021987442449188073,-0.0018434193455771643,-0.0019362537937782777,0.013495518579003558,0.00798283128051671,0.007513397870796629
2017-12-01,-0.002535115829324311,1.2408847062649075e-06,-0.005095823913044126,0.0011598326153194267,0.0010289021033070293,0.0011305221113986632,-0.003244537400899953,0.0002871796925696704,-0.003807462958745749
2017-12-04,-0.004946671073752271,-0.002636872856559559,-0.006257887290508839,-0.009730436311169181,-0.0022693063880204005,-0.0024470285477870657,-0.0019144959685413899,-0.0019070178301581592,-0.010316460481312916
2017-12-05,-0.005105881187858227,-0.0019430324810348364,-0.002193750731874993,0.000626491804701788,-0.0017661780125887412,-0.0021390486252082113,-0.005597135007419194,-0.0038144150929004276,0.0005909809393553548
2017-12-06,-0.0028948598655492708,-5.191558158701426e-06,0.002057919171898348,0.00452777225423473,0.0004707387103204397,0.0003573249172950099,-0.00010097027221878108,0.0017814907838560323,0.00432938343805267
2017-12-07,0.0007132248071907743,-8.407305842555135e-05,0.005251205345441085,0.00010968093189257779,-0.0008705733266098013,-0.0011149077186057784,0.005995459205983826,0.0022554624613572876,0.0033103760975352198
2017-12-08,0.008433735403377841,0.00255974287000581,0.007736139221186865,0.002823546157044454,0.001262290173413981,0.0014030616742909548,0.0104015429484385,0.0058477960559765105,0.004314102708136772
2017-12-11,0.0028903209998743682,0.00022412053933147563,0.006431057053702532,0.004286015387069364,-0.0006799316589982062,-0.00074000047442808,0.0056805060818442225,0.0029980601887418306,0.007579829848257035
2017-12-12,-8.335281637910266e-06,-4.1778494385317114e-05,-0.00022144151379426658,-0.001455564128328438,0.0001369114169162405,0.00027904451996463634,0.0032828492939588278,0.0013526677921314998,-0.0013145144975106769
2017-12-13,0.007233561479872765,0.004140992303860146,0.0005871361505087293,0.00596169333441727,0.0038869616230678,0.004066056286107695,-0.0002953906699051096,0.0029768567565235126,0.001883795471386509
2017-12-14,-0.0058518224054840235,-0.0024301888450513893,-0.005620361586605923,-0.0018762075859311503,-0.0016281268779745743,-0.0016782320285605161,-0.007869746450212283,-0.005271867828332112,-0.0006878986746318101
2017-12-15,0.0063654032972981335,0.0017442629653387578,0.01257388104935894,0.008289305533585041,0.0007641887432265205,0.0009938728685842295,0.015845583403729113,0.009727408185753047,0.011096868955768521
2017-12-18,0.013077127078328265,0.003942773460456141,0.013227436784488816,0.003830259996507719,0.0020201244524943674,0.002328454366526992,0.011955851736649726,0.005714633258389398,0.008196155451296311
2017-12-19,-0.009318511247010152,-0.004550333349095967,-0.005946947260250696,-0.00956931110150546,-0.004270448318524415,-0.004693474532762675,-0.007334614649627903,-0.008211032169278534,-0.005791842556435051
2017-12-20,-0.003947377445314439,-0.0016693660103028107,-0.002645833344934725,-0.004115587698359603,-0.001590891405042821,-0.0017734882500265977,-0.0010770370405796207,-0.0030180618006736644,-0.0010522568625234336
2017-12-21,0.003381536407016788,0.0009883239468603394,0.0019253579042270263,0.0012760581268912207,0.0003117106226749546,0.00026873900378962095,0.003822371475734772,0.002939989166519954,0.00012542842290156809
2017-12-22,0.004768471136953507,0.0011490490831213092,-0.0010615178926620201,-0.0002433777855184129,0.000887305886564314,0.0011852049556203466,-0.0005773236115093244,-0.0001085119212472331,-0.0011159341747689
2017-12-26,0.0007589847027765014,0.00017743038381988474,-0.004220612173907964,-0.002962538340583829,0.0006444101293688591,0.0009198968105307015,-0.0023518873795441075,-0.0012378012564027974,-0.005277881342340528
2017-12-27,0.004121356951242203,0.002495736596617496,0.0003979153742757939,0.005094189897520987,0.002485268351335133,0.002603582361438065,0.0008363802108637937,0.0038346507354862086,0.0001261983691896225
2017-12-28,0.005083552794806487,0.0016613081783097288,0.0019044415832612366,-0.00017303580981124097,0.0012041263276359744,0.001460153771628088,0.0038141272249144365,0.0014120241075328266,0.0011875447612034122
2017-12-29,0.001486380370255618,0.0008403875282442525,-0.006924012285842218,-0.00257149509493475,0.0011617221664231598,0.0013050683387089432,-0.007215411783160897,-0.0033596797861866483,-0.006047777043178533
2018-01-02,0.013770620324021043,0.0037699041211792313,0.016825858966512536,0.008487866138485975,0.0013917405098075415,0.0016842882947997744,0.01349723728513468,0.005893946142340459,0.017129112244786908
2018-01-03,0.005344961032124618,0.001900481008760789,0.011467650325672924,0.008216408444718517,0.0006453234221397821,0.0005262122615271251,0.011844691915242341,0.008313584625996979,0.00949947201475247
2018-01-04,0.004031038551463164,0.0005407078871155126,0.008609006680298348,0.001496111160697167,-0.0008824423911114332,-0.0010930000326296837,0.007823883161757831,0.004594464984019655,0.0017122741928278884
2018-01-05,0.00825070964114274,0.002575731457014464,0.013182597953422703,0.005983725906553577,0.0009055550094839082,0.0009251115438189353,0.01237227183545692,0.0069461975753257665,0.009821647335382374
2018-01-08,0.0009316856156118547,0.0002740696652372421,0.0018438386880894608,0.0019721764593243485,0.0002581767038929428,0.000374780716512646,0.002822443671467889,0.0016748123135486015,0.0034929242849930375
2018-01-09,-0.004154593023907558,-0.0026133348940499497,0.0020603437994725715,-0.0040057874804558845,-0.00316866300776744,-0.0035214625686267285,0.0037281588124608734,-0.0011777364352955754,6.14828848916872e-05
2018-01-10,-0.005479939143852667,-0.0014369840595098908,-0.003362970727080722,-0.0018450204360663549,-0.0008838838759197203,-0.0010986574183140922,-0.0026248302931670443,-0.0021656765691707588,-0.0021307636010835522
2018-01-11,0.007465035962994504,0.0021035149385016196,0.009768193736378964,0.007292473781272093,0.0007001825599572732,0.0007399403320144054,0.01216070004639857,0.009230170876535982,0.00625609584568653
2018-01-12,0.012428094366822243,0.0037635080089327097,0.011659509748015995,0.00840321124642723,0.0017323507311314207,0.00190122314652644,0.01080640623468742,0.007216577877682248,0.006721126775794867
2018-01-16,-0.0013070039401206761,-0.0005987384641778636,-0.002906769548106935,-0.0020734171338373797,-0.00016013367335744762,-8.170628259141268e-05,-0.005739287181194973,-0.0038286408600487465,-0.0026080619639125124
2018-01-17,0.008439189256945893,0.0019807696997699987,0.01230716047066876,0.006462094263493538,9.86141611646988e-05,0.00010767161743918263,0.015799482226923182,0.009634501546229883,0.009870521978679292
2018-01-18,-0.0037454704825575823,-0.002197715923809264,-0.00038472791105414805,-0.0026925000070435042,-0.0024961498617691764,-0.002802486244918408,-0.002843439357102107,-0.00457533449635482,0.00017065532058591708
2018-01-19,0.006941650946390416,0.0023487051041284415,0.006126800116731843,0.00202532690074593,0.0014735804056688845,0.0017228771834290413,0.007471184202906481,0.003369634097679531,0.0028743676240147076
2018-01-22,0.011047313633000924,0.0031391054004715276,0.012308927442060346,0.009513842363609012,0.0014818369680818714,0.001780350303088269,0.01336178754413667,0.00942167574137802,0.009799412088327299
2018-01-23,0.008734979714763889,0.004125782313449261,0.006269074090857119,0.009732483973678128,0.0037421402288895745,0.0041389735508093805,0.003424671400080226,0.004683271576600907,0.0075793451610009594
2018-01-24,0.0023596720638051185,0.00015669446169948434,-0.003768839703653784,-0.0043003748561231195,-1.2952188275965382e-05,0.0002044861591059947,-0.000697760369492317,-0.0020306583658817492,-0.005944375984875052
2018-01-25,-0.003601688828720116,-0.001277981201640981,-0.0006461011523306,-0.00013535859947080565,-0.001005512770164297,-0.0012254826606353214,0.0006338039081770844,0.0021135189777004492,-0.0003217477680804964
2018-01-26,0.0113043577724575,0.0027007636702222927,0.017041719058010014,0.011637259052867254,0.00010634548659346599,0.0001357846195244789,0.018934237054583254,0.011549031249449056,0.014045982701040512
2018-01-29,-0.015067961867396023,-0.005963795242232277,-0.008921803770157742,-0.0074270561366967264,-0.004448900401738549,-0.004883562775697605,-0.010859141980696256,-0.00995603189277726,-0.004449931279676305
2018-01-30,-0.012835481761521966,-0.004708833088126155,-0.012109645348564199,-0.010190586562403263,-0.0030445794679614707,-0.0033318018602896053,-0.01683933484397384,-0.01423249413443057,-0.0075429460297814265
2018-01-31,0.007784964797180262,0.0027036771572145667,0.0030651561483078043,0.004833021030778508,0.002523139006843589,0.0030905958743594896,0.0007548868232109556,0.0007297122681249203,0.0038073632834347204
2018-02-01,-0.009719389485220331,-0.004532286010002708,-0.004662585951154391,-0.009891153325143945,-0.00410607417138989,-0.004456402518834764,-0.0019317673186722238,-0.005438985402744708,-0.0077869528264384
2018-02-02,-0.03162204176320851,-0.011201693920013968,-0.029910350100260247,-0.02363061792404844,-0.0067679014363918955,-0.007346317778676462,-0.03593137341220855,-0.029427295026740935,-0.01826568160287081
2018-02-05,-0.05003933967236924,-0.013430572539426866,-0.05656466874149524,-0.030544644549733404,-0.004754526009754344,-0.005617764812989985,-0.06998632646813485,-0.04488397716507272,-0.03604911414347013
2018-02-06,0.02561859003354003,0.006236495537687492,0.03396265964606129,0.018139146090214435,0.0008588891355883142,0.0007398411878835593,0.03386427086214605,0.020485659601846642,0.024152514611372515
2018-02-07,-0.012626180806154519,-0.007695566175120572,-0.010720036443717218,-0.01055888839970287,-0.005061958236071251,-0.005259333077688111,-0.005104069822872703,-0.006775244390106017,-0.008796014072460556
2018-02-08,-0.024128090385432902,-0.013691187852418386,-0.027692387511571267,-0.027355074446594903,-0.007353469973430335,-0.008037354287083541,-0.028964100734716593,-0.030460203673689793,-0.02779695365646362
2018-02-09,0.00947757156894128,0.006178035841898822,0.01138252515029489,0.010635571015323364,0.0043188571357233654,0.004817418567941419,0.011517366112645238,0.011249841154161474,0.011238054690465148
2018-02-12,0.010146261729774368,0.005014444429397566,0.011439932078947019,0.012331153502467015,0.0020297890487403357,0.002218525713063716,0.011298693663942521,0.01185230621466454,0.011616450984102905
2018-02-13,0.0036762598454901443,0.002319311949286564,0.0032736726517915023,0.004568116890830965,0.0019210708137496187,0.00220864571649614,0.0019320413884830968,0.002931599701641991,0.003414061212637695
2018-02-14,0.01227399714003389,0.004226328877511424,0.012762030993136206,0.01426269493374047,0.0003634357891864218,0.0007805034283739464,0.010425392078898066,0.0077146088224609045,0.012350592351902334
2018-02-15,0.009964511730171176,0.005219154273041063,0.01193781810305969,0.012460170715237171,0.002595685676736497,0.0028811331959302956,0.009887344070322844,0.010684234724349729,0.012322210126903902
2018-02-16,-0.00022889133529106678,0.00038684798542494255,-0.0016516221367399286,-0.003171870541734349,0.0007496086632353905,0.0007553573854975545,0.00024153416760820768,0.0014797449959884398,-0.002956004829254586
2018-02-20,-0.008494878408980774,-0.005273707014553877,-0.003179050163503615,-0.0010559798072872339,-0.004112134997102689,-0.0047107940891584045,-0.004843970643740388,-0.005808891962560088,0.0013532583444135866
2018-02-21,-0.005518498748603004,-0.0037090442246627935,-0.00234838304192096,-0.0030467946360744082,-0.003348139164900212,-0.0038822542774959276,-0.0038401607152974064,-0.005758144515337165,-0.0018724872956954364
2018-02-22,0.003403144381515975,0.002256622529753871,0.00044117314308223703,0.0009469395874268917,0.0021405598767513523,0.002499959703742934,0.0010175580704099203,0.0017863651822049094,-5.9245106694118255e-05
2018-02-23,0.011367069034256187,0.007328176407883822,0.013034115537445516,0.013881767118405223,0.0047439124456741515,0.005056000766727187,0.012355636539125097,0.015252486326285432,0.0136291665727054
2018-02-26,0.006890833776458275,0.0042796975753225,0.008540527481584187,0.009408538311862454,0.002432646225561946,0.002565857355544981,0.009036886035029402,0.010219406146568544,0.008905126662836922
2018-02-27,-0.01603807014410387,-0.010504918717375475,-0.01136957270551341,-0.010396324794688433,-0.007687887734392579,-0.00844127525885359,-0.009711873086921572,-0.012072888271486474,-0.00830990481974683
2018-02-28,-0.006648254898883839,-0.0031831876977765584,-0.0067933521715497535,-0.0041297329969014656,-0.001038063437692176,-0.0011327059800993317,-0.00785423719806423,-0.007174090789008125,-0.004278682019538293
2018-03-01,-0.006625369656189332,-0.0017768986998596206,-0.009189597500697772,-0.010649304246426213,0.0008758329001717339,0.0007212160909182427,-0.011254600763582857,-0.009725232127833234,-0.010895003075785632
2018-03-02,0.003002916678033285,0.0006253277746024527,0.004741842637981388,0.006440504091782293,-0.00043648147284889026,-0.0002537122954424525,0.003996448691663778,0.0021578083609748704,0.006126318897589194
2018-03-05,0.005820552887145551,0.003200331981758621,0.00675472964416371,0.006921793104065673,0.0016680776027152675,0.0018993862579336285,0.008953054924787866,0.008803914284524036,0.007415510385283056
2018-03-06,0.005524510057749839,0.0027766710609142603,0.0032896278471097,0.004549537821578628,0.0018503146890733134,0.0022433744279169456,0.0019803188966613853,0.00200637300347415,0.0028535654799324785
2018-03-07,0.0009624550295474347,0.0003279745968091122,0.0007367527807031445,0.0005089774049824076,2.7325257684859982e-05,5.369866966399437e-06,-0.0002695372905569903,-0.0003427208473773337,0.0015730179397399355
2018-03-08,0.0018819967885874114,0.0016330869923512695,0.0030489934231525476,0.0035815577016914597,0.0011356171276339856,0.0010997686143902963,0.0037683241513811706,0.005085985123414457,0.0037145408047372565
2018-03-09,0.006962709543952839,0.004306039099126746,0.010177621566600292,0.009043753140689725,0.001479460040396674,0.0016873874819391954,0.010009605462335092,0.009294257170552545,0.00984053776874938
2018-03-12,0.0014703437725109882,0.001844201390903261,0.0011859432190742334,0.0031763151389344936,0.0017477820937747738,0.0018102938199823268,-0.0007114287251789229,0.00017286978179097213,0.00278378770068669
2018-03-13,-0.00420094138833272,-0.002520135735586775,-0.005371692114304454,-0.0060661437797795105,-0.000582500582917415,-0.0005525278163509065,-0.003775936249653233,-0.0032702286141155896,-0.007035946570176323
2018-03-14,0.00036902309851314426,0.00014106569522556853,-0.0009487034141743877,0.00021613298603705508,0.00020263919868011398,0.00019735507670438543,-0.0029836961026239147,-0.0023299310476673266,-5.665887637620799e-05
2018-03-15,-0.0013401086062225253,-0.0010780213801067616,-0.000795669104190734,-0.0018277962060246926,-0.0008887001049737892,-0.001061541723322157,-0.0006095840777116134,-0.00081788510994452,-0.000416793101233332
2018-03-16,0.00020871883929398765,-0.000690584421067531,-0.0006269276113938185,-0.0022257649071859274,-0.0007263925430763059,-0.0006013864840527024,0.0006639827048271291,0.00018301080842537474,-0.0014987262283380524
2018-03-19,-0.006397009182618121,-0.005014938525609745,-0.008741846782263809,-0.01037869483474044,-0.0027765672636019876,-0.0029315597164981154,-0.007895508460360665,-0.008586417385610381,-0.010947835010659176
2018-03-20,0.00030294659241140195,-0.0007805133594754693,0.002320490327274278,0.0002570934125956824,-0.0014471391241996,-0.0016044932692435311,0.0010201410374895167,0.00022990845079275924,0.001711273561190993
2018-03-21,0.0013616162771217214,0.0019405989045073338,-0.0006733253953400845,0.0016210301966443751,0.002157798954482418,0.0023994166421679335,-0.0010900326719690647,-0.0008811534102724282,-0.0021876263570023927
2018-03-22,-0.012640570389214753,-0.008029543049176512,-0.014364039972533126,-0.012019535385665801,-0.0031690887341462772,-0.0034973450417691418,-0.014527452987224103,-0.01339839906280908,-0.012530310611348199
2018-03-23,-0.008238892284969948,-0.005565654463483598,-0.012326093992505264,-0.00970459770373933,-0.0022748446577696055,-0.0023891985634389404,-0.01225044676432046,-0.012132435275479699,-0.013214128786473848
2018-03-26,0.0146475923925585,0.00949684110691053,0.017106140049109327,0.018211274868513483,0.004224054277081431,0.004702398389160832,0.015647260837506026,0.015001673325617165,0.018467867799051303
2018-03-27,-0.008115186819132337,-0.00439229069660763,-0.012508148744398854,-0.01573966363522487,-0.0007424247912789206,-0.0009243407551069741,-0.009793099519115665,-0.007832769032939725,-0.016312412982410887
2018-03-28,0.0003795988489572831,6.890386942845237e-05,-0.0035542334382737085,-0.00850576109733281,0.0004974082257100164,0.0006877295006183732,-0.0016644410250428805,-0.0018301542356630417,-0.005681972982445955
2018-03-29,0.006518805035142429,0.0052577391407997555,0.008832096601992964,0.009281900537470788,0.00285030899902534,0.002827590088126693,0.007343541080881483,0.008402508231956997,0.00908197211306263
2018-04-02,-0.00906354841252566,-0.0061150477467951546,-0.012612820262342695,-0.011107600570000964,-0.002400037943492722,-0.0024599224207363262,-0.012393296333869323,-0.012391257359693078,-0.014348364928051112
2018-04-03,0.00457994595158535,0.002059461184349012,0.006153243609710901,0.0029211428192611683,-5.036749094429413e-05,5.645790262944606e-06,0.007337590518247949,0.00619125021052066,0.005562712390740156
2018-04-04,0.00494611727493445,0.0028573787727211447,0.005627318424033691,0.007615700193309218,0.0012319689895177344,0.0015450523269631676,0.006162503459978014,0.006089666802056356,0.007823956767657816
2018-04-05,0.0026661951208386487,0.0016273140243916106,0.003189673001966967,0.0010539295868819889,0.0001637039548619435,4.3612034117133e-05,0.004573417415106626,0.0036453236057162035,0.0028701829901077018
2018-04-06,-0.006806763607604912,-0.0035375568732125572,-0.012155659655466108,-0.010032330736618092,-0.00038706375778150366,-0.000533583984621829,-0.01284739586891241,-0.01150415290652998,-0.012459301353624682
2018-04-09,0.0027758092910855126,0.0017969084342950837,0.002652679795941211,0.004111826749346003,0.0007016237428499771,0.0007308665803060214,0.0028498603530251465,0.0029910837606116868,0.003496898682774127
2018-04-10,0.007153080772142051,0.004868667574676966,0.007772263146146097,0.008503855373915847,0.0015285398118427551,0.0016289622377170243,0.007372180195047706,0.007109456959293103,0.008551470515816284
2018-04-11,-0.0006311180833574674,-0.0003954120635163117,-0.0025262659276018115,-0.0006931131707300022,0.00047179974847304457,0.0007161350668712936,-0.0024381755592799634,-0.002283794702405528,-0.0022413616830044966
2018-04-12,0.000488639340543138,-0.001160195130123213,0.0042552055546285095,0.0022629396012561025,-0.0028772683689151125,-0.0033860758585723496,0.003908471721453092,0.0029229979348071593,0.004789140393447033
2018-04-13,-0.00022312708620200186,-0.000273185742767544,-0.001235967692975211,-0.0007168569929349748,0.0003932432241707944,0.0006890696335927808,-0.001349932142750007,-0.0011677080634273837,-0.0020146367451208086
2018-04-16,0.0021308540885904954,0.0015886558408166297,0.003201677750879038,0.003214231588038159,0.0008744837815499759,0.0010705047868630685,0.003917106657091854,0.0039543775502319444,0.003059781857761409
2018-04-17,0.005117718790975936,0.0043345611054380045,0.006805395018680095,0.008601300657077883,0.002624702694217981,0.0029330723850810735,0.005107499680522734,0.005561341014574307,0.008602042620488004
2018-04-18,0.0014620727290555915,-0.0006545157769943022,0.0009479096097510813,0.0007650467408294431,-0.0017033523988170649,-0.0016583644658990212,0.0003901675364944682,-0.000874692855299477,0.000866915021304656
2018-04-19,-0.004128969084466157,-0.00402179793727676,-0.0030672162468416836,-0.004109808370477425,-0.0031381790522398536,-0.0035186377553117027,-0.0026073193350905563,-0.0036680477833005852,-0.0036638465601858
2018-04-20,-0.005631920132630098,-0.005809268970120267,-0.004900414175934629,-0.0077792847325664815,-0.0043872116852434395,-0.004778011894714011,-0.003993146365579275,-0.0053312017468999,-0.0063035770992912014
2018-04-23,-0.0020302782940548026,-0.0021104449768503076,-0.0006818260795141822,-0.002496703506790147,-0.0017671921815356757,-0.0019908213374271403,-3.2202272778808806e-05,-0.0003807228132450356,-0.0009589591509262957
2018-04-24,-0.00339871787494827,-0.0028456641826733776,-0.006808654613692209,-0.007378019071629835,-0.0008324377537103189,-0.0006319822117054521,-0.006333041091568484,-0.007127767582991755,-0.008356532874791479
2018-04-25,-0.0017790237850591108,-0.0020022253003823174,0.0003788014963201471,-0.0008519119718327862,-0.001858573811907266,-0.002057324458658631,0.0011995367912146697,0.000540381262689849,0.0005135111839244051
2018-04-26,0.0060274593018356405,0.005509062654497481,0.006030412081183765,0.007620887301210097,0.0034952741095309356,0.0036932531951048273,0.004819241176251044,0.006020672097625798,0.008288819704215127
2018-04-27,0.00289399605834026,0.0028875008781362233,0.0006132539952491046,0.001141523524090193,0.0028175036569783865,0.003314558856377646,0.00048156338329797643,0.0010247543123221676,0.00028792448998089766
2018-04-30,-0.0035166708313573206,-0.003424760407710535,-0.0032021942972503994,-0.004018170828397894,-0.0023721110382162944,-0.0026589305088048874,-0.0035992964347979456,-0.003495039315677069,-0.002770369760610556
2018-05-01,8.675874428964806e-05,-0.0007456929351153513,0.002205225514193682,0.0030739808535700536,-0.0009408291420220802,-0.0008781993377946061,0.0008756571590479993,0.00039185914656266174,0.004560291817916124
2018-05-02,-0.002336673079769495,-0.0016286978220993805,-0.0020621017187108367,-0.002358742374031312,-0.0006755415249914471,-0.0008007784640776288,-0.003129188329703519,-0.0032833935901809184,-0.002302048578297177
2018-05-03,0.0007432089243445957,0.0017695894509696234,-0.00015876092801973428,0.0010521484614679786,0.0019827600280580707,0.0020492228100131857,-0.000997218319739697,-0.00025199810879704757,-5.348571396138924e-06
2018-05-04,0.004789270890221537,0.003628922803318581,0.006158386214349991,0.007806536107342124,0.0019657385450660187,0.0023126998146642272,0.006113814117240478,0.0064859350435279425,0.007562054923238317
2018-05-07,0.0011755532227744328,0.0009371514669929048,0.0021778637102879924,0.0033161391433102977,0.0006551043533721659,0.0008302445541607511,0.0016369723111796877,0.0015473072654476974,0.0033735784895149237
2018-05-08,-0.000411844645240929,-0.0006450975633040925,-0.0003579921067662791,-0.00043906019221282705,-0.0007544592054592326,-0.0008639883501230497,3.872665453657127e-05,-0.0005279670471688421,-0.00036771894577086544
2018-05-09,0.0043811885192790445,0.0018977428967701382,0.00456463357876391,0.0038599349462271615,0.00024890367009122727,0.00040116248681942857,0.005489240606995294,0.004726056052870797,0.004710858901983972
2018-05-10,0.007531516378203253,0.004965686783997038,0.0052523247985038985,0.006007382232165142,0.0032732483396958447,0.0036398063143645515,0.0054325482267856395,0.006477829023474523,0.0045369650617204165
2018-05-11,-0.0002617753904477418,-0.0002499153909158341,0.0005741374618240788,-0.0006454010706582079,-0.00042408010672305435,-0.0005432340958613556,0.0018009321030862029,0.001888441606491577,-0.00036882055310270346
2018-05-14,-0.0010247157129381638,-0.0012339581344238501,0.0005441114566947337,-0.00028677146055926413,-0.0016236140247704142,-0.0019152117156639845,0.00030851336688567706,-0.0005697534377242685,0.0007888969448038771
2018-05-15,-0.00979726852016345,-0.008045591293594022,-0.00476537051340024,-0.008478459005402785,-0.006786564041282117,-0.007543978427100662,-0.003967587631571977,-0.006370719693202791,-0.004789973425420833
2018-05-16,0.002289242502080292,0.0008585356756237885,0.002106732792267805,0.0023087303461399853,-0.00023488643934072224,-0.00032126218143086404,0.002466470721752821,0.0017277561151470815,0.002909628353420802
2018-05-17,-0.001899364043752727,-0.0010133542680985368,-0.0007370638246416587,-0.0016079919202745153,-0.0006223176283659556,-0.0007324790545861682,-0.0004582112861837244,-0.0007497695972514643,-0.001631136842667028
2018-05-18,-0.0020812648426339533,-0.0001414464863840974,-0.0021556853844131047,-0.0016437379741203375,0.000950955928818021,0.0009338420020809389,-0.0014176969195342488,9.318005566932443e-06,-0.0022018956738206006
2018-05-21,0.005279396276447019,0.003367864907937863,0.003679645193237667,0.0026213175768459033,0.002179343319696063,0.0024754299673282985,0.004385740353535871,0.004838466591783205,0.002473147465847971
2018-05-22,0.00013819374945557073,-0.00018458481952155382,-0.0008009768909241569,-0.0006985466215793076,-0.00016595348449159814,-0.00014500613505773457,-0.0015830824848471429,-0.0018485667491877655,-0.000524352616712492
2018-05-23,-0.0001851216982329731,0.0017639620295125532,0.0008659532232066843,0.004420096354425733,0.0026960323930871714,0.002881125491174141,0.0016278386763860565,0.0034730544425628958,0.0037066160179160777
2018-05-24,-0.000815127899756843,0.0006938445174635436,-0.0008074733373779309,0.0018051032965612911,0.0015314347408307057,0.0016584402363687412,-0.001158357397279612,-0.0002308168955366763,-8.629836765271814e-05
2018-05-25,-0.0011471879979593343,0.0007533611890190202,-0.0012553545558881998,0.00037139283746108725,0.0015742444250564592,0.0015014089113349423,-0.0013514796059969317,0.00011499572753732529,0.0004793283453329064
2018-05-29,-0.007995187245869381,0.00035704217683908517,-0.0071454173797732895,-0.0005553830938935293,0.004385846335898119,0.004255267646875551,-0.00663590600571019,-0.0026684252336355236,-0.0018846641636041527
2018-05-30,0.008312215124550722,0.00300121437983883,0.006793425283198352,0.002822364993023687,0.000398870098839297,0.000862208359582689,0.007731074826595688,0.006281886892615796,0.003158459839824883
2018-05-31,-0.002221544387677627,-0.0022747602547404373,-0.001722055920229135,-0.0007283105033793638,-0.001860175851315966,-0.0019786056282868527,-0.0035220037261699754,-0.003894405621275614,-0.0002395583228085052
2018-06-01,0.005373974173009441,0.0016315329122111213,0.006417867051322803,0.0054011472793776,-0.0005972866765568403,-0.0005432500829650063,0.00571259770098628,0.004437733464024693,0.006896311277483583
2018-06-04,0.003607857145617622,0.0005803101326135762,0.0036712499185056657,0.0033307755013011328,-0.0006448557758858867,-0.0003898654973127547,0.002792423156452163,0.0014768394470509414,0.004019767540383326
2018-06-05,-0.00010121820812363479,0.00108632144263662,0.00080248517292526,0.002413838934272656,0.0013998354938577822,0.001391975199608031,0.0004554001217705215,0.0014524600430345519,0.0014135542715738752
2018-06-06,0.005486981984615391,0.0021665886071426258,0.004468181259964976,0.002180221903604028,0.0001572671345913565,0.0002924067014174261,0.004900082882541533,0.0034861498400245686,0.0026290885808032444
2018-06-07,-0.003712194699722758,-0.0004217800967388913,-0.002790235306452865,-0.0031234725438452427,0.0011610915168791774,0.0010614428598013956,-3.161224045372511e-05,0.001596593926363742,-0.0035742709958172802
2018-06-08,0.0007831701110077027,-1.4154224746265598e-05,0.0002640237405668877,-0.000741329425811954,-0.000229646073120926,-8.643989008672026e-05,0.0018408752443039855,0.0012395982427615415,4.34682703076561e-05
2018-06-11,0.0023722973252657373,0.0006120556677469286,0.0009275829355913213,0.0011406145680196095,-0.00021487513505268795,-0.00016880055227711096,0.0008639844741730704,0.0004403078820699744,0.001297882073239476
2018-06-12,-0.0010440417275413285,-0.001256578579613928,0.0012038677404775033,0.0018095088990006279,-0.0010067401905502207,-0.0009310226004874946,0.0008407014390420993,0.0005918540940640756,0.0024980994358099816
2018-06-13,-0.003187769972443376,-0.0027468075993780676,-0.0014284483043307953,-8.841801628433875e-05,-0.0027225204971723727,-0.0030828193025652416,-0.0019789009074392227,-0.0026813194740792894,1.3823511546145774e-05
2018-06-14,0.0027565583034993516,0.0025919994413129716,0.0021155288033260686,0.006401493909702595,0.002466232926009696,0.00269740779866308,0.0016101128525077427,0.0030797298368829486,0.0047838946131391075
2018-06-15,-0.005604882123073956,-0.002759659949071281,-0.0018940939669975496,-0.003723841252537904,-0.001801960482667494,-0.002315907206712197,-0.0007740982897568681,-0.0005200596096742771,-0.001604016731371644
2018-06-18,-0.00395789713203785,-0.0018212557111927073,-0.0018666697164507508,-0.00034829404862048516,-0.0006972047899056042,-0.0007696378379074798,-0.0012643522470454588,-0.0011736014714484335,-0.00023116567150002206
2018-06-19,-0.004183310813532528,-0.0015325938218952759,-0.002636180676374236,-0.0006466173217459832,-0.00024167394552253681,-0.00038774108697079145,-0.0023787241105400437,-0.0013988541888511528,-0.001290948148086539
2018-06-20,0.0017238933741074997,-0.00023477927808094083,0.002470783401719293,0.0014752509218125594,-0.0007550261252491751,-0.0005554820361172463,0.0010981979387476495,-0.00032032611445658766,0.0033732436812919132
2018-06-21,-0.004927392245581433,-0.0016042225498703276,-0.004815740672225995,-0.003385433297993414,0.0002843120967204548,0.0002849830088979946,-0.003905329432307476,-0.003026915191547786,-0.00405172658841816
2018-06-22,0.005881477707450034,0.0032530156662823003,0.0010269870881301256,-0.0006613084332267925,0.0020740568041886197,0.002339636896262108,0.0011699346631809516,0.0012917013676190772,-0.001000141517878764
2018-06-25,-0.010869249469312172,-0.005587254180300582,-0.00947183841214287,-0.01084672764243555,-0.0023969603060054693,-0.0026248099381102267,-0.008499261175719494,-0.008488990294907295,-0.010508990436672716
2018-06-26,0.0002013918761159584,9.26955842845297e-05,0.0010137137185565145,0.0014124031883626102,-8.42000547594211e-05,-0.00014954780842574804,0.0014084309610174232,0.001678849855068856,0.0019300809851407385
2018-06-27,-0.007708820771992465,-0.003071620137619751,-0.006844426791562511,-0.005717540502589495,-0.0008707733277628334,-0.0012015821056750007,-0.005138343338850718,-0.003794875633072682,-0.006262950668161936
2018-06-28,0.0043828027666331015,0.0021574204160102915,0.004080003379876373,0.003246856581155294,0.0010410669862334612,0.0012009534637033251,0.003583454562628423,0.0033257272027476734,0.003998753116686695
2018-06-29,0.005325901463207577,0.0022979394914827904,0.002513345070845751,0.0014555468490193455,0.0009751905096861243,0.0011658441747516579,0.0009254669746938744,0.0005869137361430098,0.0012828420519598233
2018-07-02,-0.004258140340614164,-0.0027457239793100465,0.0009450581757582289,0.001517977735524126,-0.0023728584688551086,-0.002774604951795401,0.0013620528617186711,0.0010956676807451773,0.0031428633894980884
2018-07-03,0.001601775590635139,0.0017625724030933979,-0.0032549801840068304,-0.003110343914127882,0.0024051004677917726,0.0028214251156120536,-0.002173497371365689,-0.0012094067473392479,-0.005334452490548062
2018-07-05,0.007773365009067371,0.004276481200835723,0.004316126813226086,0.006420899627189176,0.0025832321279933915,0.0029947582800224333,0.005111240101866752,0.005439087574182846,0.005770720352902456
2018-07-06,0.006384636946204411,0.003856357377727778,0.006818105447050197,0.0075984210637559555,0.0021850540923045126,0.002276780629335883,0.005314754618355647,0.006006026688453509,0.007269679017666537
2018-07-09,0.005018609450026507,0.0014657924418616495,0.005946544215510208,0.00362550273528123,-0.0006011545567509564,-0.0006676066015490063,0.005673260452888932,0.004847431261618368,0.004256168275526951
2018-07-10,0.0005469436889378176,4.220903004847898e-05,0.0008012490063529221,-0.0004930800400589908,-0.0002774298447459911,-0.00026466683888182185,0.0032259265065981424,0.002498737948698926,0.0003146610720312637
2018-07-11,-0.012790785246928784,-0.004968226067382998,-0.007365841078959038,-0.0043949198545071705,-0.002471320132512621,-0.0029115140354719006,-0.007313687055043468,-0.0062978534521510076,-0.0034224942493078325
2018-07-12,0.0103242358783102,0.004251952422046273,0.011041685974837406,0.011914992736427073,0.0020677666606342,0.002290677141500653,0.009064570516706812,0.009092236733813578,0.011709695623399293
2018-07-13,1.8055214417539051e-06,0.0003488370181975812,0.0006693883204609497,0.0004960628987868822,0.0001362087800530409,-7.860124710016642e-05,0.0007876063383753972,0.0018833956233662932,0.000594714841275288
2018-07-16,-0.0033525288017266426,-0.002115291293845104,-0.0019910056972242194,-0.0024643001195179155,-0.0017764197080534126,-0.0019000819700073052,-0.0008941059798647637,-0.0021642935357837553,-0.0016075157525078112
2018-07-17,-0.0005135031235695118,-0.0008072286758794468,0.004612594989853464,0.0018480902896743938,-0.0015892192926779724,-0.002023567763327662,0.004044785243727752,0.0037253736202929257,0.004170678418337672
2018-07-18,-0.0010109301281261097,-0.0007893367125592712,-0.00010664514299716221,-0.0016016624714775846,-0.000853552198875437,-0.0009407829108378548,0.0021035289104845995,0.0015693313354693229,-0.001262843820875253
2018-07-19,-0.0030877982515823735,-0.0003261754845268751,-0.0049512298602986836,-0.002881805713285958,0.0009705323825493587,0.0010754781599054775,-0.0037710884098605003,-0.002140379864347268,-0.0033877274210441133
2018-07-20,0.0026192855375712512,0.0003055080690898341,0.0018875839030663979,-0.0006554603535986656,-0.000601393611946009,-0.0006201194456068325,-0.0011429752092462196,-0.003702072156300393,-0.00012728466199180423
2018-07-23,-0.0030946253195726406,-0.0029428599002825117,0.0006125685539934287,-0.0009679530818768122,-0.003035460336163919,-0.003151659848558076,0.001859252846504906,-0.0015242907593994279,0.0021938162010711844
2018-07-24,0.005387477992589678,0.0023662063230442186,0.005483077224086947,0.003092362014103637,0.0009605077738639895,0.0008563615842653217,0.005031507871790562,0.005660572284267152,0.0028350084666008426
2018-07-25,0.00974906835269417,0.0037435990718177946,0.010240856586382536,0.009971852781321644,0.0019188019833442584,0.002302674298925908,0.008521365742299369,0.008368814208715929,0.00956692241364882
2018-07-26,-0.00819125099735944,-0.0038701342127896872,-0.007726410505519765,-0.012049136653441862,-0.0022511385420827795,-0.002396544587420206,-0.0023584896791124708,-0.0032914984934476056,-0.010364264854367937
2018-07-27,-0.003234758583669058,-0.0013789994400130877,-0.006178025972429759,-0.008280841254345904,-0.0008550870109033736,-0.0011226743437472812,-0.006775845903191473,-0.006120457371597113,-0.009184178440175668
2018-07-30,-0.0030823773000024997,-0.0017804274101406242,-0.006690969110358091,-0.0103090149268648,-0.0011201769920259751,-0.0011466095044443158,-0.005222746899880601,-0.006437367940955996,-0.00957470938276174
2018-07-31,0.007542354450942292,0.0036124759779571133,0.005094721813560194,0.006197171620551398,0.00278591958349035,0.0032665296912249937,0.004928629713678122,0.006033370808437038,0.005200620015684268
2018-08-01,-0.004442672670320645,-0.0022647071048376164,-0.000794724856338266,0.00012133777328301849,-0.0014232890939070931,-0.001447204876471663,-0.0016703802990345959,-0.0034598429665289496,0.002599671141471155
2018-08-02,-0.0035057100466479793,-0.0005322468701890538,0.004139456026640192,0.008646355458938727,-0.0001287991927778531,-0.0004117326887048055,0.005447285367078649,0.006445893160671885,0.009260357352548243
2018-08-03,0.006153209766212218,0.0032741431213775193,0.0037499735062731677,0.00378074403171749,0.0026587383635036767,0.002998988240220855,0.004284033145756584,0.006159001673765396,0.0021134183469138767
2018-08-06,-0.002452226726168098,-0.0007175440217659795,0.0019489393744097409,0.003248324475192459,-0.0004716542303146995,-0.0006591324454318617,0.003666921315581675,0.004086246980900607,0.004041701329302727
2018-08-07,0.004912928602143141,0.0012076233998577312,0.004022752103587543,0.0018718734961953635,-0.00011832518328047157,-5.333334411057677e-05,0.0033019434082299506,0.001968420123482108,0.0025159936338581116
2018-08-08,-0.0005933761475057642,-4.5748269685286225e-05,-3.6914555589739884e-05,0.0015136873191092803,1.2498910253899709e-05,-6.329811308736222e-05,-0.0006675100635127329,-0.00019197541647508753,0.0008640375152408897
2018-08-09,-0.0015586120207726744,0.0004066673355859576,-0.0012605202080937703,-0.00017264747658488408,0.0009878069412685609,0.0009033638675119111,-0.0016046511809632423,0.0004465565394866019,-0.0004426458885020793
2018-08-10,-0.013375671826193656,-0.0037637974835671908,-0.009197231471823001,-0.0045768883658774484,-0.0006730280454473525,-0.0009799600575212514,-0.007797393448352592,-0.004678106345402543,-0.005818118717998942
2018-08-13,-0.007373493595801166,-0.0037244421273086525,-0.004769247237304274,-0.005193120019369358,-0.0029592467646756544,-0.0034178692766473123,-0.004369100965456455,-0.004830064741014727,-0.0008258920835868115
2018-08-14,0.003014924188906252,0.0011268885234000717,0.005789291486774233,0.004537237966438861,0.000582812305911571,0.0007395106031136564,0.0073996615821191455,0.006714485395292224,0.004796379243491737
2018-08-15,-0.014849400244577357,-0.005355331066016301,-0.01246290699906988,-0.012953052012370415,-0.0022377150147364334,-0.002589126596458358,-0.00869403127095514,-0.007076159546064333,-0.009320699576602387
2018-08-16,0.006416706681211765,0.00231864375508714,0.005342756420508846,0.0020615771039956218,0.0010785636214294075,0.0012791742642380892,0.009391317862410735,0.009310645761453377,0.0025250043463733865
2018-08-17,0.007114824300674386,0.0035447513181635967,0.003261617594954244,0.00281221112992166,0.0028785948931588793,0.003340109657985065,0.0040692889045083475,0.0043969973850155235,0.00018872242457145243
2018-08-20,0.004720238922877231,0.0031720964682651486,0.0012765978210181913,0.001548803856887547,0.002664450565450544,0.0027720762690689087,0.0024657391946978063,0.004942898844198035,-0.0006585400795813294
2018-08-21,0.004977725404192437,0.0013555653530500067,0.00450914542669132,0.003092584506980681,-2.5009496991726138e-05,-5.3679790638098366e-05,0.0027021975862035114,0.001576348998902544,0.0028166534676134047
2018-08-22,0.002956001879676146,0.0016255563302885558,0.0026403413238306078,0.0038989333372580776,0.0009887402631730186,0.0008968710067396731,-0.0007080819468737778,0.0006538810181508189,0.0029781124271048395
2018-08-23,-0.007941011699576754,-0.003612657211953976,-0.003941649657737998,-0.0037504663544964054,-0.0024685192865036938,-0.0027935942234571507,-0.0015598597235219217,-0.0017763748644268702,-0.001076307355455645
2018-08-24,0.011974132542342407,0.005376643022079099,0.008997906038035259,0.011679827874153316,0.0037786021228146784,0.004403987588633775,0.006965070639242725,0.007271721695402028,0.007106388291122828
2018-08-27,0.009004300398376169,0.0028797162695640803,0.009285606818829789,0.007838748450751455,0.0005972065905803826,0.0006759450385469488,0.009134830126428585,0.007476499713543054,0.007810175735664131
2018-08-28,-0.0005964244789813958,-0.0011417219764500485,6.887770202128229e-05,-0.0017672439827301604,-0.0010118389372907152,-0.0008774744714456471,0.0005401471769715248,-0.0013147289599921858,0.0011419174066580335
2018-08-29,0.005945049277981749,0.0023406790733792085,0.007392165522774334,0.009587662828233456,0.0011086091106335837,0.0012611414797908962,0.00621138628855483,0.0060545023884348275,0.008861914312555558
2018-08-30,-0.010038019713681417,-0.00311222293231048,-0.00685243642660302,-0.0022016158576490205,-0.0011803146519967153,-0.0015374331781146545,-0.0047032057299847985,-0.0034813821429468144,-0.0013387293286484907
2018-08-31,-0.002435555381611741,-0.0007860957817928101,0.0014069705783778185,0.0006453497707208686,-4.998497409392877e-05,-7.789706424476549e-06,2.05201841044259e-05,7.480258496725051e-05,0.0010080281854886093
2018-09-04,-0.009799870097975758,-0.004877601974596038,-0.005689599374507118,-0.005168222475130878,-0.003701938382373308,-0.004112701839747538,-0.0020133858684002626,-0.003967746511855201,-0.0032736030442655022
2018-09-05,-0.005446615300930562,-0.0021788199093081074,-0.008356643557859329,-0.008578407920086285,-0.0005580846210363258,-0.0003462949046108731,-0.0031366353539062563,-0.003406082913475898,-0.009891924702957298
2018-09-06,-0.002526818026455824,-0.0003638314948795435,-0.004287512534349422,-0.005481947709571654,0.0006587517359914386,0.0007357647839852437,-0.0035073625405208126,-0.0020833780955087024,-0.006820830182868454
2018-09-07,-0.007031799084301293,-0.005462360690664969,-0.003040374826654868,-0.006666715206185447,-0.004854594447889826,-0.005121854707724194,-0.0025933127557018487,-0.006063721596027194,-0.002894465502378485
2018-09-10,0.0026304393910654466,0.0014690818675031983,7.369610490130008e-05,0.0026224384704551067,0.0009725557675302824,0.0010599100641599409,0.0021656977013228018,0.0024419623554827836,0.0025604849488789654
2018-09-11,0.0015082348389758187,-0.0006229310255033474,0.004413926032369277,0.0034908799331129876,-0.0013893112710602856,-0.0013075442735322937,0.004135615646516007,0.0009440872359060955,0.005835056477642237
2018-09-12,0.002778716178896938,0.001458909298875844,-6.96480350577453e-05,0.0002516359127263494,0.0012850214037312328,0.001518045772769376,0.0002733603770949211,0.001108437756740048,-0.0022089411145891874
2018-09-13,0.006675898096945868,0.0030994976049620996,0.008496985358353087,0.007395661089381798,0.0014520594892426172,0.0014961393911148224,0.007437570755215402,0.0069295478646892675,0.008090182389143226
2018-09-14,-0.0032642614168991472,-0.00251808371985227,-0.001172511575745801,-0.003492646550907645,-0.002506747295320014,-0.0028071181315128422,0.0001843560201099103,-0.0013937448437948744,-0.0021961932471493304
2018-09-17,-0.002666428014066158,-0.0015684727227093331,-0.008818559167060421,-0.009061886880062191,-0.00046992623399117145,-0.00025909931050025717,-0.006708821927699806,-0.006355839101484966,-0.01088141193404847
2018-09-18,0.0035317936106290934,0.0006748203743725677,0.006735580716080929,0.004064310835879254,-0.0008516880424841787,-0.000945280041480426,0.006819896769117998,0.0031388805265983397,0.006259675518863828
2018-09-19,0.001879558336754828,3.7091080961526926e-05,0.002628435900717964,-0.00040501571984701934,-0.0009001890666715618,-0.001038480019402281,0.0013112216064538622,-0.00016198057674382763,-0.0005578572707652114
2018-09-20,0.011624602700623824,0.005924985834538238,0.008994865806816113,0.009600743991454249,0.00360041188975699,0.003942358726954354,0.010185224046407787,0.009776316852182113,0.008374941276834346
2018-09-21,-0.0014577015006532056,-0.0012215993409301807,-0.001454484637282388,-0.004145804356709334,-0.001182261445208739,-0.0013709666926612714,-0.0011822368652649898,-0.000920851835613693,-0.004121654935337673
2018-09-24,-0.005538380218993643,-0.0029842281227655688,-0.0022958401393606983,-0.0004816508714841286,-0.002528728730338893,-0.0029664338967350574,-0.004213303146538646,-0.0049966888822492875,0.0021253749802588595
2018-09-25,0.002612304357502156,0.001036459102469369,0.0008940351487730872,-2.2615684979662698e-07,0.000444467830806644,0.0005034924673923393,-0.0012017600494287218,-0.002028568139357484,0.0010501511662191585
2018-09-26,-0.0021669795343570116,-0.0007429185389889366,-0.0004360671513099013,0.00010102867129517278,-0.0007212538466049422,-0.001182375017598494,-0.0038029663996314218,-0.0011839566046513035,0.0005558083974656915
2018-09-27,0.0010886565205064478,0.0003487224498702966,0.005002813557235623,0.004345872510445804,-0.00018779529767210158,-0.0003067443694756777,0.003490703035429624,0.003259094577249025,0.00643314449692842
2018-09-28,-0.0019397152508844435,1.6062649348630486e-05,-0.0012723225066622937,0.0009926909917040128,0.001478994371436116,0.0019228349200120628,9.783852929576724e-05,0.00038951753019716474,-0.00014302020378149086
2018-10-01,-0.001308009361393301,-0.0014827772439697734,0.0020558289335712047,0.0008227259926319402,-0.001943027168469113,-0.0021720588076074602,0.004344920857115245,0.0020831186329855916,0.0015731885569079402
2018-10-02,-0.0023760334335411097,-4.476219573944695e-05,-0.003332646566163751,0.0014364571365232724,0.0011742261938570229,0.001377730257139437,-0.0007664673315396617,0.0011894280931274911,-0.0016914974860893497
2018-10-03,-0.003196025169083064,-0.0034650770116337747,-0.0008973128529004523,-0.003720257195869528,-0.003967044208934503,-0.004240687919771169,0.0006580926519087751,-0.0052883249915196264,0.0008380778666169624
2018-10-04,-0.012652257920734305,-0.006724899701631523,-0.014378507046497619,-0.014856289045782702,-0.00409528961780923,-0.004293671824247236,-0.009874484558929121,-0.011668916401364606,-0.014550975934219468
2018-10-05,-0.005567691329827485,-0.0032733138728728304,-0.007157609468575209,-0.00976721573866095,-0.0018742451848138702,-0.0018092882673603366,-0.00709548153728893,-0.008863214746969553,-0.00921517510607063
2018-10-08,-0.003321085162178661,-0.001726643691738361,-0.00229819301066736,-0.006959367824724061,-0.0008934428812351625,-0.0008553005382971879,-0.00031697740450753464,0.0001633262369558075,-0.005159930341680274
2018-10-09,-1.5034098394070065e-05,0.0006695764963849842,-3.325189408689226e-05,0.001481922316813877,0.0009331973959211058,0.000945280452925903,-0.002276541137015999,-0.00035387060236905497,0.002714121783683742
2018-10-10,-0.02570870851045736,-0.010973794288512995,-0.03684606333672427,-0.03771878425007571,-0.005338613037625471,-0.005755616715109972,-0.04808839972969324,-0.03767518032948932,-0.03665473040827455
2018-10-11,-0.011225212361108306,-0.0037589411093275587,-0.01611075446177148,-0.009534756564545029,-0.0007976385100514361,-0.0009036768498979228,-0.034051724310516326,-0.023277134489386064,-0.010247563332150319
2018-10-12,0.010688582421146713,0.004032523406339439,0.022999027600277333,0.020488843650109615,0.0011127692560299663,0.0009858848403692519,0.021620684341360014,0.01560766317877241,0.02299354218136636
2018-10-15,-0.002096615997567561,-0.00032266608702401694,-0.009415767462168366,-0.00771338299756249,0.0009179380682368306,0.001214122777794116,-0.008778637983153656,-0.006402999268563303,-0.010025549058222658
2018-10-16,0.020518017457260687,0.008202360543232335,0.025877041493705902,0.025001849537059338,0.00419307405892722,0.004721687811532588,0.03393181321178028,0.026157553042476005,0.02409838323157471
2018-10-17,-0.006121347752438153,-0.0029554638324147293,-0.0023051785622291397,0.00025387820309160514,-0.002046492673814144,-0.0021342862584829278,0.0002041862682375465,-0.0023104645652459307,0.00034387930255099235
2018-10-18,-0.01617576238740625,-0.005791244548427166,-0.02070529388091737,-0.018970091202799293,-0.0018973788818218598,-0.002026837519588358,-0.02226481771365938,-0.01603914827641407,-0.01926993592925763
2018-10-19,0.005007779280214054,0.0009499611118743716,0.001320792412617643,-0.0005882020096052762,0.00014452748029351745,0.0004226276925347739,-0.0009119852562610391,-0.0017985351640188627,-0.0007496880086889442
2018-10-22,-0.003333519095214145,-0.0020408248134620045,0.002494152050460845,0.00071371011684195,-0.002029523961842092,-0.0024259537859002843,-0.007028756971043732,-0.005391307221021593,0.004276994428154845
2018-10-23,-0.0029947810306342783,-2.0417793413851686e-05,-0.0058326083613414285,-0.0026698132833146183,0.0014108247597827105,0.0016028558826192188,-0.007982200341464098,-0.004093111140113658,-0.0030358308031322137
2018-10-24,-0.02363709480435629,-0.007210080998063812,-0.03759739796977657,-0.03798226149311013,-0.00048005782747278575,-0.00043017976675385425,-0.04728714575471387,-0.03214372947270306,-0.03790688703959858
2018-10-25,0.016994275803342687,0.006175090593365058,0.025313310532643307,0.026565654289341323,0.0024981471770837774,0.0028471659819086694,0.028377777382518128,0.019457742888782017,0.028448275734928738
2018-10-26,-0.0135029357408082,-0.004583160298522526,-0.019995316531686347,-0.021082858453581176,-0.001959678515793863,-0.0025649744509490748,-0.027686437194679555,-0.017516222816814295,-0.021249876273017526
2018-10-29,-0.0054582932775538,-0.0018658699327304255,-0.014214361558319245,-0.015318508215945631,-0.0001914954846066376,-4.566743620749281e-05,-0.00886516572014179,-0.006924352845256776,-0.01692118815345972
2018-10-30,0.011730427639030915,0.0038202167386048006,0.01674371615904968,0.014119461149865823,0.001308439933155163,0.001601796643758689,0.02350782160288584,0.015842190066871438,0.013528396006297442
2018-10-31,0.006327675055961732,0.001413392941431975,0.016095711269907827,0.01645440156061118,-0.0011972022582115343,-0.0015457943500137945,0.01677958111958863,0.01059515948237256,0.01934462606912322
2018-11-01,0.018899222631025486,0.008458155720069535,0.01707137998389977,0.015024882777181081,0.005280072268074666,0.005773281328392718,0.016618644904376825,0.013462597109406312,0.010906533566134467
2018-11-02,-0.005252283391484061,-0.00492577036464356,-0.0073492022502528835,-0.011451759519138223,-0.004567242494019789,-0.0046688043040923055,-0.009309802406948358,-0.012036870961823674,-0.012873485425663396
2018-11-05,0.003657990241934251,0.002085635508467781,0.0018035661674960474,-4.030517702251069e-05,0.001878793923939092,0.002151284827138608,0.00855820641133441,0.007065564952773808,-0.0020302633156780527
2018-11-06,0.0013270345779927695,0.0006107718877523816,0.0023437353105562053,0.0026634249622849993,-8.24106083369136e-05,-5.878367016265429e-06,0.003382488694622099,0.003069628672154323,0.0029927934241718024
2018-11-07,0.012531898677230377,0.007324072827326717,0.013366804726560837,0.014311613607600441,0.0035015781417702643,0.003873064868805265,0.01442218446605214,0.015233366427515284,0.01388918904889139
2018-11-08,-0.006829185807049828,-0.004398907555846004,-0.004515993240135272,-0.0027222674854312143,-0.00245151214709626,-0.0025095760282930787,-0.0011986494958654815,-0.0019759037753166327,-0.0028116474886831916
2018-11-09,-0.00709857697376299,-0.003442014558870748,-0.007681469844849406,-0.009948700010424206,-0.0012556566413637262,-0.0016590417753892298,-0.006577505484995422,-0.005212365788346865,-0.007483880253526436
2018-11-12,-0.01188222340148361,-0.006247184205660944,-0.011987290467611109,-0.015035606874356702,-0.0020939240109294575,-0.002369905165659331,-0.012568788208415393,-0.0119578318595498,-0.013350472834280314
2018-11-13,0.002830748002092729,0.0016558760404156486,0.0010044930220121748,-0.00020565815278632786,0.0008596558769145593,0.0008470063831027906,-0.0012229761965719557,-0.0009719046266677072,0.00041932187850320893
2018-11-14,0.0009234118446217258,0.0015360157095684627,-0.002406304889745446,-0.0019158896969916504,0.0018911238514368737,0.001999442859129644,-0.0045476526002446085,-0.003871715609363715,-0.0032700011970150894
2018-11-15,0.004638085739956346,0.003317709060828751,0.0083014842853008,0.00778245878088832,0.0016298590874218972,0.0014957009117699716,0.007003954647385896,0.007680067980213754,0.007638085803556582
2018-11-16,0.0020798266940267414,0.002757269071546951,6.083302817886226e-05,0.0016250583214717574,0.0032254265160282488,0.00362601673117456,0.0017738985140522238,0.0032823707542191786,-0.0014847762820680923
2018-11-19,-0.008178941337466985,-0.003978083814127193,-0.01190090883344992,-0.013134809796355687,-0.0008106538431513089,-0.0008700461995439551,-0.011318108335518712,-0.01128834074434866,-0.014138759762796771
2018-11-20,-0.011623432555333003,-0.00758869827422146,-0.009913457677669912,-0.009770475944278052,-0.004209938739415392,-0.004509536740922776,-0.012315267170257615,-0.013142129242666173,-0.00762008124518657
2018-11-21,0.006802303725268926,0.0037534529130941784,0.004279702188202922,0.0033107358454963183,0.0016963786129870748,0.0018009624352765367,0.0022908538655406745,0.002262812213749339,0.003280756914832556
2018-11-23,-0.005405909412362812,-0.0035657494194398353,-0.004108447332352606,-0.0038806564063659675,-0.0019118624242945325,-0.0020056681355888908,-0.004400778376333944,-0.004415725417366944,-0.0030285907858289265
2018-11-26,0.009254983973730443,0.005543236231559946,0.009511681691241875,0.010106433583954204,0.002388521359216827,0.0024603169639478605,0.010722533674779895,0.01087333753161092,0.009864137860286854
2018-11-27,4.687242491770901e-05,0.00015341681487343416,0.0022028292302093866,0.00035905658835262,0.00012418033082324173,5.116124751294076e-05,0.002271503376698237,0.0028178516596697703,0.0015057040798768032
2018-11-28,0.013326736513694225,0.008596861547237301,0.014213491904530874,0.015711126219514465,0.004710158148284135,0.005086407239698598,0.015376987175740816,0.0161156617770182,0.01391789757341404
2018-11-29,-0.002291201013540089,-0.0006700770088666835,-0.002054378763566982,-0.0006975603542384184,0.0004266297331375498,0.0004668272952530043,-0.0014367079073356612,-0.00034937986353991414,-0.0013776885098036307
2018-11-30,0.0008904868619891419,0.001380742598994519,0.0027841205681899783,0.0032192836718409035,0.0015472815060436388,0.0016986726837978027,0.00412046712547766,0.005221818493136941,0.0032281147721939154
2018-12-03,0.00983112677821521,0.005386277978612244,0.008772450629693175,0.010183748779594895,0.0026993760333479,0.003102090367904672,0.008932782023984495,0.010379769501493897,0.007733099224410642
2018-12-04,-0.016177678705245852,-0.008659435260638582,-0.01749001995642668,-0.017862018192002223,-0.0030344535743903555,-0.0034026130808483264,-0.021846509417293426,-0.02082457424390894,-0.016967286075826836
2018-12-06,-0.00016793611298667824,0.0016641204154229422,0.00021254294210242073,0.0014669875307649933,0.0031673099242403675,0.0036906654521598778,-0.000981818518060267,0.0001430528178586319,0.003118052469976472
2018-12-07,-0.009474610475090017,-0.005027327000340032,-0.011420685953137277,-0.010477707981088269,-0.0011508056668597666,-0.0013855515324859846,-0.012194223898466139,-0.011896379372452137,-0.011678262410766416
2018-12-10,-0.0025399990068682445,-0.001779352849012268,0.001249191784315847,0.0016266876029478947,-0.0013091219980718583,-0.0015860005796519059,0.0010221925713752489,0.0012491905006904276,0.003679361763265838
2018-12-11,0.0012777978826270862,-0.0009480371641747938,0.0013066820634360017,-9.385693200186386e-05,-0.0017527685478082105,-0.001697095117875936,0.00016283635797140843,-0.0008026984350904681,0.0012133713437217045
2018-12-12,0.004838218026648243,0.002349859535767141,0.003825952603476179,0.002932004294387205,-0.0002285035790447067,-0.00048306062020159906,0.002639751870378453,0.001726640233145831,0.0031292064455754292
2018-12-13,0.0002708002608072151,0.0013007301838152323,2.6932766422990982e-05,-0.0004174236018227117,0.001566006035877143,0.0015914303311334993,-0.00012893032632962971,3.984716636427189e-05,0.0001681098382123975
2018-12-14,-0.008699675055784619,-0.005456907140756594,-0.008532277793212178,-0.010101628090026443,-0.0021340449593883126,-0.0024180179998284693,-0.009485485057730812,-0.009437056663492057,-0.008473073131858527
2018-12-17,-0.009096551341328795,-0.005242748107963676,-0.007920597206569116,-0.0073872305242165485,-0.0026119171299032644,-0.003457669154904472,-0.009989167360756706,-0.009453466288034104,-0.007753803294588603
2018-12-18,0.0026676246486379523,0.0028783729086720067,0.0015059126292459777,0.0017090152762392098,0.00273765184485032,0.003012478129775388,-0.0005091005979254103,0.0003524274128493953,0.002198302404204615
2018-12-19,-0.007706831887899179,-0.004866324668514211,-0.008011176228531895,-0.009028530593593714,-0.0023679420697514807,-0.0028971757579881238,-0.007534925571773949,-0.006631216446742797,-0.008314007104272839
2018-12-20,-0.002546262276634288,-0.002429176274613394,-0.0043749103913837736,-0.0037260313930830655,-0.0012616708811258432,-0.0011719353910263322,-0.008132122823547612,-0.009048094568634363,-0.004801351671815989
2018-12-21,-0.009102942814851345,-0.0058332601529060965,-0.008978537839840036,-0.011537385884400515,-0.0028275677585692664,-0.0033800022535603077,-0.010163319599520389,-0.010374255898541044,-0.010235113943933448
2018-12-24,-0.009862389934451573,-0.005840501976345578,-0.00900589274269842,-0.008225552720136595,-0.002546341173002818,-0.003170190391124974,-0.012981066311941823,-0.012693774798324705,-0.008001855592267614
2018-12-26,0.0190865880783542,0.011647240566823362,0.019661608338389577,0.021837601545791497,0.004788083425978565,0.0056614890263928744,0.024624775003828852,0.02393835612490835,0.020031970670902375
2018-12-27,0.0011448270851413015,0.0027192197147636547,0.001838228921575006,0.0050214370341632565,0.0029059356771958663,0.0030618323683467693,0.0038760297612926535,0.004997327307727858,0.0013519566554212707
2018-12-28,0.0038046778426876282,0.00513294593581585,0.0005813074948717773,0.001515927195322629,0.004684951381278426,0.004784070621375559,-0.0005986255356354234,0.0014039737099536586,-0.00011175477689259236
2018-12-31,0.0023053105657884453,0.0027698291662979707,0.0024819131038286753,0.00489178341616358,0.002278597405452338,0.00235028079083933,0.0044293850721515106,0.00603786871614492,0.002878644205978265
2019-01-02,-0.0014730875679746858,-0.0008190287661002307,0.001113380511222399,0.0014960217941783027,-0.0009740902798684713,-0.0014795955346671862,0.0005699054425377366,0.0013632711617814776,0.0014119095405500854
2019-01-03,-0.0061375029500621205,-0.00044260147491359536,-0.010886448133383542,-0.00838608735964458,0.0036113532203670877,0.0038228036264222865,-0.011947333609712153,-0.009475240190841033,-0.010930793984807967
2019-01-04,0.014869585867363937,0.006030592403325858,0.015247347458939279,0.012585725337215843,-0.0005045652540838609,-0.00021090325194769773,0.016680931722828547,0.014191881596766352,0.014144307456110493
2019-01-07,0.0034150232975300523,0.0011198733601291452,0.003547604033323829,0.004445395044466287,3.791260560683448e-05,0.0004425330868607331,0.004027621772380834,0.0031067679481256057,0.004092221367906434
2019-01-08,0.0046460628414454475,0.0021382004069871023,0.0034747416343779273,0.0030741781851194583,0.0007741353215904458,0.001243720745006975,0.004808470439456648,0.004039623980728183,0.003148336778278699
2019-01-09,0.004883248201271728,0.004604261615579919,0.003994141654980243,0.0037061244980263197,0.002781195984975282,0.0029423460404600643,0.001807849204176204,0.0019954239994914857,0.00238833528537441
2019-01-10,0.002056219421844595,0.0015544719795112518,0.00178623611288169,-0.00029011188648325693,0.0009700431652630637,0.001146637994271564,0.001465828928707874,0.0014032723128797025,0.0009047764755609409
2019-01-11,-0.0006200277575500699,0.0007044886565404362,-0.0011701531210397244,0.00011323945861850613,0.0014699278962640948,0.0015274942394896986,0.00021171318740926726,0.0010418103627116673,-0.0010056793271726186
2019-01-14,-0.002856417750761136,-0.002562782041747881,-0.0029048499709788947,-0.002161222902677442,-0.001338695357197513,-0.0013685995510801378,-0.002384055926752615,-0.002757389546115374,-0.002517373522523985
2019-01-15,0.004161938644474813,0.0036193217252580463,0.00474209823646779,0.005115159561226638,0.0020665102530890264,0.002281493721612997,0.004627376471676351,0.004659799713420721,0.005744424462491566
2019-01-16,0.001934336048846568,0.0011139604920709016,0.0020190799726003852,0.0011220015627696294,0.0006897042521387692,0.0009979251859604274,0.001028361157294722,0.000906427156646863,1.2767532115356492e-05
2019-01-17,0.0026775257313896993,0.0016615060957514303,0.0024224213742806045,0.0023363641552080656,0.0004460861364033352,0.0005771145367139309,0.00310648670085535,0.0027837943862727196,0.0023898929181205655
2019-01-18,0.003513419541780397,0.001151698660270464,0.0032204013443162104,0.0017868477112837516,-0.0011291200472374296,-0.001204258014817148,0.005430699556124038,0.004902510217741207,0.0029992115872945584
2019-01-22,-0.005959939331754134,-0.0034105005056343134,-0.006504352952456459,-0.004996328692171803,-0.00029406828037357004,-0.00039299292158276235,-0.005441507741596543,-0.004907797986148812,-0.005907597780911773
2019-01-23,0.002236548288384791,0.0012132062606627762,0.0019219261863227897,0.0002586452487491739,0.00011377677593273747,0.00010932453780042192,0.0009009457463732529,0.0007982843453347915,0.00044808398452328207
2019-01-24,0.001716184410759247,0.0026726941946112015,0.0024884851615938302,0.0012709343971921794,0.002412347888561736,0.00238870183018056,0.000270189695760226,0.0011535697984033284,0.0019711731325262926
2019-01-25,0.006695495298019782,0.004508638011160647,0.004417621674927653,0.007001949563900073,0.0025114975550262143,0.0033823304498874648,0.0034761055880977707,0.0030462107713944506,0.003598239705963957
2019-01-28,-0.0021993687246465938,-0.0015949851688407983,-0.003908204756868967,-0.0027832697327814277,8.926778591070996e-05,0.0004236122398514563,-0.0030311008131640987,-0.0032072155676544285,-0.003615359125048498
2019-01-29,0.0014733985142250537,0.002305167429121239,-0.001172564498495652,-0.0003534190746302337,0.0025785440943985444,0.0029081453413529637,-0.00048007431455245205,0.00026494804453235755,-0.0027226927942917882
2019-01-30,0.00866444910811301,0.009069499701212637,0.00820686230109174,0.009126269172987091,0.006223110633364835,0.006576051224920436,0.0064526524379666505,0.007542122735981728,0.007532127120884071
2019-01-31,0.004233935641914398,0.0052149720699569265,0.004213736000101486,0.004955555830349585,0.004275974093000747,0.004500818228144678,0.0036373688452809544,0.005158461265107831,0.004537159063181996
2019-02-01,-0.0018568021555408817,-0.003936719588763694,-0.0017465546916398654,-0.001685474492202515,-0.004118823421258208,-0.004237815078343393,0.0002527964229394777,-0.0012661177443882034,-0.001208580334624996
2019-02-04,0.0023761874335755024,0.0014517804093968278,0.0026895356978548237,0.002386431442779199,0.00036536918954637755,0.0004742220933515545,0.0029405688594932905,0.002500656152257611,0.0038039105278477392
2019-02-05,0.004699075470592158,0.004018771895332777,0.0038036400999776404,0.003252023183696105,0.002479208735799152,0.002723455438307802,0.0017813533812842698,0.0023597469440203036,0.0027509083086035605
2019-02-06,-0.003096275977798694,-0.0021171560086138065,-0.0025800757666253555,-0.0023166339161653556,-0.0012817441276036464,-0.0017136086350821185,-0.00048827344997139056,-0.00034243703927375283,-0.0008444558580927012
2019-02-07,-0.0036072224314507933,-0.0015932963837592025,-0.004217904039173807,-0.0033761107265665256,0.0009131203330617499,0.0011055816823969246,-0.0038745100262945354,-0.0032757063315706895,-0.00402524705974268
2019-02-08,-0.00041820361479083523,0.00038588152491425554,-5.765901303478316e-05,0.0010628147799809362,0.0008349172795591997,0.0009049347408935926,0.0005608017451410596,0.0009514501989138502,0.0006841082183344227
2019-02-11,-0.0012558542940308737,-0.0018279359214187184,-0.00027807287780522703,-0.0008840720505168205,-0.001599909519615395,-0.0016540245624041203,0.0002984733770137265,-0.00019919990528030095,-0.0002507424143746006
2019-02-12,0.004736954494069377,0.003112100721993624,0.005262678127337289,0.005579693494880431,0.0008002476479015099,0.0007743831491663608,0.005728459011923266,0.00567843134626604,0.0049665622591103156
2019-02-13,-0.00037653537762341496,-0.0016151083870265656,0.00013279541924008414,3.905550877934945e-05,-0.0017754324937662022,-0.0017047102192329498,0.0014962304371143118,0.0007874767827315916,0.00029875227619051897
2019-02-14,0.0011846160445181024,0.003189965806884971,4.5221975612065594e-05,0.0009783154413676744,0.003721907646226351,0.0038568502184519247,-0.0009348003429976037,0.00042770883890807946,0.000474704081177013
2019-02-15,0.005322040550991673,0.0034876715025705116,0.00243926941468587,0.003564154068346862,0.0016565044858372429,0.0020849726359604974,0.004898638470217373,0.004909016182088164,0.0014729187645255136
2019-02-19,0.0035179344167481316,0.003926605439058675,0.0013049871848664235,0.003172846979197929,0.0034904462253100153,0.003908473373722201,0.0008271038886097931,0.0013847169531126505,0.0007284432416744602
2019-02-20,0.000925839042603505,0.0002681000172885472,0.0008225959169127539,-8.111125729129166e-06,-0.0005184737902524034,-0.0007060937142601999,0.0009556246622493924,0.0009264327108001348,5.068720297973007e-06
2019-02-21,-0.0029945611354623212,-0.0036099761966362103,-0.0013163992521815046,-0.003174401201379437,-0.003129572703954705,-0.0034194589265769495,-0.0015409144995012813,-0.0026060002391163715,-0.001166855688198907
2019-02-22,0.0040709379557354545,0.004376559144130785,0.0032138108966466485,0.0033247504539423273,0.0034946489011938487,0.0037149643748147364,0.002826638945680354,0.003914071839592733,0.0025478374615153297
2019-02-25,0.0008230425336474847,-0.00011188597355331692,0.0018052802211253654,0.0008586025208299629,-0.0009471372498990928,-0.001141739089458974,0.0006643305244666441,0.00019953948489851117,0.001293161516009508
2019-02-26,0.0013034520342005995,0.0019167069364439497,-0.000176363651929892,0.00048435578007778563,0.001604199620544657,0.0015340658530969796,-0.00026847415734853946,0.000595305918284796,0.0004142242354544415
2019-02-27,-0.0028077671150645886,-0.003261900184652812,-0.000825684472163934,-0.0013755109380629324,-0.003007772882676282,-0.0033131938753813207,-0.00013981888042866332,-0.0012826399926076835,-0.0001505991717506555
2019-02-28,-0.002000656137047132,-0.002408350718442612,-0.0017064846809237819,-0.0016868884828390223,-0.001984527073168699,-0.002064094051455247,-0.000783067554186191,-0.0016762723760300718,-0.0007154834399647289
2019-03-01,0.00017640254647253702,-0.001705221278158442,0.0023488742301609076,-0.00013895620041397302,-0.003136888905188092,-0.003638229165540274,0.0028519400790792695,0.002004888515686907,0.002402261097394523
2019-03-04,-0.00040374690973592523,0.00026071632956481357,-0.0004104022685135725,-0.0007793079855295953,0.000815398559229337,0.000800515692022323,-0.0015831269904788866,-0.0007838652045038435,0.00012215896984441905
2019-03-05,0.0017365993726953393,0.0013448133890513205,0.0007541074711960442,0.00023896828182361413,0.0009440985198297485,0.0010525665004417959,-0.0005575228290340223,-0.0004559072282848606,0.000316486355544768
2019-03-06,-0.0018716426248530332,-0.0003437186462963618,-0.002360513956106679,-0.002295319765203922,0.0005202875103641287,0.0002953116418441768,-0.002663275838108665,-0.0020283310267580133,-0.0018602977060060957
2019-03-07,-0.006194273245159646,-0.0032135949032208923,-0.004890050596566442,-0.004138259893198226,-0.0004425112844567541,-0.0006572022159086208,-0.0036860902812891564,-0.0029411666665042783,-0.00408399657172403
2019-03-08,0.00015977537798850247,0.0009101381309952222,-0.001101074479112043,0.001106301162615019,0.0015821754160168361,0.0018918067570817367,-0.0008364267335902687,-0.0004835245915712055,-0.0004441771434171585
2019-03-11,0.0073602212572142335,0.0049980499888366454,0.0073981463191849575,0.006291944506399223,0.0023025495467763435,0.0026116709535252214,0.006497919748390561,0.006675741031286001,0.007027829902065458
2019-03-12,0.002825580110118686,0.002819466117088165,0.002307507573822365,0.0025929564138464922,0.0025564851583053105,0.002813335937163819,0.0019224942018960522,0.003001938877138066,0.002203625130652309
2019-03-13,0.005446567125259589,0.003694788380938654,0.0029547062678809076,0.0034217731835064153,0.002319800907199824,0.0026800548794711832,0.0034634393884761,0.0035617170057102984,0.0030872694677724403
2019-03-14,-0.001288502805733544,-0.0011643430504050785,-0.0009458089319778173,-0.001214056575793004,-0.0012922859636549746,-0.0015912832261741508,-0.0002852034718132853,-0.0008818508225180621,-0.0006293219408957091
2019-03-15,0.006202845960710259,0.0047573110848577625,0.004301020627541438,0.004488204254877331,0.0029873138827496864,0.0030475099604213526,0.0026038539624294323,0.00394132846275078,0.0038124810181690127
2019-03-18,0.0022826828012083447,0.0007384309191746275,0.002346327715003441,0.001002642711475587,-0.00038268746762707643,-0.0004354268718559229,0.0019275602715377099,0.0015474981891118362,0.001025687245767461
2019-03-19,0.0011890012623698336,0.00038803128295775017,0.0008137575060392849,0.0011184705623336004,-9.111401117500083e-05,-5.956657151129764e-05,0.00017515820783374898,-9.994457599897232e-05,0.0014269210479427568
2019-03-20,0.001743410086285686,0.003913466895984134,0.00040490700990077777,0.002603757166769907,0.004563286688108945,0.0046846630638317155,-0.001517858990688414,0.0008806339516233925,0.0016759950457851788
2019-03-21,0.003935371869853544,0.0024807088165323854,0.00555384948410195,0.0064359076353520065,0.001634982680967892,0.001972031497815803,0.005908976043039083,0.006156591423384404,0.006453046979879851
2019-03-22,-0.01231844522688369,-0.004760817261936538,-0.011146015877402132,-0.00815769154527633,0.00011195441975479523,-0.0002671635199745153,-0.009996474923555774,-0.008104223857457621,-0.009011144047736045
2019-03-25,0.0012630766917791447,0.0025100859829471894,-0.00025030615426859643,3.778115604237702e-05,0.0028964702427275984,0.003071370149979044,-0.00034191110314904733,0.0005386361736651658,-0.0007186688053277399
2019-03-26,0.0026698310152870088,0.0013043881812173541,0.0027488227815646083,0.0021667870093676476,0.00037676197938729954,0.0004614585254465526,0.0038981409331157444,0.0038335412699685625,0.0019524557252976285
2019-03-27,-0.00238784444825799,-0.00031627997422612613,-0.003332517555515999,-0.002274340539743697,0.0004541825088688646,0.00014648482606948688,-0.0026654743641538903,-0.0018242345561998979,-0.0025642720526535562
2019-03-28,-0.00033288236403320267,-0.0007305941119924879,0.0019038776637910467,0.0009002522602076297,-0.0008653459188116303,-0.0010342937466723667,0.0020064114090479783,0.0021489613468558175,0.0009934002535922429
2019-03-29,0.003325754627069325,0.0010009132892058407,0.0038226458275678332,0.0030001577527870556,-0.00036421138198236346,-0.00028365806139766565,0.003312487845073339,0.002922435946318973,0.003137319501664879
2019-04-01,0.006136298969015833,0.0012842056132667263,0.006688493802005235,0.0043555230394054,-0.001735942937644592,-0.001675919977047779,0.00620862732806059,0.004071031175205637,0.005472165749917375
2019-04-02,0.0025257288638089567,0.0024916176693580458,0.0005911056650162952,0.0018161221866224316,0.0023193128506776165,0.0025672243676533326,0.0003012200971592175,0.0009095800633330903,0.0016172745558545474
2019-04-03,0.0027101049352704545,0.0003886214284101021,0.0022091715406151787,0.0014817909151133269,-0.0009481660133230456,-0.0009340768191181932,0.0008681981746975513,-0.0002569266260796914,0.0024286070332779543
2019-04-04,0.0007420181928083923,0.0008261172862359935,0.0011129514353788706,0.0005024167231555117,0.000734678053521282,0.0007508208447274038,0.0014334659302057528,0.0018856930243449119,-0.00010182976478686386
2019-04-05,0.0032680021654638704,0.001924375298436476,0.002835667871206201,0.0024455207658435375,0.0010791434763720326,0.0012445930839270131,0.002580395951767835,0.0029118551131699887,0.0021976734724054444
2019-04-08,0.0002140013596360326,-0.0004786229282165578,0.0007174895418251125,0.0007684748960361538,-0.0007730731160579244,-0.0007533250519173157,0.00044527793249684526,-0.00015204248714359062,0.0011128549626495978
2019-04-09,-0.0023494166069333616,-0.001163046535237599,-0.0018973076334107292,-0.00129107353812723,-0.00016276754424768603,-0.00018956959600005202,-0.002645470691223142,-0.0022345670079295223,-0.0014050456179319764
2019-04-10,0.005469313590350744,0.003912221754247325,0.003304234291772401,0.0041404117227379356,0.0034237779646628663,0.0037002382704989234,0.002775244954767997,0.004249745520638504,0.0035060905222006333
2019-04-11,-0.004828389172247666,-0.0034852221424547802,-0.0025729394899357324,-0.003609560777888078,-0.0033584662629122714,-0.0037221217645344606,-0.0002518594628380397,-0.0019306792239033822,-0.001638927345882659
2019-04-12,0.005463119865472398,0.0007535100164137591,0.004756776588169522,0.0027106262469889183,-0.0007881709485885583,-0.0005863785972440658,0.006311724666931679,0.0036986850888000773,0.003064903841394839
2019-04-15,-0.0019303707367845822,-0.000626499138570208,-0.0009717114109933622,-3.519517908827842e-05,-0.00043758729532307917,-0.0006463466542249631,-0.0006037345609784666,0.00013073488508291923,0.0001416343301629099
2019-04-16,-0.003890809143519739,-0.003000980593255512,0.00253447344691328,0.0004143842872097691,-0.0038472863406425854,-0.004627098567571155,0.0006169931137729307,-0.0017404351201185588,0.0024492079117326986
2019-04-17,0.00035636467222670574,0.00026098766510763424,0.0008235539010011439,0.0015368229586057982,-0.00022778161208956662,-0.000515146983107917,-0.0022747998869305703,-0.002498426791243387,0.002481186008964929
2019-04-18,0.001100473763737676,0.001163821247473078,0.0009589945537974301,0.0015715191330830667,0.0014737409890555595,0.0016440015829653828,0.0018417726399472853,0.003559215714463401,0.000931598385515638
2019-04-22,-0.001992568304018533,-0.0010925153486943439,0.000168890409471475,0.0016126915034834462,-0.001269281096968342,-0.0015284795522735501,0.0008105381677786924,-0.0001734969031273854,0.0020217184742274768
2019-04-23,0.005739818208437414,0.003336990963734302,0.007407205802360916,0.009165854289883453,0.0026599728344210744,0.002902824254216568,0.008389834187572403,0.010426382420722063,0.008998604887591525
2019-04-24,-0.0034609428575472414,5.455598474636894e-06,-0.003870945281309243,-0.001267013565753213,0.0016028870156113983,0.0017671085486738504,-0.0020641448672363,0.0001675596924847003,-0.0022041215745817093
2019-04-25,-0.001158854341379081,-0.0008217607936860124,0.0009306458717220203,0.002295637373023648,-0.0006983657860753611,-0.0007177652949811385,-0.0005680877696358383,-0.0015595441563622553,0.002898612204058141
2019-04-26,0.005050135684375162,0.004016169537156109,0.0024229817730227286,0.002540837491687556,0.003877581421318487,0.0042055350789958505,0.004350035093203106,0.006496720232338955,0.0006595947557603266
2019-04-29,-0.00048481600077280326,-0.0012961832723017697,0.0014824788321841976,0.00048782631648103123,-0.0020845446255921196,-0.002405796482137765,0.001469277889602844,0.00012091226504295577,0.0014023292802141998
2019-04-30,0.002782066944670262,0.0024534835133877826,-0.0024966073238129054,-0.00396989774745194,0.0026302902733310245,0.0029034803236418685,0.000482721545709868,0.0017655175106797453,-0.005462440008957364
2019-05-01,-0.007154665845784281,-0.004469435348822827,-0.004649622554256369,-0.004047780915422766,-0.003260023044863541,-0.003428809283468315,-0.007007905695517225,-0.008136785261950438,-0.0022471740685362424
2019-05-02,-0.0027676103883770837,-0.0024409568166751123,-0.0017361941679228355,-0.00397202486135119,-0.0022111142267844143,-0.0022600519618840168,-0.0020069451946516698,-0.0042416771145648655,-0.0030371616286772375
2019-05-03,0.012900549524407525,0.006230341706922033,0.010245367492779024,0.012234435557500345,0.004053066959643612,0.0044766399624562815,0.009133876007706756,0.01090730569688162,0.011277423831678238
2019-05-06,-0.008149312618718102,-0.0022879027294823323,-0.006558665982898596,-0.00379082318097559,-0.00028116784526788284,-0.0004270241507722844,-0.0038339149426406625,-0.002619717015060471,-0.00431040343623364
2019-05-07,-0.017686819243870992,-0.006550944676117251,-0.014819476170256538,-0.013456247191457214,-0.0028094540140426493,-0.003317829066967771,-0.015572125316499878,-0.014989170739469745,-0.013750963849869163
2019-05-08,-0.0007968972070347313,-0.0009973545675379069,-0.0014712594880842598,-0.0024060935421404833,-0.0011391917884648094,-0.0012143578398166742,-0.0012877673200772301,-0.002819130657728814,-0.0017463962255201703
2019-05-09,-0.004102924649250976,-0.00045989130692447176,-0.0051555205969735255,-0.0029732104687081942,0.0009325383634946725,0.0009794098753923353,-0.0028125310331587193,-0.0013917119951155485,-0.0037542802647568866
2019-05-10,0.005954001149504506,0.0026309320874922104,0.0033315113595675516,-0.0002979008999082211,0.0018735542175993825,0.0022056783185857576,0.005155539087385641,0.004977693565725749,0.0009269943314296203
2019-05-13,-0.021185330151809324,-0.006162605656374396,-0.02853696648436669,-0.029384331749345672,-0.0004229674231169319,-0.0003904583918464458,-0.026433982387926127,-0.02545348441036422,-0.03026987691664126
2019-05-14,0.009350005399698765,0.003435544297911217,0.010070494908167268,0.009496778761471534,0.0013840143397527219,0.0014837157090529828,0.009516026484136379,0.009629794669281228,0.009545774651175863
2019-05-15,0.006828451185653332,0.004076552622757665,0.007792633297495832,0.014858842961535064,0.003172846849823928,0.003281880274684345,0.006158156338096279,0.009176752911533526,0.012298471512865172
2019-05-16,0.003989593608105084,0.0004574471290064357,0.006311788586034764,0.008065777401778187,-0.0009422672100871913,-0.0009813639945942176,0.009738338851239767,0.009054421493807125,0.008769721415161833
2019-05-17,-0.009684391340946941,-0.003798804122414604,-0.009551825310437445,-0.009249692618265564,-0.002072811566839818,-0.002395338663788163,-0.006806961476849006,-0.007242547141284075,-0.008905364517378635
2019-05-20,-0.010220501428034278,-0.005180724618229204,-0.009556640259056635,-0.016648524926796877,-0.003833744342769299,-0.004190258928990927,-0.006962832169300165,-0.009092300314007047,-0.014698113886935869
2019-05-21,0.008369343314205614,0.002504044066534504,0.009609444224400337,0.00891760501348032,0.0007672726972954691,0.0009834922593940725,0.009481294520450627,0.009456387944751761,0.009095671036942834
2019-05-22,-0.0031972876261379705,-0.00032606477459275586,-0.003709270633674762,-0.0024308038107214544,0.0007560175305455984,0.0007210597391816155,-0.0032381569702101586,-0.0013566609453324588,-0.003866322533592064
2019-05-23,-0.008270152833764796,-8.920720195158133e-05,-0.012637883472199928,-0.010614758934279746,0.002982584652259065,0.003053180675246401,-0.012862224946116156,-0.009532381352421179,-0.013302116062067602
2019-05-24,0.004710404726545141,0.0014078597335056152,0.0008594196389645973,-0.0006993699950275492,0.00045090415197662466,0.0006032162630286079,0.0023810432896301356,0.002274264475072608,-0.0004263700171176257
2019-05-28,-0.0065757274990149404,-0.0013821047108023427,-0.004255333078481361,-0.0009051236096077909,-7.63303967287477e-05,-0.0005496953402846062,-0.009797842751259347,-0.007412781773586428,-0.003253019004714995
2019-05-29,-0.007043975870695469,-0.003070621631773561,-0.004358456801201069,-0.007831319014720282,-0.0020879280962938958,-0.0024311050219198767,-0.00707478807589011,-0.008159496632247853,-0.007126234439015791
2019-05-30,0.006334065592105034,0.0042189470709937185,0.0035975785008870178,0.005975220101531537,0.0037493366219596273,0.003999018722959873,0.002870682242039497,0.005938627355566059,0.0036566912740930166
2019-05-31,-0.002592266596480515,0.0027761102821872627,-0.010275556693564903,-0.010633802584247032,0.005209802357994008,0.005537174531358333,-0.014203254189687231,-0.010290160267800875,-0.013824490213580011
2019-06-03,0.003275351577050724,0.004635442119108304,-0.007283398818374879,-0.01713720558153705,0.005412736670901538,0.005761804330483492,-0.002688090800117047,0.0008854054621923274,-0.019043040215710273
2019-06-04,0.011876212332809171,0.003298319989121209,0.018737718506396744,0.023111562814675295,-8.184659085478768e-06,4.727060361588389e-05,0.022880487712024836,0.021687561415847757,0.024307282438123405
2019-06-05,0.004994156176851504,0.002873970964874769,0.00445314127539889,0.006691483626416081,0.002856359364925333,0.0034131271743897814,0.009115979556484096,0.009779492396742636,0.006449250524749091
2019-06-06,0.0051771984180922145,0.0014472596242985063,0.005458556223636618,0.007052335393785734,0.0003824130358153681,0.000586455981319099,0.006838653066864026,0.007158607173180778,0.006900025507654956
2019-06-07,0.013240216117481355,0.007328206891171089,0.012325193034958945,0.019915595926588234,0.005284238643955448,0.0055135080664130455,0.010524328515054245,0.014408908448718866,0.0167711793731451
2019-06-10,0.00164380321608015,-0.0017658860054885755,0.007974506812881376,0.007606304639685162,-0.003278862850694647,-0.003534152210888744,0.004820307994199766,0.0012496752374309668,0.010151077380444802
2019-06-11,0.0035791188286835585,0.0011446279262612435,0.0017282078466231976,0.0003947741282561701,0.00020309057977740963,0.0002703356815885183,-0.0004331362964549168,-0.0007044331880469157,0.0005406484134340417
2019-06-12,-0.003349288893461777,-1.69392005284936e-05,-0.003651406566709093,-0.001849380523568148,0.0015578559418547942,0.0016936684834000556,-0.001379135816735224,-0.00010436506467617237,-0.003324688378625586
2019-06-13,0.003523467682616558,0.0035038067839879825,0.0026370534135654986,0.00574059099276298,0.0034237877116830196,0.0036422248934008424,0.0032835417472922247,0.0050956974998263935,0.003472492126667456
2019-06-14,-0.004873241593450324,-0.002605239841171298,-0.0030688983489133965,-0.0023274320442041004,-0.0013953058570273862,-0.0014131850565586523,-0.0008570792091288318,-0.0006085124984088643,-0.0024371692231061268
2019-06-17,0.002408864576143023,0.0004678266528149618,0.0024001836045610273,0.003700338776175472,0.0002566289832325618,0.0005216096719106204,0.00031932727505159684,0.00016753623214643194,0.0035330852086251905
2019-06-18,0.012551938028476548,0.006344651678565743,0.01055509276435484,0.010899858239946473,0.003472324698409312,0.003651776325798293,0.008311836282916003,0.010406453818098151,0.0084932315017524
2019-06-19,0.005619954348861392,0.005659616244328438,0.0029335010371872978,0.0044934992929260625,0.005358694720960889,0.005557073164631864,0.0018092022873831153,0.0035688977141463125,0.002233972740585729
2019-06-20,0.012224538674913814,0.007362539978903657,0.007510062283089727,0.008236107231880474,0.005891047117754553,0.006777005360465622,0.007604565263179039,0.009404680699287746,0.005487219119110632
2019-06-21,-0.0033835980829415445,-0.002877353205329384,-0.001288010406538985,-0.0033956134511806887,-0.002704559549887004,-0.0027788426472796393,-0.0011399086266924777,-0.003748821858081153,-0.00083838732261223
2019-06-24,0.0025922279764424624,0.0028508793142060654,-0.0005184172572643881,0.002951475152596164,0.0031215973209759175,0.0034358062059439416,-0.0009566085056484289,0.0008822020687184239,5.312287795822512e-05
2019-06-25,-0.00886356602435794,-0.0038557131846841527,-0.009182364218136903,-0.010104732322480492,-0.0020039267864171238,-0.0023592446757559893,-0.0077820149080515735,-0.007874664915986049,-0.010062431910532882
2019-06-26,-0.0027538598631795933,-0.0040696781598592875,0.002427605942938735,-0.0001998237117961782,-0.0052195314322044705,-0.005848257089257966,-0.0007741820724070087,-0.0033687722676294923,0.002750677726524209
2019-06-27,0.004227624323582309,0.0034209018427411174,0.0031398547707470045,0.00438652061975534,0.00322576282186729,0.003427697036864053,0.0028306768865667903,0.004879261797068823,0.0022706746851415198
2019-06-28,0.0038835648669660666,0.002050209695217723,0.0016478957569175613,0.0012201644141539266,0.0013006274318804359,0.0014797288213551183,0.004102933362153292,0.004783622590319647,0.0007887464733446422
2019-07-01,0.0028148993085565983,-0.00035487020804179166,0.008186768965343266,0.006966166064557198,-0.0023552030907016282,-0.002883406876418316,0.00723300078296291,0.007271106153533735,0.007947084675048803
2019-07-02,0.007466831256828365,0.0056557940318381055,0.0015344407810022078,0.005858506215708742,0.005947917231674324,0.006945989968942998,0.002090911152307945,0.004335313623626242,0.002371377945078196
2019-07-03,0.006628203109646718,0.003946082533143959,0.004202153583287126,0.006187726682730676,0.0029584768877507924,0.0032834403637041517,0.006387147310113954,0.008162157645901339,0.004479078376198807
2019-07-05,-0.0077666151979794455,-0.007544997607144997,-0.001890115442981499,-0.006031403530632349,-0.007097101692146283,-0.0073835377049161,-0.0008903963403801172,-0.004751104950871361,-0.001170718530227404
2019-07-08,-0.004802727902990554,-0.0032947729186592564,-0.0044426307110443305,-0.005593461699007705,-0.002362724429055832,-0.002469449558577063,-0.004365051528630287,-0.005543270890040327,-0.004114092050909029
2019-07-09,0.00010033514790226821,-0.0004168734618055026,0.0013870121549526325,0.0029745064163307104,-0.00022192363560661336,-1.5677221555198415e-05,0.0010113987402882978,0.000679630444325268,0.0029909508261986495
2019-07-10,0.007850540664973146,0.006291454304648958,0.005477493536855582,0.0075770670787952184,0.005717229833764388,0.00627037343528468,0.0038252825698475,0.004524159990138018,0.005926265134827113
2019-07-11,-0.004127193193121159,-0.003892915522912932,-2.5399300402462188e-05,-0.0024554272229023733,-0.004325760521306066,-0.004791586778092771,0.001932552649940078,-0.0009090470069967882,-0.0003983767134208005
2019-07-12,0.002700125065436557,0.0017952004761434591,0.003359261898731542,0.0038781534743656198,0.00138927931093157,0.001536872722257405,0.003748344837439472,0.0045284918154369575,0.0034096808655125197
2019-07-15,0.0013993872324039726,0.0011733406469283945,0.0013190268006022022,0.0026425715710053665,0.0009662796081457683,0.0009260887999787801,0.0002914424062559585,0.0014605783219032234,0.0019138289014537374
2019-07-16,-0.004369916539697148,-0.003480573885973113,-0.0026600915207926684,-0.0038496540422908567,-0.0030132495042753324,-0.0032885992764623852,-0.0026780558405586482,-0.00417089533966833,-0.002989472830125419
2019-07-17,-0.0004500467342729057,0.001915296756951333,-0.004120271382943735,-0.0014849484813296827,0.0033160660435747175,0.0036029158379925425,-0.0056636713425356365,-0.0033254569302654502,-0.002847021659410869
2019-07-18,0.005176553147237616,0.0047924464512192596,0.0018001209234247025,0.0015025535199202256,0.0044609257467630985,0.004811541808431982,0.0030641314588913037,0.0046037488852181405,0.0007027836822386059
2019-07-19,-0.008852048732267852,-0.006683886547176512,-0.004939823473570141,-0.005041665638260898,-0.006141237553761563,-0.006880702682360525,-0.00461822741369788,-0.005992515503619409,-0.004252810251980092
2019-07-22,0.002003637568036564,0.0011053042471694614,0.0037001377995789075,0.004980660797445714,0.0005474199165278583,0.0005288948474996094,0.00205988740274057,0.002365925131604442,0.00467471090870196
2019-07-23,0.004367034407775222,0.0016116470090078454,0.005297039608738529,0.003453118121022521,0.00037929477034230456,0.000512084739088651,0.005972487884740119,0.005252439663592139,0.003862302053749875
2019-07-24,0.0027688779424456028,0.0019254998932675207,0.003793759556346288,0.004759958425610223,0.0016383375587655522,0.0017886597412618,0.003934571492232195,0.004925637195136623,0.004150884295493903
2019-07-25,-0.00819857283101636,-0.00560320690310703,-0.005608839699165656,-0.006350019476236505,-0.004173173055272498,-0.004504160515245708,-0.003975374821453815,-0.005260395915024883,-0.005542848896745271
2019-07-26,0.004873439879353681,0.0026795488860558063,0.005308119291304312,0.006222323416884507,0.0015600559698849556,0.0017321891015766033,0.005603886210808388,0.00572648626136999,0.00606676825144733
2019-07-29,0.0010258582304179214,0.0008731090590047133,-0.0013414282643604554,-0.0018005069115352916,0.0010886631354390937,0.0013282791855261486,-0.0015074433286035027,-0.001129316864370838,-0.0019843474184414556
2019-07-30,-0.004761223718188697,-0.00240562627552294,-0.004735302027465502,-0.0024850054644610176,-0.00033070812722720304,-0.00012111389994803678,-0.0020360004565084383,-0.0019488159007464555,-0.0025024407251368784
2019-07-31,-0.009405856499264707,-0.005086680513294917,-0.008126561232789153,-0.007603706675477324,-0.0031608420727497863,-0.0036978953808877195,-0.009117668467968972,-0.008182739189214564,-0.008077307933002917
2019-08-01,-0.0013224948082619225,0.005024791823359942,-0.004403161129127342,0.0006983214879246211,0.008099853732153111,0.008503629101387309,-0.0072405825450832136,-0.001009919645830135,-0.002865006369411125
2019-08-02,-0.007726250271086916,-0.0036637901094779455,-0.008027652563497419,-0.008184640266526192,-0.0011891405527690991,-0.001287983204876338,-0.006249998959899344,-0.005368547319835517,-0.008534085158485256
2019-08-05,-0.020265996563437888,-0.00651619473105793,-0.021848823464093513,-0.0182684174527402,6.306272696464117e-05,-0.0002813137496207761,-0.02497037636570578,-0.02096551461288992,-0.02039766372054956
2019-08-06,0.010274635373296157,0.00615059911041862,0.00895564527041746,0.008791418305757739,0.004482434264372872,0.004970078657632663,0.011602867841620788,0.012990740386530539,0.008005634758426191
2019-08-07,0.006487021568527101,0.003786559846949159,0.0025933886142321997,0.0032000591213837614,0.003315382279879305,0.003985372846705994,0.0005030318344172154,0.00045228129326824553,0.003128298754841279
2019-08-08,0.013215850034222626,0.006551907412611853,0.013129110555907252,0.012933844148721936,0.0038714252695570806,0.0044810154576645994,0.01626834804496943,0.0168844598331065,0.01252832220738046
2019-08-09,-0.006554910452096774,-0.004765229665594561,-0.005364481646659813,-0.007960140690705497,-0.0032551159704938826,-0.003378515638646218,-0.005227575130862361,-0.00655567072833696,-0.005274295472088242
2019-08-12,-0.004974409318236685,-0.00033965593911288404,-0.007745088765710049,-0.0010809264973897772,0.0022450576580684226,0.0023028816456689507,-0.009215051279186908,-0.006547026039658683,-0.006397931592427244
2019-08-13,0.007736748163389909,0.002021456533733476,0.011772254515210828,0.009054907372960984,-0.0010469909938742926,-0.0010329269098601581,0.011780546408890794,0.010664762642322235,0.012256410934278966
2019-08-14,-0.019554817185973194,-0.008384494466234212,-0.02106099807269436,-0.012351351225964289,-0.0020168924577144295,-0.00242260752668308,-0.022426183856935563,-0.02060976755415514,-0.01679186285476092
2019-08-15,0.004890147865470509,0.006311717984512299,0.0002469986086022958,0.00580076657378867,0.006567600855838242,0.006827158032541922,0.002009486451257877,0.005691132215202992,-0.000604958107115063
2019-08-16,0.009236880852283226,0.004258450784909183,0.010444901771916027,0.006720285752786155,0.001398430833360393,0.0015339536680652605,0.011143701480426278,0.010414335404766245,0.008944162443204132
2019-08-19,0.004990254056092154,0.0004046850248041662,0.009035596779100869,0.004180663497601564,-0.0019739089439769686,-0.0020086647735949987,0.009135153609496818,0.007102051104657356,0.008926261253500874
2019-08-20,-0.0026225414601455275,3.5291211435376583e-05,-0.004974091249566142,-0.00046387348417055,0.0014309677059400642,0.0013944901569630565,-0.005796826525613638,-0.0038669229065022123,-0.004328817282941593
2019-08-21,0.006083253427431529,0.0017353232230812397,0.006616284604480766,0.0027732362242378805,-0.00048335956578211044,-0.0003660797051457055,0.006181365433731817,0.005110649389402291,0.005015288800054109
2019-08-22,-0.002429427099231276,-0.0021855234435588376,-0.0014173033449132416,-0.003782657882837123,-0.0017346730675132373,-0.0016779748906248968,-0.00021478378550486167,-0.001510918899713389,-0.0017871282050924736
2019-08-23,-0.011412378991259152,-0.002947364501065736,-0.018031224550706625,-0.011645745104933072,0.0016796714969808675,0.0016890003727677875,-0.019474882455508383,-0.0173326796538289,-0.017763445204513537
2019-08-26,0.006470115927491057,0.002746610983674954,0.00852961475513048,0.007755215353441456,0.001049258247651194,0.001291439154452883,0.008358476214725491,0.0083710923431334,0.008409550295016058
2019-08-27,0.001508867817605079,0.0021421369041174977,-0.0015464145630332798,0.0028952683006929296,0.0024457037178685368,0.0026010231748753226,-0.0029478674943242606,-0.0008221946170724509,-0.0011434362528610945
2019-08-28,0.001983406936440498,0.001270422261522499,0.0028667123535777114,0.0026384352913618246,0.0007289539934507757,0.0007179808042327268,0.005337894476588668,0.005856332277607221,0.002030137744544848
2019-08-29,0.0075920061437335495,0.003058243810463918,0.009574419117343403,0.006709678862811011,0.0005138681136693701,0.0005726512906012377,0.009683521015033463,0.009237646167064696,0.008573243416884698
2019-08-30,0.0016246233872624061,0.0011869256394295446,-0.0003656407032422082,-0.0012499405019688258,0.0006570292313983739,0.0005946397342147584,-0.00031831079226799815,-0.0002591358382525988,-0.0013119520423409401
2019-09-03,0.00017052457449386299,0.0017413102856166194,-0.00481390907471785,-0.0025987573913942384,0.0032371643735508338,0.0037711782101155513,-0.004418469449925371,-0.0035860206192344533,-0.005417852256127456
2019-09-04,0.01251900624494942,0.008315503555243,0.009490697268003391,0.010184978426408491,0.005512432990107691,0.005895626284730429,0.00861971529719701,0.010048019931809317,0.008105846245812684
2019-09-05,0.001262008637250578,-0.004052454290618193,0.009750171120633665,0.0017053151645348831,-0.007137242006154477,-0.007753237520705873,0.009786299811594212,0.005966157443375898,0.010340989136938932
2019-09-06,0.0003537956591240701,0.0001114130570485119,0.00021572067751603153,-0.0005478965360095902,-0.00029121030485448516,-0.0004868002840855594,0.0006069016197430952,0.000925547528125595,-0.0005285088217236273
2019-09-09,-0.0018099037897334079,-0.0034951571293259385,8.664925453956671e-05,-0.006576756575755355,-0.004061046646931844,-0.004161078466554698,0.00040219997746067376,-0.002985106792459241,-0.001149957772445071
2019-09-10,-0.0028521117064880253,-0.005033384145308961,-0.0005722716413573137,-0.00933377112754008,-0.0060753658880197126,-0.006416349662333287,-0.0002445602273020153,-0.0038350658623976797,-0.0015214987175947714
2019-09-11,0.0049557562327701265,0.0029722526382536126,0.0044490648316010545,0.004778342573602521,0.0016059455514907278,0.0018530406857177237,0.004584618551722377,0.004622529189277306,0.004989130800471252
2019-09-12,0.003670150729458399,0.0015442483259378783,0.0030556569255831903,0.0003254227446654051,0.0005063732440463705,0.0007459881309569113,0.0022526691275250206,0.0014157696810939283,0.0022387624529087865
2019-09-13,-0.002009184848127645,-0.004882169200128534,-0.0007048644972795827,-0.011236726995082684,-0.006327726490210497,-0.006639067317686856,-0.00039974479482129,-0.004816277411443471,-0.001859255041713501
2019-09-16,-0.0015241766504349493,0.0008245844499628861,-0.0033233494111754164,0.0019151103693409346,0.002778316429137893,0.0031165807128783573,-0.001958048393009593,-0.00022334968432787634,-0.00233037524991375
2019-09-17,0.004080887650106608,0.0035726420927984707,0.0023808444098612487,0.005280314070918195,0.0031149465773700562,0.0033925105124183955,0.0016541947573411797,0.003040880032180996,0.002575045026255775
2019-09-18,-0.002144997133348217,-0.0021997772861157023,-2.0239239025075317e-05,-7.060852915038323e-06,-0.002114215925625838,-0.002364458086137164,0.00041189944367829535,0.0005794585097184007,-0.00018427928127034878
2019-09-19,0.0017794960599465152,0.001467744245662029,0.000834383920043406,0.0012373220682760035,0.001258190282793245,0.0014593021972929164,-1.568219920149475e-05,0.0001413584855772133,0.000916432965455384
2019-09-20,-0.0004427643667567241,0.002080284376307964,-0.004171775473381143,0.00041507456815271756,0.0035482915931767003,0.003774365445225163,-0.003011023852236417,-0.000726885051771646,-0.005573838371945832
2019-09-23,0.00044219963916796763,0.0011569486198917964,-0.0005546198688254334,0.0017063037659045168,0.0016658675211458612,0.0018238714183645601,-0.00012336585830621515,0.0004864385159484632,0.00026876761786360164
2019-09-24,-0.0044342881201851975,-0.0006378363912227487,-0.005851480865241531,-0.0023341763155881293,0.0015988994627153478,0.0015672028777614002,-0.005008889277036446,-0.003295082730157305,-0.0069718529168467675
2019-09-25,-0.002174606263673333,-0.004668994158657959,0.0036280151196171452,-0.0013246549478527167,-0.005561973920901308,-0.005946778825885472,0.0038118562961474613,0.0010682599664134397,0.005920610349248465
2019-09-26,0.0019391911092501344,0.0021840006549715104,-0.0010456104502116212,1.6504013369920585e-05,0.002115861026256675,0.0022652881723124697,-0.0013100471447000444,-0.0005016208394902047,-0.0019067805697962567
2019-09-27,-0.005029107325760805,-0.002249266839280435,-0.0044494581807804755,-0.005379111023499071,-0.0010442557877431134,-0.0013970819642233295,-0.0034265601432456943,-0.00321205093988137,-0.006494995204210814
2019-09-30,0.0017299679798289795,0.0011091424326772396,0.00419746505089878,0.005264076574140098,-5.458470403600933e-05,-0.0004879581780880698,0.0029925659200857662,0.003685686920183526,0.005012565260792122
2019-10-01,-0.005972366020750489,-0.0021341779641933824,-0.006059697311284426,-0.0031599714322354177,0.00019915342808253669,1.3510118442035637e-05,-0.007594218369395952,-0.007234483470361148,-0.004250885143038572
2019-10-02,-0.010475659974894233,-0.004937211078795105,-0.01159516476390392,-0.007291834527733773,-0.0002627149928611402,-0.0001902424703106809,-0.011241059023231198,-0.010966262358283022,-0.008963559915682377
2019-10-03,0.0082960426648184,0.008340415826274728,0.005636096189461566,0.011874591391687223,0.007144266320994011,0.007390983821651077,0.005216226993588556,0.008345203349093807,0.005727462640455567
2019-10-04,0.0069621532509522195,0.004468021277185853,0.00797151149865318,0.011021036613498243,0.0025240211914240173,0.002693073724394748,0.008624715542822231,0.01052069389517501,0.007713486723733422
2019-10-07,-0.003924792316762941,-0.004423965214884939,-0.00174735664031456,-0.005965909734057255,-0.0041910457815772665,-0.004424870995406919,-0.00273081797823728,-0.004705270020051827,-0.0015529427303325827
2019-10-08,-0.0069257385766289155,-0.003267102010777464,-0.008910938672573615,-0.007303584796710069,-0.0003763422136672921,-0.000344383591638736,-0.009874335206997287,-0.010043458046845309,-0.007825079526722218
2019-10-09,0.005149681110929949,0.002019528509450863,0.004799039211712319,0.002982131559097656,0.0001297238171678039,0.00029591570697218295,0.0057713494773246055,0.005248102160054557,0.004999352725898687
2019-10-10,0.004279351154734538,0.00012431506355324348,0.0038490828735390716,-0.0035054531400116997,-0.002533803696337161,-0.0025967359026373153,0.004151004881634606,0.0017941257004675133,0.003999939869149035
2019-10-11,0.009761282337986447,0.004013107973262356,0.005798969374546217,-0.0007692914618684218,-0.0005517418315050382,-0.0005267639888379074,0.006366108776048313,0.0040675644221496625,0.006655004748439237
2019-10-14,-0.001061426485361571,-0.0001655893422784506,-0.00022920801905842864,0.0029432382120595474,0.000736876374340382,0.0008230319450227194,-0.0006582217893165086,0.00044106225273719726,-2.2340782442751798e-05
2019-10-15,0.006199286538774267,0.002685470089727506,0.005884656296442989,0.000901413861527901,-0.0002505296744567447,-0.0003170838680625147,0.0061015598506536355,0.004702200362563771,0.006611058106875482
2019-10-16,0.001063655071601494,0.0015360223594834323,-0.0009989119914441396,0.0016287283064577974,0.0017676924021272095,0.0019065733571548493,-0.0009645288889411543,-0.00026541290507633785,-0.0012597142284750606
2019-10-17,0.0035228539304359052,0.0022291859527276596,0.0022414379343930453,0.0016403469828873485,0.0013888352432893294,0.0016268656081615022,0.0018408423304134447,0.001877814597938883,0.0014048909776267172
2019-10-18,-0.0013454333088782863,-0.00025678927825375716,-0.002577527268422605,-0.003527157233272112,0.0006234019281019912,0.0007440511157783686,-0.0026727226123557687,-0.0026660014631002763,-0.004970916370320299
2019-10-21,0.004134513538748186,0.0012554723341678977,0.0049170430994523485,0.00029378927429827656,-0.0003593336593645088,-0.00021681843732122656,0.0041962662147997844,0.0030765479605668914,0.004626327463489313
2019-10-22,-0.0019270907958478685,-0.00047406826403517547,-0.0031838765693474125,-0.0005426471685873988,0.00042771418640457195,0.00038296463037152827,-0.0019902025413798398,-0.001268960299189445,-0.004111712475968578
2019-10-23,0.0030317807751800057,0.002015052661511299,0.0015203349738749346,0.002331325871250272,0.0011348524211116245,0.0012895506504921155,0.0018174223138670462,0.0021675197396202293,0.0010306407677831328
2019-10-24,0.002570350622250124,0.0016383776990198707,0.0025756861987727845,0.004058263787082228,0.001027521058279923,0.0012038058394327673,0.0010330830620272004,0.001044753380917806,0.005078063395542072
2019-10-25,0.0009836215962859699,-0.0006250185680088197,0.0020268565387167843,0.0018145221739234313,-0.0014997235470879918,-0.0015789765237287823,0.0025519892678940908,0.0018964866625547764,0.004193176115678772
2019-10-28,0.001619113343220378,-0.00038484593395926147,0.003226458841921925,-0.0006110698954864629,-0.002115864441561241,-0.0024583933190866136,0.003508441746597867,0.0022755761388891086,0.005191531432838053
2019-10-29,-0.0016483003776435728,-0.0006757715400795598,-0.0013014701358318777,-0.0017671254324066103,0.00012251866002054794,0.00015396384994801932,-0.00015941002735387334,0.00016890155433113712,-0.0040394095615372445
2019-10-30,0.004756125333871141,0.004574041406528093,0.002483517504111272,0.008161995707669473,0.003931126403494968,0.004137646687755642,0.0019240651797424178,0.004243910744239952,0.002567655475399593
2019-10-31,-0.00048097933316281854,0.002736162725529269,-0.0007584741923617428,0.007001626063868481,0.004269128425856527,0.00435863551210001,-0.001628322491515679,0.0008866455357355336,0.00026849988872341274
2019-11-01,0.005627887905238153,0.0024615798567680087,0.004674156382882317,0.00416559628564257,0.0003563446041848504,0.0004737067855755047,0.005760560244397989,0.005616773152185287,0.004795702460014485
2019-11-04,0.0021474101003644322,-0.00049057688042439,0.0017839902089784485,-0.0024251884650287703,-0.0022964587941185,-0.0024450985844227473,0.0025198167976278156,0.0005897077369816313,0.00328873254521594
2019-11-05,-0.004096617749858976,-0.004934397867759555,-0.002172550722145674,-0.008489684703777048,-0.0059374075809824085,-0.006787245277828628,-0.0006654181301279681,-0.003111521038900805,0.00031940831993669045
2019-11-06,0.00033512718138614076,0.0014052887212498194,-0.0002431211424798578,0.0030171767853531097,0.001971684796327395,0.0020954955064428045,0.0001650972849524088,0.0013889844871414923,-0.0011594116338564779
2019-11-07,-0.0035726201451462547,-0.005089684171067366,0.000463614246907218,-0.007963008214022627,-0.006371482537532391,-0.006966225180375596,0.002457744301624709,-0.0017808764046045589,0.0019554819437948012
2019-11-08,-0.0029429277983976736,-0.0019014984862333524,0.0016046068978269384,0.00016327212589221395,-0.0016573486918371222,-0.0019225676212824225,0.0018006989986279667,0.0012664167189426583,0.002406310847239133
2019-11-11,-0.0015426174912542144,-0.0004065164865035387,-0.0006417690677080918,-0.0005707274297108967,8.714080562331076e-05,3.414991350457727e-05,-0.0013653189783584755,-0.0010315523410579302,-0.0007773169253364295
2019-11-12,-0.0006335491006699531,-9.568378328891033e-05,0.0003997143860837979,0.0025692493892783904,-0.00018147395970581753,-0.0003020726135363264,0.0015421522944935792,0.0019603408015572274,0.001748981496634403
2019-11-13,0.0006555246757831874,0.001459151632870165,0.0015391665078891882,0.0035034676132019264,0.0022673491813076925,0.0025663163199548737,0.00025156906920409714,0.0017149929546871694,0.0001731377468363087
2019-11-14,0.00257162414286027,0.0032739063678250578,0.0013681464120295513,0.00646378187239756,0.0037982391264187484,0.004028678243995372,0.0010705382845622655,0.00393463291658372,-0.0004496877988919763
2019-11-15,0.0051821890744995274,0.0019874853801839175,0.0052280786743864995,0.00464929506340388,0.0005697960908641866,0.0006891504706368653,0.005257460964857362,0.005508231516060442,0.00441712711952038
2019-11-18,0.00203202003580197,0.0019469787041590703,0.0012031352099447826,0.0026506283353472542,0.001994795439260616,0.0021767651017199053,0.0005519606776847557,0.0015031288866244772,0.0004974678371960462
2019-11-19,0.0008421993328493867,0.0005281131489579843,0.0006328998243843823,0.002185284704664262,0.000549497900875695,0.0005969310904526226,-0.00019210857264895432,0.0007496291484086796,0.0009109032427922762
2019-11-20,-0.00391931081626,-0.00105739927281194,-0.0030038086676935603,0.0003676629334514035,0.0004605651574800297,0.00036775059364062794,-0.0026817003580596323,-0.0011142029843773157,-0.003575235508821779
2019-11-21,-0.004688355976127219,-0.003658718030720537,-0.0032589592931172163,-0.004789263156395521,-0.003746390814121041,-0.004243235575863568,-0.0011489147706029575,-0.002733655854496261,-0.0013073027593619984
2019-11-22,0.0005520564480145029,7.59771211250999e-05,0.0003305626258740248,0.0009323579371746802,-0.0004994002828980499,-0.0006361571058692388,0.0016281853696505648,0.0017011862320017947,0.00041030280158176356
2019-11-25,0.007039315183665838,0.0036763872088229252,0.00641015554301288,0.007161517047365905,0.0016285232335898482,0.0015959044369340941,0.005636404511109681,0.00661370690346851,0.007109161639003534
2019-11-26,0.0032759292933650804,0.002664743462026043,0.003247525881146631,0.004135274983188356,0.0029759178687266147,0.0034291317507969877,0.0016634047381347578,0.0028579289158129715,0.0011728630062950184
2019-11-27,0.0022872022336657754,-3.4695547238052134e-05,0.0041921136773672195,0.0008089414170749046,-0.0010729818906074116,-0.0010377716711973506,0.0032576957407114892,0.002243694936873295,0.004228702907029412
2019-11-29,-0.005450614228757224,-0.002460743134928936,-0.003183603652104122,-0.003586842418774761,-0.0008689258125321811,-0.0008406178537535126,-0.002682120459913414,-0.003547263956641381,-0.0027266013866367664
2019-12-02,-0.00858721448524344,-0.005674750058317656,-0.007928786620000816,-0.011320513514707304,-0.0044301651710654455,-0.004825187691366495,-0.006159320011884587,-0.009022925578284373,-0.0061385308129279816
2019-12-03,-0.0011247245820916066,0.0025847674143351764,-0.003434377669512984,0.004787338789123456,0.0048236987627701304,0.00509007849968402,-0.004847758142418133,-0.0007456310078301715,-0.004670942892667486
2019-12-04,0.0054153887508935844,0.0016276448897388812,0.0040209018744019115,0.0002697303343827724,-0.00019770338706469738,-2.9839421092801792e-05,0.004484097534602788,0.0029389278228140778,0.003051155715241777
2019-12-05,0.0003199223948459926,-0.0009187522589852199,0.0012360312513622809,-0.0010768514081142073,-0.0011665986194644017,-0.0010818996113430741,0.0013205892724723759,0.00017776623472280623,0.0012075989996149846
2019-12-06,0.004949993495501911,0.0014114402020092415,0.006317964564636963,0.003391208730108091,-0.0008056566680383769,-0.0009712834375067653,0.0066443493550374325,0.005866399197489967,0.006435191229319761
2019-12-09,-0.003515981285689862,-0.001126495294253349,-0.0036747998924273606,-0.0024722098298093353,-0.00034543258215147254,-0.0003309913782091334,-0.0035843366231078644,-0.0036244423660199976,-0.003942432874917801
2019-12-10,-6.134901259034612e-07,-0.0007603724134513124,-0.0014210098175542344,-0.001576588028080426,-0.0011087122492358188,-0.0011256933545894495,-0.0011639040358732832,-0.002274016433925504,-0.0006740677913135344
2019-12-11,0.006505382985658233,0.004087115167985975,0.0023984753507208033,0.008974823939730458,0.0030703330596165077,0.002970541499464518,0.0029478046474259926,0.006363268317863856,0.00436521883435423
2019-12-12,0.004468195411999982,-0.0009298470513294575,0.005397872490067652,-0.005707305954496975,-0.003627334802968354,-0.003899340677983312,0.008958353760851972,0.003718073267997754,0.006152640622743791
2019-12-13,0.009027156632946386,0.00635059070320401,0.00188370352787837,0.00939250924238932,0.005122339183431387,0.005185311082242169,0.0006190754940579229,0.005063322535439405,0.002723582928956632
2019-12-16,0.011578188803588641,0.0034281093347160257,0.008740612429397523,-0.00027411119641302187,0.0006608996067849413,0.0009768121537619852,0.007137154612950989,0.004230760562342054,0.008286654544346976
2019-12-17,-0.004172184561890328,-0.001980450099486648,-0.0012031587978294784,0.0002593575437218748,-0.0013272284023040956,-0.0015991671853158142,0.00022323731845365238,0.00022849339176785342,0.00048419640861923464
2019-12-18,0.002629464352983387,0.0006903168446432043,0.0017750365080926509,-0.0030115404054523137,0.0006021517124690878,0.0009335323732299186,6.163309681429918e-05,-0.002059660447829979,0.000641822359718135
2019-12-19,0.004042667994325371,0.001964122782146901,0.005599952568552843,0.004749002340423491,0.001843762121382079,0.0021366190937119737,0.004255178488626013,0.0052169361302382275,0.005173977086853953
2019-12-20,0.003559206135967229,0.0014122672613529192,0.004409619173872461,0.0025967065651278536,0.000988875536775646,0.0011702406067561955,0.004551316960047779,0.004953511099234369,0.003344182674587387
2019-12-23,0.0013439408281456634,0.00013691335770757437,0.0011978690080256362,0.00078495608509922,-0.0003975617776028417,-0.0003939483290618784,0.0015833182848979084,0.0009897494002215916,0.00219606856742449
2019-12-24,0.00247092280695,0.0016961428417612066,0.0004886655326155222,0.003879054369460662,0.0019660033453558936,0.0023085540267323112,2.840002219727974e-05,0.001228180045429619,0.00044050895739926413
2019-12-26,0.009022136234496375,0.004446980133955704,0.006871393230325011,0.007829318085140442,0.003353419205533843,0.0037116252540771275,0.005525623032587619,0.007106145399129645,0.007315803305380108
2019-12-27,0.002868979917440171,0.0021427369264077007,0.00020888515134513094,0.001142113855157795,0.0018836880729087187,0.0019084044448657612,-0.0002610197848960082,0.0006972370587803988,-0.0006874032239562899
2019-12-30,-0.005700564111973996,-0.002066881153141222,-0.005413545803018357,-0.004286537688528511,-0.000617021296029649,-0.000565160836716197,-0.00572996312265866,-0.006877297231100733,-0.005422467509997957
2019-12-31,0.0049558092855990854,0.0014679458448569158,0.003118266465522194,-0.0028300235568754946,0.0004836352531750289,0.0007922522981691914,0.002519612534169813,2.802805285297895e-06,0.00157133830862741
2020-01-02,0.012024658815209522,0.005959922897641284,0.010099345347113374,0.01569337389579734,0.003682918823756121,0.003598606162915636,0.009710292231017626,0.014107063497888272,0.013839989189684862
2020-01-03,-0.006535710670529714,-0.00028727396883128093,-0.007127971845727767,0.004832832457215191,0.002948949860483797,0.0033605376699363874,-0.007866429813161675,-0.0038418977054928837,-0.007597955479962904
2020-01-06,0.005240427863673394,0.0019381237927704107,0.004632186618123235,0.003971251560067773,0.0012549944453869432,0.0016744836534466686,0.003958577885915534,0.0034626164598146217,0.005353901120207245
2020-01-07,-0.0047092811712770325,-0.0023511278221940513,-0.0031118755868404825,-0.0015915857129552174,-0.001721834849650157,-0.0018682973612567553,-0.0029238002354606226,-0.004360485897702492,-0.00010532142001703813
2020-01-08,0.003150787779774905,5.344272188932904e-05,0.0060890119828815766,-4.2258775280268316e-05,-0.0011941977911223902,-0.001294309528467474,0.0055315815935274276,0.004267521547304072,0.006250201275930127
2020-01-09,0.004309912645743097,0.0014967893004673716,0.00773425236964842,0.002938838570479163,0.00037320765097059727,0.00017921778442420155,0.009440883772455555,0.008493433295170494,0.008681779192415862
2020-01-10,0.0009357093619963893,0.0009590701198783536,-0.0015655837203560397,0.0027645957264263664,0.001837893089257085,0.002190601855496821,-0.004240832671965769,-0.00182987628427292,-0.0026927073783842436
2020-01-13,0.009709104029323106,0.002769329971637185,0.011046332299400817,0.0026480936353371425,0.0010871315955186282,0.0012200891111908564,0.009994083045797802,0.00719741065093261,0.012121386807938415
2020-01-14,-0.0024239231666507597,-0.000387452376662864,-0.004021787778525415,-0.0007500263031913901,-9.729208120735348e-05,-0.00026277202135699336,-0.0022651059075371907,-0.0003590029632202583,-0.004141577190374171
2020-01-15,0.0021008375089259378,0.0019633269781761265,0.0017643468225291197,0.004999556376077006,0.0026137579484235046,0.002988300669671927,0.0032451895781296617,0.004592073128184037,0.000424462187750323
2020-01-16,0.008201293021590323,0.002518305992560357,0.010850686046804437,0.003061472993869414,0.0011132520274214426,0.001332689775260779,0.012058676370993086,0.008188432874578181,0.010064385638208854
2020-01-17,0.004964993736898955,0.002005217991280643,0.005614858053414758,0.002738400102221018,0.0011932806652056212,0.001288690627731366,0.00446656154627283,0.0029798822305841617,0.005191815630700576
2020-01-21,-0.007079436432274517,-0.001522055699491141,-0.003911839747479398,0.003822391282756257,0.0007678623151079031,0.0009621148051539386,-0.002880171302687594,0.0006488367046283995,-0.0004747460324635013
2020-01-22,0.0012800104813913823,0.0005542890167195334,0.0024876794153194143,0.001665523818958683,2.246096575525803e-05,-0.00015472893831442982,0.00012969737029081425,0.00018552694732310075,0.002769404074497831
2020-01-23,0.0001516612327575663,0.000942231522506442,0.0018603344099712455,0.005056066944824724,0.0017601864636915012,0.0020042803992230615,0.001616764546249843,0.0032253683753783323,0.0033713916191326987
2020-01-24,-0.005423309755065498,-0.0008279640956152235,-0.009944726066340077,0.00038505245961798905,0.0006683282717237877,0.0006770669312420229,-0.012925535658641834,-0.007859479825723109,-0.008838398952450848
2020-01-27,-0.022991600982289428,-0.0057866175877098695,-0.023874736148978126,-0.0031750230009225705,-0.0004972213610300371,-0.0006428439773512303,-0.023357977491792328,-0.013757025307140494,-0.021695936048931264
2020-01-28,0.009477347185025275,0.0019214475590793873,0.014358709250237757,0.0020542027823637447,-0.0005502032822931777,-0.0006255748720763278,0.015307992363440496,0.009585156548019301,0.01614188000878512
2020-01-29,0.003002718617620913,0.0028799419524154534,0.0019359558205414645,0.007500485100415137,0.0029789168150237007,0.0029542158443009304,-0.0012512502019972546,0.0027359806174632045,0.001702373773021394
2020-01-30,-0.0016224151466621647,-0.0002126040802010239,0.0024728704887299184,0.003013332182925346,0.00015712813088934548,0.00015525464150286793,0.004688258492174392,0.004503477888841794,0.003736128814464605
2020-01-31,-0.01912458144518127,-0.004585345968444393,-0.02100998254281317,-0.0027176617534190287,-0.0005799281746814125,-0.0009275379101317228,-0.02649844163405845,-0.017493282366293366,-0.016658816983692707
2020-02-03,0.0055553573925340265,0.000920457345060156,0.013186629696898938,0.005106674526060577,-0.00030028932555070653,-0.0003780407606972021,0.010867277082984367,0.007952608497068034,0.015874948565664
2020-02-04,0.018918903937998575,0.004007850388162573,0.022635155755125234,0.0025907685006016684,-0.0004101891681731933,-0.0003513987140534825,0.022270283582765078,0.013155273349190054,0.02403379889089154
2020-02-05,0.00746112433066321,0.0012799632246298324,0.0094090646593914,-0.0013061697535707974,-0.0006396945266783577,-0.00045802297468935883,0.016747095593610227,0.010089384047068262,0.0034539754868834933
2020-02-06,0.005493797785997038,0.002358144724390022,0.008106931240630286,0.007561781961185755,0.0019243078280769313,0.002184038087264635,0.004823269082256962,0.004430388731284757,0.00904895913672493
2020-02-07,-0.00781362658666543,-0.001402307233081643,-0.006569777103768196,0.0027883288609072193,0.0007661982424741515,0.0007195738963245726,-0.007744899136395447,-0.0026599084795398274,-0.004514124663515069
2020-02-10,0.008439649480955103,0.0044914321805986646,0.009742941966014218,0.007987741344244181,0.003536786300890604,0.003908269608110526,0.007290683947557941,0.01036982630414851,0.009805468800629935
2020-02-11,0.0057364074557941895,0.0014009252571045667,0.002384573182442492,-0.0033156276374067067,7.4957193876563195e-06,0.00017706315016604565,0.0017870960694190596,8.664560665223209e-05,0.00015369369069981136
2020-02-12,0.008336415137657073,0.002444758168236062,0.008050763815943347,0.0014229263294564833,0.0005564638498473648,0.0007848367209346767,0.006650230050241232,0.005593127928198134,0.008100922152867902
2020-02-13,-0.0029865059952099266,-0.0006571436143925679,0.00028095974140542393,0.0012179854932183004,0.0007720067404681613,0.001087721730158907,-0.0011049769885005908,-0.0006851788705070398,-0.0010546686487360236
2020-02-14,0.0033779602580160002,0.002422035609760549,0.004066365835398698,0.005107053684135055,0.0027846820094725652,0.0031618801872111404,0.0016508885636117043,0.003768603839084399,0.002392069937287082
2020-02-18,-0.0009258528840159217,0.0005285140466916064,-0.0011544584545077217,0.0036288979572705123,0.0016210170157503951,0.0019731822250376773,-0.002663967596164407,-0.001935787708685191,0.0003295486339061644
2020-02-19,0.004345889419025625,0.0018277167190690164,0.003137875837884351,0.0051712943620455575,0.00044562160998267125,0.0002867722125185434,0.004933880935018648,0.00547768733801852,0.007987032810326943
2020-02-20,-0.0038351614272765676,-0.000530063986645826,-0.003142150374595523,-0.00015947695849374534,0.0014170245927336929,0.0018119897150631387,-0.004245402645886153,-0.002729135611562003,-0.0077270722647924985
2020-02-21,-0.0036888634058880932,0.0006160958891172743,-0.011753394171589847,-0.0018788750961793125,0.0028767050084532665,0.003352620761846767,-0.010637092471553321,-0.009201542784266681,-0.015974970772943565
2020-02-24,-0.03481444657390025,-0.011638924388612842,-0.0329000861842384,-0.0090873015660153,-0.0028811068248460257,-0.0032802741729935805,-0.03426250156120605,-0.03340767112989157,-0.031975103143922524
2020-02-25,-0.02858342952010462,-0.011297920456775103,-0.029911245232168267,-0.014456176028868705,-0.006880591531269984,-0.00843946318936337,-0.03134097883338629,-0.03391447364573608,-0.022389289415373267
2020-02-26,0.0002097472660166238,0.0005134067693800642,-0.001780620286168583,0.0012570893356530697,0.0003331607443948459,0.0001647226915474571,-0.003811027403512304,-0.004955652710656873,0.004235570035611448
2020-02-27,-0.04348176991629835,-0.016137405118878782,-0.05136019674277668,-0.019319499065719833,-0.00864347313269856,-0.01034086243036526,-0.04650501200133965,-0.04970267144005252,-0.041074236610092026
2020-02-28,-0.01292086413056217,-0.0006317140183337326,-0.0067252823729825936,0.00855949450211999,0.0002963154950086749,-0.001988796444242035,-0.0043609510931076735,0.00512928854143494,0.0006417200116687735
2020-03-02,0.03603005924899293,0.01359154680887441,0.04919725505301169,0.0248089559407856,0.008305760873659545,0.009745591618923225,0.04491868078511861,0.05094102209650904,0.041956185785211667
2020-03-03,-0.008427849970524226,0.004046746376608851,-0.026047665474516597,0.003974791001656442,0.009174064751770973,0.009788922492908364,-0.029657182385938417,-0.023790557542148268,-0.026301838338324886
2020-03-04,0.039749042174559025,0.015972321598563075,0.04335018293190743,0.018267124506839726,0.009017221779360087,0.01022464173027762,0.04357676271536956,0.04746301365042139,0.03403239766280061
2020-03-05,-0.024975809466640343,-0.0059195763392525065,-0.03127897143357691,-0.0011343625423442243,0.0009067803822427405,0.000757974623349694,-0.03441590189006365,-0.031335375164047864,-0.02495824032012173
2020-03-06,-0.01711369515469644,-0.00382124006979377,-0.017762553672062566,0.0049769995073121525,1.1141595416024333e-05,-0.0006735725909923493,-0.01713704245709941,-0.010240334637968302,-0.013782308743040123
2020-03-09,-0.08490422097947989,-0.02663886729128721,-0.07871268008541944,-0.023008106989037276,-0.01011533996859183,-0.012740531122745535,-0.08099782702850933,-0.08258771027443211,-0.056575775677961536
2020-03-10,0.039624912464028696,0.005431569763761665,0.05401442591402125,-0.003713143147250052,-0.003932175366452717,-0.003081154022859166,0.053834787473771656,0.04178803047346958,0.0437469722183926
2020-03-11,-0.022548599495812338,-0.029752012590259502,-0.01723682055251219,-0.03205510829214053,-0.02003715661490202,-0.021720038796719243,-0.017067653993947385,-0.02242465376564562,-0.014364335779369575
2020-03-12,-0.041324323746243376,-0.05280086249926693,-0.040117499304913797,-0.03844122402055122,-0.032767216055347555,-0.03717565163259549,-0.03109703300309075,-0.03503347064392818,-0.02835179757066116
2020-03-13,0.0233875900350669,0.027820112882025155,0.01962100281492002,0.01498276291534064,0.01415224820826027,0.015337818806226937,0.0259478663132433,0.02772788995259202,0.024499983104273183
2020-03-16,-0.04644338165811851,-0.05146585574468884,-0.04137884833686424,-0.004947615115488157,-0.027618666295200763,-0.03347369388048337,-0.035124165363086095,-0.033055199361432155,-0.036664659569448456
2020-03-17,0.01831566495753885,0.014881408433523247,0.0241828673881572,-0.01364955392902471,0.0034612954492486696,0.005857469864027976,0.016004722729098957,0.011292182143002146,0.02121983114226315
2020-03-18,-0.026284602027141914,-0.03838145170180363,-0.01637967912290464,-0.035621507316580654,-0.02689315192649574,-0.02996400542866945,-0.0155644664651904,-0.021313625969006475,-0.00896252357996505
2020-03-19,0.0019954487711602224,0.004589586772169152,-0.002733994667987756,0.004940900250247214,0.002745404697129694,0.002000863111005548,0.0006311396401743951,0.0015855090114117517,0.0017315793121342213
2020-03-20,-0.005483594589166391,0.001786866849107856,-0.009516111295588006,0.02905458245338055,0.006726816256040718,0.005735767421574535,-0.012793309810545906,-0.007880083735577527,-0.011341392684374622
2020-03-23,-0.0017154491383931053,0.003068860125450738,0.007572572949721288,0.02497710368778619,0.006004021833546734,0.006525977773485165,-0.007357644929672088,-0.005129074670355009,0.00020387501607963684
2020-03-24,0.031743511639848725,0.03871195742783254,0.036005252199861434,0.02094679429051987,0.021894564740474038,0.02614420884936369,0.02559645842718322,0.027124704304139723,0.021800947303451442
2020-03-25,0.00894664733923435,0.012524577512848295,-0.003314556789190742,-0.003540369774591227,0.0077873912239853045,0.008406646334439645,0.004497223294028158,0.005246782410508111,-0.0021981725163195283
2020-03-26,0.020092835353014652,0.027339268957180092,0.020258469319000102,0.023671507640602454,0.01775943391242459,0.019931063877429774,0.01772406288879194,0.02069140016200684,0.015550912246989415
2020-03-27,-0.012173494455777142,-0.013684459228258566,-0.012261545730671857,-0.0018292920556691752,-0.0054152931748972025,-0.005809668324241329,-0.009401805137614351,-0.008658097055099732,-0.010526801772223796
2020-03-30,0.008692838543263465,0.011626543897214675,0.01227428613366506,0.016627422826248864,0.0073505392114642494,0.008050860095348762,0.01004406148503517,0.011932750307995278,0.010868626858776957
2020-03-31,-0.004523515281994394,-0.006834420865998034,-0.010856542349228079,-0.004393018881041728,-0.006672883426255794,-0.00852619575819153,-0.0047077724622942956,-0.00481744423458191,-0.0026123050629893512
2020-04-01,-0.016469394371454105,-0.018562141966188207,-0.012043012121269861,-0.007500637592717183,-0.009438201104773985,-0.010834744336234513,-0.014075462528574802,-0.014751459505890126,-0.012932655961705323
2020-04-02,0.00809643409617684,0.010662920894951773,0.010526786101352091,0.009148577565863911,0.006356955766444044,0.007131192960701241,0.0069942302898111704,0.007915605535587676,0.00599602455604729
2020-04-03,-0.006217224421111654,-0.007701924524310475,-0.0034251846876564205,-0.0031204964588503466,-0.0037415786435546793,-0.003921205930109006,-0.004446706878797343,-0.0048035363377775826,-0.00424817940046278
2020-04-06,0.02303583899434382,0.02747483456265704,0.028745915703199246,0.020727929867527927,0.016264147479025055,0.019265502234054176,0.02047238202309747,0.021809180859545273,0.021203890973277628
2020-04-07,0.0009293514063338415,-0.00016145481780924323,-0.0012370217557205903,-0.00755833259983267,-0.0011132150347405458,-0.001043448040758214,0.00032861536938361716,-0.0008044278920122114,-0.00012281414325567946
2020-04-08,0.009001771126816232,0.011346524274428034,0.00625436316281733,0.004495795018689914,0.007825804556331029,0.009102757479723557,0.01071092756644257,0.011718221458587155,0.006609926273836699
2020-04-09,0.004223342974219113,0.00464991278811655,0.0035189895408853644,0.0016225513547074577,0.007661103869830654,0.007939624877073337,0.0024354446126462204,0.0027334380983299322,0.0001074562655969391
2020-04-13,-0.0014697882783902786,-0.0012653981432780167,0.0028827757314420113,0.0006027344962371093,-0.0015235979154366182,-0.0014875633176163194,-0.0015613030005441376,-0.001946186343305066,0.0018428183172324345
2020-04-14,0.00456742573785659,0.005005249173616637,0.007191375719633251,0.009543026403380535,0.005272297432764698,0.0052475115043085045,0.00503905297298848,0.005590984593491834,0.0074569107022534695
2020-04-15,-0.0051874316436341895,-0.004651784690305367,-0.002675560498944909,0.005127296771855029,-0.00372530954126098,-0.0039618708794511535,-0.0037092788393641453,-0.002912207183904541,-0.0020305766335631257
2020-04-16,0.0005775997285740839,0.0007878798010047593,0.0022902985534276037,0.0044168396923986355,0.00044619533199297384,0.00024313859476457312,0.0008329848017313294,0.0010263724164207846,0.003210376440822364
2020-04-17,0.0038242012588992963,0.0031680048783322345,-0.00014177571035206552,-0.0007978791745290548,0.0015529236809110499,0.0013130042714093173,0.004661248711133203,0.004693201846746541,0.0017104559101533924
2020-04-20,-0.0030209587428275935,-0.0027513304150307673,-0.0012765475299191785,-5.902164602653812e-06,-0.002488702800468293,-0.0025162011877555034,-0.0031009281447375832,-0.003017397246772598,-0.002125636345071405
2020-04-21,-0.004737960222560395,-0.0047470567516630134,-0.006434454739090452,-0.005010484767997333,-0.0040448383243498745,-0.004000585300550703,-0.005269345820188513,-0.005329164398552021,-0.006565878064753846
2020-04-22,0.004166435538988986,0.004346252237319295,0.006618347773871269,0.003374554907210202,0.004261076196066654,0.004467017340989519,0.0037610866978058173,0.0036625015916414427,0.005125772482254589
2020-04-23,-0.00023643363803406637,6.209088211209895e-06,0.0009468334856587563,0.00033228712488501846,0.00035556758935442447,0.0004610288649138577,-8.765504796834534e-06,7.022874878707394e-05,-0.00037352014635717596
2020-04-24,0.0013816861520160543,0.0013744644027929302,0.0019303074451958264,0.003155001006539026,0.0009002375601959227,0.0007561052373487942,0.0024067169914634874,0.0026190313363002363,0.0027874594417002566
2020-04-27,0.002764926317073872,0.002240178360039322,0.0006588074784670791,-0.0030195424740177925,0.0015766574537752097,0.001664011214656457,0.0025179476570695745,0.0020557180886840863,0.0014420023638792852
2020-04-28,3.6841187199845986e-05,0.0005350039013951405,-0.002939309376574721,-0.00016309640514772716,0.0011509748389139003,0.0010167971855402208,-0.0008077116180230007,-0.0003394684186687034,-0.003386091832652136
2020-04-29,0.0052646018625895465,0.005556908567331072,0.005980530064806921,0.006585895903971243,0.004820453527226495,0.004635532066955349,0.004604549200698264,0.00489288657086011,0.006286201494468795
2020-04-30,-0.0031983339874403164,-0.003119491591277475,-0.002628343414162766,-0.0022395101510978856,-0.0030604482305787743,-0.0033174404403760087,-0.0016686926457626279,-0.0020844995693935714,-7.200300781124516e-05
2020-05-01,-0.00480715291712361,-0.005512030245648431,-0.003834058910953354,-0.004568601023873973,-0.005611496946085269,-0.005280503418837938,-0.004712723487618768,-0.004903759265758303,-0.005132971737304482
2020-05-04,0.0006538997419547269,0.0007555670431699496,0.0019452266049329674,0.0024871992788124886,0.0006290542237249632,0.0005917193355023857,0.0004849413861006837,0.0005409234244963912,0.0020796650450725517
2020-05-05,0.0009786588632091863,0.0009717926040361241,0.0022492244840421165,0.001693168335978384,0.0009440120587146363,0.0010090434819671201,0.0016180225656667482,0.0016498227403055389,0.0020418824495123476
2020-05-06,-0.0015575646446470178,-0.002095163578553169,-0.00110166337198357,-0.0020930891652092944,-0.003202091877799563,-0.0033758673597305134,-0.0011890802486363215,-0.0017316964799130687,0.0011206503411392604
2020-05-07,0.0029588203082993717,0.004371541897319991,0.004001147565780327,0.00807182530010396,0.005871353524436194,0.005771790711157683,0.0021154340884976973,0.003019998141881615,0.002351188220669792
2020-05-08,0.0028876056778914003,0.002451879116456352,0.0016175587072908173,-0.0001178999860431372,0.0015907132905381167,0.001571716916120866,0.0029283907408515944,0.002748602446084493,0.0025286636702476174
2020-05-11,-0.0010030932190948638,-0.0016208289099968187,0.00020870054790367298,-0.0013221309778188584,-0.0026144360660035337,-0.002633865572377103,2.315832516464056e-05,-0.00030947651913493246,0.0014430757866803479
2020-05-12,-0.0029320828877834756,-0.0025093252676358546,-0.002697793230360601,-0.0010667616048530956,-0.0024432825120485535,-0.002612489383430424,-0.0032758495135176728,-0.0031297810634153956,-0.0034453148856436666
2020-05-13,-0.0019628463717165892,-0.001662747402830723,-0.0011335183322280713,-0.000246439312267689,-0.001132164050721143,-0.0010595758951213237,-0.0028574926666014855,-0.0028248081941399245,-0.002021620681481917
2020-05-14,0.0005929954676833469,0.0007870152634703851,0.0025684453235595194,0.00340491688894472,0.0012305373046237029,0.0013390073484985784,0.0019117653112815578,0.002235971995720109,0.0018222738634702741
2020-05-15,-2.0678676762301213e-05,0.00037342993605950974,0.001432101931694391,0.0011259817984124532,0.0007607223788326449,0.0007683829227146616,0.0007440793559470044,0.0007196028300969553,0.0010535891683666784
2020-05-18,0.006066785795312066,0.005199801432397658,0.0025515924137147297,-0.0019278934444465611,0.0037357749478372456,0.00380415507372278,0.00492754980874008,0.004556915894822104,0.0030333615388237214
2020-05-19,-0.001555057033422974,-0.0008960489532289951,0.00020879971591102682,0.002258816634562704,0.00020033365234856356,0.0002452194395121616,-0.001698038148609266,-0.0014945958607563675,-0.00040951057095659854
2020-05-20,0.002912608403653667,0.00314106864043985,0.0030762736987572127,0.0038142210809913512,0.0027571339442814756,0.002621227170013793,0.0027953033948330806,0.003027713748668891,0.003293783988452451
2020-05-21,-0.0016296723182027061,-0.00211053118779354,-0.0029231370927896316,-0.002282209847357813,-0.0024991709891833834,-0.002553150665496361,-0.0011464911935853152,-0.0011535919582409328,-0.0018201022715128284
2020-05-22,3.960583456637671e-05,0.00031651758251346736,0.0010377965682459814,0.002251282196459248,0.001184102534967074,0.0013422806289993439,0.0003185826215812768,0.0005632928269940121,0.000576839920786045
2020-05-26,0.0028284679562924128,0.0024054335636592623,-0.001082444040551285,-0.0030733655267275563,0.001698782276194391,0.0016238267695491873,0.0020491447438800224,0.0018874860800242867,-0.0004447272182409305
2020-05-27,0.0023037405115125292,0.0024164328252509475,0.001485884391246144,0.0015505841839587762,0.0024500816524125114,0.0024661353030121205,0.0024992360568851096,0.002776372198554612,0.0009112793374223832
2020-05-28,0.00034337103743661585,0.0006159904470413168,0.00011064092779620356,-0.0005681162563235465,0.0009492953042053879,0.000981572836270763,-0.00030812901858011675,-0.0004373986129783577,-0.0002123165385078006
2020-05-29,0.0007384611047476579,0.0011703476746090869,0.0024450413345322537,0.005282946404218753,0.0013805185779003038,0.0012812802486335845,0.0007596122768636297,0.0011890003785785537,0.002446374982354011
2020-06-01,0.0030158681843550587,0.003158987981374562,0.000978701485577547,0.0004127668274852318,0.003188574288783028,0.003229873090460546,0.0006920346992410779,0.0006947152923367252,0.000510541732125131
2020-06-02,0.0019141713975970225,0.0017099237380509072,0.00046708050373253564,-0.00029169587397982326,0.0009264609770173506,0.0007858217503480338,0.0014178577883077615,0.0013266499177970428,0.0011391613842068344
2020-06-03,0.0032219075229725285,0.0020372753924569275,-0.0006817006463103412,-0.004649988428660576,0.00019026591722370295,0.00015806067719185206,0.0022917770403965256,0.0017647555919988915,0.0007701599213611197
2020-06-04,-0.0009170013985819912,-0.0009019433517901101,0.00017062653279668029,-0.0035975989337926977,-0.0007859554941279056,-0.0005923105394114844,-0.00045134045164470097,-0.0009454087244022557,-0.001192015732957168
2020-06-05,0.003740819945550275,0.0028186551889037527,0.0013809418435839847,-0.0010526026885199667,0.001304286123568066,0.00119503893680216,0.0044470882401156375,0.00419624453903373,0.0033690197517654446
2020-06-08,0.0026679875314038135,0.0029795381024919306,0.002514739338488305,0.0026255245330405012,0.003630297720761426,0.003799750859478649,0.0021448101468118353,0.002425640251993911,0.0013438099679376199
2020-06-09,-0.0018252445535681648,-0.0012904699861479136,0.0013059679866643376,0.004503476883802428,-0.00035229744640058274,-0.0003226172748646019,-0.0013265567386100167,-0.0010153763975997373,0.0012636057705931762
2020-06-10,6.0131758364612153e-05,0.0014838783398856137,0.0013191211320178198,0.007605760168881925,0.0026121601613926515,0.0023507084445013593,-0.0012131670339434741,-0.00021362245894529508,0.002519638989733064
2020-06-11,-0.011708312136906714,-0.012386936267624632,-0.011385198199817622,-0.008552377732739683,-0.011877857769844237,-0.011584870136400697,-0.012172738828612202,-0.012714184538864285,-0.01063192565396603
2020-06-12,0.0036673523061274476,0.003810576588661616,0.0020341051122297407,0.00045570358013815183,0.00401683315158554,0.004064038403469107,0.0024184696259537466,0.002284411383498556,0.0016442222488129116
2020-06-15,0.001316105843425807,0.0010667709414018923,0.0020475155685977047,0.0014928552220235631,0.000797175461950777,0.0008513659042832539,0.0019049057603903895,0.001945786184989453,0.002530699697314223
2020-06-16,0.002725255662167645,0.0025153379746551785,0.0036194895010224193,0.001863252769291921,0.002066508762034742,0.0020884433575742967,0.003950142564106134,0.0039818917054694975,0.0036035475555487497
2020-06-17,-0.00014834680387006114,0.00030072777725298597,1.6699435189517968e-05,0.002075319840063395,0.00034514329239510554,0.00015412357666251547,-0.0008589752297508938,-0.0006933857323632362,0.0006786308658269472
2020-06-18,-0.0007939495429239415,-0.0007342323451374337,0.00021925861370042916,0.0017872841402124726,-0.0008385519180009531,-0.000947084015728962,8.491532282569766e-05,0.0004390991549478633,0.000581739181336651
2020-06-19,-0.0005856064952178318,-0.00010651436459132712,-1.547337605198816e-06,0.0007342832358654793,0.00041091025957000336,0.0004822686542655536,-0.0011808546162502028,-0.001236741244301724,-3.0223116702073205e-05
2020-06-22,0.0020853160149335056,0.0021285095020734664,0.0022255690452942212,0.0017330882186465488,0.0016630996828583585,0.001647734730776371,0.0013298147942112238,0.001305770186631784,0.00256311362997924
2020-06-23,0.0014651683236670836,0.0019038984896968883,0.0018021057852453768,0.001995870320622823,0.001993726390519403,0.00195178558111507,0.0009605391287554178,0.0009936897284982473,0.0018376200556178596
2020-06-24,-0.004926338718723014,-0.00500383073283903,-0.004896916392841319,-0.0030269895936871137,-0.004599919093054245,-0.004542513951114719,-0.005309021113885634,-0.005491112771017167,-0.004463879035528926
2020-06-25,0.0022544772901105436,0.002367253899492351,0.0020055459524538667,0.001969980348430718,0.00213745425394644,0.0020387348666968527,0.0021929059155486983,0.0024145710267699802,0.002034899001248745
2020-06-26,-0.0034584923395524817,-0.0029715016377925172,-0.004561083397198593,-0.0025471795375910347,-0.0018602267552607714,-0.0017660609955341775,-0.004884071384211665,-0.004897697263335668,-0.005068840811346084
2020-06-29,0.0024290821060038736,0.0028000121429358387,0.002570070719355109,0.0030544328319127697,0.0030686450353128443,0.002975409120967808,0.0029721597851425727,0.0033932802697081415,0.002303760653144178
2020-06-30,0.0013822567861300219,0.001251031295642822,0.00352088888418131,0.002716856456822576,0.0012299150135955557,0.001379768962290669,0.0026216431587337895,0.002569703511832799,0.004172947991716069
2020-07-01,0.0018056628247348648,0.0012864080222225619,0.0016772598877779381,0.0008057820492215772,0.000846483117961771,0.0009302052239675529,0.0014498820337173722,0.0013327844916162835,0.002524373022027785
2020-07-02,0.0019365130228081056,0.0025354448193775515,0.0013856420148799068,0.002742048222290713,0.0024903427546226955,0.0022199641207750168,0.001147101231938628,0.0014418241327786379,0.0014829919813144283
2020-07-06,0.003930068272439509,0.0038652418326690792,0.004483020707871903,0.0038971072938957744,0.0027711995146115997,0.002621589679978007,0.0032218308394264816,0.0032759202263638234,0.00538924457385865
2020-07-07,-0.0025785647650008077,-0.0020124235846695924,-0.0014425476620157154,0.0010419147066992158,-0.001057716112195527,-0.0010178890568400443,-0.0021709027931642645,-0.0018652930074958686,-0.0015329591157985038
2020-07-08,0.002510738195162277,0.0026286386898067716,0.0025283940400185347,0.0019000835398241534,0.0020958583156381835,0.002020761650807767,0.0016049643814163757,0.0015016830071940285,0.002928861707819992
2020-07-09,-0.0011680248625093278,-0.0008779354730614838,0.00020510303080902302,0.003999097800811492,-0.00040478250262843476,-0.000522587177141308,-0.0011941910957668966,-0.0008008978358538211,0.0018932108767797725
2020-07-10,0.0017401873509363952,0.00019502778553204259,0.0019813467304177212,-0.0015722875481266607,-0.0003635696829412671,-0.0005755657659595181,0.00382326335472305,0.003421853710028122,0.002602850994851469
2020-07-13,-0.003755347252524593,-0.0034489396327827154,-0.005967975435938484,-0.004390335132388913,-0.0017169452724737104,-0.0018370636958812874,-0.0034127039750698816,-0.003359777706447386,-0.008412695637148238
2020-07-14,0.00416544975349626,0.004521883362561948,0.004567319937143091,0.002273364656713462,0.002708553275437827,0.0029427170298685643,0.005089089504296215,0.0054243836009626725,0.00286390603143181
2020-07-15,0.00336907847992205,0.0034683293679371664,0.001899054310075097,0.0003263082162184526,0.001973970338537832,0.002119901629746224,0.0036373294829743366,0.003800294197439746,0.0008297254491447372
2020-07-16,-0.0033478574057598646,-0.0036407367921098503,-0.004494010574511712,-0.0020469688370836707,-0.002662569138389365,-0.0031223400626864736,-0.0013070292692957694,-0.0011961524692056468,-0.0027692602114412737
2020-07-17,0.0025645515131515677,0.003106624448078224,0.0027207731961069207,0.0009644648487265724,0.002591604980479925,0.0030235729640389086,0.0011532096544227513,0.0011644645516566562,0.0004711250531478456
2020-07-20,0.0031571168368492255,0.0032050663470756997,0.009287373574786848,0.008458890669914476,0.0012263423870007184,0.001160499922839601,0.003216235757581617,0.003621646032163458,0.011490999100261199
2020-07-21,0.0014217516600074022,0.002489777593529749,0.0006572511715848239,-0.000477940418314006,0.0024443493553510318,0.002833826546370413,0.0008533202930766774,0.001204989033103787,-0.00428682761647668
2020-07-22,0.002294761113927269,0.002881554174950095,0.0054608682705668075,0.0026534096488304722,0.0029214237705749075,0.0036241152452390736,0.002279887989392479,0.0025264492164179466,0.001444283790898327
2020-07-23,-0.0035902302104831854,-0.0029348659255095805,-0.005789399053894692,-0.005179688660710254,-0.0006387968304627985,-0.000390686339262781,-0.004786338983718117,-0.004848158083514385,-0.01070622784383975
2020-07-24,-0.001663374418556696,-0.0011763378523363252,-0.0009151276241947772,-0.0020806662071280453,-0.000138013451008227,4.053433673165414e-05,-0.002563907260783366,-0.0028785677886069977,-0.003829932981962168
2020-07-27,0.005410430366047171,0.0056084372656894895,0.010420813809028408,0.0048471846118223125,0.003793800215705437,0.004554393687240308,0.002897385199452031,0.0026657817365445735,0.007163167397761327
2020-07-28,-0.00026835350200319236,0.000762728755950744,-0.0017015322339321572,-1.6981574365502207e-05,0.0022957042428612237,0.0028618993565642853,-0.002526027130862498,-0.0020469199636553234,-0.0051581070846145
2020-07-29,0.005900723103384906,0.00667117527338238,0.0063354023411430205,0.005196545847501237,0.0046590289401050025,0.005133816458248208,0.004887252276385722,0.005587004165108625,0.004641548446504376
2020-07-30,-0.003528200694638175,-0.003313229929957444,-0.001157677646469785,0.002148306964082843,-0.0018136576665712227,-0.0021469007095657926,-0.0014253461667710215,-0.0011405698683766448,0.002123816786262581
2020-07-31,-0.0009578307116819261,-0.0004041230188541876,0.00776910674796604,0.005908274110309088,0.0005871453356277592,0.0008639824674524574,0.0031569914493186826,0.0034386514411105457,0.007256289111357853
2020-08-03,0.003259537351744627,0.003293478478927415,0.004511085487631836,0.0031830689521660225,0.0009379276381227675,0.000728651253102402,0.0027911696693454354,0.0028441644715824364,0.005550476452735401
2020-08-04,0.004430000556376796,0.006209940743255083,0.007052139850363694,0.006620979488929064,0.005655284148039325,0.006523601087706701,0.0015579844973370538,0.0026058984004966685,0.001538948223617109
2020-08-05,0.0020910058734703533,0.0016939090046103563,0.0038944995027044146,-0.001812307558566405,0.0005514418638231618,0.0007944948047300529,0.002509824013330833,0.0017571192181024071,0.0010306048555473813
2020-08-06,0.0026081676529676498,0.003471350217600568,0.007712847561824355,0.006060259465046409,0.0028558221893064915,0.0032943865824785774,0.002710989437449886,0.0032058373721958397,0.005505828250687077
2020-08-07,-0.0030649513440140237,-0.004538823626528396,-0.007096953071715209,-0.007018485952127452,-0.0032668115004576954,-0.0035294366059746628,0.000294534505603384,-0.000266826997579664,-0.00483069492088263
2020-08-10,0.0002668470576741022,-0.0004317328689792399,-0.0018872991843276177,-0.003090462517617798,-0.000817340087161833,-0.0008966524537807885,0.0013711500928574871,0.001026072214232121,-0.0020302364913772353
2020-08-11,-0.00667760850067933,-0.00894767003535387,-0.022219669768958276,-0.018226567190205434,-0.009202900529966165,-0.010982084033476348,-0.003996926432058164,-0.005455560170638376,-0.008773024713289428
2020-08-12,0.00762173554570414,0.005099455224332168,0.008051493761441212,0.0026650440246261463,0.0015705724504220058,0.0015637874101775975,0.006728054542670624,0.006185308920308655,0.011535477130574862
2020-08-13,-0.0008635997155107119,-0.0001616867398889686,0.006937668724070017,0.002805282214277487,0.000644511413889139,0.001161051526953737,-0.0008761699882348182,-0.0016424544846395425,0.0010617787477885967
2020-08-14,-0.0021049119718485575,-0.0017803189655981346,-0.0015510442168056744,-0.0006087774686151023,-0.0009325460564854346,-0.0010503831170183711,1.640341488245517e-05,0.00018477200408111504,-0.0005442563944046841
2020-08-17,0.005452772649515767,0.005847753210916143,0.009964167364902944,0.008530446056306666,0.004768197507695694,0.00548495793989251,0.0015440116247358244,0.0022159232278316674,0.005401143160735658
2020-08-18,0.0012031141985499086,0.0018559909138133456,0.0057053755334746355,0.005793851078546181,0.0016589598184683766,0.0018322338648136059,0.0010522413969013967,0.001715055170988749,0.004505008493507307
2020-08-19,-0.006280206737510643,-0.006868055437857134,-0.01157721964644545,-0.008847284936952289,-0.006211601979344303,-0.0073823258114787274,-0.002024455797898192,-0.0026172547626890467,-0.0031612582728137053
2020-08-20,0.0018765780200125281,0.0022816238112695706,0.006505774449346568,0.007502441052806627,0.0023010961979046543,0.0026209419131400877,0.001514535044273719,0.00260352536587884,0.006502202246585248
2020-08-21,-0.0005969149576571607,-0.0009805227551401368,0.00035950656427640864,0.0009492056555357648,-0.000940418040929703,-0.001149706902320007,0.001727790175224445,0.002099267412395496,0.0032731482664423643
2020-08-24,0.004629479792363201,0.003098235577861396,0.0018065004674374992,-0.0007328783451303917,0.0008457450377695938,0.0007575490324260315,0.004940990216246638,0.004807942586132464,0.002960330708601766
2020-08-25,0.0017527988256485095,0.0010758266394569854,0.003231188431895943,0.0001949665076312622,0.00032610709154666555,0.00040065339094867643,0.0017163895595043882,0.0010276358659682733,0.003738781686379607
2020-08-26,0.0038234005462370927,0.0036145119416378687,0.011206338995169221,0.0074730001678911615,0.002001141298355549,0.0021806788124751034,0.0049222360004293805,0.005128604160084281,0.01018563823682861
2020-08-27,-0.002469062594807536,-0.0035323433059566756,-0.0038007979179918413,-0.006233586300088879,-0.002573922050119111,-0.002647342733504634,0.0010807265439145505,-3.3908908715013645e-05,-0.0015015875239301933
2020-08-28,0.005067451329619458,0.005652064239844948,0.007253005406918893,0.006169372448443899,0.0045156650782429905,0.005071802469129198,0.003191678089132621,0.003971120458105043,0.0024516309690544268
2020-08-31,-0.0035528816015759123,-0.0022122494493646834,0.0025783165268599756,0.0037851794116445345,-0.0007416073117761572,-0.000822160139069283,-0.001792397178682143,-0.0015626882717140011,0.0038820331722333856
2020-09-01,0.0032398327512972473,0.002926592168360209,0.006987414287049381,0.00768570859380174,0.0017323627648154905,0.0017443469010795798,0.004659697564592435,0.006084474311489347,0.008291351728524356
2020-09-02,0.00465058024937596,0.0035437262084829693,0.0015074279892269837,0.0015753598292994392,0.001624036933853696,0.0014743885163035445,0.0071886446587683395,0.008148565056406371,0.004634785611108463
2020-09-03,-0.013549916582333274,-0.011405869786413324,-0.023252498035789503,-0.014636405094651238,-0.005991168991898173,-0.006325259702240847,-0.017219395780566988,-0.01795471976978907,-0.02491960463172184
2020-09-04,-0.0019582168409595585,-0.0029684894406557874,-0.00451926463630196,-0.008446638950544387,-0.0025751415775254515,-0.00251732573830828,-0.004012115680570582,-0.006173990003994064,-0.006374881959320324
2020-09-08,-0.010187723452484664,-0.007839288031689269,-0.01909394468852337,-0.01132990714251523,-0.0036183260497852396,-0.0038119953979952425,-0.01337512170234162,-0.013601980571802563,-0.022837474729149435
2020-09-09,0.01219024504559596,0.008192655709657215,0.011621651889346385,0.006205631336910988,0.004631061586457763,0.0049945866370701975,0.01153665734873055,0.011629606623252187,0.011807877146551737
2020-09-10,-0.009932545421501767,-0.006337126713786225,-0.007733062107020605,-0.0039636851733383886,-0.0033918722005356495,-0.0036233012117552845,-0.01031743327767573,-0.01012570342306885,-0.008188955173181193
2020-09-11,0.0016070827984251191,0.0016287339651061452,-0.0016231294001149642,-0.00020937939126863196,0.000945039547113485,0.0008323827106098917,0.0003022691817052613,0.0009390244718392466,-0.002815201102990421
2020-09-14,0.008266040300629681,0.005034009601655525,0.007657295601751813,0.003576454854663133,0.0033825964883495586,0.003946372654196752,0.007775480466384965,0.007626750515580028,0.007044447060711411
2020-09-15,0.005387049191289684,0.00320796663906306,0.0034653763905158302,0.0026837701842425165,0.001682476042664778,0.001769253876010571,0.002999678624659709,0.002884582942335862,0.005792459222173669
2020-09-16,-0.0012777545995728808,-0.0006752102916437707,-0.003699639289345835,-0.003734054335481385,7.299368153133135e-05,0.00024313088251992992,-0.0023577498815226926,-0.0026565412850571594,-0.006565498770723315
2020-09-17,-0.005221604799146961,-0.003664144144796166,-0.006158803895523908,-0.00389886227924851,-0.002898612011319013,-0.003327646214235433,-0.005219654871156619,-0.00523963146683238,-0.006372115691795292
2020-09-18,-0.007418390754324438,-0.004608216822223449,-0.004123087411672836,-0.003304449253378689,-0.002854800915511008,-0.0031225726417692915,-0.0068078862388731695,-0.007368824857602452,-0.00515661941512331
2020-09-21,-0.013147726052261546,-0.009032042230618697,-0.005631379370335252,0.00022551535292087013,-0.006300703480252903,-0.007274352651483053,-0.0065500480106107754,-0.006011079240811244,0.0009644735951857479
2020-09-22,0.002614809558734032,0.0015810579123897814,0.0044974390926095535,0.003882190302811101,0.0009517155219961636,0.0009692401205410028,0.005969383653631192,0.006138430041104235,0.0074653592125796175
2020-09-23,-0.013837765789544699,-0.00951113707620744,-0.01529173129412647,-0.008339989229969619,-0.0067764593956020705,-0.007775106425533427,-0.013644388771957183,-0.014035747519468294,-0.01239837314146006
2020-09-24,0.0014410876765134405,0.0009507528956848991,0.002304379925123379,0.0014777981085998984,0.0008181385170574304,0.0009956916712248447,0.0015550940204576782,0.0018005535787040793,0.0018587458101752515
2020-09-25,0.005996194965212674,0.003757106285999325,0.006812230879559202,0.005520569996397587,0.002390153676331215,0.0025762439898007147,0.009432820360234953,0.010038342726009666,0.009296989273633371
2020-09-28,0.011441894871890785,0.007608466900611909,0.009389721644707612,0.005235692759851884,0.004800977963102352,0.005332631915713573,0.009755836624628488,0.009960211416087302,0.008420760719493268
2020-09-29,-0.0013282038028542328,-0.0004819568781113883,0.00020414745552916157,-2.9740237667248698e-05,0.0001066255608869506,0.00024125573150083536,-0.0032184730402070125,-0.003012503391237035,-0.001848100823919309
2020-09-30,0.0016268431322451584,0.00026520672428422746,0.0011740246423031474,-0.0008171094289536377,-0.0005730772586618478,-0.000692857031746786,0.004474543175225123,0.0035019733265724607,0.002804822221340518
2020-10-01,0.006903959229557023,0.004375391988161804,0.006768854192589595,0.004348801585029542,0.00313644347595089,0.0036612990303506003,0.003800374547422152,0.004135315284786592,0.006523133429758044
2020-10-02,-0.0028691503600498575,-0.001932672228384955,-0.008342317442967317,-0.007113930185069061,-0.00037597466320157417,-0.00012070940512074857,-0.005631519835542688,-0.006187731807688903,-0.011662619246938014
2020-10-05,0.00866913886279613,0.003979120550627925,0.00848073167120476,5.8691430600258186e-05,0.0009156544206955006,0.001149244361710744,0.010481901850877773,0.008231461657676319,0.008698017539976963
2020-10-06,-0.007065997618309959,-0.004601704287395072,-0.008893030922613671,-0.003250917028964257,-0.0027276629762024445,-0.003141528523359112,-0.008460369926149925,-0.007806313236378956,-0.007365714464384486
2020-10-07,0.005926751682454106,0.002987349056662571,0.006228299011241363,0.0015633552335289464,0.0007321544509919559,0.000733526852234171,0.010302545027328679,0.009455309482001151,0.007068961025773819
2020-10-08,0.005894617216397169,0.004232488473518092,0.002775301825174381,0.0019371109337025239,0.0029802083922862987,0.003283868634886389,0.0050573573514787196,0.0058530019036378,0.001890931521447703
2020-10-09,0.005732316909668413,0.004407928958083149,0.008113660730907442,0.003713522444495229,0.002940244461345108,0.0033612244556577393,0.005138225432330983,0.005042775811668736,0.0055835544955432255
2020-10-12,0.006462290639583643,0.004431253617724861,0.007767406798945128,0.006440136632706351,0.0022728320058875845,0.002217884300353542,0.009290450677588978,0.009882620766085983,0.011386246379678503
2020-10-13,-0.00686230371903192,-0.004915893712402069,-0.004071907390560744,8.391395883022284e-05,-0.003632726581538103,-0.00429952838230936,-0.0037914988468707783,-0.0030112764824197094,-1.0024983933861143e-05
2020-10-14,-0.0033353479163875394,-0.0019336477306890435,-0.0018736501347834135,-0.00123676872056392,-0.001043725519093978,-0.0011223864825137084,-0.0036403789952667996,-0.003580871053639362,-0.0031363511296215872
2020-10-15,-0.0033052821847703922,-0.002008168041804313,-0.0008341318187863155,-0.001456542615500514,-0.00046092704431462605,-0.0002724441502084766,-0.0007126927682486729,-0.0011403244171435875,-0.0025064533941074967
2020-10-16,0.0003809595952445117,-0.00011194506348752214,-0.002000073121939611,-0.001793065486060163,-0.0007600427718192119,-0.0009533842349419169,-0.0003473715862879918,-0.000578250880412234,-0.0020378743083488437
2020-10-19,-0.006087414501586066,-0.0042199870880908095,-0.005086936789067193,-0.0040797417112142026,-0.0026730990950461237,-0.0028456426136566314,-0.00878095062265803,-0.009582144230035769,-0.006054353872339897
2020-10-20,0.003847135681580431,0.0020817138299486443,0.001923689837747312,-0.0007456638762819085,0.0010144527748654172,0.001250120397449268,0.002300782060273771,0.0015076561818818583,0.000791775118655471
2020-10-21,-0.0013547155402821348,-0.0008678395196842848,0.001248729630021434,-0.000472407400994223,-0.00020920869635000327,-2.7263829005918904e-05,-0.0010866918028217074,-0.001623813898369462,-0.00028193734312951147
2020-10-22,-0.0005376060231864216,-0.0019072509424605355,-0.0015375516254877417,-0.003221938434025892,-0.002431760947485297,-0.0026742223096808734,0.0031526299150402837,0.0018655904726956076,-1.0701114859152378e-05
2020-10-23,0.003559549979131081,0.0026401183195538976,0.0005631142750559968,0.0012381781470351026,0.0016086267351965975,0.0016363552443659246,0.001956575437595535,0.0025435728266409285,0.0007266664366364318
2020-10-26,-0.009463339210579647,-0.005555125474096255,-0.005329166543205668,-0.0011513730870454093,-0.002466825703636514,-0.0026634330704908304,-0.010653916357185855,-0.00985890394197217,-0.005515171005780375
2020-10-27,-0.0026138358602202064,-0.0011964762759487414,0.001869341837930507,0.0029333681891688013,-0.0005456714858172908,-0.0006997672264910076,-0.0019704443539845236,-0.001139491864165984,0.0028482396429433837
2020-10-28,-0.019904642756762854,-0.013606625108354406,-0.015456559211855774,-0.008431264447245358,-0.007950758981001487,-0.008650777826417069,-0.01952171419927851,-0.01994044071139157,-0.014276520341279839
2020-10-29,0.00494630122400669,0.0023027124140399657,0.0038323868280025573,0.0005130460201099655,0.000626110706613899,0.0006922878620001493,0.005720322390645386,0.004149425578936444,0.006246403632645333
2020-10-30,-0.005324900320921196,-0.003941448638152817,-0.005505780254130328,-0.006473896309957248,-0.0023049370871193395,-0.002226798833346985,-0.005890168049071815,-0.007302822279147501,-0.009155401995923821
2020-11-02,0.008065580378255542,0.005837822694214254,0.00371784222460339,0.0020509889275869414,0.004283339308538901,0.004841771738247975,0.006307109628239813,0.007135060418245515,0.0007933845386981595
2020-11-03,0.010845326045631681,0.0064687346977337365,0.006675642669950928,0.0018150401843749153,0.003286263605754122,0.003691097070543011,0.009983114231055515,0.009315564293990252,0.0061547483032008375
2020-11-04,0.012191190475376666,0.0096376190511546,0.01162772063072642,0.013428513314937414,0.005833522226441775,0.005732621427260581,0.01273206381689917,0.016318330354503783,0.016054545928191284
2020-11-05,0.012636738881172276,0.008871748418385136,0.01265735858088714,0.006056556101664292,0.005418295054417075,0.006080615662863151,0.011216260586830852,0.01136837720032377,0.009641532343065614
2020-11-06,4.788956952572754e-05,-0.0003803890405541521,0.000402290563152663,-0.0015221240882719034,-0.0008129409953003819,-0.0008591947337244221,-0.00020239939117250305,-0.0013741332609722434,0.00021340031203043175
2020-11-09,0.005695848576017106,0.00043236926118251983,-0.012115372794648104,-0.009442692327265446,-0.0031294090072907514,-0.0038008706503320218,0.006111913626301767,0.0037342483447086183,-0.006859202611573839
2020-11-10,0.0026866658632513736,0.001487488761014334,-0.0031710810058564035,-0.0036187926166252053,0.000811827612835415,0.0011187303910117422,-0.0007156649328821017,-0.0016315093683713512,-0.005931168650986673
2020-11-11,0.004491790480212316,0.003060642417689955,0.004447615729205233,0.0030676794970765056,0.0012492177868252017,0.0011696640567757798,0.0036344061112106698,0.004165007013678706,0.007322794278868967
2020-11-12,-0.005028490080868656,-0.0022937372837950683,-0.0007864120037596011,0.00207275967978004,-8.883390727342708e-05,-0.00013798705212165918,-0.004759457843664417,-0.002970056538693645,-0.001556195037741567
2020-11-13,0.008392078692055781,0.006102623777883711,0.004640583057026278,0.0011441635988791998,0.003871380984092351,0.004409165165516621,0.006763394920270712,0.006358701807468993,0.002906795329192799
2020-11-16,0.005542868986864691,0.004183242462148426,0.0029299987326965268,0.0010978185777218569,0.0023155305670217114,0.002452041329700615,0.006140867438542266,0.005925238914881258,0.0026008216014455914
2020-11-17,-0.0012013936963888062,-0.0007622943627948982,-0.0019734488451705885,8.846925499128458e-05,-0.00023893190034173672,-0.00032526720223376014,-0.002659947668290314,-0.0018518878045796446,-0.001059496738183976
2020-11-18,-0.004920712511337217,-0.003916002675627734,-0.003969163399171799,-0.001619477115394461,-0.0029222317503758807,-0.003338974776811593,-0.005938343682445314,-0.006066473560291,-0.00246612454865833
2020-11-19,0.002706572818139795,0.002362940644049683,0.0016853466260546158,0.0016858224694574024,0.0014194979459778467,0.0014022640346112007,0.0020668082140094714,0.002420472438172459,0.002602644292976649
2020-11-20,-0.000899824401594651,-8.368810386145647e-05,-0.0015432122968634084,2.8384916107623217e-05,0.00032189169359335233,0.0003095365809596169,-0.0033649791403814505,-0.0028180367663143894,-0.002283757787643385
2020-11-23,-0.0005426673725326971,-0.001635430474424005,-0.00331221506007875,-0.002156333063416169,-0.0022895059483408146,-0.002756561916989886,0.0029381224511284237,0.0023045516043544278,1.355942761854922e-05
2020-11-24,0.00570409908704342,0.0034187488142062503,0.0016076339725808087,0.00047385506565796086,0.0005429496876239245,0.00020998113775283004,0.007919652133562034,0.007439077455797417,0.004675528361722398
2020-11-25,-0.0004670689133490682,-0.0002470160727197934,0.0010309685647156112,0.0011038499239233788,1.2257304540520638e-05,6.381719538189568e-06,-0.000761955914338407,-0.0006602469548634935,0.0020657473113206296
2020-11-27,0.0014080170075879872,0.0011590894412057506,0.00027655898911119425,0.0017860829054281338,0.00018177110492359025,-0.00016323040711754182,0.001380278907531147,0.0023368464014524495,0.0031082227743048185
2020-11-30,-0.007118199280837246,-0.0054557240842516225,-0.0013271879361368036,-0.00011099732064502494,-0.0031675056757730323,-0.0034613248565121446,-0.002192695290016468,-0.0024109873492569292,0.0006939452377649494
2020-12-01,0.010206505818546298,0.006672066119437034,0.007941185615445835,0.0003586155507520507,0.0033654568830317378,0.004078419653159498,0.0054109215477811485,0.0037315650424060974,0.004354463040490648
2020-12-02,0.000507210780615384,0.0006565340145002185,0.0019606426558553412,0.0003232906591188302,0.00036941774902943226,0.00043965885051808933,0.0010480093827789196,0.0005243292891523068,0.0004425094342012633
2020-12-03,0.0036070245703271266,0.003711750728467929,0.0018064044078688708,0.0020480345950867314,0.003078186758456845,0.0033641861696205545,-0.00013416007226106397,0.0007077577737843159,0.00048712311496643546
2020-12-04,0.004370214076498585,0.0021669574352038154,0.0012537702101659569,-0.0013060126723738051,0.0005836561323348071,0.000744828709358695,0.004291116956578766,0.003070605279109315,0.0014002605775618223
2020-12-07,-0.0004891205990750794,0.00104433473199228,0.0038992182599577752,0.0033133634477350246,0.0017680246201926513,0.0019917488507064903,-0.0010256112660178925,-6.075083084902174e-05,0.001949750167364096
2020-12-08,0.001215790297985908,0.0008267648513200498,0.0019087630869045746,-0.00033391159663975767,0.00040862216704584675,0.00044846126585595947,0.001553042886318634,0.0018908876797059104,0.001295804970253167
2020-12-09,-0.0057366004097344995,-0.004960224486192503,-0.010521547627478929,-0.0034643268426329723,-0.003890308902152879,-0.004408948211247296,-0.00490431769600058,-0.0055309767844589405,-0.009021400235835586
2020-12-10,0.0010502492680486502,0.0013066979993789864,0.0004539952836338669,0.0011328670902586932,0.0008460018083405812,0.0007067227648717139,-0.0001766615963826831,0.0006596932808820746,0.001580348017209926
2020-12-11,-0.0022323824868913087,-0.0003778113062153498,-0.00022231953466750844,0.001118941778804958,0.0007282504597558358,0.0007434273943930444,-0.0006373447964516657,9.629125158692449e-05,-0.0008706529264022449
2020-12-14,-0.0011485543181879658,-0.0013226062819715898,-0.0001245419644045858,0.00026171333871888015,-0.0013126050459048384,-0.0015116426662962804,-0.0024354262991963093,-0.0027017340801760406,0.0028570224770322404
2020-12-15,0.008313782594219603,0.005875884737780592,0.007425872464713801,0.0013284772488656176,0.004005161294553289,0.004646038445835901,0.0073457379993785545,0.007112710652402153,0.00422651737050219
2020-12-16,0.0026767142308134523,0.0018264940072119358,0.002802764535025874,0.000561577345641532,0.0010439614359951813,0.0012036109792778827,0.0008594699193491081,0.0005649539272083912,0.002189687076168577
2020-12-17,0.004286882385734929,0.0031362652809661575,0.004722117609177168,0.0008861865119456589,0.0022890248733669063,0.002699938838525456,0.00306003288211062,0.0028501899129751017,0.0026109190239530827
2020-12-18,-0.004074869331944899,-0.0030934865149002573,-0.001601612817071773,-0.000770468299508661,-0.0024451799202953135,-0.0027584449248352167,-0.0021881159165735085,-0.002542602314727672,-0.0012091080925290096
2020-12-21,-0.005343705561779403,-0.0036734912472892313,-0.0016268995443374727,-0.00021983150476696735,-0.0019366631737174464,-0.0020858069969172032,-0.001955376990872478,-0.0017490587042520568,-0.0007458598693302501
2020-12-22,-0.0009052833251331477,-0.0007188031531314608,-0.0014322947857254079,0.0003200925780933567,-0.0003468957225846023,-0.00046841021786878063,-0.0009193754687436298,-0.0003186706227123243,0.0010882623387557912
2020-12-23,0.003217321829852556,0.002386458685360657,0.0004747340917363667,-0.0003869777217985972,0.0010879421067699795,0.0011658925407105006,0.0004923028795292082,-0.0002756484210229033,-0.0020128535973445204
2020-12-24,0.0018632576778198494,0.0013307743085762545,0.0024631486919899663,0.00042813728956503974,0.0011667464623877737,0.0013919464380523026,0.002126782037336787,0.002697002440697119,0.0017622779867152206
2020-12-28,0.0027248026846013918,0.0017716317440442612,0.0025624487440284076,0.0011506600329720994,0.0008320413474857495,0.0008033582817936396,0.004703167066256565,0.004826304515681995,0.004033632438972338
2020-12-29,0.001881119955621614,0.0013909773894728308,0.0008523878205586817,0.00013419002222110426,0.0005023479088574808,0.00047056909060426297,-0.001046304460205337,-0.0011302490050822441,0.00036261441632117603
2020-12-30,0.0023413808183006765,0.002098297313430274,0.001998605389068684,0.0005105193663195398,0.0018108400334454708,0.0020808749227547276,0.0007846116496181077,0.0010459552910065059,1.4965783995673957e-05
2020-12-31,-0.00029260618984975744,-0.00017315017374327292,0.0020846084716051225,0.0002685393834047853,0.0004962207800036242,0.0007378978818150465,0.0027919361219114307,0.003091954279349364,0.0009924297672144543
2021-01-04,-0.0005249309428317626,0.0009447396288037635,0.0003139023119824532,-0.0006729843716924022,0.0008847225098411425,0.0010195860286958459,-0.007492431908664682,-0.007546311539594864,-0.005690628925641514
2021-01-05,0.005511117811494767,0.003360177702052088,0.0034883988012431562,0.0005144724109645183,0.001321182146622517,0.0014147567099759256,0.0037696142937197127,0.0029739315666841774,0.0032978674438843606
2021-01-06,0.0003738271712314193,-0.002180293754408527,-0.006558139546602138,-0.004109874613984327,-0.0035006714046243266,-0.0038795448509986565,0.00328250178828243,0.001185573340283107,-0.005562730220658403
2021-01-07,0.003948412827203283,0.0021207526736370446,0.00692449079005957,0.002244408249973188,0.0003031238951806986,0.00020782230260530063,0.00817702159031979,0.007062610904736346,0.009639642389228459
2021-01-08,0.0028336623707423403,-0.0005549583197322905,-0.005158252697866961,-0.0003309578805127389,-0.002752569954166506,-0.0035218870309002837,0.0035621807542876027,0.0023076109025674807,0.006093100818894026
2021-01-11,-0.008713227113871373,-0.005660307665759974,-0.005645903006915719,-0.0019250168992818145,-0.003529070213829492,-0.003733772775056322,-0.004323061417102558,-0.005252128747924689,-0.006975523636063414
2021-01-12,0.00249065684545691,0.0016294322002276484,0.0013312110079754123,-7.276208026679213e-05,0.0011558450946864054,0.0013528833853326538,0.00013647257301663921,6.0535334484738994e-05,-0.0007602309544748405
2021-01-13,0.0016557245006468635,0.0011847418747983611,0.0011323669235992807,0.0007404182677345449,0.001125006412230259,0.0011675977255784988,0.0017247430846557797,0.003261376037939557,0.0032355788043626397
2021-01-14,0.0020771382923499724,0.0008380112625435852,-0.0021704470196740656,-0.0006523943135604595,0.00023959280045423594,0.00031619069674832575,-0.0022421126656242255,-0.0032781647490133883,-0.0025675847442779755
2021-01-15,-0.006467966731043203,-0.0037429443249064934,-0.006665320133774159,-0.000518579938518951,-0.001498650569871191,-0.0016526651637425308,-0.004664748404016787,-0.0035864657477422224,-0.0037937288476660082
2021-01-19,0.00595218163380806,0.004298680678994106,0.00755511913556918,0.002200352630267099,0.0026871180075055084,0.0028316386858370183,0.005011976557225165,0.005358945888414171,0.006963728791403614
2021-01-20,0.010323624628038493,0.006418782527306196,0.01303361919804481,0.002382177025386551,0.004481480334615456,0.005160137809488202,0.008856782898499187,0.009198438112878496,0.011185295818798657
2021-01-21,0.000801053994970041,0.000268284460181684,0.002268354613444166,0.000740145248563803,-0.0002591783598247925,-0.0003453324536541537,0.0005874791019464694,-2.4882192198777947e-05,0.003893796339581412
2021-01-22,-0.0035998286818599533,-0.002203702615491219,-0.0034698613161117725,-0.0003062736334194724,-0.0011610533877197135,-0.001329994908507702,-0.002275732300458954,-0.0016687533059039,-0.0014055061659905405
2021-01-25,0.002050119281302824,0.002033312300519699,0.003201767869580527,0.0015035041445173012,0.001971887296158982,0.0020747936185116864,0.0025349424298424573,0.004323353850747237,0.004034187828371939
2021-01-26,0.0005633881213028545,-5.477240753727123e-05,-0.0004613611767604005,-0.00019890183168645633,-0.000101017368340899,-5.417889402794245e-05,-0.0010032298194245198,-0.001169110070760306,0.0007180979391423699
2021-01-27,-0.015499826374332951,-0.009061599001407822,-0.013379267670681096,-0.0027779319887293956,-0.0048670169768627244,-0.005259673517736817,-0.015714547706594303,-0.015469058294469111,-0.013664119445610462
2021-01-28,0.004157949942849294,0.0017538654330597,0.003187484450871526,9.919174840201051e-06,0.0004645785817467523,0.0005763094559167191,0.005482199431218348,0.00442304579586389,0.0028601608379349233
2021-01-29,-0.01236922027190038,-0.0071437496974589695,-0.00906654633144318,-0.0017007749251785147,-0.003599530288351295,-0.0037469358101500216,-0.012797578889911967,-0.013793322442576573,-0.010194605443293207
2021-02-01,0.012846924981755851,0.008018415956901271,0.012038747555265253,0.0028955570244332514,0.005212844545640615,0.005751915172551427,0.010564370503448323,0.01130375623939295,0.0119784851271074
2021-02-02,0.005547196239629213,0.001747346550096203,0.0034504978595180564,0.00033543801387319423,-0.0005313248401621782,-0.0007490451334744321,0.009028730350897433,0.008077419454336281,0.00792166911835372
2021-02-03,-0.0004395999224936178,-0.0006574978383187863,-0.0014466264313954902,-0.0005731013770059319,-0.000807687472574547,-0.0008733749725517761,0.0005051292770425811,-0.0005490755310859529,-0.0019413908194560608
2021-02-04,0.0011361731839138367,-0.00033322214830048565,-0.0006247002803651949,0.0006053384247328697,-0.0013253499551100008,-0.0017775462593553825,0.007295669048380332,0.0072880968739011814,0.005778481027360341
2021-02-05,0.0040807925401877354,0.002601804761923139,0.004150066591097696,0.0006433718130543257,0.0017097095365956742,0.0020076905782470253,0.002536897853717207,0.0016754003559598543,0.0016674032764140158
2021-02-08,0.004149977699679763,0.0027031219412220675,0.005674764383138318,0.0006916677664692343,0.0019668035807916444,0.002297066793837489,0.004661350562221841,0.004933658637357198,0.0032994244985105133
2021-02-09,0.0029790477791598047,0.0014819153175180677,-6.05763336525289e-05,-0.0004322148338316012,0.0008822098530074651,0.0010116663420762784,-0.000591505079675203,-0.00033602686778433366,-0.00022208214803809412
2021-02-10,0.0004761248674536432,0.0009472807857243335,-0.00028325081423097754,0.0003980862384353752,0.001338832266259156,0.0014940077481092493,-0.0003235964357053356,0.0009625950384972208,-0.0013489180748965778
2021-02-11,0.0023200387111324662,0.0006243096925679823,0.0008822043545365629,0.00036932442907729103,-0.0003620374288547585,-0.0005635580920846032,0.0012015043053462363,0.000841108036822562,0.0032552704808123975
2021-02-12,0.002762265708185333,0.0007725572116191217,0.0029189288203843185,0.00011029771582436761,-0.0003202424790429075,-0.000388768526205722,0.0036749749715987356,0.0020994481340172884,0.00331541769468047
2021-02-16,-3.4421885912503656e-05,-0.002352799240186204,-0.0034603339328584987,-0.0022396272633971597,-0.0037384063049807344,-0.004174477376967541,-0.0006446151555681626,-0.004383373644627564,-0.0016069991134845631
2021-02-17,-0.0033267201522142803,-0.001751584646870229,-0.003285958393901176,-3.859933796346201e-06,-0.0012427232672023447,-0.0015590216502929266,0.00017139574487902296,0.0005161925980673401,-0.002848696955925433
2021-02-18,-0.004081885575049838,-0.002119587689107611,-0.002816147811197379,-0.0004971643038244025,-0.001123405713853186,-0.0011763591005213446,-0.0031692325588476094,-0.0033608588114938335,-0.00259037841276023
2021-02-19,0.001170448362049715,6.166885311182564e-05,-0.0013342942793339795,-0.0010177290911245857,-0.0001009170596624648,0.00010679528860214633,-0.0013132298842803002,-0.0034436390364360196,-0.0025795947847535613
2021-02-22,-0.004986418738781577,-0.002558289604780964,-0.008506583912160784,-0.0033319561974334924,-0.0003828729641329482,0.00015674923455911822,-0.005719055082384333,-0.006826586667208207,-0.015305414377883542
2021-02-23,0.0021655894655346103,0.001261207115722552,-0.0009232945005820964,9.566222172440265e-06,0.0008321319479948334,0.0008492886566240118,0.0009015883468847511,0.0013298213559802797,-0.0017385615447905107
2021-02-24,0.004217051853531099,0.0015292026488018756,0.006093188451741518,0.00011099547018616397,0.00044953524542432316,0.0005480207936669111,0.008180110415824258,0.007836546198912244,0.0048097806803331575
2021-02-25,-0.01959178143906048,-0.015106017772968725,-0.022002675839281956,-0.008508851510325441,-0.012031841692420216,-0.012627452696165402,-0.0179367733140422,-0.025587692670145917,-0.02040864132025113
2021-02-26,-0.008478332731137338,-0.0019379481913205825,-0.0042798714385232604,0.004213383337425802,-0.0003329455760285418,-0.0012491225184071398,-0.0038112407051102744,0.0006098165320775017,0.0024160267512203224
2021-03-01,0.013269800250938543,0.006242620675944789,0.017159180510358512,0.0024708443731292053,0.002488309763458492,0.002486321897600765,0.017907908810650203,0.018203719692926393,0.01738225972781545
2021-03-02,-0.003219593800879621,-0.0007274064072946863,-0.006855693224816407,-0.0008868673936366814,0.0001542561569817944,0.00014142046884967245,-0.005799857284624679,-0.005170908463155253,-0.009382100808918417
2021-03-03,-0.008283390309011644,-0.00634412631344995,-0.015292907940524672,-0.0048345931100581205,-0.005074653588581732,-0.005372163771428106,-0.009825892291026615,-0.013078270483331746,-0.016862302284891533
2021-03-04,-0.01082060094269355,-0.006780347997304589,-0.010750149761714498,-0.0024933609642974297,-0.004812010438665708,-0.005175437919953125,-0.009148103235108927,-0.012209923844572855,-0.009392187455992197
2021-03-05,0.00810800881924868,0.0037747616574457924,0.010835446288747256,0.0011069432190831128,0.0018121461337609007,0.0019755931931250623,0.013556349769791087,0.013568540592938744,0.008583051007924213
2021-03-08,-0.007378628600490806,-0.005303910653392392,-0.012113580914873405,-0.004038078286668599,-0.0036302021107262987,-0.0037179545024517624,-0.003685580005358635,-0.00592992001915916,-0.016237666113341532
2021-03-09,0.014503184621436146,0.008882443466017369,0.020215842940103316,0.004455531476547662,0.0061622404790234175,0.006736196820375046,0.010557718082779837,0.013603879568681579,0.02234323173021902
2021-03-10,0.00360756400041958,0.002836309090460325,0.0019735303424353737,0.0006723409525193401,0.002534663066250655,0.0027804194332523035,0.00461995597757947,0.00593353673605872,-0.0016433496280325616
2021-03-11,0.00892768835097546,0.004794744013971508,0.008465366298256782,0.001197356580840525,0.0023634153134914904,0.002486055764172379,0.006586066862572126,0.005866904328141409,0.009955678028529924
2021-03-12,-0.0010065606513721137,-0.002153606392974783,-0.0009131755823344995,-0.0009524182619320918,-0.0016691260419930422,-0.0013835475597680068,0.000889818881763482,-0.0021305524098160114,-0.003599763945432916
2021-03-15,0.0033519614655493028,0.002289358926183246,0.00522520789287629,0.0009579355472837291,0.002095505810789255,0.002406785302581107,0.003939836681519839,0.00421844395509717,0.004721079907469348
2021-03-16,0.0006087312575156873,0.00029650982886324966,0.0009335051428292591,0.00035080171947757716,-1.0803357082002772e-05,-4.818994597187218e-05,-0.0008344516998274792,-0.0008602314748943134,0.0024399983672579633
2021-03-17,0.0028279093315776976,0.001821796310527611,0.002472209031332006,0.0006748888052061263,0.001193619677010188,0.0013848446902295156,0.002256384807285917,0.0014496050217183705,0.0018361310850023749
2021-03-18,-0.011306615721213876,-0.007889622084594388,-0.012326474104102087,-0.00257117954726124,-0.00534170201592625,-0.005569911779683659,-0.00963725580292854,-0.011633905515689954,-0.013686495533626278
2021-03-19,-0.0001501211024498114,-4.8174755399661277e-05,6.074027735274371e-05,0.00019869410610862516,-0.0003680544832189987,-0.0004562689015669303,-0.0012193744276361718,-0.0014078270094722578,0.001548401886588166
2021-03-22,0.0034795857058264757,0.002259930734090657,0.006893582867961591,0.0011094472447784158,0.0015555068281322287,0.0015955767759170177,0.005259780514896496,0.006313158236208785,0.008252365961996522
2021-03-23,-0.006548539777913332,-0.002995010452282526,-0.0036814127080775877,-5.772942622969414e-05,-0.0009592364077675502,-0.0011845877284216314,-0.005198186026609153,-0.0029068704101153017,-0.0019393949239601674
2021-03-24,-0.005058342800135518,-0.0021292232622497314,-0.00552390757295842,-0.0007817990452985064,-0.0005225186454467028,-0.0005177371999285378,-0.0033479329463945934,-0.002620014563409259,-0.007479770359242711
2021-03-25,0.002775650218318854,0.00127290752656975,0.001182841252642047,4.063622586306083e-05,0.0005511834620255231,0.000601908615339116,0.003699183983495429,0.0029443564074957346,-0.0007601257160688073
2021-03-26,0.011106616343930502,0.005614190505182911,0.009018647036853717,0.0009624333389748198,0.0028516047664951904,0.0032322123467949,0.010616858640728406,0.008647180165710096,0.0065839506060489964
2021-03-29,-0.003623252877925342,-0.0034572447036480434,-0.0013856469128163402,-0.0005563036447622017,-0.0032664358834887186,-0.003621171995751068,-0.00033431014748266474,-0.001708828996857697,-0.0001253060814480841
2021-03-30,-0.0020779362261346907,-0.002028731669684799,-0.003136562248141829,-0.00041183517711888265,-0.0020875905506496507,-0.0024939179059742084,-0.0017566647481476968,-0.0020215789035075006,-0.0022267706425885166
2021-03-31,0.0028253038703470687,0.001398223218061027,0.0056549136887153635,0.00035704878175837695,0.0007825016266961791,0.0010862070575571067,0.0026823317531731905,0.0019650997761928206,0.006753137759564791
2021-04-01,0.01052695974512081,0.007138197459256654,0.008841751536259039,0.001229455072882814,0.00527816935555848,0.005817733187633842,0.007155602429651125,0.008565968286830535,0.0075862586983335215
2021-04-05,0.0072544549530084886,0.0032562281471736525,0.008844019181077762,0.0009324088534585389,0.0008749240007442876,0.0009278017194961106,0.009544672460452337,0.00789459694733678,0.008968413636733133
2021-04-06,0.00021693159118862,0.0015358229812891507,0.00039290778282155336,0.00042367615683544193,0.002240150266144097,0.002447174386504343,-0.0003942331057772944,0.0015595030727177796,-0.00031499158963297914
2021-04-07,-0.000681215380164553,-0.0004969113356261274,0.0007401400729732345,0.00035206200198488393,-0.0003938402241062794,-0.00045341119917714215,0.0007733622873091736,0.00048417598085975956,0.0010980442248017363
2021-04-08,0.004617623461086591,0.004078632861992319,0.00449482073105946,0.001452266927874174,0.003173950216674313,0.003348911211285487,0.003172180449974157,0.00436884430223241,0.004742357950369571
2021-04-09,-0.0007584941707925931,-0.0016650484354311245,0.002781486471471809,-0.00028612338023832265,-0.0020049082178866477,-0.002187630409452651,0.004866288373848007,0.0035486127447200448,0.0027696511477270686
2021-04-12,-0.0015192191779773712,-0.0016099844719671408,0.0002616746572998707,-0.0006201773932559274,-0.0012151470705099587,-0.0012748890321426787,0.00020945488738721707,-6.764415020243941e-05,-0.0005830936914213991
2021-04-13,0.004208802962224281,0.0038783606348934126,0.00391843727670375,0.0015155569962518555,0.0032721423652945815,0.0034733686633754207,0.0019121584443641424,0.003415747631468802,0.004777763231288825
2021-04-14,-0.0013944456278043747,-0.001194049572701188,-0.004152119763461874,-0.0009610119914879796,-0.0012066560330528363,-0.0013784388910508298,-0.002204890344483226,-0.002526968977928689,-0.004947591643898382
2021-04-15,0.009153846334605333,0.007392301344804687,0.007932243044000031,0.0015546803267740814,0.006095610551321082,0.0066751201770037715,0.006928515865260924,0.008960669071623913,0.006200844703581829
2021-04-16,0.0030207396786560542,0.0013495917520474007,0.0012907326653988811,-0.0001725530641187552,0.0004946637011333389,0.0006878641580750887,0.002164137084375843,0.0009214998088991606,0.000483872393565684
2021-04-19,-0.0012972835553718926,-0.0012416922210065826,-0.0030040507631282328,-0.0009673334730055577,-0.0009446122301323288,-0.0009730542422501647,-0.0031841442368427666,-0.003357963193071118,-0.0037796222360478786
2021-04-20,-0.004471237585860349,-0.0018080573392444707,-0.0023870760229079383,-0.00015143047819948772,0.00038276909383153405,0.00057644080049811,-0.00473689504582219,-0.0031953674037851067,-0.0029935738586639154
2021-04-21,0.005927235487716396,0.004229961608699811,0.004885654998651716,0.0010547148140809413,0.0029890219206628837,0.003305301667050928,0.006106780625763378,0.005843105418570527,0.003502348321317116
2021-04-22,-0.004885544241416885,-0.0031621442598443908,-0.005486703983994536,-0.0011837785944390055,-0.001997252221584758,-0.002225518842764081,-0.005913102712590238,-0.0051451520734396685,-0.0049547381983439
2021-04-23,0.005484739612899969,0.002506686279099981,0.006026025407206547,0.0004637861117889323,0.0006307720444019124,0.0006170470002944873,0.006998046064054262,0.005929930260897963,0.0051393099228877245
2021-04-26,0.0022185385187142967,0.0008707966165521508,0.0023165717642786086,1.113832573049418e-05,0.0002682918882450841,0.0003845132455648831,0.0013528676002056476,0.0008326108380967227,0.002678105233624265
2021-04-27,-0.0011476379004553689,-0.0016804083016981775,-0.0010543828110652206,-0.000596543913350324,-0.0016625317903654416,-0.0016972941780459723,-0.00013955704140278496,-0.0016869646432665908,-0.001788147784176383
2021-04-28,0.0015295850093065052,0.001547337346396716,-0.0010917753360824756,0.0001475324756454544,0.001180532611601513,0.0012041897028306865,-0.00018623353296183938,0.00034777030829427695,-0.0013916232368803856
2021-04-29,0.0011142149925817849,0.0003956998314465975,0.0033011149070262613,0.0006806683862736046,0.00011187788668622943,0.00013025434744929278,0.004131201860011419,0.003126040712209102,0.0014790223072000655
2021-04-30,-0.0053941401701151975,-0.0031196233723611282,-0.002539538815794932,-0.0003184846523505413,-0.0012254463731576361,-0.0012459033358071102,-0.004268534845775024,-0.0036050213709685024,-0.002698833372690222
2021-05-03,0.0034820327591435613,0.0028016164222575356,-0.0009427450616126611,-0.0006247408707407537,0.0021609043117453036,0.0024407627397349434,0.0013984510504515071,0.001966265611726538,-0.0021833828419211797
2021-05-04,-0.0075785361376797394,-0.0045325369090053295,-0.006263368888248361,-0.0014037355210327735,-0.002511058943814488,-0.002775280115389574,-0.004001519279193187,-0.0031793628942001994,-0.007357750580792178
2021-05-05,0.001964187762180914,0.0019443046249519869,-0.002662003772047838,0.00015596789428635167,0.0008901401930087868,0.0007348451520285376,0.00020285373841769067,0.0006736642600568477,-0.0013595285357399995
2021-05-06,0.006400483806248847,0.004468730817994343,0.004187264215469885,0.0005192139563601092,0.003283634032112958,0.0037638054316957094,0.005169389347227979,0.004945178872982534,0.0030431722717986025
2021-05-07,0.0076816229560607956,0.005327695009706081,0.005061315020282911,0.0012359067219177612,0.003731359559460367,0.004111873156771316,0.004724612169046899,0.004500560328228791,0.003290827448944597
2021-05-10,-0.0061011893163062745,-0.004300239687087309,-0.008011995855233657,-0.002610124583914815,-0.0023474330087681844,-0.0022318507275551703,-0.006443851784210321,-0.006742658610890807,-0.010289334108918328
2021-05-11,-0.005831273464628195,-0.003660455688580311,-0.0033429882749467232,-0.00040012301795055993,-0.002440428863356492,-0.0025877398646227956,-0.006569344877095706,-0.006668383749539819,-0.0006126262118435477
2021-05-12,-0.013810493803955121,-0.008832654115623067,-0.013736795169693018,-0.002063370585101731,-0.006272933294985815,-0.006803070515796653,-0.015413634949378164,-0.01599460616653768,-0.01101265921312935
2021-05-13,0.005418309826433999,0.003943886554865523,0.0057989437369372855,0.0009550452778788177,0.0031425764762928595,0.0033817607033260594,0.008664008057504736,0.009285305547269805,0.0032407049649574864
2021-05-14,0.0122710487339363,0.007312863030007055,0.01058172411834918,0.0014626807959112428,0.0045107482401908604,0.0048575485641983605,0.011111367790349031,0.010966784698432569,0.009294054762631178
2021-05-17,0.0004289075457983142,0.00045741197682411667,-0.0011767374634434218,-0.00040419483956116633,0.0007927559821946155,0.001100338360744559,-0.0018486468543422166,-0.0020896197393825873,-0.0025857279587271796
2021-05-18,-0.0005145208903090401,-0.0001326354939992014,-0.0036747540197621443,-0.0002791400342963692,0.00015044735337725872,0.00019992990292312443,-0.006255953539641049,-0.005637784448598929,-0.002867365117477267
2021-05-19,-0.0033930870202544664,-0.0028764299989377877,-0.00045142851734069516,-0.000641775620347573,-0.0021302599383852478,-0.0021204634971838366,-0.0018991837048552337,-0.003025308948268149,0.0004861611416201766
2021-05-20,0.009092638112923802,0.006380158325760195,0.008383110705584909,0.002163429577657053,0.004519772707342373,0.004728076474223088,0.007787695936311858,0.008832635114220541,0.008191205770267157
2021-05-21,-0.002152284709143917,-0.0013896920848914436,-0.0016104709048034617,-0.000853270316752269,-0.0007816305935213382,-0.0007735019160147527,-0.0005942498509775535,-0.0003850671987708056,-0.0023694201734306268
2021-05-24,0.006707421619288883,0.004076086966972957,0.007473826264550948,0.0015528570896817461,0.0026649655709536347,0.0028505589421713965,0.007399877537403806,0.007077447687854596,0.0071782260376717375
2021-05-25,0.001821034960956456,0.001958884571440476,0.0005261883416945642,7.839294913774772e-05,0.0020011879381511936,0.0021999117163005624,-0.0016146176038364035,0.0001436058225762189,0.000596490301335899
2021-05-26,0.00090223173778441,0.0004217560039696177,0.0014359486344099458,0.000638419910424289,0.0002210006908653323,0.00023505113892026593,0.0014437333473803534,0.0007980951272504684,0.0015027601611246712
2021-05-27,8.621348432290812e-05,-0.0002658004932305685,-0.0008937998851105691,-0.0002876012582432812,-0.0004760439904660642,-0.0004884420965884164,0.00038242010443033435,-0.0004216093182909135,-0.0016158640755470552
2021-05-28,0.002414591948102729,0.0013693093477945408,0.0018296996958994548,0.0001909021103565445,0.0010199066125027355,0.001193027203173664,0.001302104214874148,0.0011299943418233572,0.0013599332859051557
2021-06-01,0.004886329246942681,0.002150513196851629,-0.0004726010084967842,-0.0006771635683600559,0.0011733678947764004,0.0013500560386814967,-0.0006411670478870729,-0.0006610348820875872,-0.0014350592434883467
2021-06-02,0.003086103453888805,0.002136530251384733,0.0018286916924298827,0.00033728156820562544,0.001932982909080956,0.0022028420887480514,0.001145234878506105,0.0015223641804790768,0.0008423897547956292
2021-06-03,-0.0071478151439074815,-0.005579987106778896,-0.005352245189257907,-0.0014931485405869586,-0.004581133671217038,-0.0050823700832924625,-0.0027034026645915655,-0.0035397581141470165,-0.004490294201744472
2021-06-04,0.006959280507351691,0.005623989246524427,0.007466815933702464,0.001826874577590642,0.004340311789047469,0.00455490067646423,0.006655774897667691,0.008395348555907425,0.007280294683753589
2021-06-07,0.002005415976934691,0.000854839985097886,0.0013894341533445904,-5.1244409814448875e-05,0.0008098600063301807,0.0010809707115349342,-0.0007077206859688252,-0.0009807923679142692,0.0012911594296638948
2021-06-08,0.0004914330021662303,0.0008907358932734961,0.0003089040799530168,0.00042555575784145456,0.0011322113313128024,0.0011478553420145785,0.0001558235532244634,0.0013871045408138795,0.00020667863887121208
2021-06-09,-0.0010938451453552077,-0.00043890944639187525,-0.0004045393801103127,-0.00048121215191523014,1.7306111683238063e-05,-1.8987628210356036e-05,-0.001087748341155765,0.0003818573001397695,0.00010366558858743388
2021-06-10,0.004997483760754262,0.0035317343058818285,0.005196996525808517,0.0013505128321114057,0.0028882246277472934,0.0030422853301677044,0.0038410119211864657,0.005244227637887011,0.005645471044432249
2021-06-11,-0.0006186318819707366,-0.0012722415564097092,-0.0002535502371241106,-0.0004434928580263692,-0.0018487229435969438,-0.0021569241338744104,0.0014108046331929372,0.0005132052456635656,0.001454007621901894
2021-06-14,0.0015036905202991627,-0.0006118803290942565,0.002999771868313049,-0.00013804903913425417,-0.001318385521079676,-0.0013825957950829365,0.001911870857481975,0.00012134864072288189,0.005332661771981043
2021-06-15,-0.0033024364512937374,-0.0017607727084276222,-0.003343483250196962,-0.0007466133229009045,-0.001467885612069588,-0.0016926326683452825,-0.0015664621113143011,-0.001354580354205584,-0.003648903621646727
2021-06-16,-0.008653522355959332,-0.007156438942171083,-0.005205123414107348,-0.0022619566958388742,-0.0063192666658908265,-0.006724655014525685,-0.0047674318853060315,-0.00790779417413669,-0.002034291084042462
2021-06-17,-0.003180714309763089,-0.0020269104117801133,-9.116470833352062e-05,0.0004597358347110503,-0.0022274989029326645,-0.0029768981401798646,-0.00028254920991874384,0.0015798147862553086,0.007063931214133033
2021-06-18,-0.011585973783876104,-0.0056332780731820145,-0.007728211965692295,-0.0021968223533895066,-0.0031961363422186514,-0.003533018665207263,-0.011509605265668485,-0.007614340664254661,-0.004388726832448393
2021-06-21,0.0105776824938855,0.004973430098057411,0.008351891421494624,0.0009582893828883012,0.0032431618119186613,0.003785765730031457,0.012189918801909443,0.009416973401593346,0.003465342643753767
2021-06-22,0.0005688738948192396,0.0011826180332736183,0.0039683442393561395,0.0016614427228559836,0.0008733719043450915,0.0006799035138080431,0.004561875124468233,0.005101991389575027,0.005211129911784026
2021-06-23,-0.0010428484331831461,-0.0018282566470733765,-0.0003375769037631806,-0.0013547328976262385,-0.0018553496505244128,-0.0018628097595921422,-0.0010288954467143172,-0.001982248553547541,0.0002754555375982105
2021-06-24,0.004396686006201334,0.002146147491267043,0.0036809985574532875,0.0005978618413330889,0.0008818111403365422,0.0008269214564386347,0.005050997971957454,0.004516070704915712,0.003471724288416658
2021-06-25,0.0027530975086355477,0.0008150806865547794,0.001265725183190697,-0.00031335606468348794,0.00031809844994771836,0.0004921036394234608,0.0030356755066443604,0.0016926563890898637,-0.0006909617092738798
2021-06-28,-0.0004271481083650945,0.0007362629441977619,0.004430318093406059,0.0014629714914943805,0.0010071753132521696,0.0009425220114888889,0.0017237676042550873,0.003171383487549506,0.0068428702413495445
2021-06-29,-0.0011422317264274467,-0.0009874357636656533,-2.304173988606372e-05,-0.00012799344915110348,-0.0011819976883048564,-0.001456891245082872,0.00046033454907925815,0.0006756278755546331,0.0020472520569542675
2021-06-30,-0.00232592396226132,-0.000352637145577392,0.00023127127544291388,0.00034742552144538806,0.00037975519185641976,0.0004101549384158794,0.0007199745547955865,0.0014453146096069917,-0.0008925499525903328
2021-07-01,0.0020907281895476445,0.0006914826414323805,0.002362160231502806,-0.0003557412565329331,0.0003373108174009259,0.0004781070152947961,0.004736406720592752,0.003947728343159609,0.00022437511894963198
2021-07-02,0.004544039393844805,0.003576967186447378,0.0069355300555841055,0.0017216595278015056,0.0030296339301182267,0.0031804492266273698,0.006543531771829088,0.007828969795124303,0.00649936587945306
2021-07-06,-0.0015141630748341554,0.0007795894806835295,0.0015889008107703444,0.0009847174910201516,0.0020172588734538458,0.0021975147118327635,-0.0015607013186301644,0.0012375189578539905,0.0024599169494474746
2021-07-07,0.0032666871826422996,0.0023308459382798156,0.002323960156866055,0.0003719030865395119,0.0019186876834278626,0.0020283039928038304,0.003028088151642461,0.00423543582909691,0.001203480609456119
2021-07-08,-0.00827283207201349,-0.0029015696909597197,-0.004628555045115441,0.00041478262178582507,-0.0006084035067512408,-0.0006684608959320791,-0.006984222057084388,-0.005057820515546353,-0.0034445521927228854
2021-07-09,0.010595463346816006,0.0035994024201783377,0.006092042105584859,-0.0002350084842416258,0.0011819427158548765,0.0014916775204180186,0.009140252433149185,0.005700261761342919,0.003553720237002274
2021-07-12,0.002519623878254329,0.0006395328616446427,0.0022772250292564244,-0.00024159609377438773,0.0001866500812877092,0.0002726069996659142,0.0031649159633175827,0.002578457234161169,0.0024843265887304344
2021-07-13,-0.003934290266620944,-0.0033423844341560994,-0.0009756277659037949,-0.0016080228428931992,-0.0030908718442734535,-0.0031978665382040097,-0.003047569848168091,-0.004560149949052986,6.75748434754497e-07
2021-07-14,0.004069673210428387,0.0038460833743067424,0.003056591800997549,0.0015119904677123477,0.003856082953304888,0.004149343721045259,0.0013338083431287335,0.0036101773425869696,0.001183267492419639
2021-07-15,-0.0031180671787281538,-0.0005521117806148422,-0.003653004069856498,-0.0002822918789085148,0.0005735372053877504,0.0005827087139599022,-0.0030526128462951014,-0.0005258121590190855,-0.004632957243400897
2021-07-16,-0.006546366592874966,-0.0035623561153412617,-0.007344113718887911,-0.0008859865106149068,-0.002333735284177776,-0.00255031077926745,-0.007008041990663716,-0.006609247925028171,-0.005329975906459803
2021-07-19,-0.012069058432148403,-0.0032689289459019327,-0.007870279990540578,0.00034262843013463086,-0.00023166783272866688,-0.0004717065358739058,-0.013183942513608283,-0.007451433341173938,-0.005376793315788157
2021-07-20,0.008272870937542327,0.0038959323929076404,0.00886222626816816,0.0016233897264693463,0.0025905959254750232,0.0028410833110273704,0.012773110616358583,0.011030978539125486,0.00760312006616606
2021-07-21,0.006252044265135114,0.001170507491999391,0.004907736631212696,-0.00023496022030594784,-0.0009766815933125133,-0.001042029778392537,0.0072276908894309275,0.003413605093140294,0.005073519906712827
2021-07-22,0.0009314919652353566,0.001057778507240458,0.0034213797490008236,0.0006627704462668513,0.000755737202266096,0.0006780494040955324,0.0018712593594625811,0.003001043252519313,0.004355439757190343
2021-07-23,0.0036663773831333924,0.0013580560990936006,0.007214686381515119,0.0009624136579229212,0.0005162786021858881,0.0005475762090344775,0.009194288752448545,0.00764079623841571,0.007711014946537493
2021-07-26,-0.0011343647510729648,-0.0010323737620144037,0.0007346927394164813,-0.00044839921977475573,-0.0009138289190329785,-0.0009500442857181103,0.002196480123345234,0.0016441575118083585,0.000522836665657193
2021-07-27,-0.0034503206721158753,-0.000462132547661207,-0.0052505397818931815,-0.00033853920619067804,0.0009578431353994542,0.0010529795592224298,-0.004078180747002728,-0.0014514967459995317,-0.007304673200436021
2021-07-28,0.0048924186541460975,0.00266186588490409,0.002098470157166162,0.00048531941007209597,0.0015648910750090514,0.001615630771188418,-0.0003666514178499694,0.00011494241406095704,0.0025382281534996618
2021-07-29,0.00487944752283745,0.0020323528996112443,0.00404168134706887,0.00013647042374387362,0.0010588377295179042,0.001323553904621083,0.0037096333901930796,0.0017216755729468193,0.0011759633340825285
2021-07-30,-0.004759677221999529,-0.0016968424157899123,-0.004952615676594346,3.0602229465161014e-06,-0.0005565964538842151,-0.0007333737856354776,-0.004345144077413918,-0.0024933714493066395,-0.0034483307970144842
2021-08-02,0.00166241600847242,0.001966227132220512,-0.0009290764047147792,0.0006912584144672329,0.0017133424622385758,0.0016180742516130543,-0.0018760852544596758,0.0006779314502730891,5.503579317178773e-05
2021-08-03,0.004711331884366211,0.0021489093469264295,0.00489395139326113,0.00037655885002521193,0.0009574416791716644,0.0009435449843021545,0.007274235352083271,0.006834876927294299,0.004005321112486493
2021-08-04,-0.0005697300190374704,-0.0007921850421191434,-0.0011861541508559463,-0.0006070846132807765,-0.0008045137821226884,-0.0008275008126016674,-0.004401664791108465,-0.004217931300837582,0.0009571745123840657
2021-08-05,0.0029566223669304924,-0.0001437801288190623,0.0037974281586353746,-0.0005303122365663409,-0.0009119107780490028,-0.0008244693031047121,0.005664516987628036,0.0031930068973395156,0.004201835069498832
2021-08-06,-0.006037908559925237,-0.005179591333771627,-0.005323759918844017,-0.0012089799335493533,-0.005121640341648502,-0.005671628594948878,0.0014791452157904123,-0.001875202912349316,-0.002907950456772604
2021-08-09,-0.0028851643003655275,-0.0027958238904188006,-0.002651733502956316,-0.0007004949202287808,-0.0031389020530778106,-0.003588876750851388,-0.0007279743236965359,-0.0018628302096904863,0.001225334608671548
2021-08-10,-0.0013136211312814172,-0.001201517715049727,-0.001977732666217258,-0.0011745006469574548,-0.0014666624314392251,-0.0015663634708743546,0.0011416170952778248,-0.00040052284803659965,-0.00453683609787181
2021-08-11,0.005946393708336137,0.0036152626470258085,0.0031906687923109757,0.0007824411926372859,0.0031867478560363505,0.0035546772431132327,0.0025179559063767325,0.0033363261005721575,-0.001456919235208523
2021-08-12,-0.0005297322133510414,-0.00043659187416667623,0.0029286995506123898,0.00018370513260283764,-0.0002884662371474678,-0.00024761538975529864,0.0030367589835731813,0.0023827039332117456,0.0030577262976498602
2021-08-13,0.005871247147694489,0.003998647561653322,0.005273484520864439,0.000631221625093916,0.003813372910458145,0.004178243930353471,0.0018436503871901674,0.005832382470300038,0.0029790619796242657
2021-08-16,-0.0020494197185252925,2.783248334718766e-05,0.002195449557301929,0.0005065495445801774,0.0008110328581324949,0.0009007952049363769,0.0023853765779865144,0.003945951384531754,0.00036858340390199536
2021-08-17,-0.0077251590097192025,-0.0035610663298347284,-0.006928993453039461,-0.0011288047040509768,-0.0019947089339698277,-0.002015550923946073,-0.006643234814807362,-0.007183885791879244,-0.007478929735146446
2021-08-18,-0.005225114651315833,-0.002155488794693386,-0.00883966137789949,-0.0007370992079682729,-0.0013113650157514074,-0.0013976918465069157,-0.0110929567849747,-0.011749100172575938,-0.00816161288041614
2021-08-19,-0.004736554230542965,-0.0016668788059219385,0.002199499972730198,0.00035639926932691437,-0.0004198040602882589,-0.0004264171538669846,0.0015688950263438842,0.0031307084455354742,0.004091782848131998
2021-08-20,0.004494797651564316,0.0015665094441813545,0.008055461038715326,0.0006617842566145632,0.0007163589599756475,0.0007892111820538891,0.008064670926581982,0.007569836962210211,0.008777674803746853
2021-08-23,0.009557571908213323,0.00424517527745603,0.012665995026979609,0.0010591406583069399,0.002572378993024626,0.002814574347093411,0.008914502162264583,0.009276616488188047,0.012694670546358441
2021-08-24,0.0031273847651496784,0.0005551932303561705,0.0018223965541289257,-0.00012298601332115495,-0.0004940574870567632,-0.0005539418035140801,0.0016078176215081521,-0.0002570689502170967,0.00259837083879716
2021-08-25,-0.0003277879879190635,-0.0012746133787863506,-3.393116159267922e-05,-0.0003119603316757314,-0.0017664848417558124,-0.0019183270454753941,0.0021259078949601024,-0.0005428360613341202,0.0009778857715138961
2021-08-26,-0.0045919490464696785,-0.0018430809911602016,-0.00504451501093907,-0.0004990723043302534,-0.0007467604980365715,-0.0007030712034210383,-0.005982131094297109,-0.006181318124110638,-0.005404651047937559
2021-08-27,0.011469645363990227,0.006522921599609061,0.011260446868717631,0.0021111378575921678,0.005259177206916389,0.005693642757328323,0.009060077900598203,0.011529281902327052,0.008266053241515692
2021-08-30,0.0035691381330845433,0.0017849644015802211,0.005858344031398894,0.001259178299292065,0.0012983370363603636,0.0012845506051066735,0.00445516763340539,0.0058824273481613305,0.009556704962698339
2021-08-31,0.0014180601323116044,7.608618974291404e-05,-0.000506412826292933,-0.0003710417752082627,-9.516190663122389e-05,2.6038667027451025e-05,-0.001501537386462804,-0.0028421479199727227,-0.0006950715757721165
2021-09-01,0.00677692124997319,0.002585213014827459,0.001215676094618199,-6.102527574595181e-05,0.0016695352254635421,0.0018684072651641913,0.0005378959653766251,0.0008132111489062944,0.001414268059726384
2021-09-02,0.001794634890011721,0.000810193213543137,0.000658572887939359,-4.6880024554818775e-05,0.0005384935557982137,0.0005347729175946561,0.0031167277495366386,0.003980943755030903,-0.00040310100075216423
2021-09-03,0.0016550395005432016,0.0005631944877041606,0.0033839729652041057,0.00013874180864410836,0.0005301473294499015,0.0007980855574482994,-0.00024635825680281937,-0.0019019481926870888,0.002623929061829121
2021-09-07,-0.005895268633322178,-0.004260545432577349,-0.00509467722627986,-0.0007587946925625565,-0.00446182447886403,-0.005042622625735199,-0.003623338905074209,-0.006415666010107936,0.0012082100936785828
2021-09-08,-0.0042679639552587025,-0.0010888726654260227,-0.0024550658658381466,0.0002161153168368951,0.00014980463207248335,0.00014767507333015109,-0.0012349686181241646,0.0005664852625328479,-0.0029708244568389893
2021-09-09,-0.0049773915837652005,-0.0008529215132209167,-0.0027799961538163,0.00019184918807568785,-0.00018581039344978123,-0.0003638259714786596,-0.004527621083295297,-0.0028124868441637974,-0.0035459187674663495
2021-09-10,-0.006687939842755684,-0.003689314698948994,-0.008591650793076078,-0.0013308808167596432,-0.003243863084535853,-0.003510548901919617,-0.008275455705876882,-0.011097430793694057,-0.007519570467535084
2021-09-13,0.00491298412368877,0.002439746293017927,0.0016886747348647613,0.00040278905830477076,0.0018662855342817105,0.0020075228384420687,0.002684448504834029,0.003700049964274233,-0.0006844198622106113
2021-09-14,-0.002951296805548313,-9.708911400226382e-05,-0.002379585420715278,9.455354443116005e-05,0.0009662480158716236,0.0010784528165872856,-0.005666200563106784,-0.0032066755483163268,-0.0028164475185946795
2021-09-15,0.0025555502422807143,0.00040075629948756327,0.006070094963866637,0.00039213638928591813,-0.00037328283459291486,-0.000467145327583118,0.008767178347627646,0.007919196591790082,0.007365421718263294
2021-09-16,-0.006200277450438857,-0.004201589291460312,-0.00588304355718406,-0.0009500449130007645,-0.004023856276157581,-0.004500852044142237,-0.0016656539763758753,-0.004138900091205174,0.0006815904497711785
2021-09-17,-0.01087460568246155,-0.004994398525734306,-0.010720161645745055,-0.0013672135522500935,-0.00327096544500615,-0.0033795720397784574,-0.010225373624467923,-0.013006299432084228,-0.011732712807760906
2021-09-20,-0.01459450398728713,-0.004008720705964402,-0.016182277281125507,-0.0009036545108507245,-0.0005409740723778882,-0.0004553767970542828,-0.01751030294084214,-0.014773855296899912,-0.020470291291552645
2021-09-21,0.005377904456291512,0.0023837459001462852,0.0017560785496707081,0.0005561509712502037,0.001542775491443465,0.0016879016736255053,-0.000994724714481414,-0.0015437199714579347,0.0012190066511359524
2021-09-22,0.009061960966871554,0.0026010118947945257,0.008181429444561263,-0.0005441863577270558,0.0008481237672338061,0.0008781328003020739,0.010249877880077135,0.011525513012148318,0.009251360821369927
2021-09-23,0.004691059374952617,-0.0010493795918300572,0.0074000109187896965,-0.0007402194615985534,-0.003198413226525223,-0.0034412969933903105,0.012760754131453497,0.006555618844818117,0.009139925940951404
2021-09-24,-0.0067296545059778905,-0.0035626278485497366,0.0009259454416524697,-0.000687131184479948,-0.002801288822439496,-0.002930918285444282,0.0017275258566898694,-0.00045598413658223076,0.0009294425374223142
2021-09-27,-0.0022088334752687496,-0.0013408423083680287,-0.004702368140055746,-0.000824934513260922,-0.0014583325081009364,-0.0015628570110083487,-0.00300519512556268,-0.005234345505806929,-0.007907125523615319
2021-09-28,-0.019000940250158985,-0.008020235087221753,-0.02551430546077632,-0.0019304524302224606,-0.0048416880896105415,-0.0050976861062864655,-0.02115930022863649,-0.025468526140188,-0.028031206282683845
2021-09-29,-0.0012498372741713468,-3.8568677646989053e-05,-0.0010666039792080304,0.0004763601595345701,0.00040833457371037955,0.00038794693137879116,0.0017668785807120593,0.0026585410925116433,-0.0016234095479432794
2021-09-30,-0.001601707980427274,0.0005551207664747792,-0.003332808827150432,0.0003715322207159498,0.0011474262618110416,0.0013391484830347334,-0.012846306328196638,-0.01286151734001357,-0.003638479866965396
2021-10-01,0.00704698588694295,0.003974772877708958,0.009211236975468811,0.0013546000335229842,0.0033714205328304854,0.0035545458292463436,0.012494600615594117,0.01651046445795188,0.00614138033553397
2021-10-04,-0.007644868367137724,-0.0035011750250240853,-0.015010249188285411,-0.0023052788376634534,-0.0018597839439735628,-0.0017152497844768202,-0.013554886385743219,-0.01542013565040115,-0.02078617991112197
2021-10-05,0.004564572339557032,0.0007975502643685889,0.01020275725097873,0.0005425119832407152,-0.0007852179386505306,-0.000972410754631182,0.010939886649857723,0.009234613524549623,0.01336533807686459
2021-10-06,0.00045618755054587163,5.4841105176486395e-05,0.0056845103851171225,0.00019834237176046877,0.00041413894012149783,0.0005975774664822559,0.004366300356482373,0.004839414410347965,0.006345101864290086
2021-10-07,0.006790314392422399,0.0011010802304944728,0.007200173703806707,-0.0001923736173398923,-0.0007171544783681234,-0.0007913710368929832,0.009082938633215949,0.006632807312500107,0.009086492454184044
2021-10-08,-0.0018169431797762092,-0.0015180160158250189,-0.003077063483496567,-0.001067714435588396,-0.0016447947795446005,-0.0017372531057983087,-0.0017480263661121542,-0.003305847627582681,-0.003949437887641127
2021-10-11,-0.003962267288348655,-0.0031652449325291995,-0.0060639738443764996,-0.00212732942140672,-0.0025333197067996757,-0.0024992235682866418,-0.006135670925214989,-0.007771202839357192,-0.005687491763974668
2021-10-12,0.002352214738103117,0.0024065623880828004,-0.0012208185902571427,0.0006660662364730286,0.0028754768667409248,0.003113015581778377,-0.0020835560893773465,0.0004957861888837868,-0.0025807542663339664
2021-10-13,0.011125375265418536,0.004838694770756419,0.007753004745453467,-9.349658594651371e-05,0.003426616897823671,0.003910374360326977,0.0030446750728164427,0.0042451640651144104,0.005922118756194476
2021-10-14,0.011157156230045422,0.004857900557842727,0.014362313808171356,0.001180630712028733,0.0030488915543344618,0.0032284171806861825,0.014243323956247535,0.016015186926736737,0.01364705614455074
2021-10-15,0.0028122579006564417,-0.001075564077905307,0.002640481442978943,-0.0008452379261128123,-0.002783312369143694,-0.0031331055281249463,0.006465482155609891,0.0037578000980982643,0.004691086698175629
2021-10-18,-0.000754878127804204,-0.0016118121343847974,0.004717320638128277,-0.000733044052013033,-0.0016195665578634228,-0.0016134629411443321,0.00251651772409099,0.0017717579815667538,0.007499127102409414
2021-10-19,0.00621986084176741,0.0023707307000820008,0.006522689246916738,0.0011500617661485022,0.0009722234565072431,0.0010442118810917774,0.006559814296772341,0.00469334819547967,0.0056574835706066995
2021-10-20,0.004717225823832121,0.0024684054582072767,0.002865320425545143,0.0005891114465534509,0.002386790650629095,0.0027842365019870212,0.0033435788402068436,0.0031850840270011872,-0.0009769723924639223
2021-10-21,-0.0009015373282136409,-0.0023866683060007683,0.003286490362588118,-0.0018807374998585048,-0.002499152797586058,-0.0024510085940501547,0.0022218836146089675,0.0007884081037315908,0.004573032938134753
2021-10-22,0.0012142813797906364,0.0008454641273849691,-0.002555695330576141,-0.0010244622946156492,0.0010884065955484206,0.0012870860690944886,-0.0008824287383266663,0.000505126045231927,-0.006300099900320084
2021-10-25,0.004203604881405096,0.002665940368195625,0.007333711119369905,0.0015935328296147228,0.002288132978323074,0.0024634856332495267,0.0045688814511983976,0.005393196073545309,0.0076616473251392165
2021-10-26,0.0007619847955206256,-7.191377731098038e-05,0.00039379768177603784,-0.0003127170464225508,-0.00042544798465209095,-0.0005634286170210746,0.0007676525274026389,0.0014628899855731136,0.0023625502026621034
2021-10-27,-0.0028290317916506796,-0.00036428368384518634,-0.0005826180895034329,-0.0003001003473828216,0.00034509124341276396,0.0002753619750835297,-0.0037770767059280594,-0.0007664123741068626,0.001743319408615531
2021-10-28,0.007497070111059094,0.002598241915865908,0.008408962146098663,0.000937974150418267,0.0012964448312445579,0.0014725235803957407,0.008222331398020286,0.006958449859485014,0.008343126543917133
2021-10-29,-0.005987791309935056,-0.0024983712188346194,0.0010324574809980399,0.00047987315780514375,-0.0018872523617376176,-0.002232410079961618,0.001732014549584247,0.002008965238353931,0.003705872151450616
2021-11-01,0.005515541715780799,0.0017744500196446398,0.003005308834869013,-0.0006483355452397408,0.0008505448880991162,0.001039475323265541,0.0014686036429210705,0.0014489719339671923,0.0025789730275043495
2021-11-02,-6.706918065586138e-05,0.001583368863833814,0.0029838204304016716,0.00226566607201582,0.0020032474343885357,0.001975492849644083,0.003452315370537389,0.004899583921996001,0.0031566449528169574
2021-11-03,0.004149529558872164,0.0004829054603510184,0.005290050703830543,0.00020273884979253245,-0.0008900756494487098,-0.0010259540207514964,0.00521639576633094,0.00359631485091894,0.00802171505651245
2021-11-04,0.0013349796601638555,0.003038699491959889,0.008560933511720522,0.0027380789341167216,0.0033148746916271637,0.0033862967976600617,0.0040296117278237125,0.007126565212141747,0.009710847277164555
2021-11-05,0.00512637477037342,0.004054574015598942,0.003982640416383795,0.0010064787060570556,0.004008235404028852,0.00432800254179132,0.002969174403598134,0.006052277594857627,0.0007256897346853998
2021-11-08,0.0010598434926554212,-0.0017606524458302353,-0.0004794957398314148,-0.002635363673624491,-0.0023088329103205796,-0.0021953608496744215,0.0007282778343213892,-0.0017853623128852858,-0.0010112932691820342
2021-11-09,-0.000911346764858012,0.001341893338511576,-0.0032548582143678657,0.0007193288645900553,0.002153099120866163,0.0022515437916996047,-0.00289323619607872,-0.0002350395871356849,-0.004886926994459053
2021-11-10,-0.007492960381795748,-0.006569444115089589,-0.008476109268373864,-0.005328809140351652,-0.005466487679708401,-0.005167756321267192,-0.007038762834170017,-0.011744586995407893,-0.01041336071293642
2021-11-11,0.004811391280870245,0.0005244534690586264,0.0015604274184058294,-0.0012805208408098413,-0.0005053128425982643,-0.0003335796376109537,0.0002831023338747017,-0.001583422712684382,0.0019567550602771415
2021-11-12,0.0040586207833300915,0.003014303381729726,0.006467904771605912,0.002441940783448805,0.002432094802315189,0.0024224148715842383,0.006597065623053688,0.0076464073332580575,0.007430451827141213
2021-11-15,-0.0009239708383222407,-0.0013401270636991872,0.000998304354853632,-0.00047131199109824696,-0.0011797169887699417,-0.0011003649705718984,0.00029998489035513857,-0.0019516954433215516,-0.00016090308158639527
2021-11-16,-0.0009668281989486799,-0.0007878629089501683,0.002758768778990779,0.00048126669658227087,-0.0011855327134249044,-0.0014312241511316417,0.0034632895832370915,0.0028854615071511464,0.005043774934853962
2021-11-17,0.0015967344888284647,0.00195307486227197,9.71768474888905e-05,0.000844357381911544,0.0023713377833186346,0.002589899495452317,-0.0021262579805060447,-7.83516261566253e-05,0.0003754800262800912
2021-11-18,-0.00011132900703743634,-0.0002490371363493393,0.00487469161506334,0.0006078730236216045,-0.00033304535731988865,-0.00040374292901141837,0.002972548222985934,0.0032416033314040375,0.007354907654312783
2021-11-19,-0.005338592294549344,-0.002188174955027377,0.00024413568749043842,9.905407237814255e-05,-0.001444389344108123,-0.0016881709373071986,-0.0015654549674429647,-2.3467427774384106e-05,0.003969845773993518
2021-11-22,-0.010423359965584647,-0.007571863938957636,-0.006786127353059607,-0.0035727411959654083,-0.007060432672399108,-0.007542536240587164,-0.0024639120239065126,-0.006569194521561525,-0.008277200780092824
2021-11-23,-0.0007714064377534234,-0.001393652657250254,-0.0003337710444708519,-0.0006277114538865993,-0.0015263416974659312,-0.0015959686524738075,0.0011605283741371788,-0.0012104015703367178,-0.003238422467548848
2021-11-24,0.0012408571878279886,0.0005834113479734502,0.003846788267520565,-7.046572568849925e-05,0.0008725368581619792,0.0009991125443197819,0.002336793247028451,0.004021839325164167,0.0022861361516382924
2021-11-26,-0.022872161382825357,-0.0039359097136689135,-0.01903074712712652,0.0027482177456673636,0.0009374585217951333,0.00047815984605186,-0.019525105765909354,-0.011936914325290208,-0.013466953330641199
2021-11-29,0.008389200684097594,0.003212522536247505,0.013287425116495659,0.002461124461783506,0.001600610079605849,0.0016427308920421398,0.010708750596884416,0.009125379800842699,0.01533148096285149
2021-11-30,-0.010807540409898833,-0.0042490680314117854,-0.01532202067863416,-0.0024894058174513437,-0.0027054798617885383,-0.0030789205565974263,-0.017011944892985496,-0.013213698057241364,-0.010439156071022158
2021-12-01,-0.007154201927771576,-0.002003495194405845,-0.012400523724968983,-0.0010994641246673416,-0.000815618781894709,-0.0009322237787214725,-0.009686586807942455,-0.008348339821775928,-0.012040845015312036
2021-12-02,0.013056992800082122,0.00250678340871135,0.012184340709339256,-0.0019918183713727045,0.00026194631965321773,0.0005279501856495546,0.013339030671246485,0.011677226937883353,0.00507608406642306
2021-12-03,-0.006641802714685531,-0.0004094697590130193,-0.009592977223336999,-3.899679190596175e-05,0.0016341046908379274,0.0017512282235953875,-0.007592293658566076,-0.003997850299791286,-0.012270766870617714
2021-12-06,0.009471007385415998,0.0014114966998346463,0.009608618140726395,-0.001195926631964209,-0.00047206841575286114,-0.00027990526204958174,0.010323160499022429,0.007073697227774167,0.00562622492160863
2021-12-07,0.01759347959407635,0.004341523408257066,0.020498951435378544,-0.0002440740900036853,0.0008510862822133138,0.0011273416614436804,0.018056510445717447,0.015352045081445664,0.021192748470196022
2021-12-08,0.0020794166932134317,0.0008388375637318202,0.002505287141918222,0.000708583129329865,0.00042233882703524017,0.0005264239239823887,0.0016979312340856811,0.00020305752429883306,0.0024138267836872895
2021-12-09,-0.008069959705747046,-0.0038941039101243386,-0.007999221150432109,-0.0020057257972297326,-0.0025293109478564135,-0.0028368547081341075,-0.004764348312388151,-0.0038378067847023435,-0.008409253704840419
2021-12-10,0.004420295600681829,0.0028546298791753714,0.006594494288087518,0.001958030291432075,0.002109606115618777,0.0022163036052747923,0.006631283690936011,0.007409621088275269,0.00617481486939951
2021-12-13,-0.005493820509341029,-0.000988273390501639,-0.006064738261913794,-4.654683233375089e-05,0.0012752512253642891,0.0014333586641658213,-0.006256155219174117,-0.004297908566171236,-0.008242343106523217
2021-12-14,-0.006509868058062312,-0.004323419061945162,-0.006807469838737427,-0.0023084825934505207,-0.0037158518779201533,-0.004052777054239446,-0.004846173589723626,-0.0060347610519795505,-0.0058680489059103275
2021-12-15,0.009048735419819334,0.004375951400904286,0.012820989840716347,0.0027298234055025423,0.0027174443265689627,0.0029688397712477536,0.010985117329132153,0.010943129736117573,0.012869324792042084
2021-12-16,-0.0018009613538957608,0.0010954281917148478,-0.009486265489832333,-0.0008331102667400057,0.00232848601423332,0.0025669938025511883,-0.0062273455006943415,-0.00518786675731551,-0.014656490123664838
2021-12-17,-0.006106171686819017,-0.003159818184972318,-0.004914177001657522,-0.0012282995794655833,-0.001638038595674138,-0.0016821953110770422,-0.007496285361572981,-0.006853970553026358,-0.002811164930292525
2021-12-20,-0.006058842681247442,-0.002798113499604545,-0.006948117323602326,-0.0006402085481753972,-0.0017139415116211307,-0.0018972315021606725,-0.00746558928411942,-0.008386810633843242,-0.00545383662472034
2021-12-21,0.011417470897293685,0.0036846909931835714,0.012699151779469621,0.0007261399313749447,0.000821594440109658,0.0009607715321836333,0.012430836703978545,0.011183016380533674,0.012533515889129005
2021-12-22,0.009512262859289859,0.004650921651332655,0.008077722046232347,0.0010649961356053621,0.0029997875668175797,0.0033192541390382924,0.007036061898573748,0.007965320809342116,0.006887248129448322
2021-12-23,0.0038398953886442486,0.00132357138397338,0.004176988326605786,0.00035168295225439445,0.00023349497748708284,0.0002721888176326888,0.004391668936562105,0.0036226438406742533,0.0042862916790917215
2021-12-27,0.0098282169083664,0.0041527371543968825,0.01068350322204556,0.0009962900863280286,0.0022999074905584714,0.0025573083186954822,0.01000587216313652,0.01082007802616519,0.009425338918710884
2021-12-28,-0.0014125394292824939,-0.0008895840768289495,-0.0016438331900151771,-0.000551756770790298,-0.0005761062846224069,-0.0006197817212867672,-0.0005794042346505834,-0.0007133918971380548,-0.002660504273308971
2021-12-29,-1.818841952412689e-05,-0.0011430993551041746,0.0008614385295789259,-0.000638592308540048,-0.001198453813015716,-0.0010862100351789407,0.0009083130152507344,-0.0015672540103787375,-8.479094586989244e-05
2021-12-30,0.001678390345253761,0.002267718970276818,-0.0008645302507396921,0.0010140790588135293,0.002594009700686505,0.002778775009171863,-0.001962058968144142,-0.000476996769292763,-0.0017114707835202772
2021-12-31,-0.0006238034848425513,-0.00045544528413475643,-0.0019023706220003718,-0.0009066021638091664,2.3580610620157832e-05,0.00022851660836948034,-0.001787055315005574,-0.0024726744637404057,-0.0035731035079358173
2022-01-03,0.001322439836476831,-0.0029774877067228777,0.002844545407957973,-0.002000639636292627,-0.005028632211247462,-0.005414658154326922,0.004105215047144722,-0.00023130041388113673,0.005496455616437264
2022-01-04,-0.00010182553772661423,0.0008527981483077247,-0.003543153771485246,-0.0002591077534783008,0.0011878609631489501,0.001325069061639274,-0.00023685798250832585,-0.000523176921824581,-0.007432670859008444
2022-01-05,-0.014647811195515288,-0.009177586680999592,-0.01741298452271028,-0.005753776346608393,-0.007058723291096074,-0.007412489055761306,-0.013632385947557583,-0.016679559690831257,-0.017507898839681128
2022-01-06,-0.0021196988407463867,-0.0029254272150788956,-0.0013035835775626389,-0.0018827871380214022,-0.0031376869053802107,-0.003366391479311296,-0.0006620648551252197,-0.001947914441695531,-0.0003932821828017706
2022-01-07,0.0006669236806875478,-0.000398394700092064,-0.004854891436793851,-0.0018076407730144295,-0.0008694051006434833,-0.0008367397072523985,-0.002798796066221132,-0.004699670530703526,-0.005629463156153869
2022-01-10,-0.002413932308138476,-0.0018435272925185339,-0.0008907469670986072,-0.0010450451633384368,-0.0014031008695547004,-0.0013851586565615803,-0.0008781260875732931,-0.0010959743311879384,0.00033995757002758253
2022-01-11,0.010826059124921251,0.006300853904654521,0.006392470753988941,0.0024109298293676323,0.004208233452343879,0.004435603357592004,0.006437534176988876,0.00815014544404998,0.0077087858034042365
2022-01-12,0.005592329889523907,0.002269019356317654,0.0018739594140845819,-0.00023463911757575146,0.0008979330324872427,0.0009607942737465704,0.0019168479380387122,0.00214051417511982,0.002051434891082147
2022-01-13,-0.008098080654957976,-0.0028376538246740507,-0.01028888611721059,-0.0017479264780752273,-0.0006553598975103645,-0.0007544177887358242,-0.009768309922737643,-0.008921135621516989,-0.012949159176182301
2022-01-14,-0.001393759229225136,-0.0035746356290567386,0.0005340135545761886,-0.002140523033952503,-0.004268553550071847,-0.004374946294445849,0.0002902801136373699,-0.0032195183303955132,0.003184587298547107
2022-01-18,-0.013067114222989748,-0.009468415243310125,-0.012277038375180307,-0.005914275120196019,-0.007147474169245614,-0.007198279062225898,-0.012506026162665575,-0.017360969163910826,-0.012766122322783824
2022-01-19,-0.000581312430006187,0.0012875941346301397,-0.0071521822914080565,-8.962002703046103e-05,0.0018454687194188052,0.002008505736591509,-0.007293024193767576,-0.00668347161805167,-0.00556158233721026
2022-01-20,-0.0058410231277566,-0.002738316802381806,-0.007719089248267359,-0.0017307164636018012,-0.0016905049702334602,-0.0018856841010420106,-0.007749567083340772,-0.0073044310905429595,-0.006541377009842894
2022-01-21,-0.011395441938329524,-0.0034356432790836815,-0.012258669662555696,-0.0010754979161666667,-0.00020081712808728885,-0.00031397057376306305,-0.013700735425908363,-0.01182698841752963,-0.013877860945054001
2022-01-24,-0.0027551372001826963,-0.0005539990554217876,0.002447045821956206,0.001487525986943064,0.000513948877426464,0.0006558188532738916,0.0029489064814514723,0.00270107583990219,0.0022633588659641993
2022-01-25,-0.005504842637088515,-0.003307451612226129,-0.009328646607868687,-0.003280123791746425,-0.002021153628980528,-0.0019620028299795734,-0.008479646023097894,-0.00989688400607713,-0.011464524609102125
2022-01-26,-0.007231013259008544,-0.007363385785958064,-0.0030042842818920382,-0.003965586069448343,-0.007424292259268058,-0.007873587481197921,-0.0017340714421921737,-0.005702934111104538,-0.0007610905338283701
2022-01-27,-0.005989084099750002,-0.0034655708606009072,-0.005788111238902372,-0.0024384416197793294,-0.002961153968484784,-0.0034235320761821174,-0.003412445538888963,-0.001478223280642788,-0.0049149082831580855
2022-01-28,0.011580018485412475,0.005915351435778553,0.017940939170760326,0.003767790208237022,0.004088455054570444,0.004348841816889965,0.017151494644043176,0.01985132981658619,0.015247025044552604
2022-01-31,0.015179042054206372,0.007123747054629167,0.014020790207488172,0.0031904549190971817,0.0038552390659275693,0.004087804050583266,0.012533656062362319,0.013554913295254947,0.01579054217210567
2022-02-01,0.004697842777723761,0.0018756120724301745,0.0029833735985716286,0.00043282604475703394,0.00044320991614249874,0.0004114996109823157,0.0047286851648202215,0.004393900711607904,0.003415850905390163
2022-02-02,0.00612382805902894,0.0035576206702098772,0.006136397016867055,0.00136437950985527,0.002708401309717766,0.0029082790187623204,0.006810899755210218,0.008417649827622385,0.0040924032645581
2022-02-03,-0.014404166008717136,-0.008611272900869212,-0.01761493740823585,-0.006035354801390366,-0.005639380830500625,-0.005715228607085762,-0.01652001863894292,-0.020063319941456045,-0.020480021823661727
2022-02-04,-0.00010097927666664663,-0.003913755601502818,0.003057119445800614,-0.0029018465366871067,-0.004936719882524328,-0.004936989316735294,0.003284646521918316,-0.0004782017184486834,0.006247582488862723
2022-02-07,-0.00020864630385464112,0.0004645612148385608,-0.002998493010308586,-0.0003668623801793154,0.0008389484392084167,0.000979512035936104,-0.0022397039545406405,-0.002314730389835611,-0.004000798551478543
2022-02-08,0.0033734301952781376,0.0001273302566777712,0.004642169637082194,-0.0008469388441399994,-0.0013895680602522553,-0.0013531962494659489,0.004602682765300292,0.003338331408508699,0.004410224176471411
2022-02-09,0.011162734308456067,0.006273188670628013,0.008836620863002537,0.002803387984959232,0.003835601086488292,0.004152911360395647,0.00843556272120188,0.009316857700387399,0.008551127533525351
2022-02-10,-0.011290917101048036,-0.014353696074967339,-0.010081905243150082,-0.012914079789737569,-0.013256994810229435,-0.013423485064223051,-0.010406312025920657,-0.014441049638969385,-0.009231204695738866
2022-02-11,-0.008281928475855087,0.0016392589324942788,-0.009861334065648111,0.002794160988762447,0.005846268608966884,0.0060472102772975,-0.011335570987691793,-0.0077635372559375975,-0.012767942952720518
2022-02-14,-0.0043852607090729065,-0.006211970543327354,0.00017791378021538162,-0.0040796635882869295,-0.005675051362853583,-0.0055653300955048396,-0.001857287691404945,-0.004724010079590171,0.000499747847008238
2022-02-15,0.010322155903817442,0.005296264676094176,0.008321963391671296,0.00314180973099,0.0018526812872016094,0.0017193865440975331,0.009191006322389995,0.008391768928442078,0.00983893205439457
2022-02-16,0.0037646141468310763,0.004397780539011756,0.001431341019671317,0.0027732205089435586,0.004170724351255428,0.004398788884260267,0.000649115770270845,0.0014998258079208118,-9.227597896199733e-05
2022-02-17,-0.008580189707690082,-0.0027038053323829143,-0.010293816216134082,-0.0019227811073916333,0.0006068067696788313,0.000768472034243117,-0.012248454041554268,-0.010673769184588029,-0.011923144167226521
2022-02-18,-0.004097069465673745,-0.0016138769039635054,-0.004193216011718047,-0.0010287340260093372,-0.0003873529622524493,-0.0004822340632820736,-0.0036743268995842065,-0.0025283351151600022,-0.004484251567783446
2022-02-22,-0.006981109364245685,-0.0051086062655023076,-0.004491514504600953,-0.002913361323750185,-0.0031009399100658925,-0.0030472619835780553,-0.006076264244147308,-0.006369819590706092,-0.003919961743323059
2022-02-23,-0.008588127454298383,-0.006265378416089999,-0.00928961739156812,-0.004647377696118023,-0.004378084308392371,-0.004408378797059371,-0.01000102041795186,-0.012549438451504209,-0.009950007054300807
2022-02-24,-0.0015619660097445811,0.00017999879698954918,0.010088556565445533,0.0055269725723199065,0.0012942516721800158,0.0013226502009977385,0.008428921316868097,0.009761516228455225,0.012865300796386122
2022-02-25,0.015037150014319019,0.008048999117262891,0.008151117908494607,0.0017593623310891843,0.004052564386334874,0.004222643978557301,0.01243647972701672,0.012853582508341241,0.006062800807879059
2022-02-28,-0.005965865080716219,0.001272285919604156,0.0013676479807607689,0.00491797489228128,0.003977260244956374,0.003942706239197108,-0.0014492280777352593,0.003057839277293083,0.0011824102075015171
2022-03-01,-0.00726945450647173,0.0011800888019831276,-0.004774623023032734,0.003640265599487495,0.004996016220082604,0.005258815310992955,-0.008647058366859932,-0.00502665921293794,-0.006037599046737013
2022-03-02,0.006315766225668269,-0.003912519377812226,0.0066938978386075505,-0.00555145591008513,-0.006998968345206358,-0.006867629634832818,0.010387705716531866,0.004544653526259045,0.00657124212366204
2022-03-03,-0.007368989358853071,-0.0032336811528764246,-0.0036831216792016837,-0.0012493238279632415,-0.00010305039261951802,0.00014130881874539603,-0.002825376719047862,-0.0012051807208742233,-0.0056349613757540416
2022-03-04,-0.010304296976408387,-0.002127437382344201,-0.003159551082757093,0.0015463794077120482,0.0027181148270951036,0.0031006023435653602,-0.004605608713012605,-0.0007596864320921805,-0.00566774831440168
2022-03-07,-0.017430144215477963,-0.011443137738532163,-0.013126537866311903,-0.006756663159198145,-0.0065061592601247924,-0.006286844183371543,-0.016666632472358948,-0.018988612620629505,-0.014307809134980894
2022-03-08,0.004979016927572856,0.0008246125500005309,0.0008762911973050904,-0.002421756169140637,-0.000171729812860888,0.00046862688676990293,-0.004225826156778302,-0.007090296753916439,-0.0017541282180411634
2022-03-09,0.016177642253494093,0.005769410557037375,0.00983126234609867,0.0014131003782309178,-0.0005457689931631709,-0.0010896809025496988,0.014922393997070254,0.012936023419551076,0.013623934047125637
2022-03-10,-0.006814583993147716,-0.006567397427682753,-0.0029844090510233734,-0.005568078793417697,-0.004099956848676367,-0.003920329490677887,-0.0022617557168550517,-0.003903301489880606,-0.003811204837665061
2022-03-11,-0.00763159329388633,-0.006141456836419326,-0.007834329569390308,-0.007085980306406611,-0.0038347955270565115,-0.004073875799958769,-0.006151745466164718,-0.0063459299131835714,-0.006987096888870056
2022-03-14,-0.005374980148502084,-0.009870576047688593,-0.007277535019495268,-0.01537902121497795,-0.009905459996627229,-0.010210252006773769,-0.0035078517678952844,-0.007752485439333804,-0.006378618567266832
2022-03-15,0.005151421264027559,0.003283776242948117,0.008837691438415483,0.0031864361716775493,0.0007034578421081931,0.00032800086087558436,0.010552040542042385,0.010614122705015822,0.010314908811278629
2022-03-16,0.020029992200184178,0.012868621803568445,0.0131665587355906,0.008561035879640537,0.005428299423567549,0.005709055228215166,0.010759866370523773,0.010529705932295618,0.012446951904186083
2022-03-17,0.004214945556630027,0.0022718581042950993,0.005794416331178729,0.0029411109303026065,0.0012547875215853485,0.0015930323630767495,0.006142516622168346,0.005646739753742681,0.004168363434814662
2022-03-18,0.004606438505683709,0.003167141229270944,0.005796342515055583,0.0036934289434585885,0.0010805136429555512,0.0008508876720518207,0.005412720880315165,0.006460809085653889,0.007096525342274134
2022-03-21,-0.004145138888800906,-0.009114079450451985,0.00017455132861283828,-0.007344333149919951,-0.008777909362009952,-0.008510435625624908,-0.0001343042461858046,-0.004278908588261264,-0.0009613171185125901
2022-03-22,0.006035294897941783,0.0021828041283154416,0.006016326885951322,0.0006143464911906697,-0.0009061051939188613,-0.0010119220007463513,0.005814677674880589,0.004225578752868989,0.00689421367085036
2022-03-23,-0.005274585418000028,-0.001165882752102608,-0.004446232919481118,0.0024877802001500573,0.0016501729729933468,0.0017670621953701942,-0.006415818442754369,-0.00449421373087584,-0.005082918878880895
2022-03-24,0.005830108822214548,0.0030867093290992465,0.008921216231411361,0.00511527871314309,0.0009606018778825704,0.0012366448750633294,0.007482927702144056,0.00590235583034015,0.007820728334426104
2022-03-25,-5.445505355121753e-05,-0.005453601931357204,0.0004006583607888451,-0.007807721246724706,-0.006232638013939103,-0.006015220166528366,0.002450098358393384,-0.0006926696902657308,-0.00028309041345554216
2022-03-28,0.0016115331395047945,-0.00039484386763879845,0.0029755590515928225,-0.0006440569880250855,-0.001446436211583108,-0.0017124621481232074,0.0035728830167217635,0.004367294975614043,0.005524526070896808
2022-03-29,0.01122374479574358,0.009380810632811125,0.006610484189452647,0.006746839410812743,0.00653766485452882,0.006898442311058661,0.006226432824135714,0.007930710970035764,0.006202743056505711
2022-03-30,-0.0020079444327815743,0.0003517259531140202,-0.0029847708039774075,0.000913288291891463,0.0015695159200458833,0.0016122102577221253,-0.003110627397410668,-0.001993094978617691,-0.004001707331227795
2022-03-31,-0.007836255601938605,-0.005388706931790549,-0.006067112575120092,-0.0026330927174401117,-0.002618568833717841,-0.0027709250800471126,-0.00774618070357134,-0.00737363170624597,-0.0044609698920366914
2022-04-01,0.003633160307765372,-0.001434905447422856,-0.0005190064249967215,-0.006603794380439778,-0.00313290477765476,-0.0029104792108009723,0.0014276707109589103,-0.0005742565597255904,-0.0006681610373147896
2022-04-04,0.004167619171378008,0.003776466408830401,0.007016012679125085,0.006923087871891972,0.002176159246633866,0.0021841807784865686,0.004302818276172849,0.004206926306132592,0.007380410035653956
2022-04-05,-0.008504750138008364,-0.010702226273453342,-0.008448119150630219,-0.013337254223436675,-0.008838949331617846,-0.008907710525839451,-0.006339375554260929,-0.010196036102570754,-0.008029130316124657
2022-04-06,-0.004683179819075476,-0.003179131095075926,-0.006757247888057983,-0.005486823839377194,-0.0007491084898211055,-0.0005006235146705557,-0.004983492332058019,-0.006229717509603399,-0.007737593490240619
2022-04-07,-0.00011345528664505092,0.0005215890501747192,0.002024532902261001,0.00149678981383503,0.00027298679715822394,0.00020149655079228346,0.0025187976707122905,0.0018261810416746842,0.0008547561574252652
2022-04-08,-0.0010880817925585928,-0.0030482120899015808,-0.002706879300735099,-0.0039394321225096895,-0.0027804509834539193,-0.0025358699572475274,-0.0012531354686015073,-0.0028238852107698165,-0.00442665582701629
2022-04-11,-0.006351458377476482,-0.005538995942881732,-0.007483445631716187,-0.005656186216850153,-0.0031343581039745922,-0.0031261867214289686,-0.0078311813890088,-0.009288864666694424,-0.007367818865067069
2022-04-12,-0.0007661241463114014,0.0035575204112421334,-0.0007464916354289869,0.002436734579313848,0.004918845649155165,0.004984382891982379,-0.0016694653150626693,-0.00020077145273091383,-0.0012774194397694098
2022-04-13,0.006568078131794999,0.006302849106864865,0.006624938689032877,0.008268768043478997,0.00408877042390195,0.004259324633816103,0.005215272380933638,0.005875783636601123,0.006246587428602874
2022-04-14,-0.005537314463199526,-0.008402567195162849,-0.00719412626136707,-0.009175246605538383,-0.007097893673731896,-0.007114665920659455,-0.005670306085252693,-0.008426229616792597,-0.007080526625868392
2022-04-18,-0.0009435378310800339,-0.0012184088651136886,0.0005588293666135449,0.0012272983242881629,-0.0009839421346668987,-0.0009446249026799776,0.00020399588424728873,-0.0006943289446545146,0.00025702112470346215
2022-04-19,0.002910215647214418,-0.0023758811735628497,0.005884990355689823,-0.0003998342037195764,-0.004280803619106095,-0.004250003083617455,0.007341891555058758,0.005324581765906605,0.006857080394053999
2022-04-20,0.002169277674766849,0.0039091979899988335,-0.0024701887170021737,-0.0015816424024395457,0.0044121688672058255,0.0047050354270136915,-0.00032193831977352913,0.002026048859316428,-0.004506212737359294
2022-04-21,-0.007023269656342196,-0.008909633371318667,-0.007256541372596005,-0.008231435279267731,-0.006800524250488805,-0.006880095825988278,-0.006823277221703015,-0.008515949991945966,-0.006336726881947263
2022-04-22,-0.009958189698296331,-0.008678564013961608,-0.011286685926041594,-0.011731978239955105,-0.005335126623288337,-0.005795258242883115,-0.012432604036665377,-0.012325264059998982,-0.007909451705197175
2022-04-25,-0.0016232570260101085,0.001060143442101329,0.0017063029516316802,-0.003102816655237406,0.0015062661583728591,0.000942927794661128,0.0026106031029029717,0.004588789320536706,0.0038448604819549103
2022-04-26,-0.011903109361482365,-0.006093248779874016,-0.012535971766426264,-0.009802713420636072,-0.000619295705435627,-0.0008773038477588057,-0.012964293340118461,-0.010915960138314083,-0.011300678938716429
2022-04-27,0.0001228679599903112,-0.001816090098179851,-0.0004300149869682265,-0.004095033414340783,-0.002897883332769919,-0.0031320955798686983,0.001258088690728055,-0.0005081039530185618,-0.00032697797480033637
2022-04-28,0.009643141458592727,0.006598914358728787,0.01188513645996142,0.012318304571746316,0.0030331939052577073,0.003429687088818396,0.011175014887630815,0.010712111974201318,0.010383869839539456
2022-04-29,-0.01164068007639514,-0.012622813643387057,-0.015576262604267482,-0.013861530680347733,-0.009873109086841633,-0.010416473746508718,-0.016531885132358082,-0.018198079798289732,-0.013430272803382182
2022-05-02,-0.002993097717350922,-0.004500969234613455,0.0023243442624797206,-0.003795828041853216,-0.0053981281159844905,-0.006142326843149153,0.0026599197999638445,0.00031933868679316684,0.004857388203115799
2022-05-03,0.003884608926231039,0.0027005628714434735,0.0013472634502154546,0.00153662238173756,0.0015309013475635028,0.0017643271194588577,0.002037136407145221,0.0024014164209222233,0.0003380545948256053
2022-05-04,0.010714447990330979,0.013445189712544226,0.013026779195169992,0.01459373204053877,0.010274961675761399,0.010532461501041089,0.013453327589113277,0.015508658370165988,0.009933100026706549
2022-05-05,-0.01748026862288847,-0.018100412569177236,-0.01672606124550054,-0.01755850371846976,-0.012300647958389489,-0.012612000124104237,-0.015923609547461245,-0.019057197230433604,-0.015084063632093027
2022-05-06,-0.00576876340145303,-0.005788509867097463,-0.0031298170185305725,-0.003349088242007021,-0.003916950810377542,-0.003990133161274656,-0.002605004202684682,-0.00440226439261833,-0.003441228900996983
2022-05-09,-0.015320956312173267,-0.008197299310334683,-0.014551675330101549,-0.016376726323223956,-0.0027438677125638552,-0.003776094638800624,-0.014006480000893282,-0.011817012436266726,-0.011193491449555929
2022-05-10,0.0008925314405388018,0.00028149883328132397,0.0008372542477217415,-0.0010873416563615956,-0.0011857713396743463,-0.0016673716929712645,0.0008850296175233474,0.0016547216827473843,0.003466451057364539
2022-05-11,-0.0034870891008714423,-0.0017225119165552175,-0.006481489555852784,-0.0036665886237943106,0.000746106581807919,0.0008898211536445317,-0.006195165091635408,-0.004527132433187597,-0.008460548578676648
2022-05-12,-0.0015606529319326132,0.00017577107229910311,-0.003958528238286216,-0.007718215823884879,0.0010626311675234843,0.0007342274143746356,-0.00038126492608755704,0.00047591416225031873,-0.0006347710519861442
2022-05-13,0.011074410408875496,0.008253298539731856,0.008832045095958623,0.005363348348833956,0.003005891410191582,0.0031903392989596413,0.009283721087058085,0.0077503465597042525,0.010388731160123522
2022-05-16,0.00015186993434861918,0.001896351851115117,-0.0009635881421925596,0.001430019630117673,0.002382267347331971,0.0024776736458519593,-0.0015684903729517986,-0.0004752941106784424,-0.0032955978340222848
2022-05-17,0.008077573957785621,0.003163445942280798,0.006594672007252193,0.0036003218953630776,-0.0015432774872785277,-0.0014161676004519445,0.008087114861317928,0.005984407013406422,0.007399481884278665
2022-05-18,-0.01361995343242174,-0.010674169512009671,-0.015301491847414866,-0.01229755234763385,-0.004477719489886491,-0.004900583207222364,-0.015969401660978006,-0.01392519257868935,-0.014195029234322844
2022-05-19,0.002417210185048571,0.005003185241691324,0.0013695567544360593,0.005478633293844148,0.004834796744335096,0.005057054579280591,-0.0023445079431858376,-0.0013792380479750249,-0.0014677080887449793
2022-05-20,0.0019576951059798527,0.0033879648602595,-0.0004472500442498249,-0.0004197997737806384,0.00315222552926963,0.0032046349023292396,0.00019332435267071382,0.0013966354682624106,-0.0008359585559162238
2022-05-23,0.006565932866018852,0.00441691794037322,0.006598131229891545,0.006219402069443858,0.0013172066080814823,0.0016243800150395724,0.007239953914498686,0.005499679589132461,0.004649178688920738
2022-05-24,-0.0013984620762172435,0.0030682636523404532,-0.00375452369090224,-0.0017018389497255246,0.0055022892779331475,0.005692939355896796,-0.002951346809769764,-0.0006709161678705337,-0.005946370858084254
2022-05-25,0.002779523190463584,0.003370571240552863,0.002610536111727402,0.0005445208595024813,0.0023438931780296454,0.002273946792975817,0.00345467283915728,0.003906882453178902,0.003903448775512596
2022-05-26,0.005662010724851534,0.005183111031687477,0.007730116970699472,0.005903637950064251,0.0023604042992203694,0.0023086158861098404,0.00782268629605199,0.00753314524580816,0.007775578976815723
2022-05-27,0.008227668871998741,0.007807052771256077,0.009973733576860275,0.008383271017737356,0.005035774966289147,0.005393182572065472,0.009720737639467474,0.009895389889538468,0.009334800739946568
2022-05-31,-0.002375583041687439,-0.006151892183360351,-0.0033245860774802766,-0.005211545529830886,-0.006987724402460163,-0.00728970999874538,-0.002220968528980348,-0.004876407742948694,-0.000741268978398832
2022-06-01,-0.004342802528365501,-0.006943195195279799,-0.0011780725230905059,0.001035804154255412,-0.005599301366164681,-0.005462050624710295,-0.003202924482322691,-0.004600900491865815,-0.002120777307265863
2022-06-02,0.009514753734699823,0.009530154720442548,0.01086306726445263,0.012619421481629632,0.006110877753756303,0.0065627311709447545,0.007595649624634343,0.007840045261625501,0.00796232032999806
2022-06-03,-0.0077894500761994745,-0.00827510650496093,-0.009873976855718369,-0.011348680944781777,-0.005671862717570925,-0.0060652812524731375,-0.006567481891078474,-0.006969614271763752,-0.0076453633488309004
2022-06-06,0.0006447583917616285,-0.002469881042791299,0.00015309687441697614,-0.0011689999911913317,-0.003917286287130543,-0.003988462998265208,0.0012414950091744882,-0.0007073220040523349,0.001000215333633174
2022-06-07,0.0038226501920377493,0.004437288161010273,0.004409276585049464,0.005201545092967803,0.003714024957927266,0.004034948552919208,0.0038537828511726263,0.004811707571921866,0.002539542461737199
2022-06-08,-0.00486596857957237,-0.0059940185181584045,-0.0030037870383501737,-0.0022490660356694224,-0.004989274567577709,-0.005290940586319597,-0.004328702076464594,-0.005220968358825004,-0.0020662896420818523
2022-06-09,-0.010288731458659939,-0.010447880300041845,-0.008656250444410984,-0.007935738025068195,-0.006781964394958817,-0.007139070254134405,-0.009068081710260745,-0.009176288935694554,-0.007419358434865186
2022-06-10,-0.010198038717368092,-0.015406940980599712,-0.009100029493383375,-0.0033664902012682223,-0.012266834968171556,-0.012021362455585804,-0.010875715105162035,-0.013223575607750969,-0.009570725613210717
2022-06-13,-0.019034560057553284,-0.027352147656717007,-0.015277464869663466,-0.02134033606675841,-0.023598130820309322,-0.024649936950898486,-0.013981278210591093,-0.01834672193362361,-0.012290738160806907
2022-06-14,-0.002579309636462769,-0.00655310654045734,-0.0008018882802737799,-0.002693868058514542,-0.006906209747306423,-0.007104961178982838,-0.0010399234707205562,-0.0030790382359073814,0.0005187897198927259
2022-06-15,0.010442727652427274,0.017064043082091997,0.007028114272806977,0.010874421624533379,0.015222535016974622,0.01565594544901833,0.00517145315376049,0.008656575403029231,0.00645743948057351
2022-06-16,-0.010461087198650632,-0.006439469648029006,-0.010278607503618654,-0.0050160286524642255,-0.0009820732091857277,-0.0011006072264206318,-0.011971397585884341,-0.010221565970659966,-0.010495133924171177
2022-06-17,0.0003513939621242353,-0.0004511728649473927,0.0014741709684517029,-0.00049995712265611,-0.0007304471930774082,-0.0008368130415742036,0.0008069509683727963,0.0008599117007098806,0.0031289719811764104
2022-06-21,0.00712417210053615,0.0048666056291563325,0.00728256168076879,0.004314170008534379,0.0012302476407705179,0.0013402817019602699,0.008995849215967565,0.007543422037029081,0.006500283400282315
2022-06-22,-0.0004104178185907282,0.0052892631987951,-0.00013237661800969035,0.0012419439856377432,0.007704885349549643,0.007824614439942035,-0.0006145551059794383,0.0026001153281022585,-0.0003330252887748732
2022-06-23,0.0023120956698818155,0.0036578690163929922,0.003293888125176268,0.001083885955601588,0.0035525887869571173,0.0035943551975841734,0.003579348757444373,0.0049742110319046275,0.003922193322872039
2022-06-24,0.011087349780942644,0.008940228505052526,0.010109907369875328,0.007713155404995383,0.003956157270473773,0.004220789952721306,0.011589079596241295,0.010499521491727509,0.009060798824106145
2022-06-27,-0.0016899634744957403,-0.003965646402102604,-0.001801850022044103,-0.002178461448142366,-0.003872103217711664,-0.00384992506490932,-0.0013704106180983556,-0.0028028030629408006,-0.001924734421180743
2022-06-28,-0.005410481354233138,-0.005106311389074355,-0.008060985444308765,-0.00794281885048392,-0.002983694234019794,-0.003180795610472304,-0.007505341306454768,-0.007110699206317646,-0.008116243867728036
2022-06-29,-0.0009163373479361468,0.0018928758271541761,-4.790511865482563e-06,-5.58681939446231e-05,0.0028755480079004324,0.0026875999900188487,-0.0002525970256587596,0.001789518242160657,0.00029200122570901475
2022-06-30,-0.0024580192887752156,0.0010988215529460026,-0.003608737882787212,-0.005255427746856614,0.0028906067952003244,0.0026163317926244916,-0.002917991865796861,-0.0009181160917886016,-0.0032023321421919106
2022-07-01,0.0028204350313988996,0.007837476004354745,0.002601186502399011,0.0012460211605551943,0.008502183037471224,0.008574735861089835,0.003878063604259229,0.006582530440924352,0.0017651591838530446
2022-07-05,-0.00478676860760331,-0.004775589172152497,0.001234893747311509,-0.004164137516424075,-0.0032590056538216805,-0.0038264535491034017,0.0007367458553012567,0.001664148921838755,0.004524125341067821
2022-07-06,-0.001556447438020897,-0.006948176954734922,0.0003095578445793079,-0.004463874483655919,-0.008140217253043954,-0.008420024182735754,0.0012815352057751219,-0.000978148752069083,0.0017498257457119206
2022-07-07,0.005501073981717141,0.002893999824555389,0.005754517817033221,0.00543028909829569,-0.0002615248190662098,-0.00017092898754012456,0.00553277600353476,0.003831685097835497,0.005738711147869879
2022-07-08,-0.000846649799764746,-0.0034135233776534392,0.00015057178223665,0.0005002775386765306,-0.003857587355401025,-0.0038522478441467703,-0.0002548884048327754,-0.001827255606406643,0.0003950789829957056
2022-07-11,-0.00586746108709113,-0.003831927756047874,-0.00554069139948931,-0.007245220525902293,-0.000639599778902228,-0.0008376053770061064,-0.004165973482911187,-0.0021160991520982886,-0.005704038996959492
2022-07-12,-0.0017694266390926305,-0.0013208882636407404,-0.0029911840506086085,-0.0034112729718801527,-0.0003401723415756841,-0.0005628728761370994,-0.0030124392718563486,-0.002436279047586254,-0.002482005354720318
2022-07-13,-0.0003163894855604134,-0.0006149600183939982,-0.0006648040060689029,0.0008492776872252128,-0.000508550045705931,-0.0004226139230033377,-0.0017363237092677434,-0.0007321815981923416,-0.0004678171303899471
2022-07-14,-0.004507181084714272,-0.005383454378737557,-0.0008191917569284738,-0.002923147191741584,-0.005836734920565332,-0.006054153334966856,-0.0007664733800921649,-0.001982929503697726,0.0009987997572754375
2022-07-15,0.0062573710330603854,0.006117814999177894,0.0053962278217828865,0.003874509354481615,0.005203402324500047,0.005151600293330513,0.006568074304409408,0.007041530347065893,0.004800629903409033
2022-07-18,-0.0002943884101425197,-0.0012292135822740047,-0.0023647425308421176,-0.0017673265192892824,-0.0020247758049659406,-0.0019871582752141615,-0.0027829474772760577,-0.0033309396973619835,-0.0021648992052012333
2022-07-19,0.009688368216345156,0.006337278278026105,0.008808929502390032,0.008152074022797827,0.003181696732232364,0.003553360492675798,0.009330431389659015,0.007919738592837181,0.008150602340433959
2022-07-20,-0.0010642292694136662,-0.001560120216940667,0.0027475609213110587,0.0014736698701338987,-0.0020421884707771012,-0.002224731792670837,0.002287831006938026,0.00196632235410877,0.004330287972336568
2022-07-21,0.005577335015922445,0.008974245381618102,0.004825632764847134,0.00738362667731324,0.01069604222523058,0.010606274473319275,0.0036309276285535503,0.005949539056342153,0.003970117221474119
2022-07-22,-0.00148565460118044,0.00253530837040291,-0.003894594095073434,-0.003733897347366742,0.005760173590317025,0.0055441257837074995,-0.0032086805345657643,-0.0005884838865076489,-0.004741628733813365
2022-07-25,0.0010897846264008118,-0.0004895555961782953,-0.0008266423431205266,-0.0021058905866104547,-0.001786658101263168,-0.0017131024683825285,0.0004924688791404706,-0.00033330756157454893,-0.001468176508859685
2022-07-26,-0.004150739436531181,-0.003949694842756529,-0.004814404354677925,-0.005161407184874782,-0.002784216125483203,-0.002666269020012317,-0.004084842112060405,-0.003842295162108811,-0.005227831039320803
2022-07-27,0.009863617356998018,0.010028222285234306,0.011062799459764086,0.013148446004781262,0.00837992755099507,0.008336151456171958,0.009099251369486682,0.009137523120344167,0.011305492855304633
2022-07-28,0.005441605895427916,0.007926978407953969,0.0043781490999849175,0.005772574430872914,0.01017816056138988,0.010463497336729955,0.00449927361608629,0.006465531911491398,0.0027479710495347176
2022-07-29,0.0044550646445943275,0.00358893958495803,0.005348874401044532,0.005423704734793469,0.002403255951983234,0.0024637705094964347,0.005260604490515104,0.005090982455646748,0.005100291951169347
2022-08-01,-0.0007115412315954226,0.0002630353044237348,-7.614345905511947e-05,0.00141434303732203,0.0010506023467075061,0.0010019329156397408,-0.0010017193586280755,0.00031111232767517486,-9.606931206825403e-05
2022-08-02,-0.004701665064972237,-0.009092025137263227,-0.0018683385915881784,-0.0023169728177595177,-0.01148842432365013,-0.011194944304955004,-0.002305948926185049,-0.005272597628105056,-0.0007606868764698929
2022-08-03,0.005300875362765317,0.005207281019005142,0.00694295376306594,0.007672976329267523,0.004243447685894194,0.004149871119264367,0.005665219100241905,0.006307225861830478,0.007662553007896233
2022-08-04,0.0025906416835404446,0.004397066312914566,0.0019195197248118563,0.005686135662357196,0.005520713479779779,0.00564113803202902,-0.00018152886050734683,0.0009173333542190561,0.0013991161043250397
2022-08-05,-0.003096222423546557,-0.008555618866472825,-0.0023537594999586274,-0.005119582532294021,-0.011505724899142117,-0.011089722764748105,-0.000545665792205025,-0.003713641011145083,-0.002256765694932129
2022-08-08,0.0016626723757559654,0.0031589430797685576,-1.0179268698572478e-05,0.0014824450655375704,0.004509532618828409,0.004630524886345046,-0.000352382605017589,0.0009231029288050277,-0.0008417057021780629
2022-08-09,-0.0011413086329789812,-0.0022084231565516633,-0.0021317444345809082,-0.0020515559096869313,-0.0022115386746053363,-0.0019037993121721118,-0.0013642578389954786,-0.0019731021421323675,-0.003125187067930283
2022-08-10,0.007596605144452484,0.006621271558683528,0.00810795328516245,0.007291883290041934,0.004860053835679334,0.004811803474146892,0.008339073788255602,0.007974996764127384,0.00848043209208904
2022-08-11,-0.0012877241150453208,-0.002386091005595324,-0.0011445971281940982,-0.0021441533641525304,-0.003038343203675907,-0.002975157980762375,6.150508508166504e-05,-0.001604059062654881,-0.0016763095854589823
2022-08-12,0.0062171122861145395,0.005748055608397328,0.00709412761152075,0.007592928470130608,0.00530134324246613,0.00556791646877523,0.006845431112798711,0.00743762338574284,0.006041158791872871
2022-08-15,-0.001004433042980854,-0.00017890359349521492,0.0011042561748276657,-0.00035631035166433457,0.00022449639299723973,-9.346064523003944e-05,0.0017311212015035363,0.0023982676902782798,0.002584232518149228
2022-08-16,0.00014816094589698264,-0.0009216780911411152,-0.00015470568686199154,-0.0010015557858130961,-0.0016873551655578617,-0.0016736047247437932,0.0008575198276779084,0.0005072907851031293,-0.0006588954260198345
2022-08-17,-0.004079295512711971,-0.005134171461011395,-0.0037118801975740013,-0.004642079287332628,-0.0053968033222164665,-0.0053815940491721125,-0.002820448108578467,-0.004339377835143677,-0.0034850288929595785
2022-08-18,-0.0009804674590584701,0.0006190866021002483,0.0007683685022066496,0.00019921567824188907,0.0012546916873707658,0.0009934518701524733,0.0012385035199397644,0.001626774327510477,0.0008174134740861649
2022-08-19,-0.006858957797143621,-0.007477269422915464,-0.006277096640284932,-0.007148829147653524,-0.007152751019973251,-0.0071532081280831486,-0.005379540897525155,-0.007219951837739763,-0.005967776081574908
2022-08-22,-0.008608302311027542,-0.008747259433358799,-0.008607529166638728,-0.00889259963617611,-0.008102407775164352,-0.00822295717432607,-0.00830019958595765,-0.008967311615463542,-0.007970821242534704
2022-08-23,-0.00019054560954147803,0.0001216425050274178,8.519621305922029e-05,0.0012938432336858123,-5.058702739404563e-05,-5.48924039843783e-05,-0.0008935967123190787,-0.0014707491199863942,-0.00017140369957166347
2022-08-24,0.000576886075292349,-0.001034002721540421,0.0013421934288530793,0.0014951651553333702,-0.0016368312528115213,-0.0013621623646267811,0.0013346423588761398,0.0004271293669870722,0.0009459618430094443
2022-08-25,0.006570378045563563,0.0065082997535992546,0.005715590892798222,0.005687034862568397,0.005856750484032751,0.005882873007080835,0.005670526022897573,0.006933565817393519,0.005390424037153613
2022-08-26,-0.012344910292052072,-0.010471828486709939,-0.013772480856850998,-0.014195911309320254,-0.008225581297207895,-0.00857781046087586,-0.013478026104009415,-0.013105409704445764,-0.012384588606191411
2022-08-29,-0.0023050846785193785,-0.0033044635825265735,-0.002633990751137399,-0.0025427445952481927,-0.003745330195860814,-0.0036615910318173175,-0.0025208074067726584,-0.003820348170720685,-0.0028282506775109285
2022-08-30,-0.0048990349538876425,-0.004695735253841387,-0.004307013031578556,-0.004778524668763297,-0.004304777943202631,-0.004535678062838927,-0.004213960034021261,-0.004100479072555772,-0.0031828357370018755
2022-08-31,-0.003029614077110371,-0.003416250972188659,-0.002794143585951452,-0.0031664196971564417,-0.00349251553076615,-0.003595142027450606,-0.002878800474538507,-0.003783920186728806,-0.001608726917668412
2022-09-01,-0.0033446591482432634,-0.004790508847680972,-6.354384519010766e-05,-0.001674552566179164,-0.005174203485157021,-0.005108391109073831,0.001282004844161974,-0.000770820787788627,0.00020823283393755097
2022-09-02,-0.0026479169194130224,0.0009196203999315395,-0.003278638767144275,-0.0019596988154387735,0.0031540974598368394,0.002970211485584278,-0.004005254234351066,-0.002463737467596104,-0.004010943281621146
2022-09-06,-0.0014160249520761522,-0.004987180805828304,-0.0021973054149292018,-0.0031132621203411844,-0.006491563678717596,-0.00614079327136144,-0.001375689136090498,-0.004091930765507122,-0.0019748183701661553
2022-09-07,0.006869170923332323,0.007745679926921325,0.007123987052161454,0.0076404140407213845,0.00794072955205123,0.008108454728449836,0.00695594426970349,0.008220985010977263,0.005848181631885901
2022-09-08,-0.0004375879893699616,-0.0022875349103872677,0.0015102572611046265,0.00020385199923919316,-0.0032666250717368443,-0.0031966386878449224,0.0026045024116119,0.0015503212427628572,0.0015849640991556515
2022-09-09,0.009573074462174924,0.006293963681113013,0.007985347395368159,0.008316699859047594,0.0032659397979020177,0.003522726964410916,0.007329102806547416,0.006731286559909178,0.007900524137774534
2022-09-12,0.007313305497708493,0.005116542857247837,0.005145151232735059,0.005060092768337182,0.002745376769428741,0.003042349968337647,0.005191077451062799,0.004070215060678962,0.004429913020876647
2022-09-13,-0.02113564794358589,-0.02115536385229317,-0.021249375834182654,-0.02118757092676197,-0.016973512061786232,-0.017726289087673132,-0.020787793866287048,-0.020858038352147657,-0.020143987292724208
2022-09-14,0.0005186725090320131,-0.0006967116539089355,0.001997202663867954,0.001954566658566976,-0.0018433950144324598,-0.0020971224328427537,0.0018549451782965522,0.001834707122344724,0.0029038177366155177
2022-09-15,-0.008082495011906807,-0.008740306650708622,-0.007362577596172467,-0.009015043354474641,-0.008103580416355569,-0.008824108837041269,-0.005262673189620617,-0.0058927739655252375,-0.0058736276168174055
2022-09-16,-0.002369496660447714,-0.0011461088179345112,-0.002097758118139291,-0.0009211616633964631,0.0002945100604941674,0.0004281571807595602,-0.003492390526022664,-0.0030203024547826637,-0.0020818715741355107
2022-09-19,0.001863363556766065,-0.0003176342029097829,0.0031923860742176314,0.002767864339755988,-0.0016579758479391626,-0.001604495088895272,0.0036733060749855177,0.002535426272957757,0.002828217445189424
2022-09-20,-0.007972504068744522,-0.007954756274527016,-0.004335289842991409,-0.0036426915327583656,-0.0069154352256187756,-0.007368925328913617,-0.005284774616444311,-0.006727325140705416,-0.002737147253593017
2022-09-21,-0.0067161008571720955,-0.005397607929377617,-0.006401608412817269,-0.00495477536261573,-0.0031328937211040023,-0.003228379147887136,-0.008017361842232618,-0.006295958842509041,-0.006221343410631459
2022-09-22,-0.004941514329407435,-0.008346725474405027,-0.004004173603183441,-0.004041766838674108,-0.008853662462789656,-0.00888970204894057,-0.0037874237428636667,-0.007976228773718608,-0.004199135091035267
2022-09-23,-0.014328265847592354,-0.013084705936153627,-0.008035950880286465,-0.008463160049351829,-0.00927635035065457,-0.009906635841834297,-0.007589115077295445,-0.006716704086658518,-0.005536726809227622
2022-09-26,-0.009041278545787864,-0.012688749499690778,-0.0037730359355879896,-0.0034480067266039567,-0.013043741806042562,-0.013587885451301194,-0.0044072549930403845,-0.009026727190333305,-0.0013256266974479192
2022-09-27,-0.002636256478589737,-0.0031950889709536044,-0.00013809427308213143,0.0005756697772437874,-0.0031842778404011984,-0.003273530119122695,-0.0010777641200750677,-0.003033203577996387,0.00022285101677556272
2022-09-28,0.012999355293772146,0.019109548952102054,0.009652871845102808,0.010302194571726151,0.01921152431824758,0.01980233570525803,0.008920876321439862,0.014875798737651437,0.006861137978248128
2022-09-29,-0.009721527696883402,-0.00976495065787192,-0.009500376074444648,-0.009257769963139612,-0.008007459855617528,-0.008347630986951014,-0.009421724308893976,-0.010149973606272365,-0.009857547312644637
2022-09-30,-0.0022128509598218007,-0.003305384977667145,-0.0060531349770635125,-0.005277235348792847,-0.002487999734429206,-0.0022854569774969835,-0.006874666253876315,-0.007188403707288868,-0.005650705646676484
2022-10-03,0.013378621488509641,0.01547953564089,0.01187701013034528,0.01205044817089227,0.013954192145430767,0.014738701081326256,0.011831767458812351,0.014496127079147334,0.007936664270081389
2022-10-04,0.017524584882014752,0.014600560287252887,0.013376793702578023,0.012768629662216244,0.009640642955761301,0.010292576838189068,0.014071370616542117,0.013633098309858328,0.010766837501345414
2022-10-05,-0.0052604280863174395,-0.006966609229266671,-0.0010554716730472613,-0.0011823320654146701,-0.007155014141836326,-0.00748825952119673,-0.000996303640937494,-0.003726228661324037,-9.596738896065576e-05
2022-10-06,-0.008272484078709317,-0.008743302819544213,-0.0035541746799783013,-0.002684349886112221,-0.0075532576245825826,-0.007888323049801426,-0.004658235663241377,-0.005967294947539729,-0.0026391658787808183
2022-10-07,-0.012202188383055314,-0.012079300819328013,-0.013707668711983026,-0.014249641278761358,-0.009728219230996602,-0.010292136726645883,-0.012647631468373392,-0.013244587395088504,-0.013042491976688842
2022-10-10,-0.004805416914950511,-0.005544057175417394,-0.004357017548167974,-0.005399361156036675,-0.005791079932764287,-0.006053452545652593,-0.003144262723653757,-0.004210638385966581,-0.0032873235958530422
2022-10-11,-0.0036108376073937976,-0.0022119323821175574,-0.003569774018074197,-0.00418895289054332,-0.0003792355850585012,-0.0002972029075768004,-0.002551798056514403,-0.0016033261205687407,-0.004511777188980077
2022-10-12,-0.00024223927549682048,0.001114941365324728,-8.586950308416237e-05,0.0008734508479981628,0.0016962214356608866,0.0015772545151101012,-0.0012830416708825136,-0.0003329374777096748,-1.742734466114551e-05
2022-10-13,0.007714955312565875,0.002409947278889594,0.008045927397860201,0.005551318154273118,-0.0013211594456315715,-0.0010904217288999602,0.01100489275863912,0.008422630334357268,0.007887330147805684
2022-10-14,-0.009481846447333906,-0.008616326836339509,-0.010200408748179745,-0.010623754150595447,-0.007974627037333261,-0.008196339615385776,-0.009485312328584553,-0.009510323689362363,-0.010038188835886273
2022-10-17,0.012421284787056714,0.010174430073738595,0.010407237065979466,0.009872416113789067,0.008272235287894846,0.008443076880481779,0.010738402608189755,0.009482572564482383,0.011014497871082937
2022-10-18,0.0035469125265630923,0.00327192703424421,0.0037134191757495546,0.002719629793303681,0.003051654370901876,0.0030962949821175443,0.005031677747763615,0.004923956633158023,0.002773914603195695
2022-10-19,-0.006785325658529259,-0.008351296199590614,-0.0029348505609917827,-0.0031640176433814964,-0.009610324870049309,-0.009730722744356742,-0.0029084244188930237,-0.004995333583046875,-0.001132929392303045
2022-10-20,-0.001333345797658846,-0.00298640026605921,-0.0024135928323849045,-0.0016478220746332947,-0.003992766166764567,-0.0038442178159924815,-0.0034427141907924547,-0.004746821470649855,-0.001621709754904419
2022-10-21,0.00843288715742349,0.009175467601443433,0.009928792918484253,0.009748122869170303,0.008876963223324541,0.008934090555172665,0.010285482291319441,0.009410726784412467,0.00801465279929152
2022-10-24,-0.0003418881101877744,-0.0009106136460696877,0.003937570039996287,0.0027789642404963876,-0.0012219767197775263,-0.0012256104165436666,0.005296774015541313,0.004269958648850111,0.0038740649332865834
2022-10-25,0.009261226407071957,0.009034821876930957,0.006823478310952732,0.0065626023048651625,0.009227662269951305,0.00932185430289971,0.006929755374896995,0.008875617094768017,0.007240185039293616
2022-10-26,0.0015167240203379467,0.0026057884031923935,-0.0047283689911546255,-0.005498642167848386,0.00314056635376309,0.003102687707984674,-0.0031643410952887883,-0.001568854061134198,-0.007619051213157066
2022-10-27,-0.0022154887943555035,0.0007440441390237779,-0.004228926163533122,-0.005524218792964759,0.002822255122547047,0.0026079499645830957,-0.0022054135075288365,-0.0002654815378386572,-0.006165096944228546
2022-10-28,0.005189369604111896,0.0015085844388066064,0.008863222657572707,0.007302765368927134,-0.0008840104695545556,-0.0007130997169122204,0.010294177735993698,0.007646249719027749,0.010518809957955406
2022-10-31,-0.004050202416699892,-0.005145368198900061,-0.003980461457456646,-0.00468462039728201,-0.005363877429171445,-0.0052656491927688545,-0.0030458672040572245,-0.0037022414663028455,-0.003927692244222309
2022-11-01,0.0021118787389635897,0.0010074684371151649,-0.0016738427643981256,-0.0012860310927665021,0.0003727154402949202,0.0006115077654728757,-0.0018002579269059892,-0.001614576008176048,-0.0034103083301604883
2022-11-02,-0.009660386849461479,-0.008102736171021826,-0.011070747427436875,-0.011072544091564229,-0.006927207685402763,-0.00713550160221897,-0.010737943171910652,-0.009694968357014779,-0.011613711936926877
2022-11-03,-0.0034493824999257227,-0.004840845556310639,-0.005419742220722377,-0.0061114128210414025,-0.005185139365335602,-0.00499152033480267,-0.004284619627450829,-0.0047393564592930456,-0.0064170588714462995
2022-11-04,0.01385291037544407,0.011907311694069682,0.007954582667985854,0.009648866117631095,0.009785381251714973,0.01022906534282501,0.006179227966174801,0.0048218353313834806,0.005413070877684699
2022-11-07,0.0012658303599355095,-0.000436797646145384,0.003344578895331305,0.0025477720564879595,-0.0017757612069213336,-0.0017439736491375987,0.004172661130780296,0.002770785182957076,0.003774739119276738
2022-11-08,0.004498517821327708,0.005685021920521338,0.00418656779439508,0.0064625009618244356,0.006648967666069261,0.006852284844636847,0.0022321397174704938,0.003512858033061894,0.002543341287458478
2022-11-09,-0.006265905093758694,-0.0035022629174120664,-0.007752248065943263,-0.007217109589217551,-0.001229361716763764,-0.0014642690839379252,-0.00817629480629748,-0.006401455768910743,-0.007633859509590139
2022-11-10,0.024630158547837212,0.026791350051728818,0.02427391601543728,0.02565788302096018,0.027803763323126188,0.02784646148576492,0.021899387003608765,0.02453823178121079,0.024489921070110502
2022-11-11,0.005522913946012354,0.00391576225042925,0.005569292102571767,0.006364649455556231,0.0021465254893266055,0.002219177938190508,0.004061575504556341,0.003041791875857777,0.006489413371742412
2022-11-14,-0.003933337808715321,-0.003991275363340502,-0.00274164063293058,-0.0019845459555519283,-0.004234625123352387,-0.004255850443421487,-0.0034038566654600584,-0.0035676043099213415,-0.0029568242433422915
2022-11-15,0.005135515332501941,0.005618881121093944,0.00431348025228425,0.00457353049483578,0.005644681917747224,0.005540466149350303,0.003593053554860962,0.004884776141540712,0.004929732104315177
2022-11-16,-0.0022266132619275254,-0.0009243985092401157,-0.0038578431461909566,-0.0041109361130567635,-1.6868852091365797e-06,-0.00020379281825014413,-0.0030420007925620004,-0.0009343480483472016,-0.004688101751695511
2022-11-17,-0.0013587824640882683,-0.0031758953625975507,-0.0014586456485304268,-0.002037600405529752,-0.004646107901589699,-0.004607920264147508,-0.0011548685855967392,-0.0026525656905390673,-0.0006593345797990318
2022-11-18,0.0005653657773641463,-0.0012391891563298756,0.0002813083388982058,-0.0011371120504930798,-0.0021635415906279443,-0.002005722774961772,0.001956779202129827,0.0008529048205590685,0.0001222209513133234
2022-11-21,-0.0025492032658663492,-0.002578808782376958,-0.002828192509812484,-0.0037486345231086344,-0.0020875454155069666,-0.002030387351655937,-0.0013900975339667292,-0.0013844020359981446,-0.0034652085480985596
2022-11-22,0.004551953832991831,0.004704023310602576,0.005039498703902609,0.004386810143301911,0.0043165203976363005,0.00416763566541088,0.005607017231251852,0.0062486090634735255,0.005085531893435497
2022-11-23,0.0038686298623739055,0.004404097415781272,0.003500563517557507,0.0040818847014795915,0.004349375165492898,0.004254611621307106,0.002698977211888033,0.0036189636497399756,0.0036094772162552293
2022-11-25,0.00037001437453379775,0.00022766370527506092,-0.0010382963468607137,-0.001428342181081736,0.0003685076097540189,0.0004607951672931066,7.73967970812987e-06,-8.582634604242997e-05,-0.0021963409000220866
2022-11-28,-0.006091241297971632,-0.0048035540871910224,-0.005965432130285989,-0.0057487669110221976,-0.004309631594257459,-0.004634511279777399,-0.0065016405781640925,-0.005605446986464085,-0.005012651398185958
2022-11-29,0.0025288718401869858,0.0011940317851214844,-0.00110125974582068,-0.0008920136034810323,0.0006708859245941404,0.0010034399106208709,-0.0006033862183019263,-0.0015548200789854596,-0.0025065395213950603
2022-11-30,0.012129154136024972,0.01302080941006255,0.014580566576846568,0.015085320322168206,0.012769733323650247,0.012638065425357479,0.012994879993843848,0.0134860309410069,0.01579613364130263
2022-12-01,0.002844584208906611,0.005633088738113858,0.0017757158008909106,0.004045061985228555,0.007542572473589029,0.007480129985256552,-0.00020870530909615045,0.0023908927657521443,0.0005433501678889477
2022-12-02,-0.0001257103218139523,-0.0002502188619514629,-0.0011262713656207252,-0.001675325680596548,-0.000496737859262178,-0.0005883563339878339,-0.000382260764022499,0.00013414527736955615,-0.0013028456664046595
2022-12-05,-0.007112539695988183,-0.00955449869935021,-0.007562843378452244,-0.008284174224934705,-0.011148025211857008,-0.011124034971628286,-0.007389662116407528,-0.008886289260351312,-0.0058227020245972
2022-12-06,-0.0026983463570259126,-0.0004881056106978907,-0.005835153992473145,-0.005107176497871941,0.0011309290628031224,0.0009703743225304656,-0.005836735455826865,-0.0036405105794593486,-0.007132644747695689
2022-12-07,0.0006951883819260981,0.003365236271253941,-0.00011788501653163374,0.0008331529324950962,0.0053743029823542865,0.005267060785485268,-0.0005958853946690383,0.0015787115845770617,-0.0012983242688926657
2022-12-08,0.0021348075986844517,0.0001231687032758888,0.0032487121207307457,0.002480497244862434,-0.001203409533270472,-0.0010000844593983649,0.0031186140033694354,0.0013622114365594573,0.003766592761944798
2022-12-09,-0.0016024516800336947,-0.002335070948434465,-0.001828731233814096,-0.00017584437434684175,-0.0024982498332867427,-0.002277874067277934,-0.0028073362978322473,-0.004006710177104541,-0.001886296820205991
2022-12-12,0.0015742121667983364,0.000246434194117665,0.0037275350459416473,0.00021995717758894052,-0.0007520509856173013,-0.0007646253167524675,0.0056932963466991195,0.004519370598230769,0.004038266375297686
2022-12-13,0.0058365230356765396,0.007690819808837968,0.004381954362878218,0.007020351003992419,0.008923373385620714,0.008936091402018847,0.0030630028359923756,0.0045376104369597645,0.003502760729392021
2022-12-14,-0.0010251982021440354,-0.0005470548002002099,-0.0023179230709621016,-0.0020840803300518134,-0.0003602105160108919,-0.00047204919130236543,-0.002409132813541566,-0.00146623969912686,-0.0022378970386313585
2022-12-15,-0.008848900744872113,-0.006894930355226578,-0.010511688198679552,-0.011220694988975781,-0.005130297400016924,-0.00535773368726073,-0.009467396357783498,-0.007628225203434087,-0.010484629317412742
2022-12-16,-0.0036019324084912603,-0.0020808301995471914,-0.0025687184877473002,0.0006892073467285396,-0.0013227031255942233,-0.0013751679451128027,-0.00444594504187458,-0.004334935095999626,-0.002823946337480229
2022-12-19,-0.0025631629847922516,-0.0037548586570594197,-0.0036385704947502788,-0.003413974109575317,-0.004597651606888451,-0.004497286198916706,-0.003138253718776952,-0.004455452765480079,-0.004186219260096627
2022-12-20,0.0008832518604343878,0.0002879717164583892,0.0015240993518573556,0.004656907441964249,9.198030926666982e-05,0.00042762186185630794,0.0006253091562434977,-0.0010713541884315495,-0.00011826073705907628
2022-12-21,0.004146465663650196,0.003768646136037053,0.0045255458948495,0.0023565877986163344,0.003003583403855687,0.002899995258865256,0.005796297794302562,0.005185333634336823,0.004512867025641523
2022-12-22,-0.004617594924306492,-0.00435404879509504,-0.006918169500165629,-0.008058758113769444,-0.003865677705710349,-0.003941877624877996,-0.00537630171091475,-0.0046516245359264265,-0.007369979447989501
2022-12-23,0.0012391643784307725,8.723263801984108e-05,0.0015841838497707703,0.0013676913764944143,-0.000435880998625881,-0.00022156479878795104,0.00229444205316503,0.0009526508538817465,0.0007943755497027632
2022-12-27,2.9092754968489145e-05,-0.0015936647491501036,-0.001994470273566101,-0.00016543220800163824,-0.00238103858333478,-0.002028004136038206,-0.0013994741957948508,-0.0030167265528828783,-0.004137405035423278
2022-12-28,-0.004597594498521539,-0.003924065535353352,-0.004195541907803475,-0.0036615318127169857,-0.0034617124699534763,-0.0035477714630674363,-0.004628630358201663,-0.004474458013773816,-0.0038152672657298507
2022-12-29,0.006690650650576765,0.00604986271323893,0.006997165014136812,0.0061906010685286615,0.005487857170753396,0.005538580232032799,0.006912860601277409,0.006941242777750215,0.007321441930920878
2022-12-30,-0.0022833355515816892,-0.0029764307790047712,-1.9648474023931895e-05,0.0013238649136863476,-0.0030193027867639216,-0.0028035981416107466,-0.0009007512645607453,-0.0016757037380172007,-6.037110037662603e-05
2023-01-03,0.0019372278334288764,0.003010912052335289,-0.0008962255127259861,0.0012445921034797108,0.0036865870321082027,0.003642396415084593,-0.0014976213766947518,0.00039375036945244195,-0.0019062471115194417
2023-01-04,0.00692517903803923,0.006837597977791198,0.0028048352587488343,0.00371341976438048,0.00670347335429609,0.006765008458816597,0.003047169705727539,0.004242560664472855,0.0015470803646725469
2023-01-05,-0.004738116718175134,-0.005031578731856304,-0.0050790252591889976,-0.0064549869274296515,-0.005658589332985451,-0.005881075996418667,-0.004251831172750436,-0.003940797733126273,-0.004565111912042055
2023-01-06,0.01045410790499279,0.012232776860758148,0.009351963546951815,0.010612753658179545,0.012914713653385309,0.01282168931792037,0.008816468966996538,0.01028652015124988,0.008307532383415016
2023-01-09,0.001962837026546501,0.0023499894585631074,0.0011955784139225018,0.001964031750475384,0.0023243121521966665,0.002238834502043757,-0.00010605682871422795,0.0004527106512790005,0.0020824973922969857
2023-01-10,0.0020102876250187585,3.2578684586503925e-05,0.002942695997829148,0.0026199244719511405,-0.0013139823081849134,-0.0010850002944010617,0.0029970027743690952,0.0010358203508824548,0.0028171817260913556
2023-01-11,0.00582843480743703,0.005517057237688971,0.004861950664700362,0.002982611933741464,0.0058035118607161875,0.0058944723011262,0.0053973490295697625,0.006209119692402853,0.005692683952253769
2023-01-12,0.004832136697036445,0.006550045381119525,0.0029498245406609567,0.004878326935756306,0.007625435054747375,0.007574556595449813,0.001638619280255747,0.0035382604650030913,0.001881598541953834
2023-01-13,0.001878238666987906,-0.00019447963561783802,0.0033125251475554784,0.005161084755850262,-0.0015523560486937235,-0.0012209495439236206,0.0017424810710667364,0.00021003729765989033,0.0023700464368345458
2023-01-17,-0.0006462289581460547,-0.0007687516113709571,-0.0005869527662207866,-0.00239273736268309,-0.0009034467818159955,-0.000956739315827413,-0.0006696981517923392,-0.0013502623948530355,0.0007884741324880841
2023-01-18,-0.0028311926472267966,0.0008691713236883273,-0.004844025248703774,-0.00445397486775101,0.0030007866958422303,0.0025058125840403678,-0.00656680000158005,-0.002482121495084644,-0.004149844711255942
2023-01-19,-0.00025156784307078843,-0.0001674258048606555,-0.000781364118922007,0.0036459899883944298,0.00022630924975859245,0.0005126636864088605,-0.002941626733177977,-0.0030257606985635665,-0.003076505265702048
2023-01-20,0.004760210422732261,0.0019000290948150188,0.007147742189801822,0.0035848109832470596,-0.00031260751680184525,-0.00016343124307800956,0.007872177332051068,0.005186010216038322,0.008976639870135122
2023-01-23,0.0033078769187893523,0.0012845525084345581,0.006033353551517775,0.003978079051770568,-0.0001849346460806861,-2.9863742740655663e-05,0.005161163013239398,0.003683551106605116,0.007440631676389395
2023-01-24,0.00012411225116142028,0.0009944656046456824,8.113655412905909e-06,0.0010082974596793022,0.001846996100468083,0.0018391792811051255,-0.00034991255073064416,0.0010510395322148093,-0.0005605718358408241
2023-01-25,0.001088031640944833,0.0014389360297409914,0.0003056023529211078,0.001610926426523089,0.0016100377276706262,0.0016277694389778019,0.000264313012074179,0.0004747077017408786,-0.0006186219564469117
2023-01-26,0.0029514966413438995,0.0008935540996319849,0.004126557397001787,-4.870026134456951e-05,-0.0007073551540148911,-0.0006912510496648054,0.004764102983672417,0.003246301160125614,0.006618017894191577
2023-01-27,0.0005863410003811646,6.967823792892018e-06,0.002100975329409201,0.0005119075893570185,2.532855922270189e-05,0.0001485100222805887,0.0010852311566345789,0.0005632076339755854,0.003480639378278065
2023-01-30,-0.005197560563296108,-0.005214850756627684,-0.005775989691935078,-0.004132866896207347,-0.00485120300191636,-0.0047841524783033725,-0.005253208678007507,-0.005329553030089363,-0.0067459620594029
2023-01-31,0.0045655679513656134,0.005320954703760352,0.0053934490086144935,0.004776780612048549,0.005935197120751268,0.005927280752256794,0.006337936771919954,0.006695994389697107,0.005141902542333791
2023-02-01,0.005850703468954963,0.006788141060366095,0.007090584957950004,0.007360438123357953,0.007028178438684439,0.006971564494638168,0.004646210358642506,0.005727821561882388,0.00735369650091829
2023-02-02,0.0030080211264187167,0.0013216384403884212,0.006460833576410364,-0.002466039120471646,0.00014795690691468273,-1.548191145558147e-05,0.0063623396249508826,0.005408257731886832,0.012429394961445173
2023-02-03,-0.007712932026744816,-0.010653644863678886,-0.00779285151171862,-0.01118200961411905,-0.012562605279472385,-0.012580919762512887,-0.004504234339936054,-0.0064734851537129,-0.006119126493928124
2023-02-06,-0.0042616580473052055,-0.006404881885171672,-0.00217277479927751,-0.0008451761839968994,-0.0070295810862460685,-0.006622852838384621,-0.002528980168065483,-0.00425255366883396,-0.0028146945149760366
2023-02-07,0.003345546527139088,0.0025353450207263265,0.0060443430480968605,0.0039240646693832135,0.0013078539676609666,0.0012473392141533807,0.005718478951389869,0.0043917756157252534,0.007265153430527476
2023-02-08,-0.002236992149926491,-0.0010175701404063074,-0.004646176845138005,-0.002128560835551718,4.233588598460803e-05,1.4633011244892638e-05,-0.00462436960308258,-0.00319759102950609,-0.006095195717350359
2023-02-09,-0.002466432861244705,-0.0038941726135877097,-0.0047195382552456255,-0.005759425894060977,-0.00470673363363916,-0.005096588589369677,-0.004876196859249338,-0.005875063124067048,-0.0034266440613495153
2023-02-10,-0.0024535393733841706,-0.0031062377318152555,-0.0006290439419403195,-0.0005320852817162487,-0.0026290070062025533,-0.002477742121207544,0.0013779152448925196,-0.0004022189743862969,-0.0024643134759904386
2023-02-13,0.006204567049109585,0.004645618391335335,0.005564830325976816,0.002647155468464346,0.0028273302660346273,0.002798507180509822,0.006605113564514907,0.0065440868277022585,0.006376451189172484
2023-02-14,0.0003618395993103875,-0.002664098430222859,0.0016816605630110583,0.001956320318501934,-0.004256453828412141,-0.004251681792881174,-0.000174881634216625,-0.0016566450630231529,0.0030296607309954066
2023-02-15,-0.0009863770830059295,-0.001754810371219948,0.0014059112418061978,-0.0015493015192012047,-0.0020636129257768335,-0.0022517352100761613,0.001894994766231221,0.0006649209281359682,0.003149606332398523
2023-02-16,-0.004732345708622759,-0.0039726963916836165,-0.007185460895627135,-0.0055444938329819796,-0.003143524394246984,-0.003291521178720098,-0.007614437013722611,-0.007822883246697459,-0.007360588243754891
2023-02-17,-0.0008098327686809399,0.0006380110731847045,-0.0016834139345907732,-0.0006375259072770801,0.0014221728297880035,0.0013943754150893028,-0.001304602479135273,-0.0002828249147287303,-0.0026640766111309627
2023-02-21,-0.009693689486326615,-0.0108827017120631,-0.009849571388144022,-0.008070515136961609,-0.010356440584682923,-0.01061031596903801,-0.011047985993130033,-0.013306316499054801,-0.009165509990345601
2023-02-22,-0.0028900534609032948,-0.0017629903281168077,-0.000662095454363174,-0.001906397883207774,-0.001200397493198134,-0.0015117696921328214,-0.0006732717068764144,-5.508872298657242e-05,0.0004041886207887058
2023-02-23,0.0036478120894004843,0.0035794274976413878,0.0030545255096244375,0.002192022985961293,0.0031370268258232655,0.003185844954347489,0.003007210570755133,0.0038764471134955306,0.003489497958521805
2023-02-24,-0.009896814473112447,-0.010630249499246174,-0.006619092126847429,-0.007024616523732146,-0.009690298188136031,-0.010028162247603561,-0.005798405113725943,-0.007122506935614392,-0.006387864897831665
2023-02-27,0.004776981485565813,0.004750500435801442,0.002776014951755742,0.003297156228354222,0.003901584573596537,0.003980195967283951,0.0019521381883354139,0.0026757815977467574,0.0028690083225750554
2023-02-28,-0.002166336831554176,-0.0016426594071494338,-0.0004959502119607937,0.0011420074636012518,-0.0006255124860783432,-0.0005283018484173922,-0.0019430180271194505,-0.0012434968706000451,-0.0003829730050040794
2023-03-01,0.0005515547673484181,-0.0024857167319482757,-0.0018372770760976924,9.577150501242466e-05,-0.004359657375984369,-0.004272033346713722,-0.0020156256939460908,-0.00442993645573234,-0.0029834899926553925
2023-03-02,0.0024796313637044176,0.0012656282978219186,0.0034579100299130176,0.002230307976350148,0.0005849599646760395,0.0007521022802893279,0.0043391105624627805,0.002458079952735061,0.0032924864291332696
2023-03-03,0.00902168526493806,0.008568308949735244,0.009141036587815026,0.009661874171652794,0.007652879156759043,0.008086918155566863,0.008886175226347657,0.010436775133858801,0.008088403465515384
2023-03-06,-0.0016231173820757134,-0.0023779725055393707,-6.588407384684229e-05,-0.0014563484956363374,-0.002659703349203359,-0.002823341959531431,0.00046820428375682463,-0.00020173609719612172,0.000559235422086174
2023-03-07,-0.010956918342752309,-0.010989075598735859,-0.007794940211939068,-0.010105640490749922,-0.009983293536976483,-0.010722580343365137,-0.008385334564450089,-0.007429481792372208,-0.0046723654364122565
2023-03-08,0.002638526271958961,0.0010822172407048789,0.0014704505405640908,0.0011266014921451936,0.00039972942882403675,0.0005710326488810728,0.0009840433137712455,0.000726825909332097,0.002055965913580119
2023-03-09,-0.007004953035969014,-0.0006592501260662845,-0.006586978563870045,-0.0016428890181979091,0.0030281535267867874,0.0028060762162826452,-0.010044843216528905,-0.006912474488045685,-0.006616423137886432
2023-03-10,-0.002948784524126117,0.007069941167252386,-0.0036460788113096532,0.003726456200933814,0.011448926201757713,0.011254726600434889,-0.0077692562732960225,-0.0008418975973312874,-0.005281488004612086
2023-03-13,0.004415530910091947,0.015787210896327952,2.450130143882845e-06,0.004237211455804246,0.02022495163531235,0.02057931735801355,-0.0007808713514269039,0.0033991779378839126,0.0031595954670942117
2023-03-14,0.0054858273234045535,-0.0018113069337620908,0.010328612524410736,0.007259893964173433,-0.005639162601687417,-0.005447562890367749,0.009625596016935816,0.005216263523504417,0.009706745310951332
2023-03-15,-0.006047371866281474,0.003646916730451074,-0.004163334858559422,-0.0004037125887810536,0.009352195207303996,0.00922933397671458,-0.003559263464836904,0.0017115913562620497,0.0023257138796098295
2023-03-16,0.006911355064210398,-0.0005301196901236878,0.011076882926676695,0.009658423897293694,-0.005009333996759503,-0.004778376488854693,0.010250924305109104,0.0059248058905279274,0.011291640640943163
2023-03-17,-0.002635032727935444,0.005979894396095727,-0.004956642008453908,0.001051784956049384,0.010134157910081213,0.010300981335383798,-0.006756125913264108,-0.0020252432287273295,-0.0019355043591088538
2023-03-20,0.00569115663228634,0.002096850046676988,0.004767421789784742,0.004264733469339445,-0.000182859667492474,6.315554636694592e-05,0.005666215431042567,0.0035788852746898225,0.0016304873099682751
2023-03-21,0.0032787243324750876,-0.003669746508031783,0.008097929780834743,0.0024355818406487117,-0.008134634806266536,-0.008495383679051201,0.007737772540994564,0.0038398780447928835,0.006250796978171176
2023-03-22,-0.0031786944612252335,0.0050216211509097435,-0.006830496655427164,-0.004399791655493973,0.007961898169048711,0.007620919766294762,-0.009921712405124749,-0.004423772424086308,-0.005792365328058638
2023-03-23,0.003540151486921152,0.006674587230805261,0.0032993639047899158,0.004807405925870841,0.007232870130025871,0.007342860245272369,0.001650847979616457,0.0033898011843473044,0.005207093349132693
2023-03-24,0.0005957359356292789,0.0001560150325750839,0.0011661895888080847,0.0005432489456233402,0.0005199123320238343,0.0005449726451424226,0.0039019210189987536,0.003506334655210422,0.0016982928999393766
2023-03-27,-0.001378568270274727,-0.007613926870493523,-7.253439357053133e-06,-0.00174247370620013,-0.010108718109515885,-0.01013569282613649,0.0011717705807900898,-0.0032328324728346045,-0.002865713561905818
2023-03-28,0.001108306812491925,-0.00016970218142471874,-0.0013899001668955704,0.0004513788326475685,-0.0006198747563406586,-0.00039512320698769385,-0.0012354823054544475,-0.0013450663664974596,-0.0021904889812493266
2023-03-29,0.007217121252227052,0.004072181463930052,0.008810879663117048,0.006336362251561271,0.001879524024133483,0.0020857013366754533,0.008569946692857728,0.006974412225768089,0.007963214003373948
2023-03-30,0.007152851816458541,0.005676907813596633,0.0050540155332394,0.005131120227591128,0.004376763188501261,0.0047890770058628416,0.003520804406469004,0.003599121270253071,0.004229049776862132
2023-03-31,0.004987929838086997,0.005095333058803202,0.006958541461572062,0.006054394262034592,0.004795683360242876,0.004882481605294627,0.008380676921652057,0.00924813143576446,0.007383019921440011
2023-04-03,0.0026890278739895392,0.004093017967248224,0.0010227331040319812,0.002922003198476726,0.0038767148649259233,0.003875922640551663,0.002334948400030749,0.0036101150748828626,-0.0009672645438353368
2023-04-04,0.0016210206310819859,0.004985126615743036,-0.0016455571941546897,0.001435257882749428,0.006709138624449777,0.007050194471246872,-0.0032149941367687384,-0.0007308440128245968,-0.001381782614572399
2023-04-05,-0.0023315858835602403,8.713690974720094e-05,-0.0033469332104755726,-0.002004613821635871,0.0013358096287536018,0.0011605371408500355,-0.0014729036098142959,7.504764560092011e-05,-0.004239138851186732
2023-04-06,0.0027228537863784675,0.0011270014096028658,0.003053086946291708,0.0006666299662086493,-9.530121453995834e-05,-0.0001746175117576983,0.0023841301563993465,0.002164425761439862,0.0030572587336881673
2023-04-10,-0.0012363308976745464,-0.00635767375589717,0.00023026953327169705,-0.0011484185363151813,-0.008085487199385948,-0.008019791135856887,0.0006879567256162574,-0.002774840419619097,-0.0001383562091300017
2023-04-11,0.001355742947754269,0.0009057784043819026,-0.0010040840511334969,0.0009705902500070708,0.0008695350410350798,0.0011035950089272933,0.00023871100139950048,3.270838433143449e-05,-0.002707808854292117
2023-04-12,-0.00012898109622649923,0.0014208034002067826,-0.0008330272614924805,0.0006339797331145203,0.0019360365725809014,0.0018354104042037633,-0.0024902445073994306,-0.0015121958575442518,-0.003947031190356776
2023-04-13,0.008822563826361852,0.007123758704425396,0.00899194973678474,0.012416629077036454,0.004128612938199175,0.004476915246162951,0.008320445271209582,0.006859149134578003,0.009004795154287768
2023-04-14,-0.006640127008866489,-0.009040996926344143,-0.0010296030384566047,-0.007475194361412959,-0.009546645783795035,-0.01005849973933254,-0.0014490452342653902,-0.0035691444286469606,-0.0007555314507437991
2023-04-17,0.0008313003440021434,-0.002168395884988112,-0.001059786810449465,0.00017984544595521992,-0.0025511835119969464,-0.002085981552579765,0.002312144553179946,-0.0003888476002641462,0.0004979107975822306
2023-04-18,0.0018585169275056922,0.0014009585878379137,0.001978656780867093,0.002589424191799079,0.0008498698479320491,0.0009145751812979172,0.00048271198916332013,0.0010673194730175498,0.0001375512634974302
2023-04-19,-0.0015783057373576158,-0.002865681945826567,-4.327991222303232e-05,-0.0016575764596171434,-0.0025809062429225232,-0.0025013102710166736,-3.055214247753433e-05,-0.0009894692080691598,-0.00010766058508183138
2023-04-20,-0.001712896543572522,0.001956094579388281,-0.0031978207978362663,-0.0013184317402088308,0.003408385384725403,0.0030739211648570445,-0.003330695802722998,-0.0010622364485269422,-0.0033889373021973755
2023-04-21,-0.0012316504994178343,-0.0026044618186491317,0.0021182514827665835,-0.001989792291229231,-0.0031370797992766822,-0.0033081641714360586,0.0005588551216959663,-0.0005241841449036089,0.0005844475236378454
2023-04-24,0.0009284206492164241,0.0024907212649397594,0.0006795084825781557,0.0017846888302766564,0.0027868241484285765,0.002654359568318585,0.0007256136744521422,0.0026477670550755865,-0.0008428308621576676
2023-04-25,-0.008665499593698263,-0.001402576239959247,-0.010192027496599605,-0.009037480647125262,0.003749319725797601,0.0032631365762565688,-0.009815093677169302,-0.005856481621179612,-0.008498856116845475
2023-04-26,-0.0010930916437601106,-0.0031662355486083717,0.0015792779545510448,-0.0035150087767108784,-0.004295530922487499,-0.004454715159657699,-0.0025468042669406585,-0.0042642873129495615,0.002847573217389445
2023-04-27,0.010821701809100404,0.00506510659691772,0.01119232051406507,0.011623352493993652,0.0009720477308025699,0.0016480845092483737,0.012382986818144162,0.00958225579201717,0.012425033752292963
2023-04-28,0.005199383793077855,0.006147395635021135,0.0022519004942964257,0.005440153569868989,0.005717313787997423,0.005765415429323873,0.005389877131394866,0.008411314578826424,0.003276866082618622
2023-05-01,-0.0039019221217274636,-0.007449083161518902,-0.0001965492497702625,-0.0023921546438327923,-0.008262815113275618,-0.008168216025071834,-0.0005543241679851483,-0.005489101237119661,-0.00041918049086204275
2023-05-02,-0.004298669900396016,0.002397202893853346,-0.006214788110398656,-0.0027494630081576605,0.006489399906051688,0.006246898999655706,-0.006941823086968273,-0.001741860196817861,-0.003910055190419771
2023-05-03,0.00020449995147481188,0.0036698454450905162,-0.0017593875949554198,-0.0007505879114623624,0.005126110328991697,0.005017043584078506,-0.00419059360489254,-0.0015701280881229762,-0.002891153925036731
2023-05-04,0.0006562551549770502,0.0020042101345753294,-0.0025353842582109794,-0.002166921476043761,0.003076851029977214,0.003315693028099312,-0.004314532076579799,-0.004477121221027082,-0.0015024339986439783
2023-05-05,0.008818520116993876,0.00274698876480709,0.010437009615557095,0.007888080057103309,-0.002036081361163521,-0.0018783483417792776,0.011524555253434002,0.009154791448870495,0.009803176504810595
2023-05-08,-0.001169147391785754,-0.003609156233624818,0.0005424925558289808,0.0003678658277706261,-0.0043575545681381975,-0.004211039492849426,0.0002433158020193088,-0.0023792784290903746,0.001253230136619847
2023-05-09,-0.0035441800678568916,-0.0031293783373574904,-0.003928140385994151,-0.0014394052197300097,-0.0016362063397231891,-0.001485185414955304,-0.0026530715470755445,-0.0032491999947612204,-0.002814266422797347
2023-05-10,0.00359390004059407,0.005950493255865452,0.003042991340701542,0.0016712143357417724,0.006293539030886667,0.006149270659241686,0.00298071712999847,0.00600080256110548,0.005116347091077626
2023-05-11,-0.0038709264073373273,-0.002380953376546535,-0.001582222008756795,-0.005713598561062683,-0.0016405213077761438,-0.0022497280003976883,-0.0011200690876751462,0.0003468214779247525,0.0017809291495225477
2023-05-12,-0.0039590326807182954,-0.005914469499219084,-0.0019328074284883077,-0.001801769396478259,-0.005380639385321496,-0.005314889105072181,-0.0007950651676578791,-0.0037417662864296327,-0.001855987488754622
2023-05-15,0.004947357879711756,0.003464603221022368,0.00396739482703263,0.004718578502308979,0.001260505411965231,0.0013656258609079223,0.0023430176735505827,0.0013362124715876177,0.0030292002359109385
2023-05-16,-0.009168382723037426,-0.00947262511881422,-0.003136974667079467,-0.009565162246707677,-0.008776792066054218,-0.009668732728872417,-0.004341609024792994,-0.006195894045558783,0.0007078606177056971
2023-05-17,0.005631683132601926,0.002310842344717915,0.005441463398272683,0.005834306834133767,8.531745960170713e-05,0.0004126802281156008,0.008062136211749543,0.006926746704441114,0.006676210103518964
2023-05-18,-0.0010109631487354447,-0.004461354274084778,0.004212908471779188,-0.0007884821468556032,-0.006176337692544147,-0.006510670910405087,0.006438071476524807,0.0038717237006397425,0.010249602423095649
2023-05-19,0.0016620249365593119,0.000122507774480814,0.001966555856346328,0.003979865705849922,-0.0005097303259879006,-0.00014473782460253673,-0.00089616284680158,-0.002783519491456263,-0.0011505289087655698
2023-05-22,0.0014031687328781555,6.920155933889857e-05,0.0007814068365579042,-0.001071880942530146,-0.0005315558775684258,-0.0004194720781697797,0.0003396174116764072,-0.0005912552143137483,0.0019430899931705435
2023-05-23,-0.008882030636686456,-0.006824813946195363,-0.00856827558125442,-0.007389067405434157,-0.0036252385014765715,-0.003895148257636663,-0.0073695356517777975,-0.0072273251920176316,-0.006898548239910778
2023-05-24,-0.010678175097287926,-0.010367236150585069,-0.0074327936549079465,-0.010471261000745889,-0.008467175370641851,-0.009179766432434214,-0.004713247772635738,-0.006314203746445731,-0.002718684024646239
2023-05-25,0.0007651463250600738,-0.0035116655401125014,0.0055077092105735095,-0.0006416355487845991,-0.005457749742351153,-0.005561632840473517,0.005774528459415311,0.003169349994722014,0.013403712874475027
2023-05-26,0.011687693478570264,0.008807693211275952,0.010774884177705255,0.009504851676881748,0.005225946968328374,0.005699922069212693,0.008623893362012186,0.00996660314973389,0.01421845639854928
2023-05-30,-0.0007058940707354483,0.00248286032955487,-0.00218911986200425,-0.0009213677638067422,0.004720342828120007,0.004778958301259794,0.00032496558434825357,0.003772618828830317,0.0026298134333691725
2023-05-31,-0.003946196454904222,-0.0016559627867943608,-0.00596812881865426,-0.004657218224790223,0.0009661903767232495,0.0009766746156951599,-0.003606693969211421,-0.0022420537311513187,-0.0030909831803418264
2023-06-01,0.009671689032481789,0.009488974864140232,0.008231696833484957,0.010212721744816593,0.006690010028294683,0.0069251624232423235,0.006362192991077337,0.007922864601438607,0.006547405400392225
2023-06-02,0.00723425434253858,0.0008734374110055184,0.005924827556762289,0.005412532915386272,-0.0030627445296522995,-0.0026843841320372446,0.009675684851732569,0.006553978292848629,0.00430376262954322
2023-06-05,-0.0021668177034231844,-0.0015227229057978259,-0.0026685697585551098,-0.0012249147071905215,-0.000636853469284785,-0.0006364696888483839,-0.0012085167724840745,-0.0015407273408440394,0.0004891269788422678
2023-06-06,0.003849228975317911,0.002498044141233198,0.0016055267011776,0.003113787813463779,0.0015040954475694182,0.0017980199605711572,0.0015219370690994754,0.0017845660460868054,-3.358297882786069e-06
2023-06-07,-0.0038553904126929503,-0.005356332948235144,-0.0054112406394830215,-0.004936124237170282,-0.004405998549139914,-0.004283235686943684,-0.0022374936753773917,-0.005763332497219771,-0.009464282454347012
2023-06-08,0.007539985168704095,0.008635436171394645,0.007498012081196519,0.00878680982772065,0.007095427700732311,0.007265512677806899,0.004100455079506776,0.007278538050849032,0.007030496329194442
2023-06-09,-0.0016295925467995854,-0.003931347596712521,-0.0008818766221963207,-0.001207309771524185,-0.004621232667565631,-0.004703084441979519,0.0012670100582062066,-0.00036868550581591617,0.0022392518196318266
2023-06-12,0.00465915287255525,0.0038131616232763843,0.0064983029990213215,0.005935000472590879,0.0024829804950339263,0.002450448361297486,0.0068226054141615755,0.008231121908070627,0.009919564654212953
2023-06-13,0.004452572540139135,-0.0002668365038027102,0.005805054462465791,0.0045003062138165755,-0.0031179923099934944,-0.0029709838843245853,0.005046669061187811,0.0014964424620721598,0.004597125784883734
2023-06-14,0.004266510486548552,0.002295378378111832,0.0031475340102426063,0.002737066357989018,0.0010464461144006382,0.001191398155875454,0.0009536298538750668,0.0016574886500095329,0.004365273361608665
2023-06-15,0.011773986752143866,0.011315042241966942,0.009635532351322834,0.012098684102702694,0.009103114694730482,0.00932298636763345,0.009462104780419865,0.014715724245421728,0.007122405471515016
2023-06-16,-0.0028683099588811536,-0.0040859554131194315,-0.002785960977552605,-0.0030120316517149048,-0.0039885434480700175,-0.00395160860928352,-0.0025442583113559434,-0.005352765842694689,-0.0036505846826011246
2023-06-20,-0.009979106490124368,-0.006746092023367477,-0.003878496597757919,-0.007159111855141629,-0.004267142643801121,-0.004950777336034539,-0.0038970531466312125,-0.002849011815766623,-0.0007622693555720203
2023-06-21,-0.004776401743321992,-0.003218666487635761,-0.005834033601348532,-0.005605697756367919,-0.002018203422640544,-0.002236845431973054,-0.0038426626304876826,-0.0039195216496248474,-0.007975325534779925
2023-06-22,-0.004192732359794772,-0.00553416223387605,0.003809405003949447,0.0007272989877222315,-0.006426830567241403,-0.006908061852349445,0.002789223178859312,-0.0001968754195224151,0.0070250412788332
2023-06-23,-0.009037946467788386,-0.004779410319694641,-0.006621574364809487,-0.006429116535055456,-0.0016714503000507192,-0.0020552867170697937,-0.005690760748642063,-0.00422133566621811,-0.00577243873504655
2023-06-26,0.0021089402961174545,0.0025580221481542975,-0.0051685581288336575,-0.004079439044708306,0.0037315064968205646,0.004192996142756553,-0.0030455629207700313,-0.002175345535624973,-0.007800826785341713
2023-06-27,0.008785282696383139,0.003495222733744968,0.009308125995616557,0.008235328703195356,0.00019961979496593444,0.0005211485727741518,0.008352448388511442,0.007188423619670737,0.010147835496568633
2023-06-28,-0.0005870130760548748,0.0008818163908347952,-0.00016605009639191425,-0.0010299929074163998,0.0017008652030826125,0.0015544559102938845,0.0004335469512731391,0.002556586136957836,0.0012362005743871353
2023-06-29,-0.0012755807170626405,-0.005027155808415333,0.0003073649692803636,0.0007308620195240606,-0.0054805924968165075,-0.005046961433379525,0.003043062792490742,-0.0024730559028043834,-0.0010942136070258468
2023-06-30,0.011145051470952856,0.008296090200053768,0.010307519546669731,0.012246397801811422,0.0054128499597704965,0.005777573956582591,0.009017503062541682,0.011134817255990925,0.009170054360419722
2023-07-03,0.002104338983195008,-0.0005021016311730886,0.0004803562588253467,0.00047892321665047536,-0.0012122224443251082,-0.0008459334872260584,0.0009268090084537289,-0.0014893065338435726,0.0014815414436510931
2023-07-05,-0.005980363788477483,-0.005474123844159426,-0.0020298806926318724,-0.0033627933812672346,-0.003917641351404715,-0.003953616093848743,-0.001083420639276561,-0.003978836114401081,6.947525319565957e-05
2023-07-06,-0.013271555502423645,-0.011380603671602487,-0.007070128636689619,-0.008590996913687367,-0.008214687072813712,-0.008453260366077449,-0.00591553803837214,-0.011242343133353636,-0.004431967207853745
2023-07-07,0.0030671722277788535,0.0030856424123690395,-0.0011246409120042207,0.0005269071383751273,0.0024326791190544066,0.0025887645657555716,-0.001869066283396362,-0.0029594624124067753,-0.0018768733366442635
2023-07-10,0.0033196982856410497,0.004318788112259966,0.0010962927992934377,0.0015757232759215825,0.00427507617627587,0.004280225456162504,0.0019740599570745873,0.004903616495159914,0.0002802449177130505
2023-07-11,0.008701208585869391,0.0061506683531994955,0.0047464219641231405,0.006165943000793032,0.004379889829542626,0.004847045550884777,0.004892769178499035,0.0065040226098787065,0.0030041427041833215
2023-07-12,0.017044147182200337,0.01631638836461758,0.009398133847094708,0.012742257578992945,0.013058446189228494,0.013443149830843997,0.006176703223310125,0.012105303943095896,0.007558225439842687
2023-07-13,0.011319922694286166,0.012242078816991908,0.010275394443840513,0.00785729949174696,0.009652957232103132,0.009694302472918803,0.006654135139523509,0.011027119055956103,0.01046903870146254
2023-07-14,-0.0038539802742188047,-0.006421519180730461,-0.00122576798863366,-0.0017555979907559413,-0.006313901816680383,-0.006297345774023853,-0.0004938018624144174,-0.0033308028281092126,-4.892664869494692e-05
2023-07-17,0.0010513869365124577,0.001065350563932726,0.003856561911494558,0.0019808113430679233,0.0005405902227804536,0.00040180608724891073,0.002968474939821998,0.003688100669745665,0.005840653563388151
2023-07-18,0.002871432975893511,0.0024467658494518596,0.005560838281318041,0.005701771638982903,0.0019077257281678432,0.0021296176377979177,0.0063185914462773616,0.006675329233601161,0.005143333741977232
2023-07-19,0.0024139265547427047,0.0026242668880297427,0.0020980044052051816,0.003444279561968624,0.002773325327868707,0.002969346552768207,0.0019156965007895346,0.0036054392306042182,-6.440036085016575e-05
2023-07-20,-0.00749745350273452,-0.008068192280545516,-0.008871977734194148,-0.003627762182753663,-0.0069341548255536034,-0.007057529632903398,-0.005587872258979477,-0.009898894462878768,-0.01422587132265228
2023-07-21,0.0007351273735379279,0.0005129959013159364,-0.0005623214055890994,0.0004825294477369217,0.0003833576401003083,0.0003858395162804423,3.2670060978078046e-05,0.00035898742022260857,-0.001762839036539763
2023-07-24,0.001482206758807377,-0.0006216658871907872,0.001715511567954788,0.0026326806860877865,-0.001558456368793269,-0.0013969019327029263,0.0038129692424647113,0.0023052879206477664,0.0010632592885833916
2023-07-25,0.0022778889775274605,0.001318735804588855,0.004039514872889047,0.003183483049269579,7.803234414066146e-05,0.00014585034068423326,0.0023443588384957563,0.0011561033832978387,0.004247800605565688
2023-07-26,0.002892960368901232,0.00370041758698885,-0.0002847279588455458,0.0010331214749930073,0.0037093045227128696,0.0038770231441324654,0.00016272434043623665,0.001896699645085535,-0.0019678226808349
2023-07-27,-0.011470550322931495,-0.012763395639424833,-0.005374754385964705,-0.007812380140622282,-0.012163259671091343,-0.012952891806764075,-0.00558353482079629,-0.011519369597826176,-0.0013851618134567757
2023-07-28,0.010875948647980072,0.009996367145439836,0.010013782889000266,0.00802323409312868,0.006831159915308328,0.007061203647015489,0.008317274554638848,0.009844555905274022,0.011279000514978288
2023-07-31,0.0014495467541202692,0.0014348395743685037,0.0009062237481075976,0.0014098199892710567,0.0016462676119491694,0.0018387585017664043,0.0016462849033402052,0.0021718975706813497,0.00040451448632151693
2023-08-01,-0.007521452538505756,-0.008035575228895324,-0.0029703785619722496,-0.0037277088834641084,-0.0066651298015782505,-0.006957164929272647,-0.0023929346741229348,-0.005634340102471248,-0.0013544289616784846
2023-08-02,-0.014649866353791055,-0.011363048999543017,-0.014306158837455521,-0.013220839399984528,-0.006350978047670333,-0.006779217195743682,-0.011753462304826314,-0.012815501039774106,-0.013488933472040325
2023-08-03,-0.0028882900437137643,-0.003216758296236158,-0.0014127593510922971,-0.0019258406344660295,-0.0034925967976237302,-0.003675504150797255,-0.002389614313682758,-0.006519788363581039,-0.0008996598522892303
2023-08-04,-7.696832512014067e-05,0.0033258363705276784,-0.0029512408706178182,-0.003080337268457263,0.004539325601530284,0.004240656140841011,-0.0037885451568011688,0.0018999030528804198,-0.0027855578143046868
2023-08-07,0.005509015655331273,0.0038358144834260625,0.006958506108382627,0.00780761028155068,0.0021448750591604136,0.0024140204439097764,0.007403513555667922,0.00584907407761956,0.0052609614606650085
2023-08-08,-0.006275024309614106,-0.0039017398059736337,-0.004674973313384748,-0.003748652814455068,-0.001747353483149455,-0.0022176692750222756,-0.0036435818987775688,-0.0009738531299225646,-0.005132746944366733
2023-08-09,-0.0017290696488752263,-0.0020331317067987962,-0.004880366770233179,-0.0035134256311019616,-0.0018774227192178538,-0.0020077375094922113,-0.005615029130169715,-0.005321595625173532,-0.006638553646150268
2023-08-10,-0.0002659423079643771,-0.00218684159124836,0.0007344544022353433,0.00026296506214443515,-0.0032650941100261896,-0.003250088366722653,0.0003363617924253101,-0.0040204333760061545,0.0012087285877691182
2023-08-11,-0.005120922876275635,-0.006017772338187455,-0.003798067082074974,-0.002200438942208449,-0.004520919982591298,-0.004436047358254758,-0.0006477153758472909,-0.003439898124670826,-0.0037437549714812723
2023-08-14,-0.0006602559750472571,-0.0020984117154278763,0.0036161496796845555,0.0017936723785287384,-0.0027863518804882156,-0.0029537825367823792,0.00525001522342439,0.00352223060720311,0.006791757001750895
2023-08-15,-0.009566394277763091,-0.008154963070660458,-0.010305435932933609,-0.012167720825928131,-0.005096556999723563,-0.005517240409724385,-0.011047998209670234,-0.010552718070256099,-0.006282389590963253
2023-08-16,-0.00759775688165933,-0.007638648378670633,-0.006563387252509696,-0.006240575828083366,-0.006184596190930946,-0.006620946386435529,-0.006951284525737208,-0.008097705038511942,-0.006240738133238953
2023-08-17,-0.004849901959163834,-0.0032725024845135678,-0.005975202742476909,-0.0055102317687500645,-0.0018020200272080417,-0.00210721816538541,-0.0072155927665582585,-0.0069583428081347815,-0.006410991614343744
2023-08-18,-0.00031131778281434614,0.00028963488783589653,-0.0012125107655642866,-0.000840238082796876,0.0010385277302548688,0.0010439481362901062,0.0004673170552724093,0.0019320992129027484,-0.0006557322917328436
2023-08-21,0.0024169482013986477,-0.00039345240326176683,0.00723401586389857,0.004584042395748166,-0.002621076179833197,-0.0025648708583093493,0.006179383231715911,0.0017959987349442576,0.009623258462710093
2023-08-22,-0.0011307188100551147,-0.0015312237721760514,-0.0021486163184882786,-0.002971623217604192,-0.0007789687479940308,-0.0006711742512326571,-0.002557600551419283,-0.0020577912333382773,-0.0007640919690342592
2023-08-23,0.01150283278648983,0.012849645544998645,0.00888040289760035,0.008218442264842906,0.011247678353161148,0.01177125684179971,0.010572043709545221,0.014831336991613786,0.009473279881842588
2023-08-24,-0.008890931650462867,-0.008418729081426019,-0.012201561436700011,-0.010955895090340355,-0.0054809829931810935,-0.005596482049412932,-0.013137471253158088,-0.013307179831940777,-0.01271682347743589
2023-08-25,0.003341886276643645,0.0017597742840228477,0.005491210825187879,0.005917186247803817,0.0001042417115232891,0.00015980363902364588,0.006694638252570932,0.005434692307182885,0.0046901329327491284
2023-08-28,0.007488478675149011,0.006990794910474695,0.006868276929377911,0.007420717121068126,0.0050152714848590895,0.0053175602475437666,0.006025110116690895,0.0065484501867615385,0.004569661339380726
2023-08-29,0.012986086123295437,0.013712935941192385,0.013056155546559447,0.01196655244501954,0.010971102879059365,0.011455318630918736,0.013723964296171993,0.01546223962360584,0.013130674757743719
2023-08-30,0.0019439937433561832,0.0013963104028962214,0.0037542849118801505,0.003669647881909915,0.0010001978644441334,0.0011707156990419004,0.0039209116674769635,0.0031870666099878837,0.0034447953892725934
2023-08-31,-0.004446860401674544,-0.002854056048586152,-0.0017972867441538168,-0.003886568038613944,-0.0010952281730263885,-0.0014257612595230704,-0.0013787233926997064,-0.00020045271926042167,0.0018952994309992407
2023-09-01,0.0003776005279009575,-0.0011995888280949799,0.0005892835384422116,0.0017367001107042256,-0.002009177826925868,-0.0018443875352899303,0.0017816099216985562,-0.0018470952959786372,-0.0005550779135228137
2023-09-05,-0.00750750473037679,-0.00884475297780136,-0.0033674299292352867,-0.006067380867126045,-0.00786691094710252,-0.008289531351830871,-0.004092837093950598,-0.006823446822112785,0.0008528201478418256
2023-09-06,-0.005067161182613864,-0.005919723866797029,-0.005536024864259543,-0.005464602845634606,-0.0047624389335819825,-0.004909149179463696,-0.006370894111024848,-0.006925776164973118,-0.005237785424678628
2023-09-07,-0.0019506171513801662,0.0005463171352637046,-0.0029122455422954325,-0.0017254456960211445,0.0026240071752270068,0.0026202102185924427,-0.0029027109905694105,-0.0007489241023601573,-0.004221228786093893
2023-09-08,0.0010334472228399649,0.00022153541171224782,0.0023558933229949636,0.0027674232984218504,-0.0005969561739317706,-0.000631194878233547,0.001439910771360431,0.0012489620580435892,0.0009248158427814423
2023-09-11,0.006114641577237613,0.004707404827040654,0.007472259682330971,0.006521588390916826,0.0021292302452191707,0.0022735239449149834,0.006251460484095005,0.004333618068079946,0.007162773227984395
2023-09-12,-0.0039850122370213015,-0.0037663037261767007,-0.005007741315811165,-0.0031058197096905937,-0.0026251866906402688,-0.0028267713994136745,-0.005251828861097874,-0.0035868535965913884,-0.006796272355994004
2023-09-13,-0.0016174014055408117,-0.0007072201477921207,0.0015611940022702579,0.0006946167310564523,-0.0006690599173029784,-0.0010357261236139123,0.0011253126503722559,0.0014040446336895695,0.0024294677651348516
2023-09-14,0.008093753938073815,0.0058475784352019595,0.008881951561449244,0.011015560403725921,0.0034689365198072647,0.00399556884161543,0.008263731047767658,0.005278252573887437,0.0051279978617392455
2023-09-15,-0.004480868349176822,-0.004336925705983987,-0.00910373097544182,-0.007824737097759916,-0.0027760026589388046,-0.0026528246020765334,-0.011529314842096171,-0.010694057752590498,-0.010516382677883788
2023-09-18,-0.0016761006262234702,-0.0013264769902188941,-0.0006226863891351559,-0.0013481795761402062,-0.0007539864404809928,-0.000792924267176847,0.0005704588114651257,0.0008634004104458953,0.0007235772761964209
2023-09-19,-0.0021952998379824013,-0.0032046754389948957,-0.0008808344520541334,-0.0007587185477332941,-0.0032960591573670105,-0.003357094709366728,-0.0019759093943531123,-0.0034642669176178963,-0.0012284669183759745
2023-09-20,-0.0031046869285856543,-0.003221239568529189,-0.006605594673604741,-0.004875435361623318,-0.0021522773306971795,-0.0021104681502114703,-0.008789548739327937,-0.007368916190284356,-0.00877167022382645
2023-09-21,-0.015358018968041698,-0.01349811969148456,-0.01255006016815533,-0.013364101205087317,-0.010842129525264801,-0.01185952856806376,-0.015803531264229738,-0.0162648609575849,-0.011111880430575084
2023-09-22,0.000865611180086863,0.0020628349186887023,-0.0007747841205760236,-0.0017091231142315677,0.0020712436694893615,0.0019272447587118388,-0.002140210604193519,0.0002444215962483857,0.00016929696369694352
2023-09-25,-0.0029248693217652916,-0.004220515208034402,0.0014288763012428084,0.0006882637407555086,-0.0043582251952119,-0.00445131902405168,0.004029131868999175,-0.0006945837703223348,0.002965431154528053
2023-09-26,-0.011313325230533806,-0.009563820214131302,-0.010611508486701863,-0.011707052369729666,-0.006832835748556052,-0.007578762783085511,-0.01403626980590696,-0.011301449600813187,-0.00903880066650221
2023-09-27,-0.003055594780899662,-0.004530869436489864,0.0005111454224024423,-0.0003042549410305755,-0.005395337617772056,-0.005839669574789681,0.0003909692345060576,-0.0020749756081110374,0.0015005141735013837
2023-09-28,0.005194951338073513,0.005668137955338834,0.005837081003094291,0.005880114116400899,0.004517680123757511,0.004507915346043904,0.005548633028803743,0.005704543997802088,0.0051409281182442
2023-09-29,-0.0009496889830718608,-0.0013341717561630158,-0.0010006233394535158,-0.002362619982436622,-0.001488349144537667,-0.0017550508015332855,-0.0023098487350249877,-0.0017820684469393088,0.0005247433262705385
2023-10-02,-0.008860179159033426,-0.010084249259450197,-0.0018252570020616257,-0.006794412196971048,-0.009535508466038305,-0.010175476190850507,-0.0003704193765941557,-0.004539768402096946,0.005146816213764743
2023-10-03,-0.010994611117042665,-0.010996969227961947,-0.010190090246908893,-0.009600160654299417,-0.009138215039391181,-0.009616920094833921,-0.012781153919418801,-0.014421446684514009,-0.010592213735940693
2023-10-04,0.005590735085171879,0.007053622035421936,0.006114990070101148,0.004099720017074314,0.006886421334579364,0.007008900531270737,0.006963503536942916,0.008707449768496611,0.00830705699322523
2023-10-05,0.0020475465146077695,0.0026409693984857955,0.0007810071130962088,0.002465502608551867,0.0024016744732988943,0.0024163562726671867,-0.00035020417390176626,0.0006136293095547477,-0.0017043811867194255
2023-10-06,0.00855577929105445,0.005119638414353225,0.011166752583103168,0.011068470675448203,0.0013379666403054377,0.0017759275087645173,0.011351086543340008,0.005873265214614083,0.010248374396782601
2023-10-09,0.005415718648409214,0.009447155227991565,0.003577958726570979,0.004146886232712386,0.011477455667884334,0.011995487278060268,0.006128274371924178,0.011289431380652977,0.0031980139773292032
2023-10-10,0.0067488422483999895,0.004341639679616508,0.006623504906269737,0.008263675345042886,0.0013210779287031369,0.0015150899585229778,0.00498531878213741,0.0028566607274162566,0.003471128671920152
2023-10-11,0.007067820463242391,0.00641922984076837,0.004574134997944901,0.003915267434810632,0.005641706808256819,0.006242186346060219,0.003538058455065274,0.005396680650286534,0.004381387015132798
2023-10-12,-0.008928418239239753,-0.010281622211067837,-0.0052300484791973495,-0.00724249671216876,-0.0089250763475901,-0.009235742512592767,-0.0053204520663036456,-0.00894436933980527,-0.0020164922348297537
2023-10-13,-0.0005955974073648992,0.0022585826243286962,-0.0068196718287832445,-0.005439576042556507,0.005573714334459297,0.006362747740930412,-0.004338644293829915,-0.0005651888355710483,-0.007507640988054725
2023-10-16,0.0061033474101825505,0.0031622506572628224,0.008819722465410502,0.009312752636084127,0.00023119673411810325,0.0005169318521046999,0.00924220063938484,0.004593954471364086,0.006881955391060772
2023-10-17,-0.0017764635832970587,-0.004966118269623588,-0.00012041056559210098,0.001421394648666313,-0.005669834225911489,-0.005410053805414263,-1.3649098946248799e-05,-0.0047181195927810515,-0.0018914246405600627
2023-10-18,-0.01106507260509151,-0.009513568299146964,-0.012299828572321102,-0.014488800547520338,-0.005485123560540248,-0.005552360679983892,-0.011658499233500924,-0.011805820399131514,-0.007821794222667525
2023-10-19,-0.006498022502092169,-0.004618592079182785,-0.007933554766220449,-0.008920895171689687,-0.002598884303198707,-0.00278552924592115,-0.007665017809521511,-0.008672895652641007,-0.005523923110639293
2023-10-20,-0.006946005999138438,-0.0035229975604995564,-0.010537883446335989,-0.010556809950647039,0.00019246212594556877,-0.00010295515590927129,-0.010718385621998922,-0.006070370581263101,-0.008823581245864489
2023-10-23,-0.00013150948952620834,0.0006479799924652345,0.0009434524795164339,0.00017079599902121195,0.000372937124041537,-3.378632442178442e-05,-0.00148590424535385,0.000975615578491315,0.0018787315347036997
2023-10-24,0.005955466677854915,0.0046368638998122245,0.004517509469429427,0.0026689109012741396,0.0030471860261900834,0.0033595721602912294,0.006608263972022384,0.006161579258204107,0.0058687907319811715
2023-10-25,-0.011028061729828688,-0.011218981538037078,-0.011299992058354026,-0.006919323397185813,-0.008771329478169287,-0.009018255450360542,-0.01251167794012518,-0.014467114508875391,-0.014514662405426053
2023-10-26,-0.001972726699956157,0.0012704088885507913,-0.010237308314018034,-0.008011566381178243,0.004706021101127903,0.004910364101741838,-0.010414636969275705,-0.004877952343752266,-0.0111718643111036
2023-10-27,-0.0023228583733791103,-0.0010242156521388013,-0.002576651721124799,-0.006787875391930195,0.00024181571960420477,0.0002067010445113041,-0.003918612114577058,-0.0024867807209194843,0.0029021722966903777
2023-10-30,0.006983242353406117,0.004401240651087666,0.00964667224787972,0.01083747744827903,0.0008751317952793178,0.0009655487834130584,0.010430943108041307,0.006733119123125033,0.006701385650000485
2023-10-31,0.001874253228682037,0.0003339595984656617,0.0016413030999942939,0.00016238258646511256,-3.089035910907749e-05,0.0002048668135844639,0.005500717483625369,0.0033667362971055853,0.0029083510280690787
2023-11-01,0.007914492601151088,0.009741524407097975,0.008845577255025371,0.006360274762208653,0.008108927293640192,0.007946398544558609,0.009328336583163047,0.013097430796211569,0.010340869415164773
2023-11-02,0.017109040991157634,0.014998374372171932,0.015032127384348596,0.01650666950747663,0.010725641014954108,0.011606247509086445,0.016762645978959708,0.016520265604258504,0.010884702934571496
2023-11-03,0.011409297956154365,0.012834159477189317,0.00659904091279279,0.0052236557033819575,0.011255690621861913,0.011743195197008456,0.008012830311319712,0.01011396831648157,0.007124097637338366
2023-11-06,-0.002439944052375715,-0.005021063085901941,0.0022657991328426264,0.0017695127988936684,-0.00666525309185443,-0.007056114326836994,0.002042312931642145,-0.001175596835503306,0.0025405354497070975
2023-11-07,-0.0009492075617600387,0.00012294101300592273,0.001151798680384775,-0.0030229010584104763,0.0004018145604171468,-2.9693247527815805e-05,0.0025211095063630315,0.004689922226344071,0.005782986540753369
2023-11-08,-0.00044352978216231735,-0.000733679099539273,-0.00023988650576589444,-0.00084627128662195,-0.0007577737290661868,-0.0010476293329655145,0.0006686157510859381,0.002393591347271918,0.00047407516364299896
2023-11-09,-0.005417073672717265,-0.007234170859765965,-0.0030931505097442358,-0.002423439315349829,-0.00726928659410897,-0.007342191709724943,-0.006003412813524345,-0.009122755502895097,-0.00429506004754876
2023-11-10,0.005611875964475484,0.004284790346270197,0.008190894984991946,0.00437566102206873,0.0019450873250159981,0.0018433707579171691,0.011913703915693078,0.010178982915227144,0.012752627540193042
2023-11-13,0.0002971711893922403,0.0005821915730607049,0.0012015962729954133,0.0031423440428571853,0.00028191150683681246,0.00026742044196681523,-0.0006764748189525122,-0.0008331101276691647,-0.0016803599723432703
2023-11-14,0.02285575112882844,0.02476765093786867,0.014639071298348036,0.015193506281758369,0.02274044514350319,0.024116969586578493,0.014848571533416802,0.01833822317885272,0.012312122025461487
2023-11-15,0.0002740324849532137,-0.0025687989851531767,0.00042952613355399887,0.0005028238438923276,-0.004117641040761067,-0.00392081360264026,0.001671913874704767,-0.0018719441303489703,0.0005223465919896923
2023-11-16,0.0004744425352549248,0.002915326149597305,-0.0011930817352956932,-0.0021709577683852676,0.0048148185665141605,0.004922700910137376,0.0009872199260388265,0.0038252621630865485,0.0005813094707748412
2023-11-17,0.003408294650583447,0.0022610575400305536,0.004847841776004567,0.0075614941510325625,0.000545964680151053,0.0006001156869188105,0.0010031431913697642,0.0010377943070747622,0.00022432090623780693
2023-11-20,0.005201050816393291,0.004357870543422214,0.005192037378087967,0.0033830639877368983,0.0027866373865920754,0.0029371691157091305,0.005953057108413908,0.005404023441893579,0.007069164448093674
2023-11-21,-0.0016388578511079995,-0.0004315581889083437,-0.0014277631550707447,0.00012632071041103536,0.0008561281698861239,0.000963888898298286,-0.0016247079174978429,-0.0008551290660713195,-0.0032558934461620493
2023-11-22,0.0004910423961320525,3.393087255260715e-05,0.0007468535506560924,-0.0003253743952001865,-0.0001637318658457836,-0.00018403989734756127,0.0030138057282091293,0.002287809564491642,0.002442580476304963
2023-11-24,0.0028778148334671952,0.0012591432517423582,0.0035741081423364524,0.006238317615571719,-0.00015287806990964574,0.00022584037946194282,0.0005224947958089197,-0.0017282906129927286,-0.0007204993291804031
2023-11-27,0.0006114819287516033,0.0024902930705065023,-0.001704959583843138,-0.002494454482994363,0.0042392973850187065,0.0043636879598048925,-0.001334950848032239,0.0019305442291219126,-0.0004119144847374009
2023-11-28,0.004638711087665603,0.006310004865537359,0.0017147452414412966,0.0015540848055265119,0.006962617811297303,0.007423399780002099,0.0008095878143169275,0.002413040480308383,0.001596501925569971
2023-11-29,0.0013866192010486206,0.0032127851905651593,-0.0009957762925602858,-0.001232170973174608,0.004412274548428983,0.0044478374902741855,-0.0004915805461864548,0.0016936844831294208,-0.0004710298634238379
2023-11-30,-0.00022456741189488255,-0.0015669525534923363,0.00016270321741412017,0.0017405306271223767,-0.002077576518464979,-0.0019417002819752882,0.003073195961319802,0.0004489754309051904,-0.0013563978402920149
2023-12-01,0.010249608213245337,0.012833933518161027,0.0064112318248018925,0.009270038601416786,0.013623707581091554,0.014549109251780759,0.004596535154190235,0.007562852391515326,0.0017291836886296438
2023-12-04,-0.006519749226543958,-0.008266279349504054,-0.005970843821500027,-0.0057265253390316306,-0.007712167792915287,-0.008155726569484673,-0.003992458034068377,-0.005002106448253505,-0.005249457205847405
2023-12-05,-0.0014765219282581639,0.00016411580161693515,-0.001590690279433734,-0.003647304679826446,0.0010924222887040902,0.0006337632524151626,-0.00010265389330470486,0.0027505881748232214,0.0015281666533073616
2023-12-06,-0.0008006143891974874,-0.0003803288701587522,-0.0026453566537969183,-0.0019954716466302844,0.00035888493112454234,0.00034846278909011054,-0.0030492169739305816,-0.0008332363951368343,-0.0032263350910195342
2023-12-07,0.004568557706600637,0.004039978915266428,0.006986081215380424,0.005393983512980835,0.0025494902268222725,0.0027018536300832128,0.0059088915579350795,0.004142541643921445,0.008080407520529407
2023-12-08,-0.0010126875720646777,-0.004202279510243717,0.002787084272643117,0.0027405525440613605,-0.006354182311464394,-0.006602825379422773,0.0033557763447137922,3.432407270717819e-05,0.002652918710061204
2023-12-11,0.0011829765478095222,0.0004107799463413109,0.0033752512131546286,0.0020374988986706644,-0.0006619685132109865,-0.0009178552079966984,0.0030445530995628634,0.002396722564208087,0.005152461566619415
2023-12-12,0.001999458909073034,0.001719102772533172,0.003987030708388742,0.0034205998893116814,0.0011508259087876045,0.0010683800691591028,0.003569917502479606,0.003655206252940322,0.00484292605130844
2023-12-13,0.015550934218364261,0.0189520922742478,0.009726359004530347,0.010848382860008653,0.021461949236855352,0.021575551034643883,0.010691318316810413,0.014474872453293517,0.007705480518266349
2023-12-14,0.009465004754798495,0.010222492532367868,0.0031833697742863335,0.0035922625669168777,0.01080922657785551,0.010968058385355875,0.002531983592737872,0.0053343898573966955,-0.0004386021376902474
2023-12-15,-0.006341510772856803,-0.006849105524667673,-0.0019039208155284197,-0.002623922054462421,-0.0067897674589263764,-0.007012598223678192,-0.001228047519784464,-0.0013490885781172511,0.002993689248187569
2023-12-18,0.0019831813974183995,0.0012929063583556365,0.004590430198160017,0.004585643739218704,0.00039766669124671826,0.0005345482013348665,0.00440343606966225,0.002538820646160542,0.003882462895560516
2023-12-19,0.006261398925193009,0.005762244481699374,0.005038100318365073,0.005257424892841335,0.004860263803629658,0.005019574839024953,0.0047617757995667195,0.004481882848300812,0.003172103746191814
2023-12-20,-0.008892802692348897,-0.006052747265578747,-0.00972569940547224,-0.010549616469389681,-0.0031872511205442793,-0.0036640297199192996,-0.01071085032869851,-0.006524426303702119,-0.008918084542621663
2023-12-21,0.009015577721864287,0.007987518361612154,0.008055971553425259,0.007723301924267327,0.006012652693513151,0.006197880291829284,0.0073851294642767575,0.005132987928236867,0.007089008914440041
2023-12-22,0.0009003174670268273,0.0009026674589317006,0.0016091228992891411,0.0017494284203525142,0.0011838486195857294,0.0013510266673290954,0.0016056430089447823,0.0008447197816568928,0.0009879021194615883
2023-12-26,0.005041025083619601,0.003919979805244159,0.003945607844637318,0.0034877507617726475,0.003122202765608546,0.0034291089699883615,0.0033230022624138266,0.002833724434853957,0.0037874195919396325
2023-12-27,0.004068959179647621,0.005150580227926988,0.0018014401847165679,0.0016496116274072436,0.00567697288633337,0.0055263077492062355,0.0014509426041920007,0.0042575856487974935,0.001317400310022381
2023-12-28,-0.0008945932096158984,-0.001658716542898014,-0.0007521522203390397,-7.559166384480873e-05,-0.001859501047990732,-0.0017317376936468087,0.0003404169659314319,-0.0013226151942258308,-0.00021213096956193068
2023-12-29,-0.002522857207372867,-0.002184942631665669,-0.0021314626810712252,-0.002053820301175462,-0.002494411944792061,-0.002669928972082732,-0.0022022525296118,-0.0027840949631794537,-0.002544016792275602
2024-01-02,-0.006144434128478372,-0.006514113171363934,-0.00815995365037299,-0.004719653840970339,-0.004783497571382377,-0.0043910507915834625,-0.004296879523236607,-0.004946100195392937,-0.01016674796775707
2024-01-03,-0.00755197215216943,-0.006035275760824467,-0.005580263816790534,-0.005858599556985337,-0.005551732583233144,-0.006134542323474818,-0.006283503569500261,-0.004032240803336109,-0.0062811832927129425
2024-01-04,-0.0012092094399328097,-0.002260944347993948,-0.001990161330173567,-0.002046428243893126,-0.0028738984025243196,-0.0026316380625938905,-0.0024446287582476295,-0.004428797116236475,-0.002997775172807836
2024-01-05,-0.0004346129749799637,-0.0011449404007309485,0.0007244278952229246,0.0009826624233161638,-0.0017421885993632615,-0.0016348597467354133,0.0011070538432136768,-0.0006597714607881452,0.0007939924369656003
2024-01-08,0.007633195472594477,0.006703112365882571,0.011873326165757876,0.011026523870804677,0.00494872060540945,0.00478726634642152,0.011088673610018283,0.010091417123296507,0.012442922201961661
2024-01-09,-0.004500077160705448,-0.0038515453703188,-0.0012679785584097736,-0.0017921162485191125,-0.002639960479013596,-0.002690049848804899,-0.001129706993472435,-0.0011052587415201673,0.0012747629033200143
2024-01-10,0.0015104088824671688,0.0007233434203007583,0.0038860790225313945,0.004176946534131784,-0.00016703229989333622,-0.00014964856254204834,0.004433284208385503,0.0028336088815813314,0.004171948382182205
2024-01-11,-6.286474231986805e-05,0.002145994243371918,-0.0003630450643367089,-0.0005034390001433797,0.003077115503027583,0.0026304637591292312,-0.000375446250559186,0.0019539571887423612,0.001367431786045259
2024-01-12,0.0033790526179824833,0.004829314135579554,0.000988428424678865,0.0006083356560999138,0.005879553265791627,0.005908385427259973,0.0006083356560999138,0.001629660458161671,0.0004024437868111794
2024-01-16,-0.010516453671017995,-0.011456776880180762,-0.004271842696830143,-0.002992479958047252,-0.010469626787549962,-0.010311989843908029,-0.002992479958047252,-0.006033779807761263,1.4923751426192773e-05
2024-01-17,-0.008550648397813469,-0.009434160183290073,-0.004995158999968011,-0.004546565926940922,-0.009739533626996609,-0.00988779308111994,-0.004546565926940922,-0.00513263265610962,-0.00350291517057786
2024-01-18,0.0056709519697907265,0.004760581739201687,0.00800684742680617,0.007362656733977294,0.00290091520403552,0.0029778002366820855,0.007362656733977294,0.004868963604057752,0.009066842435455268
2024-01-19,0.006854192801534684,0.004780573340807822,0.010432405957185649,0.0103215714390048,0.003155252038717558,0.003440610435559043,0.0103215714390048,0.008284966537883416,0.012700093176161248
2024-01-22,0.00015747772823897257,0.0005238553577479141,0.0014286164213544693,0.001784558102221465,0.001034585618014732,0.0009401872649360608,0.001784558102221465,0.002713844314981756,0.0009128350706731269
2024-01-23,0.0008953690960186634,0.000312838576765573,0.002130930818487759,0.0024484619052758208,-0.0005831680307855772,-0.0005123287520380324,0.0024484619052758208,0.0008155752951304847,0.0027365726994662966
2024-01-24,0.0012401177949677585,-0.00024210891904698795,0.0023570321973802287,0.0009408570115960256,-0.0030218002320862108,-0.003296344564110146,0.0009408570115960256,-0.0005320863208233266,0.0036389106229343655
2024-01-25,0.004501760793824104,0.0055868092974739915,0.0030498078527481176,0.004537098059392591,0.006297875735711389,0.006270856703294021,0.004537098059392591,0.005483734660749267,0.0008607596499528231
2024-01-26,0.000713620560414682,-0.00010989999967688744,-0.0007546054780039335,-0.0010160450220890443,-0.0012178161953955284,-0.001155617914789932,-0.0010160450220890443,-0.0016475343091582207,-0.0037597295163162474
2024-01-29,0.004856201556767523,0.0054107259389193675,0.0061394186309352925,0.006593779282206446,0.005773964611121154,0.005765592423712933,0.006593779282206446,0.007864721634472003,0.006651668021510082
2024-01-30,-0.002169694665315058,-0.0020731403625496698,-0.0021779013236649567,-0.0006054617464589881,-0.0020019278863524868,-0.002042909667231823,-0.0006054617464589881,4.678676174967351e-05,-0.004215736487518157
2024-01-31,-0.00679350331360058,-0.0033440054285098562,-0.012880235381799075,-0.013491799243314031,-3.331554263367786e-05,-0.0004983391800043443,-0.013491799243314031,-0.007296241053720953,-0.012517952062397752
2024-02-01,0.010217625524939798,0.010396492199813933,0.009625441747181267,0.010855726689889867,0.010069060612819317,0.010203963877452756,0.010855726689889867,0.011355100438821415,0.007592556089032237
2024-02-02,-0.0034628689275184783,-0.007446153964490166,0.007173511910989059,0.008757755792890166,-0.010581552367688618,-0.010286953364623111,0.008757755792890166,0.001256471496909809,0.010908265578442692
2024-02-05,-0.006121056863120818,-0.008041868682412393,-0.0030047067620583095,-0.002986321026848641,-0.00970946874371179,-0.009631775388305727,-0.002986321026848641,-0.006656501773332457,-0.0007672001936519517
2024-02-06,0.007753360693482066,0.0084167318955855,0.0024780077350519416,0.002443831126584947,0.008053894693541813,0.008025584182289523,0.002443831126584947,0.004239016017126812,-0.001218832157509539
2024-02-07,0.001079168876892834,8.08696426206569e-05,0.005102869624251267,0.00695628777638225,-0.0007985370912262431,-0.0007294623921091916,0.00695628777638225,0.004792499292518851,0.006700837154951837
2024-02-08,-0.00011592101915900131,-0.000994997749695122,0.0003631424527288552,0.0004026201243414087,-0.0009620837805678934,-0.0007266775513382318,0.0004026201243414087,-0.0011236306204792962,0.0012711574014680192
2024-02-09,0.0021610855528840277,0.0008235789224053931,0.004765989577654641,0.004837832938598588,-0.0005635254021170691,-0.0005407886948605686,0.004837832938598588,0.0030995134266257806,0.006438785425718113
2024-02-12,-3.3063430359026036e-05,-7.5802826016158065e-06,-0.0021100639918215647,-0.0007770411407751476,-0.0002234514284368272,-0.0002848156656299894,-0.0005979909282008977,-0.0001675545036028403,-0.0029470223494414416
2024-02-13,-0.015718252015514172,-0.01653833497245169,-0.014119997160007218,-0.014126092884724287,-0.015749795979009294,-0.015586996388622074,-0.013694948903747253,-0.01705304080413292,-0.01152154532982281
2024-02-14,0.008318500607789709,0.007830134150500177,0.009629717807994606,0.008745565931180008,0.006123668873952109,0.0059366281585699595,0.009037485159576924,0.009261169626980283,0.008109203339558916
2024-02-15,0.008486948258587038,0.007772188569973783,0.00574432458777911,0.007057560503085677,0.007455536701985154,0.007711964135290385,0.006862212163832994,0.006963512849972253,0.0022613112990568477
2024-02-16,-0.0016904319609608036,-0.002499914884389212,-0.003462778662427655,-0.00460983411854005,-0.0033616069095066515,-0.003171473723713427,-0.004951179766097576,-0.0064279103942063,-0.006671292790177278
2024-02-20,0.0007690869716065016,0.0014159825783294317,-0.0038294354575592786,-0.004973564087365614,0.001815500226765649,0.0018283585947869506,-0.005473351854092724,-0.0036157687975107823,-0.005530352857106869
2024-02-21,-0.00012710319064788747,-0.0013207994273911868,-0.002374425051835926,0.0008719856068174029,-0.0015343348057061425,-0.001263407495131545,0.0009018671759508741,-0.001076811611223156,-0.0028997989785742176
2024-02-22,0.009893781154732287,0.007299734523967606,0.020139112872570315,0.020015500005874164,0.003860993282819298,0.0038468297872937094,0.020580302489806333,0.01668012670445001,0.02164878797501138
2024-02-23,0.0013749280097958138,0.002108352820780303,-0.00013508205067622438,0.000988210310111994,0.002630957536717527,0.002591321208578162,0.0006869913585582192,0.0029028390682549064,-0.0021339390367902185
2024-02-26,-0.0032900827275857184,-0.0035812662693609654,-0.0021527819038515443,-0.003676075574357521,-0.00379166016197861,-0.0038305853118000563,-0.0036411924745798708,-0.0038355739211554983,-0.0003365621635263417
2024-02-27,0.0009978359958418904,0.0002829909623000506,0.0017314059797842196,0.0017274119752780375,-0.00038196206039161707,-0.0003163476277311531,0.0018485735949716252,0.00023061658712840888,0.0018398514934704919
2024-02-28,-0.001971552206151683,-0.000617476665470884,-0.004513402973333676,-0.0011786720773236175,0.001694869309987791,0.0017327983465494402,-0.001313160951669804,0.0007658003740215849,-0.003900799700807123
2024-02-29,0.003985896629899919,0.0037741898215699994,0.005575032336589865,0.003769156905087071,0.003763109927482159,0.0038706350684145387,0.003576324930593548,0.0038949513803068904,0.006410454386021452
2024-03-01,0.010171983592583884,0.010378343873417331,0.010206884254628984,0.010171568446425108,0.010291356730543533,0.010481207105862714,0.009337630841289104,0.009924123652570366,0.011245606394769717
2024-03-04,0.0016595104381750016,0.0007538422841706232,-0.002313950119407259,-8.868152133822511e-05,0.0016480620021330564,0.0022808896025242123,-0.001065461610956905,-0.0021237345577471427,-0.002608414059762272
2024-03-05,-0.0049160417852807765,-0.002321679989995434,-0.010596938767923687,-0.009287095217781894,-0.00010825870288221838,-0.0003128724307941543,-0.009938242235240747,-0.004920296031092541,-0.013325687792398894
2024-03-06,0.007111681612900819,0.006181865457915436,0.005736492218782965,0.005378232354108346,0.004954951462617922,0.0050764658020221575,0.0050403125204715425,0.005286135002929804,0.004716454649170418
2024-03-07,0.007811162099702911,0.007175656094717092,0.011475832871431592,0.00990685638298979,0.005356936500296465,0.005265342652888262,0.009873039078563543,0.008795989394810484,0.011332525497042676
2024-03-08,-0.00122384891027287,-0.00021238339816292355,-0.008137809827259009,-0.005277459358676168,0.001933502037279566,0.0022445263833779667,-0.005968377565028645,-0.004528723757049189,-0.010713104141247952
2024-03-11,-0.000762135577437351,-0.0013540894722510774,-0.001354245419361391,-0.0007213332239635337,-0.0017558382687171937,-0.0016395674425332624,-0.0008540276022338957,-0.0014443206313988362,-0.002704498418208653
2024-03-12,0.00409225353587578,0.0013783367272354671,0.010872249940141047,0.009677082379623099,-0.0020638739892989075,-0.0021450689597397057,0.010699667202237827,0.006395317094045696,0.010695838134604537
2024-03-13,-0.0008705840921604535,-0.0013109999947054085,-0.002430785033366689,0.0006555540052906039,-0.0010921103542756994,-0.001029760690544279,-0.0014775008235691223,-0.0025346844316760375,-0.004875415096399882
2024-03-14,-0.00668377859242849,-0.0075231011910917404,-0.002318690947220128,-0.0034124674646278186,-0.007299561500310609,-0.007659299418052226,-0.0017395082061964873,-0.005614840854135047,-0.0015037839563398878
2024-03-15,-0.0043713340967203125,-0.004602559790039638,-0.007189648004461554,-0.006478308127078252,-0.003652024002011977,-0.0037931191406499302,-0.006097456184211381,-0.006507181792502523,-0.0073749077086642115
2024-03-18,0.00131179727310521,0.0008051856901470972,0.005779794134211507,0.004860330873771447,0.00035463645865095003,0.00043906550761427346,0.005316447934434803,0.004059025756540219,0.006032973945577917
2024-03-19,0.0011724489479539941,0.0018036926325941205,0.0026748523165890975,0.002351899704285704,0.0016975726157948564,0.0015869668776433725,0.0049755055212223325,0.005921032590094416,0.001639867124875742
2024-03-20,0.010056538062501567,0.01017994024354247,0.009631432256480287,0.011951630554914734,0.00821322821154881,0.008723035311419866,0.008270377410590023,0.00859718992878417,0.007512062787390625
2024-03-21,0.0019374156477012861,0.0013751258354785028,0.0026903338059021905,0.0016438963516732354,0.0009745324378736076,0.0011079860402889692,0.0029723851862603853,0.002631817778176932,0.0030580227499180696
2024-03-22,-0.003242600260294004,-0.001977225906665013,-0.00167561778976309,-0.004808385607803884,-0.001580927467557341,-0.002220080149331461,-0.001669949354655221,0.0009625245163358621,0.0007993257054172611
2024-03-25,-0.0011906563743114185,-0.001757488703742631,-0.00168729148152161,-0.00022883993405282792,-0.0018954649057007565,-0.0018710071628860437,-0.0024436705653536036,-0.0036972841688313186,-0.002211789418689685
2024-03-26,-0.0002555135025627312,0.00016725703517832616,-0.0012085635000664311,0.000288553829639111,0.00044130785040823054,0.00042657592047917926,-0.0016255323685828093,-0.0007825770767028509,-0.0019617342204102067
2024-03-27,0.008180828912341273,0.008186055556402193,0.005515493871342423,0.008059361887843243,0.00800386256341712,0.008721736118889796,0.007520369614379504,0.00868283229663507,0.002221247561128456
2024-03-28,0.002386811671306705,0.001797386003767944,0.0016108349870667816,0.006140266621488061,0.0021290753936640213,0.0027396420685407907,-0.00014789397357587645,-0.0007363418779634054,-0.0010832100533148235
2024-04-01,-0.0023036986076960305,-0.004523011339814038,0.001993937436297631,0.0046138353605423505,-0.00544351056301768,-0.0052514409198953,-0.001531214024688769,-0.006247263113351714,0.0014106004816262995
2024-04-02,-0.0030700135262061792,-0.0017448869590191316,-0.0025807230690890713,0.0034029362697546597,-0.0002545623089045306,-6.627521127374256e-05,-0.005653464239594019,-0.006334531284374029,-0.005358756559231914
2024-04-03,0.003749596253759136,0.004017595212394334,0.0028244770516971025,0.005301112249390362,0.0036580311374140267,0.003947824290363901,0.0010025019044081283,0.0014246268866136933,0.0014870269148418733
2024-04-04,-0.00685382422444293,-0.00472967146057926,-0.010707142029858471,-0.010608381670078321,-0.002347566650987521,-0.0028321549458916804,-0.010867581667848814,-0.008118752626537946,-0.009529653833767589
2024-04-05,0.0057654271334460095,0.003110902521428571,0.011020383617079504,0.015210491798584013,0.0015266106442957574,0.0024154981710648956,0.00933079986928008,0.004776159319891183,0.0074397120938057525
2024-04-08,0.003875348004296304,0.002171348406715251,0.0014983014065714523,0.0035151761737380236,0.0013850865769982773,0.0019199455822152673,0.0005216097069091429,-0.000821595464243904,0.0002633764994990132
2024-04-09,0.004084023575171029,0.004702246337751119,0.002759790446771615,0.003850019717091605,0.005157103877697749,0.005528884090544371,0.0010545987683965557,0.002949631313086281,0.0023991316188571024
2024-04-10,-0.01527428486154494,-0.018056384112118656,-0.008337124958903878,-0.010664806605617163,-0.018224339608666665,-0.019093914221651343,-0.008909917562585915,-0.015175640697580152,-0.005404768673145141
2024-04-11,0.006654621171085934,0.006891335694814366,0.011921453357906111,0.01565431767298594,0.00645395638060716,0.007184360404051153,0.0067479581875965295,0.005292707222206103,0.010076206420810386
2024-04-12,-0.01395212218115971,-0.010841647411271138,-0.013978473039780837,-0.014321220680339364,-0.006627756778275318,-0.0075221918944206045,-0.012229320384527287,-0.008679578170896818,-0.01002443941344
2024-04-15,-0.00602627102054549,-0.005184139503012616,-0.0014785746007811402,0.007818342862494021,-0.0032261718198339537,-0.0029622615621362784,-0.011075478966510142,-0.013075159876638685,-0.010280333908026441
2024-04-16,-0.006443284836548958,-0.006475479815798793,0.0001768855065306337,0.00028734296154895775,-0.005267788478316082,-0.005499009729694099,-0.0015891940821559454,-0.003548886472770292,0.00013685673906924103
2024-04-17,-0.002715476255486181,-0.0009772561016496836,-0.008457378014288756,-0.007437773694149198,-0.0003359656442259624,-0.0008613405150754557,-0.0052100789066249955,-0.0013041841432728308,-0.007555440310374752
2024-04-18,-0.0010676054945161619,-0.0017201077731356842,-0.001161865259412427,0.0013826522497009013,-0.0015329404464933056,-0.0013639430580640207,-0.0017942289776880142,-0.00350454075611425,-0.0034739858890601685
2024-04-19,-0.0025277117498913853,-0.0014339829130775728,-0.0080115778862962,-0.0015974402926439571,0.0002719167695850159,0.00040309645591776565,-0.007687839949974252,-0.006102329602470222,-0.012775878490529432
2024-04-22,0.00500081043766972,0.0031251173948433917,-0.004307804861254512,-0.013642262850553857,-0.0004176083014902665,-0.0009754935279945971,0.008153278333146344,0.007056730939476209,0.006279135185519045
2024-04-23,0.009390727394816625,0.00797962636540077,0.00680696189268602,0.00271245761110658,0.004954554268013859,0.00511693470911781,0.010509731410781046,0.009753659923496843,0.009313118982400463
2024-04-24,-0.00033144205294013073,-0.0013121283800371932,0.0004720447018258213,-0.0012089841493208532,-0.0016328017309085467,-0.0015961232234772784,-0.0003956523324492518,-0.002045458925383426,0.002187299951034224
2024-04-25,-0.0007018546200794399,-0.0013901019153422572,-0.0002425661516840631,0.0025758024742363653,-0.001759490191072805,-0.001606630211934149,-0.0033365991766212523,-0.005019736113119787,-0.0029288449966701855
2024-04-26,0.00788252068351674,0.006770917088647536,0.0087627102546952,0.005888558665830428,0.004203276938823075,0.004361654175359528,0.008402284837961576,0.008696262393149695,0.009673750542243268
2024-04-29,0.0045578865847089355,0.004326570734807242,0.0014253691313555483,-7.532516182571056e-05,0.0035420671312739456,0.0036574441168773348,0.003159250639263559,0.00478416234377345,0.002617661694573653
2024-04-30,-0.01569826691500275,-0.015109849071019551,-0.017596145527731925,-0.019242256017973653,-0.012591489132147086,-0.013592048834054042,-0.014004521067246374,-0.014770954888141941,-0.011727828260247751
2024-05-01,-0.00014322163417175262,0.002359729738136062,0.00011765291724217062,0.004668045925656974,0.004121285016897113,0.004245685122602724,-0.002845802319385634,-0.0004905407947001412,-0.004414864107160858
2024-05-02,0.01202572339468435,0.011192471885029226,0.005340059036241566,0.0014485718236914062,0.007842887671744347,0.008043157735376167,0.008288946681940374,0.009622432646034622,0.007991764510195828
2024-05-03,0.009566758034918786,0.009352210542765216,0.009576150824597524,0.004363807387816513,0.006910065163053021,0.006983639052829719,0.010988149271793148,0.012399529251584683,0.01259683010264174
2024-05-06,0.006578713381236737,0.00547369734643069,0.010050398419764477,0.010795499688839805,0.0037990859974628938,0.00420588304460908,0.009170892819881721,0.0083319922580813,0.006950726352087941
2024-05-07,0.0017121228137260685,0.001331579428421397,-0.0014393149608027788,-0.0027272157751319637,0.0012484949593712883,0.0012750463713953526,0.00100231455850307,0.0021286785085420368,0.00017814325300613413
2024-05-08,-0.0010464568838406707,-0.001669036241088802,-0.001290273623041674,-0.0019687026961098812,-0.0025399800577836913,-0.002752237820081742,0.00010950061428000038,-0.0014584475961742667,-0.00029403495701933724
2024-05-09,0.009134652628138723,0.008868584114392892,0.007818178225369614,0.012375633375694198,0.008516025497190353,0.009416032092718702,0.005133690924111386,0.005949203398018965,0.001451891745111966
2024-05-10,0.0017316606812929959,0.000415498719987706,0.004191797449561158,0.005931200989734754,-0.00040663388452646883,-0.00011017313968196156,0.001166898843493956,-0.0007556948949089834,0.0015641908503967138
2024-05-13,0.0005165940480928999,4.2002425062248605e-05,-0.002989468922476979,-0.005906374097633282,-0.0007144941531324056,-0.0010151960858637565,0.00011204955121102422,0.0005913632321150608,0.0014316675906032028
2024-05-14,0.00679213220920803,0.006909616102817413,0.00607627957347682,0.006759682233386885,0.005858919213888478,0.006263846232957821,0.003950299778305742,0.00483411534434011,0.003933915956712028
2024-05-15,0.012198383938245115,0.012777735224334681,0.012385606854937439,0.012283095350589494,0.011004074671285143,0.011620049559977443,0.01061598149627487,0.01297773428924797,0.009461784777346825
2024-05-16,-0.0025149330625041616,-0.0032232306423039866,-0.002425092408505532,-0.0027590640877382337,-0.0029870975604053265,-0.0030823491563019196,-0.0017315599738561016,-0.0025567633918032015,-0.001142722289539738
2024-05-17,0.0029438437632566413,0.0020680371238972575,0.005685704948734631,0.008657569232227715,0.0017043824653743024,0.002314869293587857,0.0012609805903065893,-0.0005273790816574657,-0.0002098755449059622
2024-05-20,-0.00042001195698224706,-0.000911146462859552,0.0041117335103468934,0.004587082474661312,-0.0009857830487820028,-0.0009531466314557737,0.0010167846194375496,5.826959499438664e-05,0.004287719119849808
2024-05-21,6.210961476119872e-05,0.000557474090133973,0.0007017317249009706,-9.024324452836325e-05,0.0007272467855963388,0.0006142550377134994,0.0021305843793620223,0.00305875786893841,0.0012659276674144304
2024-05-22,-0.006925132489455212,-0.007524145046908644,-0.006851064171815961,-0.009902708018863855,-0.007178366892708472,-0.007949218281564852,-0.0024365078435491213,-0.002860851735574594,-3.613372727302697e-05
2024-05-23,-0.010573794330721682,-0.010673876414947445,-0.00973063405443113,-0.012155069733463121,-0.009999386907961205,-0.011093612297954152,-0.006223649743292599,-0.007302829244789693,-0.0026375529935611774
2024-05-24,0.0051018670813142665,0.004454857198912012,0.005067817446577665,0.003839841521369746,0.00264488483445945,0.002714477562661844,0.005689752755070985,0.005550134827783969,0.005792602820704791
2024-05-28,-0.0007094438981050567,-0.001931007440000065,0.00501774630991031,0.006893901219569166,-0.001969074986351427,-0.001669416315914457,0.0006283030725157374,-0.0023084975928876657,0.002372055940912851
2024-05-29,-0.011193642854071794,-0.010826552744283967,-0.00701426050643242,-0.007373274671956163,-0.008176479614176757,-0.008706063261488955,-0.00596459352288877,-0.007746195854524858,-0.004193689497635506
2024-05-30,0.0023055877037380895,0.0034461969217950057,-0.0045535088787842445,-0.002752421240620806,0.004434230414616596,0.004687262880928344,-0.005642855904573147,-0.0025916483574168654,-0.00639858356982575
2024-05-31,0.004316713344707225,0.004938143430305698,-0.00083020725872595,-0.0037309547241056993,0.004712490916498088,0.004829356638210475,0.007812512982117985,0.009103818481306874,-0.0010367884052149736
2024-06-03,0.004012352303026681,0.0052208074360849,0.00509185579137672,0.00662023676282294,0.005093241144679584,0.0052155216182191615,0.0007283394468787267,0.0038016691491240466,0.003316697532117804
2024-06-04,-0.0019345310269508885,-0.000770816921484162,-0.0017615768797807788,-0.0037714027750642737,0.0007217815945962625,0.00045104244832384124,0.0009871464208264537,0.003501106507760247,0.001735129162047447
2024-06-05,0.010596048726542134,0.010111944190389303,0.013622438426048607,0.013369622867564067,0.007213865472606754,0.007574586406150608,0.010200577773653565,0.010633839336731206,0.012255717866950693
2024-06-06,0.0026974762523699907,0.0024331210108211303,0.0023365327865336556,0.0037915789483500013,0.001988760522219948,0.002285112753247965,1.4302867092889914e-05,-0.0002863748467614414,-0.0001267682225343928
2024-06-07,-0.012999964350869826,-0.0160443054450536,-0.012397373188545467,-0.01912785776790952,-0.016013916791655643,-0.01716286989257609,-0.001011457333173395,-0.0061912797968827725,-0.00045467570551448107
2024-06-10,0.0025230433011786636,0.0021235357337106592,0.005103315207218285,0.006238112715347046,0.0018220516277107084,0.0022222133489055193,0.0026782276573923437,0.0012019870473824075,0.002539677417438668
2024-06-11,-0.002036510880015104,-0.0003068678451093151,0.003962764010820077,0.003976416304769556,0.0014448829137267603,0.0012987350880286545,0.002094663162800502,0.0043495478795324265,0.004262528566094457
2024-06-12,0.01006001588340899,0.009879571966632472,0.00761066318906467,0.00629871096664969,0.0077610603597702,0.008007392095148225,0.007533276001866707,0.00894966278168452,0.008958867151011685
2024-06-13,-0.0026126808487526637,-0.0006514624854282397,0.0012172124032062154,-0.0007144271381579645,0.0011873407324580942,0.0008124831338214148,0.0018761624876641378,0.004784015952771622,0.0037919274648941658
2024-06-14,-0.0008371915551443923,1.618285420259603e-05,0.004296828537348292,0.00702261940583537,0.0017288424072902566,0.0020595938522325642,0.0005783163529666223,0.0015686314712400826,0.0036332623927641684
2024-06-17,0.0033422456173514002,0.0008851394417251021,0.0062211549507900045,0.003280002338724219,-0.002019803350233857,-0.002094923178450655,0.007370180579117165,0.003588131441674566,0.008512537551068544
2024-06-18,0.0041420500754125525,0.005026256628506465,0.0017107415132353672,0.0016524147561139974,0.004817018621800171,0.004942199490957639,0.002365112802530147,0.004036599006565697,0.0002794270568469414
2024-06-20,0.0004144268805781666,0.00022949262760490186,-0.0015073562950048084,0.0013811010322123147,0.0004205305596231798,0.0008013511981391219,-0.0024959724196542228,-0.0033878239390837082,-0.005269064069001534
2024-06-21,-0.004438147876278367,-0.004178067567382531,-0.0040879030715477395,-0.006872352606945318,-0.0034754079381757756,-0.003974063266998033,-0.0012234658841544595,-0.0009725912876026219,-0.001784096589736862
2024-06-24,0.0019946490944790377,0.001984577888502869,-0.004444697187045581,-0.00330421413497601,0.0021056397051376166,0.002393377280735886,-0.0029887677411531465,-0.0020977403546243696,-0.007786700711633439
2024-06-25,-0.001199835946229657,-0.0013286655378308802,0.0045188504688093885,0.0029891101228852013,-0.0020376663275966387,-0.0024739800327979915,0.0035748128874173563,0.0032695305399455888,0.007925525474601833
2024-06-26,-0.004141941355418168,-0.005525367120191628,-0.0003977455354422848,-0.002497668298400134,-0.005885140550170554,-0.006143504298438946,0.0011697417441158945,-0.002147238562055776,0.0014900954368521281
2024-06-27,0.0030622309106243992,0.00350222667527554,0.0034277661227539702,0.005307918234347455,0.004472961422399342,0.004980002578045781,0.001473627886863174,0.0022476859539103363,0.0018470973878415018
2024-06-28,-0.0008639866875479679,-0.0014796802248262214,-0.0031688795054344303,-0.002121397726276333,-0.001123476097611972,-0.0008985869519673778,-0.003622468368600848,-0.005700541839109666,-0.003519124395632919
2024-07-01,0.0003714732539653794,-0.0014892728463658145,0.00326392083799445,0.003486482501286691,-0.003200911428438105,-0.0031607927593368707,0.0019184314639254488,-0.0022236527758542394,0.0041090057317228045
2024-07-02,0.003455079722381055,0.0037442032632034423,0.006080585934278324,0.004472153244881812,0.0033541324144419488,0.003395398982927481,0.006236711122070661,0.006943325815298231,0.0073165114664357446
2024-07-03,0.009036386664590846,0.009717089404426345,0.006479234925093249,0.0077499052580541515,0.008109167140957572,0.008377373712962486,0.004143277670293245,0.006640900657770262,0.005840731876288238
2024-07-05,0.00745779568372428,0.008546172499987216,0.008070051143479187,0.00947560282566882,0.008090567138657221,0.008475520260207372,0.005350534130170266,0.00707449295337616,0.007305893372846545
2024-07-08,-0.0018014033408842488,-0.002241532728325984,-0.000872902512332164,-0.003548433916774792,-0.002418457217483531,-0.0027497704522118326,0.001083796618920314,0.0009703758205576337,0.0017208270453254709
2024-07-09,-0.0014501785196394767,-0.0016763192666410986,0.0009644865075490712,0.0010379485431774992,-0.0012267493840485008,-0.0011665222474707862,0.0009156808712566655,-7.664462996481554e-06,0.0006666058074709252
2024-07-10,0.007927375013447126,0.00687319886474407,0.007832950865475528,0.005864590014552772,0.0047293230033559385,0.005061020025450259,0.00917532389151882,0.00793382144793795,0.007333818571020655
2024-07-11,0.004965897910724388,0.007375586398452853,-0.007825723512744418,-0.002892920973038191,0.010353859007349855,0.011323143692103847,-0.007971735722286091,-0.0035067010582767334,-0.015274556406642886
2024-07-12,0.0059165085713134575,0.006008928124535948,0.004194872265443685,0.0022909813087520956,0.0047747148726622075,0.004879241151352139,0.005854465270626858,0.005763896965232601,0.004145098141402612
2024-07-15,-0.0027421762800385885,-0.0028123044709615908,0.0023386991592928563,0.002019796063687407,-0.0011509990321277863,-0.0009042263189273925,0.0027820109989271646,0.00026349960217619817,0.0019342051980002495
2024-07-16,0.007425300436884854,0.007357325524477444,0.008644817172487704,0.011228153854515723,0.007528026535928463,0.008398622506069407,0.00633077638588895,0.0075427025696799795,0.0003304012510319189
2024-07-17,-0.009125162940710098,-0.006947812897505741,-0.015107039846827134,-0.009543543029969678,-0.0032313933771458123,-0.0033555607004387535,-0.015021526732702286,-0.011701264488109361,-0.020380173550116443
2024-07-18,-0.007918706771585812,-0.007518898416373283,-0.005538818779784299,-0.005324941315356808,-0.0059281127151417715,-0.006335295532234959,-0.008249783168009872,-0.008348130520536793,-0.003200699668718478
2024-07-19,-0.008577761030840816,-0.00839956824669439,-0.011215338239778242,-0.011729493330462871,-0.007146200636979464,-0.007766150683466612,-0.007135280615779327,-0.007652875230846991,-0.006041616471297159
2024-07-22,0.009632626512524601,0.00710159062783321,0.007460624269262375,0.004358479967621306,0.004000546860470907,0.0043519353063573634,0.011037618063075662,0.008206531484286362,0.010300945787361208
2024-07-23,-0.003688063178893617,-0.0024875140703019814,-0.00025348601599888904,0.000976802298374028,-0.0005334608097599824,-0.0005249539772131306,-0.0016987227706703242,-0.0010340827514219693,-0.0023677923688911126
2024-07-24,-0.015900618618304288,-0.012202685419389177,-0.018596238674333274,-0.01145291441967162,-0.00752687395666028,-0.008124258156534617,-0.02430497875036632,-0.020925762326284986,-0.024662936518238244
2024-07-25,-0.00525621617991973,-0.004280974875220124,-0.010854665995992007,-0.010622310413305166,-0.003659831271003521,-0.004309471147966619,-0.005611738279985976,-0.003281719199528853,-0.0074484121349406305
2024-07-26,0.013454029519460956,0.012468565717900294,0.009764844500109542,0.00895305050969073,0.010042270096031135,0.01076220587204374,0.012009474293098697,0.012326446695835578,0.007030448628635747
2024-07-29,-0.0013450164911641815,-0.0010280134591843777,0.0003132124110341856,-0.00026857339164054533,3.436733531732316e-06,2.130024080509047e-05,0.0006125527309476153,0.0013843659361670905,0.0014349401589212186
2024-07-30,-8.92038115814353e-05,0.0007991219731977397,-0.002082569646577063,0.0020979326854624163,0.0025565645319023033,0.0029753450017978183,-0.005454869439862466,-0.0032156084124862587,-0.009292169432530212
2024-07-31,0.015138387793007484,0.015001251476410408,0.020476578093576833,0.016735564312384967,0.011403631783260947,0.011847323091578519,0.017430774003374137,0.01813733188985685,0.020146451995502218
2024-08-01,-0.011863379398139676,-0.0075007421870355835,-0.012595316550026941,-0.007973033774828156,-0.0013818681170240283,-0.001572921570140955,-0.015201605371348723,-0.009699290003847713,-0.016520955079774562
2024-08-02,-0.006922739320609026,0.0012816937196592913,-0.012559379244713759,-0.007791933482701198,0.006772240066191629,0.006095257229225533,-0.02000230467998834,-0.006735900748912907,-0.01606039207690358
2024-08-05,-0.02423750468713555,-0.01946866016569851,-0.02071173564248978,-0.01602025542183299,-0.012860328021512627,-0.014146836474393588,-0.03132277488479919,-0.023947325333866905,-0.020032287749072918
2024-08-06,0.003949487851561812,7.722823431594543e-05,0.0018633421981778034,-0.0011856967348083988,-0.0019043185142807247,-0.0014954417054110255,0.009913141882573383,0.0020490450937668226,0.006445612882774714
2024-08-07,-0.002266712198952158,-0.0027825326380508625,-0.0052572203576660695,-0.0030822323552558567,-0.0031018787693138485,-0.0032079708721614404,-0.007214471673895278,-0.007959870546315778,-0.007181745369486281
2024-08-08,0.01737563375277736,0.012853470660763226,0.021007672580582476,0.016666079572782662,0.007480212015499263,0.008451166563066612,0.024881806060716622,0.01750379677588006,0.02047262735258315
2024-08-09,0.005004355551340753,0.004542140379124455,0.0036109086877056094,0.0028480417553194025,0.0035232097216244826,0.0036856998265094683,0.004723353445565617,0.006079204159330911,0.0035851801432098423
2024-08-12,0.002665507192678891,0.003576746167797896,0.0075269324826159065,0.009363029979740875,0.0037712159070864633,0.004100479391841778,0.0005462689466180322,0.002023184377437845,0.0015200626168002914
2024-08-13,0.010324850536712171,0.010328667771476896,0.008527590227076498,0.0018753868280450003,0.0078096134399427974,0.007950842840896755,0.01162770468383667,0.012921469469584945,0.012205032919631487
2024-08-14,0.0003307239899686003,-0.0001232997502856061,-0.00163606911999217,-0.0035627306986409117,-0.0007391370209442916,-0.0009385375450133538,0.0023537355312264765,0.00273417239064051,0.00026518425220055744
2024-08-15,0.008049331064545761,0.004282730280491401,0.01041295792232738,0.004597767800994679,-0.00028887185401744043,0.00012188810929741396,0.012549392926845282,0.008906185286968899,0.012763736273149907
2024-08-16,0.005484163039383028,0.006493091942376449,0.006780317667291853,0.01181890367469023,0.006810711165294734,0.007466662452188717,0.0016968102093660757,0.002389744605764901,0.0007538090228093587
2024-08-19,0.00696938375637688,0.005752383405746804,0.004679270227134534,0.0008671471950500447,0.0034762571111045487,0.003688810805581242,0.0070596964131258285,0.007176877828165115,0.006769036605202581
2024-08-20,-0.0016438745888670886,-9.861649827528683e-05,0.00023079606891124037,0.0016603730077032802,0.001781683598746387,0.0017080880241044294,-0.001139900753095965,0.0006118466768509483,-0.000971932504274879
2024-08-21,0.0046534678197085655,0.004886717594831854,0.0015111582274470441,-2.6111194543596857e-05,0.0038336937232585425,0.0038832764111039254,0.002576880704943829,0.003253640349329968,0.002479485192304073
2024-08-22,-0.007107987774163558,-0.008193260704745287,-0.008842044026179573,-0.007427090355889962,-0.007320080758455087,-0.007583741177298065,-0.005712247504582862,-0.007502141733726705,-0.008007661839707112
2024-08-23,0.012839306222220383,0.013722818817627137,0.007776682494051617,0.007793224936965419,0.012523882000724802,0.013323338685893063,0.007843754587480775,0.009370696648764337,0.005602026686682903
2024-08-26,-0.002703046949531869,-0.002808416009003288,-0.0021752121181617705,0.0012811666495813538,-0.0018707829519650358,-0.0017776380158106685,-0.001698688591809814,-0.0022260868347588106,-0.004851488821373428
2024-08-27,0.0022712484821216924,0.0023219331785514987,0.0018415793045279674,0.0016885032466910106,0.001854870255168031,0.001973910334463196,0.0010624427741859144,0.0007371427472238498,0.0016156603840872942
2024-08-28,-0.005158525597878258,-0.005038248391385381,-0.005899490697344376,-0.004546300798755418,-0.004084714924184263,-0.00443276357253283,-0.004212626937922556,-0.004281918936678868,-0.005667235438552797
2024-08-29,0.000703088259032252,0.00044009550693546924,0.001078953099201964,0.002729059349471777,4.6451636899032435e-05,0.00018145302483421857,0.00011946277154653299,-0.0007436116340432053,-0.0006396647350882707
2024-08-30,0.002906407983952014,0.0015147124557456525,0.002798859061438318,-0.0019469552658928184,4.523693389670575e-05,0.0001210821118653411,0.0070572199823618065,0.005031528817989234,0.006117217094791801
2024-09-03,-0.01223891364637135,-0.009494677559428065,-0.012648835709780894,-0.005731118805811363,-0.003934184816186477,-0.004398610256428567,-0.015082425382684433,-0.011451685325544615,-0.015317041816973903
2024-09-04,0.000605489866344281,0.0027003726976609337,-0.0007838307201025983,2.274035564754184e-05,0.004070036957629466,0.003958243335502645,-0.0014431547279515034,0.0011741116928391296,-0.001198974625813233
2024-09-05,0.0007892105066408271,0.0013357227717851914,0.0022682613199427287,0.0039072752440133555,0.0018765739954306009,0.0020142954436083204,-0.0017241593493144988,-0.000648390573730584,0.0005659197445528028
2024-09-06,-0.010850145164305082,-0.008276672102110359,-0.01177989688844015,-0.006605666109863384,-0.00399365078598388,-0.004501344533600107,-0.012239390769107473,-0.010931570226978223,-0.013280313589989007
2024-09-09,0.007288203428690078,0.006495380545388459,0.006305258678602584,0.004108594934715501,0.0049802106219089945,0.005416366160919491,0.008193843724518486,0.008249291118143987,0.006435565007047942
2024-09-10,0.0025237868622182426,0.003483824642079279,0.0044338529934086195,0.0030618922913963225,0.005036831608400239,0.0053665675496409266,0.0032291182261664038,0.004878647322419876,0.004680710525591886
2024-09-11,0.005307768592986388,0.003456089137164075,0.007060406584813325,0.0009885899144360276,0.0007060298943325083,0.0007429895759490655,0.0075425276533735135,0.006657390200098526,0.010914167087538807
2024-09-12,0.006076027322609701,0.005968652494674709,0.008537663261591444,0.011606486000651284,0.005086693522044383,0.00582233468962623,0.005289035501114148,0.004536049687460464,0.004193056863239786
2024-09-13,0.005141966526662271,0.006191795675122393,0.005022999647099412,0.006774105288981033,0.006387501008345208,0.006884530298960485,0.0033780239163478496,0.004099850349284154,0.002019477545895984
2024-09-16,0.0025435929156862455,0.003126564293162654,-0.00017739730556484676,0.00032710397994298513,0.002644915135256648,0.0026807292629835596,0.0010071531937195421,0.0020208382483001917,-0.0017771945854362016
2024-09-17,-0.002331399415596786,-0.00335160279170138,-0.001346369762136086,-0.0029642068484298117,-0.003868035582513093,-0.004154750546283736,0.00032940821175941957,-0.0005103841377207739,0.00033513491543291774
2024-09-18,-0.0030715597039636445,-0.00406257281602654,-0.0036150592583593546,-0.004938140519972543,-0.004254048275190712,-0.0044801444880330395,-0.0018140549225657944,-0.0037030961057841275,-0.0017373453019573044
2024-09-19,0.01242581759374139,0.012342818441036622,0.012935635047557847,0.012568055348706574,0.008647322239931825,0.009277499935083736,0.010887482138543599,0.010479568268157555,0.01085360856178807
2024-09-20,-0.0024927930384556376,-0.0018303874694104256,0.002922771982958371,0.0067465313580937466,0.00020024666640045078,0.00046605636698951626,-0.0010360215780806357,-0.0012408940596755342,-0.0007158221145778607
2024-09-23,0.003714073969075794,0.0033616810727686575,0.0017028587127211519,0.0016939337506688796,0.0025354777006686828,0.002862098949876857,0.0016594355284179083,0.0013328973423243143,0.001245640327121989
2024-09-24,0.008260326757627678,0.008965772419878757,0.005594292572709495,0.008537791656788675,0.007207992190304724,0.00772458157721594,0.0018912654601019932,0.002277740469252494,0.002183299143696542
2024-09-25,-0.004016714984111004,-0.005137842519322297,-0.0008464768628958339,-0.001238631203529803,-0.004795449766128181,-0.0049265362248897175,-0.0013428037603026473,-0.003090995631704925,0.0005041386624802917
2024-09-26,0.008691626388376285,0.0074329565619329265,0.003732908941840997,0.0038032226772324817,0.003012256817977448,0.0031681756399918417,0.002595510267519197,0.0022336193202191277,0.00335246671705647
2024-09-27,-0.000955187267786488,0.0002728685005227461,-0.003473395295452637,-0.0047778338030575514,0.0009220168550375514,0.0005429662150877843,-0.0008611838533233334,0.0006877248572931072,-0.002310731800605353
2024-09-30,-0.003521542500646503,-0.0052841120588887,-0.0007427267056082425,-0.003569672783427992,-0.004724909214822102,-0.004752581412206105,0.0026251534967971146,0.0014258587566305066,0.001277944880103942
2024-10-01,-0.002575657839461774,-0.0009655523753868152,-0.0014871798771916977,0.0038945685554705903,0.001103891803491729,0.0011851371331716813,-0.00566250357532353,-0.004269923541337853,-0.0059364171120507864
2024-10-02,0.0011677132108083071,0.0005203226702463998,0.0004310423477540409,0.0002479980243138192,-0.0007324313469721903,-0.000725219209321774,0.0003349352996619995,-0.0009171522592721227,0.0007112965082191968
2024-10-03,-0.0056710434133822605,-0.007137345313808667,-0.000775602870822102,-0.0007628933815759469,-0.00648293349569871,-0.006623259550170548,-0.001099520761246864,-0.0032810327345806716,-0.00021799751312851022
2024-10-04,0.002448219348283156,-0.0015939121762222422,0.003735848416272235,0.0009463190715676351,-0.005484747346815221,-0.0052931742758251495,0.005854469104713034,0.001844215817200896,0.005221825962733586
2024-10-07,-0.004227909532575253,-0.005466554991413605,-0.0050411120782662,-0.00391190607842187,-0.0056400748338384194,-0.005858254984254624,-0.005709705463868306,-0.007314300330217746,-0.004532784571206615
2024-10-08,-0.0015543189863498211,-0.001700915660303698,0.002721362750420519,-0.0019925283531925593,-0.001037812057481638,-0.0013201008690668587,0.006089783235908776,0.006416387793925417,0.006530821775870089
2024-10-09,0.0008246765334461202,-0.0008276470473036926,0.001598967907550687,-0.0014409884203787128,-0.0024182909211993577,-0.0024547419659437767,0.004492195461556326,0.0029449275429898458,0.003518014095201295
2024-10-10,-0.0005800143551674921,0.00023818265793359097,0.0014815921160818866,0.003739328462835476,0.0007364047921417394,0.0007398858225943856,-0.0010547077067430246,-0.0011878818904473847,-0.00039088217366530176
2024-10-11,0.004465302770570112,0.005001996195521219,0.003755287662637663,0.007474124846246877,0.005302004012680772,0.005894964282777693,0.003785333996301876,0.0038805611959793485,0.0007841582295693428
2024-10-14,0.002850280508362788,0.001833402837887061,0.0028582399496937063,0.001152608222674226,0.0005186419479966141,0.0006906543285784797,0.005178241615023216,0.004434433609217082,0.0037600711054243895
2024-10-15,-0.005273675111587566,-0.0040382845000623965,-0.0035070341810624155,1.657702771320438e-05,0.00019293774515652585,0.0003639359418813696,-0.004800060827929462,-0.0028223963319420225,-0.00574841464869397
2024-10-16,0.003918250160530883,0.0044468031411715155,0.0019609539957793397,0.003862798205609401,0.0043954094913508665,0.004790358998706659,0.0027841125223957873,0.0034018590131083275,0.00015666648247951253
2024-10-17,-0.0004727930278884419,-0.0015772631444458149,0.0018173388572888893,0.0033625855185192193,-0.002421677470284149,-0.0022888062077280756,0.000122401671362092,-0.002142851309994223,0.0004047968261173974
2024-10-18,0.005678286082124933,0.006197088000795244,0.0050222549763939,0.006854765649955797,0.005802146166607719,0.0063123664139397425,0.0024755042600293903,0.002916613182455324,0.0029518916133843332
2024-10-21,-0.005964347570462572,-0.007736458382904469,0.0002911144189861755,-0.00047532151856882624,-0.008228452765066441,-0.008544888738449437,-0.0009604289248333226,-0.0042892374618545386,0.0009412549797826766
2024-10-22,0.00029371993412566567,0.00025681548928537174,0.003118778912332196,0.005898940357300655,0.0011057504352913804,0.0014981852992064465,-0.00026411006929750606,-0.0007460714194144923,0.0005788839382775937
2024-10-23,-0.005680026728809202,-0.006652886244434854,-0.008231016064753587,-0.00890702779703377,-0.005394649810223752,-0.0056415418309034735,-0.005651218001556228,-0.0068137824195669905,-0.0065890901124791065
2024-10-24,0.0034072692182627695,0.0038075859605324392,0.004436985323978813,0.004841849213570181,0.0037112938957491776,0.0039900080053507855,0.0014177066456915323,0.002293378804576188,0.0036136222775729403
2024-10-25,-0.0017065144626585657,-0.0023597075255565587,0.0021192364533579723,0.0011008618331336973,-0.0025492606295851638,-0.0026578744458880007,-0.0001466881892866551,-0.001158256503677911,0.0027533537580314
2024-10-28,0.00284511036099718,0.0019910122897357084,0.0005110522401655959,0.0008054160964289195,0.0004758701438186411,0.0006499677208463238,0.001997973142695776,0.0009877538161847629,0.00017321132013831776
2024-10-29,-0.00012837396837069633,0.00021739519257902944,0.005619708454577158,0.006508517768532552,0.001000673252357888,0.001162574058902462,0.0010795586478984562,0.0011979066761049913,0.0042946549119330536
2024-10-30,-0.003011692368256658,-0.0036103786491484802,-0.0007952670004604886,0.002393042085667443,-0.0019486618067110616,-0.0016600067031357403,-0.0018232213669052404,-0.002562689361331039,-0.0032129372974841475
2024-10-31,-0.010356611172485064,-0.010207128483018427,-0.013031766569399054,-0.01337507683660516,-0.00875949375801719,-0.009766345234007951,-0.01217210465180236,-0.012757921104369293,-0.010921308895206734
2024-11-01,-7.657974374933267e-05,-0.0013018659145256353,0.0013627932165699902,-0.0012605014992239719,-0.00342945171119512,-0.0036830981783361858,0.002683371708567939,0.00016219163151117317,0.003285954088213757
2024-11-04,0.0021192785277240334,0.003049322595277591,-0.0005681768147432948,0.0003181653821241629,0.0039702483729903235,0.004156457039067368,-0.0012683852979741318,0.0008578790808861595,-0.0011563671418695248
2024-11-05,0.007296063974105154,0.006580399323710429,0.005422537225513952,0.004187364470946601,0.004674451682675294,0.0051407156508620185,0.007566188005139411,0.007891467121758899,0.0056050587547819075
2024-11-06,-0.006592597754639638,-0.009733241649935205,0.002070730548822502,-0.010963065015109115,-0.013236836572732807,-0.014527241317409357,0.01555556120667849,0.011533579060461884,0.011901961505205871
2024-11-07,0.011330960542397624,0.013145125765557701,0.009318906473268747,0.010775549903208653,0.012405597001487743,0.01313134204146134,0.004926955600912237,0.008280899520682937,0.007043140207730684
2024-11-08,-0.0042975212996439,-0.005067969039528253,-0.0008200746636785562,-0.002615716825219488,-0.002654803026644371,-0.002623097846500742,0.0027968152784996147,0.003657309802539435,0.0006194499643570505
2024-11-11,-0.005397495183382839,-0.006950670682260185,-0.00820124002261502,-0.014761627734738214,-0.0073176648439547964,-0.008119691079586988,0.0006298033563212346,-0.0010959815757800584,-0.00036089032244668307
2024-11-12,-0.011868748460843985,-0.012836116721762712,-0.004131967043148405,-0.0062381450936649435,-0.010063684452864133,-0.010638601856639536,-0.002444479955624927,-0.00599925180352284,-0.0009321572919721956
2024-11-13,-0.0022657812720685592,-0.0014674114546800042,-0.003634793460090144,-0.006193948987273382,-0.0006036160099174608,-0.0008909495081352121,0.00042382470391048616,-2.826428137644173e-05,-0.0006395415115860085
2024-11-14,-0.003269952497691197,-0.004431847171811057,-0.00435830709435165,-0.003319314930751635,-0.004233375190565316,-0.004468352759557264,-0.005095565349964483,-0.00538569573361151,-0.0037984945242128636
2024-11-15,-0.005246467864141816,-0.003622282992275448,-0.01045912978514086,-0.0044752297962862885,-0.001170560709108213,-0.0013502376368385582,-0.010171925279246093,-0.010291395226045781,-0.01317228885284441
2024-11-18,0.00830626588886516,0.008901783324216924,0.00939587400292683,0.013050809151720964,0.007650103168448059,0.008421120997226673,0.003293738795303241,0.004488487463742603,0.0039032022896244843
2024-11-19,0.002139744305981631,0.002220477690882946,0.005892326217694878,0.0066342914505468295,0.0026750607541261217,0.003040313023604262,0.002944603427621532,0.004064503725140367,0.003876882058596242
2024-11-20,-0.00038482017126012974,-0.0008669540166200227,0.0018655277634616904,0.003676834396387821,-0.0006095409156250365,-0.0004241152243628579,0.0003062771405431621,-0.000619365284204959,-0.00023880586405944533
2024-11-21,0.0029917353562788056,0.0025806817186093587,0.0051403572373358766,0.006700565100914098,0.0023408387601391734,0.0028088978709013,0.004310118866937039,0.00399714339690998,0.0020706321166048575
2024-11-22,0.004170385636931605,0.004070058803702001,0.005632890134837448,0.009018756172496215,0.003871655536332312,0.004474622000003736,0.0025065500326076243,0.0027953947628791193,0.0009689165941898701
2024-11-25,0.0018059138546793474,0.003188323045362313,-0.008988185708082564,-0.017923620177662768,0.0024238491046803525,0.0015750507224691782,0.0027411006411829425,0.008537767397145136,0.0009568743788520776
2024-11-26,-0.0001853464696897286,-0.0006706352990482532,0.003427888586569461,0.0026088769097402775,-0.0002910623931606459,-0.00012335977971443895,0.004202264485244244,0.0030073067264269155,0.003058770325549493
2024-11-27,0.0025553020593936963,0.0034296209483042255,-0.002188906721062694,0.0006257781296635937,0.0034029386712948542,0.003552793853403551,-0.0023841344684712613,-0.0003626686534582928,-0.004299416044700561
2024-11-29,0.00553901064352266,0.006576209240453979,0.006914481495408085,0.007090793227450146,0.005197012012869677,0.005312893034839377,0.004994421152589105,0.007249553043256974,0.004948305331732386
2024-12-02,-0.0010396411001282503,-0.0016442083477485494,0.0005767722956022715,-0.005051390670008973,-0.0030402862462795537,-0.003613149353816271,0.001467446330606455,0.0013299693039254582,0.006134013606213518
2024-12-03,0.001055881267275606,0.0005523903569898351,0.0017038714744015942,0.001409194841896794,-0.00044252265356841113,-0.00043442871773733603,0.00040586367644906903,-0.0012378088216697723,0.0017905446836233513
2024-12-04,0.00400677917767007,0.004699531426593388,0.00607254213516614,0.0035632706458736166,0.0036910487720812654,0.0036696123215716804,0.004999166166852829,0.0070172356716237646,0.006994556494617781
2024-12-05,0.0014618017284447934,0.0008886336542919734,-0.0036617376049736185,-0.005077973568307307,-0.0006843176437909761,-0.0009263218262937972,-0.0012827380229163228,-0.0014649774478546563,-0.0014830680320277376
2024-12-06,0.0013215554721097069,0.0019170029812151188,0.003207871060953793,0.0007525299694957717,0.0019640393539307496,0.00186370204078535,0.0015512006706650135,0.0031650307977049963,0.005103394749578937
2024-12-09,0.0021723343114285767,0.001647365833580917,-0.00012519074292298877,0.004890863874128015,0.0011003043413064305,0.0015568123241857764,-0.004087700890829197,-0.006108899553179819,-0.004317288755384118
2024-12-10,-0.0051599177656313855,-0.004615543373429683,0.0027777395343086034,0.007519943165525367,-0.002407557701490059,-0.002356096377219351,-0.0024516739564539747,-0.0035608391819604503,-0.00184013992376229
2024-12-11,0.005938667975561973,0.004186649756939609,0.011528899259965142,0.0074834121538605025,0.0020719947214602463,0.0024427636842894174,0.007110311878518738,0.00495639700423367,0.011806009484413238
2024-12-12,-0.007740722014379765,-0.007728911744213892,-0.008823222947012968,-0.009938071210142098,-0.006562860436516015,-0.007051295564284287,-0.004815388834604482,-0.007074436720119755,-0.00424094727591214
2024-12-13,-0.0015820860084019242,-0.0030772428348942848,-0.0016197118625840853,-0.007186334758792009,-0.004279362558023232,-0.004621642822344517,-0.00017541777953485944,-0.0030997994689154216,0.005142127027733974
2024-12-16,0.0009652356662135026,0.0005662123573359431,0.0071586827817452705,0.0024870928256314983,0.00029311365696004855,0.0002904738379023998,0.004009059634721831,0.003985454354206548,0.009648243174685952
2024-12-17,-0.003875813925245696,-0.0031830841142490153,-0.003837354239529872,-0.00323482027020131,-0.0023462729023672195,-0.002615548454702093,-0.003848032691418004,-0.003872128547026394,-0.002890537553551507
2024-12-18,-0.029940517687898162,-0.026422206265340177,-0.026308029222373342,-0.018502955932921745,-0.02069044536782258,-0.022293028088167823,-0.027894924294410553,-0.03197701882409484,-0.024049522710307695
2024-12-19,-0.003399646243734944,-0.002326124874205181,-0.0012081550422820535,0.000792389490777517,-0.002278783933472519,-0.0025827845191391348,-0.00027577428460939053,-0.003182409267082458,-0.0028814248735489737
2024-12-20,0.008507121810599975,0.007313639382961484,0.009372109018555702,0.009052731748507053,0.006512685381833523,0.007218922863179031,0.011234673601188145,0.013183777507960053,0.005811447915787177
2024-12-23,0.0032602102382632493,0.0010101340614493042,0.0030624078094538382,-0.0013125953761886897,-0.001060231970943225,-0.000978517578249597,0.005611097791438048,0.002685083500545353,0.006495497202832183
2024-12-24,0.007317245373933003,0.0059773377599802256,0.007957016780639816,0.003888285448902075,0.003911151348630417,0.004174171785023909,0.010409500237705592,0.010445363289669432,0.009046930859858986
2024-12-26,0.0014642788425253453,0.0015056787497290214,0.0022175569023445735,0.00400788661759984,0.00184880197750933,0.0020991770572864705,7.299116872021955e-05,0.00040747781902424036,-0.00039592571597394234
2024-12-27,-0.008150348723513471,-0.006773518647669941,-0.009517594182409236,-0.006569457076478813,-0.005166350335377241,-0.005658672805287879,-0.00984392420960257,-0.011354607889812511,-0.008793534157988708
2024-12-30,-0.006694452811060497,-0.0033362400884066846,-0.008323531655580599,-0.004605362217236392,-0.0003754940974806734,-0.0008260223177018968,-0.010664848580497831,-0.007077686664462845,-0.008756486426692859
2024-12-31,1.2302684591107766e-05,0.00042699201011249234,-0.0015742187515380495,0.0028293337556982013,0.0015106937093962928,0.0018672783249148771,-0.0033898655381675202,-0.004571765568486499,-0.005545814162317445
2025-01-02,-0.0016371579174698564,-0.0009682798910768793,0.0038602226232982047,0.007477200474411673,0.00016222847299330378,0.00037166319365051614,-0.00228525628095029,-0.002034769885929607,-0.0012285762366588018
2025-01-03,0.006842722727009131,0.004464331976059716,0.005465303614638706,-0.0016978591675954266,0.0018471351396173554,0.0019908802545099617,0.011694693262648548,0.010364987575715622,0.01081335618068669
2025-01-06,0.004930352212376912,0.003502824732037021,0.004950258320997818,0.0006794368697669585,0.0004655851845885586,0.0002405377539564251,0.005398017953732816,0.004594636166936833,0.0076522049878343925
2025-01-07,-0.006503544986318867,-0.0058688701100636535,-0.006778898440979185,0.0006324760624088106,-0.004257458641391548,-0.004267786737934566,-0.010564073219135352,-0.013271187917747236,-0.011780133691883316
2025-01-08,-0.00044645896352685894,0.0003608890852764134,0.002322882458561795,0.0035282363908137934,0.00157216695933695,0.0017189362450431508,0.001376713503297073,0.002300066804692777,0.00017269968297597835
2025-01-10,-0.01347842223327568,-0.012776604361360553,-0.005107352324087078,0.0020841515678869807,-0.009551126149108378,-0.009733114573758118,-0.014262391765215777,-0.018626286496849217,-0.010280438419001192
2025-01-13,-0.0024266464849832113,-0.002501965507121627,-0.004656482375582132,-0.005565709017920816,-0.0016769105003993237,-0.0017663409867874692,0.001459348526678794,0.00023983721454133122,-0.0020488270166270786
2025-01-14,0.004316923224586766,0.003987376325434111,0.001500164615715338,0.0023827065499337774,0.0033293563764671408,0.0037191963764415803,0.0009275402386990095,0.0007009495464589399,-0.0005521621221827866
2025-01-15,0.013356095151712584,0.014766600529810478,0.012696867853394796,0.007561064766267526,0.01175257357625593,0.012018054159343199,0.01399533314898674,0.017567516697285235,0.01297532224517354
2025-01-16,0.005425364313928023,0.005624625952496352,-0.00032708519909828134,0.002833612230036945,0.0058233502509872775,0.006464763671440953,-0.0014430382110412452,-0.0002750113104280753,-0.0038944773904263158
2025-01-17,0.004966705591684128,0.0036580200548743413,0.005345244358129139,-0.0004157785283416141,0.0010458357315540868,0.0009477363967164734,0.007769753161250345,0.007322656681966146,0.009602133415283078
2025-01-21,0.013615298957071798,0.013025513909528965,0.008343922950484015,0.009489373270705495,0.010284254903473306,0.011258194961517008,0.007102965054869599,0.007913556233938227,0.003408089198405426
2025-01-22,-0.0006278647106944552,-0.0012370585362364067,0.006721856427881548,0.004812542683986308,-0.0021359679989127814,-0.002304730069973249,0.004385801739878238,0.002719545041252169,0.007360845344814931
2025-01-23,0.0038023713816246404,0.0027780583507520124,0.0011516006357822264,-0.00041791953343840537,0.0012310146138770405,0.001436010779446394,0.00426415534048866,0.0026192829585300914,0.00129075354568158
2025-01-24,0.0017517285611718524,0.002369860625944981,-0.00029346200089329843,0.0026543680498673666,0.0027690376281847215,0.002985401120832521,-0.002225117307357067,-0.0011564205998676135,-0.003169211932295481
2025-01-27,-0.005633816027084574,-0.0031403829468890777,-0.015026726881180218,-0.010104541480565719,0.00031444574986156455,2.9095033437938052e-05,-0.010920007173721236,-0.007029818199042739,-0.016585602356679857
2025-01-28,0.002414511145646127,0.0023776721508731555,0.008936568150018477,0.007042267093444957,0.0012370229734365418,0.0012586536010925954,0.006672648181590226,0.006015878265242455,0.008421203648883234
2025-01-29,-0.0030768249615739634,-0.003566437144834964,-0.0025356307548449154,-0.002372946253643713,-0.0039171078166907085,-0.004294010500925052,-0.003430167526594261,-0.003712396314433571,-0.0009952918961386897
2025-01-30,0.010233637173331927,0.010137407187556777,0.007153100313624739,0.009125004998313738,0.008319106724416344,0.009112096101019642,0.004185595829326501,0.004709462566324501,0.0024928261458248765
2025-01-31,-0.004214416073329263,-0.003943272829982549,-0.0006477681704398835,0.000943989353333385,-0.002221617568362826,-0.002250479876213291,-0.0040796363483453805,-0.004495248751610328,-0.0007543695250430795
2025-02-03,-0.005759521568922932,-0.005355213285740822,-0.0018681084760559972,0.0018724188200910637,-0.0026710625755464526,-0.0026101042084946307,-0.005161825418941837,-0.004412052827011358,-0.004477173705896013
2025-02-04,0.009251228480405308,0.00919403610122606,0.008241006916630914,0.007381512557882277,0.006666286692512531,0.007016889360203932,0.005213992571667294,0.005792040758956102,0.007026801836863082
2025-02-05,0.006844952305607317,0.0072173008857403026,0.004169527068087726,0.004218625211707951,0.006646829405833962,0.007091759232342271,0.003171066857314353,0.005471010529313061,0.0026565569472527264
2025-02-06,0.00256507033067014,0.0014063360808037615,0.001380298941092918,-0.0006894479055229385,5.233664388272033e-05,9.693453385070132e-05,0.0027260645926478464,0.0018495794736998895,0.003050356853503589
2025-02-07,-0.005651108321847153,-0.006074056876002804,-0.00488837497556197,-0.0007957554421324582,-0.004466640623002274,-0.004444167993496197,-0.007045963217886928,-0.007949641062565321,-0.007139163983931353
2025-02-10,0.007978869719335006,0.007697330094254286,0.010559999467232186,0.011398444388924196,0.005845456972934424,0.006432426232312982,0.0052832855525961646,0.004605680027901852,0.006955722702726455
2025-02-11,0.0015308414178030769,0.0005579399578709199,-0.0018201507168005505,-0.0023769400228312366,-0.0005056557589426923,-0.00045112798045742733,0.0006264670122327214,-0.0006844608245046309,-0.0012881855499279492
2025-02-12,0.00021834110377774436,-0.0018300623575133066,5.524289196353304e-05,0.0007291262515667371,-0.0036674188225298814,-0.0036389896288783925,-0.002453757548333201,-0.0054459279277195285,0.0004076117779645918
2025-02-13,0.009285030950374917,0.010128232992514974,0.009352757097333964,0.008600875793252083,0.008813282017041901,0.009260096869430967,0.008338788282507892,0.01056845667248374,0.007930376894620172
2025-02-14,0.00011031896496987978,0.0009131340980480736,-0.003343268277157462,-0.007718503151926669,1.9811828540128762e-05,-0.0006462910101394499,-3.5319188170248147e-06,0.0018430162314614456,0.002389431286241409
2025-02-18,0.00505267130335573,0.003528841290079837,0.0064054600427361115,0.010029236977397998,0.0021773975210359615,0.0029563272990309614,0.002353661656817387,-0.00046493428668216246,0.0013270392084248287
2025-02-19,-0.0022058335302292797,-0.001226834072139096,0.0006713496607071292,0.00041425637099495,0.00019085418968302852,0.0001284585823494029,0.0018958690983051814,0.002314378557548546,0.00022924544969549427
2025-02-20,0.0016058431891323912,0.0015622109240753322,-0.0018143456532894826,-0.0005365272937601441,0.0015116061318459475,0.0016104883959224333,-0.0032529714205219527,-0.0019496650143753793,-0.0022704904023117395
2025-02-21,-0.007136360963416666,-0.004119692361961742,-0.009561015847985476,-0.004746069408689663,-0.0007688344280910167,-0.0012793167436339523,-0.013471181051027634,-0.009021763118022228,-0.01137159195990795
2025-02-24,-0.0024532496048583177,-0.0011815034511115214,-0.0026561500329015625,0.0008174826033050044,0.0010760763903493265,0.0012105144225801328,-0.00354432768979644,-0.0021249830729323047,-0.006372746225003274
2025-02-25,0.0015989243178320496,0.0030026915211233017,-0.008913369056324349,-0.010175580283065875,0.003141928803584535,0.0028378788145707245,-0.003872993223156939,0.00026192099402713227,-0.006769039703741516
2025-02-26,0.0019385500205558964,0.0022816717868418056,0.001353699268026072,0.0014050392517998955,0.0015662176464740624,0.0014940154053149823,0.00043238066405462574,0.0015923773570647617,0.0013817955439708505
2025-02-27,-0.012020926432386352,-0.010770379594555521,-0.015984786913079925,-0.01435672069765901,-0.006568654629589123,-0.007108369140590405,-0.012496357569623646,-0.011282747585346102,-0.014938471749982083
2025-02-28,0.004691350163199218,0.005841333686539865,0.005325049170764458,-0.0005175027360804863,0.004893386018697237,0.004780821817818281,0.012246236967834449,0.01298375868030034,0.008505309016631915
2025-03-03,0.0008928413915096732,0.0021524634588906454,-0.005351689583523262,0.0033104950958243434,0.0037490027243022137,0.00415215782277129,-0.01371667185917471,-0.010061071639243621,-0.011683651624629811
2025-03-04,-0.0009055133749911307,-0.0009145792824161599,6.930693520722219e-05,0.004535271541106006,-0.0010085912715703288,-0.000967688573397708,-0.009219267680152092,-0.009390041943886351,-0.0015263695074714241
2025-03-05,0.013208749993673986,0.00956977253345813,0.006342903018946099,0.0037693063591920004,0.003819520296116032,0.004447911055605106,0.00841941506025956,0.00443245899058949,0.007003387262830672
2025-03-06,-0.013640256772421549,-0.011647241474597088,-0.012793681108438742,-0.008286830527112024,-0.00792577237263144,-0.008827442200577486,-0.013839198243939586,-0.012122441462966883,-0.01462074454856542
2025-03-07,0.006462900701895207,0.005263303236274511,0.0032919393847182466,0.0017457232316081376,0.002618151581230143,0.002881043466258882,0.004401103877826995,0.0030804212883748542,0.0039575851310907515
2025-03-10,-0.0183286104747843,-0.013865131793305625,-0.018683660148878102,-0.012531365354999432,-0.005969331048195965,-0.0068962097767887075,-0.020726051082909324,-0.014409847222563242,-0.020428102365029715
2025-03-11,-0.0008842201518771228,-0.001506206532896827,0.0019111862778031907,0.006503172110877729,-0.001525234842386259,-0.0013495644386903156,-0.006403057298602202,-0.007231801119605329,-0.0011599939861030473
2025-03-12,0.003061121614812771,0.0016093649022657676,0.005621760018702139,0.004698675463604916,-0.00013016830124524192,6.480360177181702e-05,0.004142055977921335,0.0020060646087946203,0.0059314632417514015
2025-03-13,-0.005258275174262003,-0.002584903465141697,-0.0014371769791979665,0.007203467056102902,0.00031146471858667997,0.00026867075417495663,-0.010282629650767374,-0.006847076269456014,-0.009298678968923585
2025-03-14,0.014882891639748808,0.011501410407094133,0.010338000863512671,0.004662668517285098,0.00576576912467151,0.00648780075937736,0.01598127863125837,0.011765518675018342,0.012572000439261714
2025-03-17,0.007374758085033628,0.006789721045280972,0.0045446028135707195,0.004694571224862942,0.005434655614780404,0.006064807221419111,0.004529399808995249,0.004539214392642821,0.002884864321047287
2025-03-18,-0.002107900778101209,-0.0014960740675188675,-0.0006354232478426837,0.003787471852126836,0.00012638917485462812,0.0002954476158401139,-0.006451894839069649,-0.005739309420535361,-0.0074814162059648835
2025-03-19,0.00393492945941122,0.005008690261513836,0.004931802486296089,0.00471628706388162,0.004652701373116175,0.00474395689180119,0.006606902114073865,0.0073813676977264285,0.005982940989463948
2025-03-20,-0.0036597539260379173,-0.003314024695134651,-0.0035342151510578275,-0.0021325000977612256,-0.0016859362000847024,-0.001838434915710952,-0.0016770392989668523,-0.0010844626376579152,-0.001408942889210597
2025-03-21,-0.003931413079007236,-0.0039271514193621555,-0.002355661375734779,-0.004293260725812951,-0.0037055959742102267,-0.004240376039785033,0.00026562570181966745,-0.00012419765241904266,0.001552367232765917
2025-03-24,0.004943288812573999,0.0024418991867911867,0.004779145456736465,0.0014111388361749545,-3.647298883395795e-05,0.0003767531476848345,0.010853871136742221,0.008027016423088005,0.0098193458034879
2025-03-25,0.0012016434199365687,0.0015797561076508469,0.0040548470406464926,0.003958238822046562,0.0008965007816447055,0.0007814651555086476,0.0015242215508530091,0.0020298365027092793,0.0026523566610222203
2025-03-26,-0.006125416813147627,-0.006282312699378685,-0.008047054605767651,-0.004768878006485284,-0.0039005067738110658,-0.003916880837375088,-0.0071813532296036205,-0.007749147180858929,-0.008185731708816618
2025-03-27,0.0013674837393846907,0.001983664483843221,0.002500345677837903,0.006614556086387475,0.002393067787729328,0.0027383178240376906,-0.0015378781167400125,-0.001836673665610959,-0.002443753954986436
2025-03-28,-0.005956881751736861,-0.003148947772953206,-0.006025139963736569,-0.0007863084858121692,0.001521782939936448,0.0013819238117223887,-0.012086625066627195,-0.008501879936887984,-0.011590753982604026
2025-03-31,0.0019029109738386456,0.0029757708146732438,0.00256335733952791,0.007592787114763858,0.004778996601279558,0.005320601240794225,0.004085480969897832,0.004945735697973354,7.58134020633063e-05
2025-04-01,0.0022063489027956845,0.002390985733581773,0.0024592309975851588,0.0005795939962714717,0.0018462165075659185,0.0017644135629130795,0.0017621818491240881,0.0029596248638029785,0.003618243225926546
2025-04-02,0.0031734625318536676,0.002216371732356309,0.0032413144124980877,0.002688763800728049,0.0011108242904006344,0.0013963414869715325,0.003868884519800596,0.003240238537679749,0.00329864600266874
2025-04-03,-0.01855372247952128,-0.013482761896098174,-0.01904843005241483,-0.013694681721852793,-0.006339044328423801,-0.007853533180006223,-0.02961240695762202,-0.02413812965691335,-0.02350493983726115
2025-04-04,-0.038895899310565855,-0.03805082680648855,-0.0321346070461386,-0.02700312461216895,-0.02621563577511747,-0.028473555260131223,-0.0344744644282417,-0.03137470394987389,-0.026441563528065336
2025-04-07,-0.01716182123133834,-0.018943542380508778,-0.009711301060820321,-0.01341842868591835,-0.01656453042056734,-0.017870016892123114,-0.0009539441093271948,-0.005828888247707211,0.0010913576586354062
2025-04-08,-0.008853431779607228,-0.009173943322885235,-0.004304325390920413,-0.00025910905795881075,-0.0076546268336479505,-0.00806972388446584,-0.008932607231015906,-0.010522306116589018,-0.007323785334211895
2025-04-09,0.05395907016637052,0.050529221954455326,0.053882174897414876,0.044988459359950585,0.033856006437269506,0.03724890866635558,0.06003339580554292,0.05530253241958247,0.04903867913406611
2025-04-10,-0.014202793983791965,-0.013368708064466097,-0.006837910482366436,0.005767934392793396,-0.00738359227146583,-0.0072622489281923145,-0.026012120187871298,-0.027125058724688254,-0.01841938584504224
2025-04-11,0.014564346821249647,0.012406451622893338,0.013884829471995234,0.015328385298365688,0.007306317934344422,0.008572893675953718,0.010495640417957112,0.007677518183138497,0.007919684337052833
2025-04-14,0.007571866233850572,0.009486994094963296,0.0010686350129675897,-0.001837202392489694,0.0086791311507982,0.008791637673167752,0.005779030248883018,0.00856760137345464,0.003004168933152815
2025-04-15,0.0015867056276341884,0.0015887977975626022,0.0025866925853776923,0.002701508400436481,0.0024343560140360765,0.002293449038184292,-0.0010273459357822423,-0.000604402552467076,0.00024883265123420983
2025-04-16,-0.0017105648891152573,-2.5940460564192238e-05,0.002901495071292894,0.01612873377734071,0.004180065909814861,0.004434971715960542,-0.006697763598998693,-0.0059650621273042775,-0.007802521941039044
2025-04-17,0.00213322401488744,0.001971607790528825,0.0004453239911307302,-0.002329957849857467,0.0016631122193052638,0.001737025909617771,0.0005483102575591854,-8.263422498736397e-05,7.90243957384991e-05
2025-04-21,-0.0031654772118644243,-0.003036436779633898,0.002074342738858108,0.01579806789514063,-0.002054469304371025,-0.0015167735209130583,-0.007071817941472278,-0.00839504728370006,-0.0062317596471701125
2025-04-22,0.0068130258044770756,0.00656972414022498,0.003754085458294469,-0.006656247971190899,0.005006710894317101,0.004738616179176569,0.007844340601267354,0.008134517159420176,0.006743926504222197
2025-04-23,0.001958724480452086,0.0009377753339479049,-0.001104479163011547,-0.012071015452204474,-0.0018119344843293124,-0.002105183200971084,0.004801768792331557,0.005089915027905595,0.00595288806144127
2025-04-24,0.006471681516881694,0.007483075573533323,0.007596719566762941,0.009210463583144589,0.008628476843487078,0.008414251704314923,0.006547532145601601,0.007781786023255132,0.007474946333972704
2025-04-25,0.00103174534288937,0.0012625842107634045,0.0002786156945556513,-0.005314102375372386,0.0007697766768200758,0.00042344178841390766,0.002355143569766999,0.0031578079698912596,0.0030952980773311795
2025-04-28,0.0023163665870054324,0.0035007426937410085,0.0031678852118138794,0.0077551283688094275,0.00564235969026377,0.0055953459418001976,0.00023432614803277612,0.0010357357857657267,3.7445331985461574e-05
2025-04-29,0.001316652882620823,0.0015160184220695235,-0.0008023309413803111,-0.00492534858264165,0.0013216974950449563,0.0010805301740745086,0.0020774552038991443,0.002802184899511218,0.0018968070026608188
2025-04-30,-0.00041882153259791086,-1.599984686347013e-05,-0.0018295689191053577,-0.003988952542559083,0.0003869733472755951,0.0001927184473863955,0.00023916470621248496,0.0005336759361195784,8.819365885007916e-05
2025-05-01,-0.0004578602031615112,-0.0024037872240542852,-0.002299576218033386,-0.010526385513274004,-0.005445759886725902,-0.005324871489744538,0.0023322086676791664,0.001419136022356784,0.0036468857949969085
2025-05-02,0.006191101406034643,0.004880706062293511,0.005143597847017067,0.0017185091423084855,0.002400480057135671,0.0027283941722871306,0.0047811709366799475,0.003427358591763513,0.004165786525439048
2025-05-05,0.0015768550284223958,0.001998735298209944,0.005309500426094999,0.015732466208126215,0.0035611040001326793,0.0039553459170796725,-0.0017056371779365673,-0.0021488690578213205,-0.0015112544811930445
2025-05-06,-5.819414431366424e-05,0.0010617914793716412,0.0038682934787566555,0.014800332349033432,0.003592652436271309,0.003767170525170038,-0.0025278445099324092,-0.002091473901292421,-0.002427217119956946
2025-05-07,-0.0012429070351276193,-0.0014173052243461064,-0.002877736518672911,-0.007973455845655833,-0.0019357898958987446,-0.0021574566925638113,0.001437582330967295,0.0019761314369691643,0.0011912877863591138
2025-05-08,-0.0014373573947573206,-0.0035788667175973995,-0.0025574998402984397,-0.010171417179783461,-0.007238103105004774,-0.007059547162832225,0.0023118272937983995,0.0006971972396794345,0.002940552722394362
2025-05-09,0.002061233059807827,0.002427124359996754,0.0028298050257866323,0.003951459073307486,0.0031885159526573352,0.0032394695226538994,-0.00028829712652908687,-0.00017945005187755935,-5.798325052687293e-05
2025-05-12,0.004011251423642674,0.0017854793145398356,-0.0009494714910562378,-0.013234759176263853,-0.003011257779151823,-0.0030924307954236325,0.0105723148186176,0.009438908389826507,0.011318782583527653
2025-05-13,0.0017016250436189151,0.0014618388000624595,0.0035581571147750065,0.003111577128415925,0.0002910927556140589,0.0002365451186727383,0.0022515988776607198,0.0021104659183996096,0.004432423325363522
2025-05-14,-0.0014356879657381216,-0.0025810820614193407,-0.003358758332987831,-0.01084867003092794,-0.005585244382103715,-0.005711235931291595,0.0005307300136830741,-0.00025340631886052324,0.0018351367246624223
2025-05-15,0.004160711557935182,0.005768160867857253,0.0033977594502803132,0.005202464022421083,0.00886513108227871,0.008773009524141395,0.0014968793445420125,0.002786384492825089,0.00036242540435282855
2025-05-16,0.0009972891027025313,0.00058278552878509,-0.0009977299314688761,-0.0032673875293707183,-2.127602164404122e-05,-4.105935823609098e-05,0.0019577153651900337,0.002031266883137722,0.0012099052287954536
2025-05-19,0.002441284648245455,0.0027745735612128355,0.003413569811847032,0.004475482394801727,0.003202378262868011,0.0032928706835162703,0.00043948199374403083,0.00030685892022952607,0.0003671337843395617
2025-05-20,0.0011929909189498454,0.0014555944447120243,0.0033351468245740113,0.005762560590344737,0.0020621547156627,0.002257925250101184,-0.0008595585505087294,-0.0011714292519633205,-0.000704350457564751
2025-05-21,-0.004041682219039646,-0.0046976348338149685,-0.0014124701683748183,0.00047130104354297856,-0.00613311063047168,-0.0058917461530110715,-0.00477971529737152,-0.00630800414697722,-0.0033322978207338282
2025-05-22,-0.0003852832468529745,-7.961049700417582e-05,-0.0011356231816923102,-0.0026347521341790765,-0.0003525173646660865,-0.0006465040437839041,0.0002343718391672108,0.0009456873601116599,0.0005888699403666215
2025-05-23,0.0010280286854103646,0.0019726888686437114,0.0016483801530603579,0.006073881612061058,0.004126786238235115,0.0042854121251343184,-0.0018403390614519005,-0.0013530230624486258,-0.0021563292762547225
2025-05-27,0.003943738036593279,0.0038381722002009443,0.0023020009971088853,-0.002245296713791719,0.0031813418053539023,0.0028655960686708726,0.006063943608834131,0.007007668622168104,0.0058881398960224235
2025-05-28,-0.002375164214515647,-0.003113566336046758,-0.001866521761171339,-0.0013451318176109562,-0.0035749657935587034,-0.0033472429587527125,-0.0015580668211935282,-0.0021820478765610385,-0.0009774228952604488
2025-05-29,0.0023019753710172633,0.0031149154453225863,0.0018502593626256157,0.0023756224375834716,0.004564701515255183,0.004459227502800711,0.0012605637671765574,0.0020786427350554027,0.0006154498909409871
2025-05-30,-0.0008030296639635259,-0.00026206251721929883,-0.0013902572244808402,-0.0023706554528761963,0.00023091976144301062,-1.0999259659315351e-05,-0.0002036355170163011,0.0003443575685600789,-0.00026491389317790856
2025-06-02,0.0038696173417649997,0.0036469198377429893,0.006797458513323984,0.010212310746857916,0.00403554280892576,0.004487310632329491,0.0017522769962529119,0.0010780669385677332,0.0020907550374387202
2025-06-03,-0.0005154381327097506,-0.0010271859799368345,-0.0007774430410801481,-0.0017639511554186228,-0.002103284813649358,-0.0021460047023028855,0.0017783653479037475,0.0015928839305104064,0.0020813773458438064
2025-06-04,0.002556874127312432,0.003968294813543342,0.002145328546548134,0.0026952994840650146,0.005748662691018813,0.005412520627868365,4.385852330139325e-05,0.0014626122579838024,0.00082931698586816
2025-06-05,-0.0007901662609390244,-0.0015842346609761641,-0.001887734820471269,-0.0027726148912432676,-0.002883397298168372,-0.002712197997318225,-0.0012865795565667414,-0.00194442288419028,-0.0017652360027082645
2025-06-06,0.0006747697012135796,-0.001022368450854782,-0.00039981737019781935,-0.002994504327187306,-0.003938741340915925,-0.003674526496127068,0.0031047892613303724,0.0015565112252530137,0.0025748699014256893
2025-06-09,0.0011815592195414369,0.0016476968814423353,0.0011076288496102494,0.0018990023568242807,0.0022988235232543597,0.002237938254250085,0.00038562991314969205,0.0007153453765363695,0.0004999333565269297
2025-06-10,0.0017251197291888736,0.0017135079605529646,0.0012712342858538159,0.0011972493973506392,0.001993686044827578,0.002012361466313004,0.001781656735145781,0.0021246383417574586,0.0017975510193215547
2025-06-11,0.00036726367195654287,0.0014511793054211358,0.00034397214152357965,0.0013932347936502828,0.0026046011026458053,0.002356078487529496,-0.0007159768383709936,4.791486812101774e-05,-0.0007250790269840378
2025-06-12,0.002836210639061167,0.0037138139592851364,0.0031816064123311545,0.00464632462364892,0.0052058644833367085,0.005149529168400239,0.001287612882289421,0.002141559304400583,0.0007229475082836535
2025-06-13,-0.0038328035215593665,-0.004318228283867695,-0.0011629724168600655,0.002636827590097015,-0.003815304536059443,-0.003390306713390099,-0.0031646606673749033,-0.004009439808639522,-0.0030499001780145106
2025-06-16,0.0017695946972136056,0.0011092792157132436,0.0007785596472726919,-0.003133420677159382,-0.0009310371993414002,-0.0010478801343576372,0.0029794857909815065,0.0023924426873844773,0.0038247612414243903
2025-06-17,-0.0033649688779175775,-0.002878831584705039,-0.003016174849743483,-0.0010504335049652542,-0.0014260319981326218,-0.001501819885516282,-0.002474331461582217,-0.0015504994495460164,-0.002505100031042636
2025-06-18,-1.1224805969407289e-05,7.924175805677925e-05,-0.0009323072106058474,-0.0018210921837412395,8.117908366893738e-05,7.681639723378542e-06,7.436981745481488e-05,0.0001676267200852787,8.010428681654862e-05
2025-06-20,-0.0013007120374205574,-0.0010708647625287844,-0.000930172140214392,-0.0006063311660592163,-0.0004817593347553468,-0.0005169394547807212,-0.0005893154927482434,-0.0005028603144141841,-0.0009683647457185996
2025-06-23,0.004182624412781416,0.004903733586284172,0.0032705195556275526,0.002533016037097732,0.005921932691317604,0.005790885721393763,0.003093053115169164,0.003800196331826677,0.002869045323763696
2025-06-24,0.004057448701157599,0.0043475318380500234,0.0014500133022573975,-0.0033420836399666613,0.0029560164693093597,0.0024996708386113746,0.0034674236307383824,0.004173473543375869,0.004235942052452581
2025-06-25,-0.0015242567177506752,-0.0014261535250492654,0.0005258535533637569,0.0014870165291556022,-0.0023154448534953584,-0.002485714508889631,0.0002893118486479322,0.00034125025494511675,0.0008188018098926348
2025-06-26,0.002712805929851129,0.0034263526556648554,0.0021146687860729985,0.0009910798456020705,0.0034530737684444353,0.00315354382476522,0.002508722467183945,0.0032216575196354763,0.0026701714937521887
2025-06-27,7.864798056824827e-05,-0.0006800672135919379,-0.0012426475739137869,-0.005686547312739235,-0.002483961683494942,-0.002560995057607551,0.0016440496870871566,0.0010890773610685136,0.0010622230323722086
2025-06-30,0.0025189974505239435,0.0031109167856649455,0.0035453118457611215,0.005075797208290907,0.004486651634982344,0.004483845517320112,0.0015918591034022242,0.002378237607816103,0.0019038742506165167
2025-07-01,0.0004846190006232067,1.2633608554445015e-05,-0.00014275865900778342,0.00196660704876064,0.000179844506124596,0.0005395885838076865,1.8048545012467693e-05,-0.00039481316650635405,-0.0022029446128533072
2025-07-02,0.0014080311467505068,0.0010496922929545988,0.0028501580655441176,0.002962271193542707,0.0008505263363826604,0.0010042890493077218,0.0015192327969685308,0.0010698292889024079,0.0020348426185777518
2025-07-03,0.0011093736580667377,0.00016051838202800746,0.000622944269297909,-0.000903391122644828,-0.0015931176931074946,-0.0014721035758195034,0.002561334208502893,0.0018457946725046331,0.002836732680520929
2025-07-07,-0.003403136150655548,-0.0038524155063482013,-0.0016804526334758434,-0.0007137345480361019,-0.0040332956205123395,-0.0038724023439109553,-0.002203906652153405,-0.002898702399388052,-0.0019669191470966674
2025-07-08,0.0009039444684329261,0.0006924517921545769,-0.000622618148155112,-0.003431306848232559,-0.000680769816206438,-0.0008085661608640004,-5.135724743993271e-05,-0.0003864827080288097,0.0002792882592852633
2025-07-09,0.002575294861505662,0.003240033994330016,0.0032674897852846144,0.0026116606635432104,0.0039030908599685505,0.003695370091496652,0.0019763408536650337,0.0030054494729570007,0.002078711476531463
2025-07-10,0.0007949627727251106,0.0007757047450735256,-0.0003831625257459073,0.0006488801526572883,0.000933967993638456,0.0010445272519537853,0.0009955284034956124,0.0008627249905225076,-0.0002750535558015673
2025-07-11,-0.0013470064003217287,-0.001811313813913108,0.00044205845769752046,0.0030681937822989165,-0.0015156060430243407,-0.0011715293002004705,-0.0009776213469765602,-0.0019574792426577596,-0.0004998936918277048
2025-07-14,0.0007699634341695622,0.0006219253926568519,3.2701358772854454e-05,-0.0006674302925500808,0.0004535966099323347,0.00047830027552380025,0.0007114373877813375,0.0005978095796016882,0.0011275908605582346
2025-07-15,-0.0025041355721373217,-0.003369014576529135,-0.0014822204392373616,-0.0012144778550275369,-0.004970774387673026,-0.004872709071404137,-0.001211606233569092,-0.002047679243507664,0.0003783187254441133
2025-07-16,0.002339333623443455,0.003135468699075182,0.0014011050443573482,0.0019458500107743704,0.0043219240145002,0.00422950988917616,0.0011553270381650005,0.0016864654844857187,0.0004079127201458079
2025-07-17,0.00187346445876857,0.00042133899347884807,0.0025781280084016256,0.0005972277384103108,-0.0004228892684945418,-0.0005671294730666965,0.003843084727342294,0.0032057863600660763,0.0044568545505399015
2025-07-18,5.888298216376358e-05,0.0010115952990799712,9.515852987741343e-05,0.0011082273288600761,0.0018687640667326396,0.0018975620357500188,-0.00044398246719271154,0.0006885153949130321,-0.00048708717920434286
2025-07-21,0.006982306409119306,0.006294284023718172,0.01012538673538246,0.00966799500286999,0.005776856738473057,0.006274742672049187,0.001345192445007869,0.002682320780932997,0.0030837291150770827
2025-07-22,0.005971997166668648,0.005578675771563144,0.002696484324688675,0.003984615383066087,0.005814002018370923,0.00641012017110391,0.00015205786669157952,0.0012891853977494263,-0.0029413284228328256
2025-07-23,0.006301485889814755,0.0031476583343863123,0.0013310918790756393,-0.004934370345092506,-0.0008750859120344654,-0.0009806952208433566,0.005847832985073932,0.0038875972354095244,0.0027210667175714995
2025-07-24,-0.004730821781402407,-0.004717504532721698,-0.004658348502139865,-0.0031183159832561076,-0.0040920732292044695,-0.004319201092676361,0.0002806289728246408,-0.0004259413976786486,0.0013101850911046511
2025-07-25,-0.0004497586917923111,1.4709576242476273e-05,-0.0023467971533015874,-0.004242493273519494,-0.0001648719834772599,-0.0004756104904558748,0.0029387877464900373,0.003676782280230252,0.0014735161410508418
2025-07-28,-0.009410832701141276,-0.007749658769516181,-0.005981371668319203,-0.003248144191480632,-0.006191114624367355,-0.006770811169787977,-0.00011762138262023028,-0.0011084705109291409,0.00189300240249047
2025-07-29,0.004898742780938699,0.005101591770413642,0.0012916725933236662,0.0012170465779378198,0.005600854139097878,0.005923151257742792,-0.0017489492150463569,0.001054914814994618,-0.0008328520063805849
2025-07-30,-0.009288746675403997,-0.008821200267104224,-0.009098838778421344,-0.009106653914008047,-0.008481129858046796,-0.009233842843648941,-0.000805827649452705,-0.002286829044562137,0.000852676064818981
2025-07-31,-0.006188217544295918,-0.004333456936288214,-0.0023831960783159576,0.001838561424059864,-0.002485633587828257,-0.002692937072810084,-0.0025063357353582835,-0.0020579651824516004,-0.003020660354679673
2025-08-01,-0.0025699508416396765,0.004512140631328513,-0.002237876885490784,0.005616547627984068,0.009344781962160577,0.009379085300774153,-0.011121462205066846,-0.005606740735946419,-0.011397305749054778
2025-08-04,0.01227627491093404,0.009110210038093994,0.01381290272312392,0.00802578199477484,0.006004105139844656,0.00649072721401659,0.010362491821052092,0.010181801356285153,0.010723217883983664
2025-08-05,-0.0005372360933976431,-0.0008396574131067564,-0.002456539316676131,-0.0011643193697130373,-0.00047154173309732884,-0.00033611145634871765,-0.0034010939960427773,-0.003546507979896603,-0.003878963524601798
2025-08-06,0.004051885803482327,0.0028908297984084285,0.0066749257632910414,0.002219551407563049,0.0006107098302896497,0.00044791509524773115,0.005264548788217183,0.004532411021332959,0.00736870478034733
2025-08-07,0.005390822471274068,0.0034400007623421923,0.008073083989624056,0.0057585622209897006,0.0021261627813975244,0.0025117483054553826,-0.0005178170732559455,-0.0008580899011685369,0.0020429738293433635
2025-08-08,0.0015239700259677775,0.00037715512669056196,0.005021361033584199,0.0023284612708341836,-0.0011389088734431757,-0.0012408231346136113,0.005368844722472201,0.003967123427309543,0.005515365601271737
2025-08-11,-0.005062924754515963,-0.003987790884118253,-0.009426575451817527,-0.008630129705414106,-0.003872035347524553,-0.004448609031872894,-0.0012978743594766696,-0.0011428224499279065,-0.0016640054571035905
2025-08-12,0.009146658672505635,0.007094674979102355,0.00758189824820682,0.002978978560811541,0.0041089077189005035,0.004289211548815799,0.00732314106865859,0.006692634231307026,0.007425315802237206
2025-08-13,0.0074640222923444705,0.007110389498378485,0.003437399335030348,0.002028913074264139,0.00587017258206675,0.006119840886452795,0.0023979044016202225,0.0036834203327164613,0.0003628101959874128
2025-08-14,-0.0034756357975833313,-0.004136263238998793,-0.0021130599774289013,-0.0033930557134253755,-0.004566558109055861,-0.004814843943553307,0.00011617948775698446,-0.0013185841594007773,-0.00038745270750041496
2025-08-15,-0.0005717230997170919,-0.0011183526805763622,-0.000847039715788922,-0.0011050731486240695,-0.0007754842257211569,-0.0006051698058415766,-0.00239359181117782,-0.003651301530793183,-0.003663167466725681
2025-08-18,-0.001875543233218153,-0.0014245941917562788,-0.0024073086205504135,-0.001337620196758192,-0.0017570795629643847,-0.0019718910483990746,-0.00018877416606702887,-0.0008279223791146388,-0.0002814732089440093
2025-08-19,-0.0018534434343143297,-0.0007234532037917221,-0.009277509792971629,-0.008025736399047897,0.0010974999116937201,0.0012140542037481525,-0.005007419273743676,-0.003341388968589104,-0.010729043349528476
2025-08-20,0.0028990632902611345,0.002764530341634049,0.0028117426127382064,0.005083427338286594,0.0029268714321623074,0.0032465426563224146,-0.0024450637480630637,-0.0015397526535952714,-0.004661935070988457
2025-08-21,-0.005059646971883856,-0.004651105227920204,-0.006056474606587124,-0.00403969544582008,-0.004016922192697614,-0.004140543477669332,-0.0036971576506726715,-0.00527380555435365,-0.0036224305642917425
2025-08-22,0.018968549637781145,0.015320976438050976,0.01730053814950796,0.01261888425346961,0.012275072826475077,0.012985405170974693,0.014208855637766214,0.01646326521774938,0.012210973215770238
2025-08-25,-0.008041681020009957,-0.006302904120445757,-0.007167448986753315,-0.003031840767500288,-0.004507155543273371,-0.004729562942894837,-0.004060622458878467,-0.005047098805829377,-0.0022492240204941014
2025-08-26,0.0013010918849554744,0.0019092322631614892,0.004721121709631908,0.006135109472095741,0.0023613516195145857,0.002430643929113352,0.003886066665240291,0.0050513043719105175,0.0032116750664651257
2025-08-27,0.0003609279670325802,0.0008898873513764995,0.000715326814580788,0.0017547401454999067,0.0018268528675820955,0.001943512488535711,0.002120912911051567,0.0029673079478277774,0.0012514506479837492
2025-08-28,0.0035127379760479015,0.002300944121134893,0.007895028649535367,0.0071559202538487125,0.0016904810407952157,0.0018564452558772052,0.003290195155570594,0.004295692278940058,0.004993066509132443
2025-08-29,-0.002672590434813084,-0.001071032824116397,-0.0024260779909490303,0.0028165400999987287,0.0011582786558616475,0.001458412135715701,-0.005509064728626037,-0.005721048745952433,-0.009146602622574544
2025-09-02,-0.006533133553331384,-0.004806658306358645,0.004974403990199648,0.013406956623005763,-0.002242685070881659,-0.0019636976223223745,-0.006845288551545767,-0.00822025445324151,-0.006595918020688452
2025-09-03,0.0063142183292584945,0.005380689277730473,0.008485010022464663,0.007899413140638833,0.004421295296401506,0.004630377455084149,0.0050246799895966145,0.006607553407196438,0.006247378563379556
2025-09-04,0.005314577987269074,0.004440575600877586,0.0034048564150037978,-0.000203492423477668,0.0034426163153326995,0.003429222535208694,0.007744619730638244,0.009731934500511467,0.007193628959866165
2025-09-05,0.008033332683055555,0.007415553589281287,0.00845737130563684,0.009788891508964462,0.007508667746297866,0.00803667806668046,-0.0026695660430200107,0.00023792822845989287,0.001176277963241774
2025-09-08,0.006373792665274311,0.005393452757056137,0.010719191502452256,0.009658396507770237,0.004157307090453079,0.004345780741897936,0.002285526492517356,0.0038242366213974083,0.003899772295707255
2025-09-09,0.0004931457207132775,-0.0008312256936669606,0.00012080144486456757,-0.0007350471496939668,-0.0018918629067929426,-0.0019103415961643977,0.0021520639799934224,0.0005214658095166411,0.00228103999879264
2025-09-10,0.0016590308134054339,0.0016165279415273617,0.0009733567338890434,0.0024930911654876954,0.0014834643084827728,0.0015234790730954623,0.002688479037579195,0.003952339001355404,0.0002925597663605129
2025-09-11,0.011308038975961662,0.008001108135258827,0.004749492595334249,0.0009974662028546652,0.0054827765990381385,0.005891614593078162,0.007707463678135436,0.007943235625825615,0.004653846512010018
2025-09-12,-0.0015250203628439404,-0.0017598816885529367,0.0030043054116875097,0.0026964979531813025,-0.001695300632111506,-0.0017020995111834245,-0.00029824487713330867,-0.002026799778302248,0.0035435159887813395
2025-09-15,0.00738387253239584,0.005577302697885922,0.012002612096536365,0.010089207054235971,0.004061253416513698,0.004351920114752608,0.004944616603078228,0.005442678515942214,0.006839516476774448
2025-09-16,-0.0008976360391171889,-0.0002066705019441173,-0.0001916755976921758,0.0010392262178162692,4.296381704849139e-06,-9.721960772179905e-05,-0.0016806345157865943,-0.0013091562078957342,-0.0007872253154657116
2025-09-17,-0.003177333121315822,-0.003052444552293431,-0.006463160995614524,-0.006499377230520572,-0.0031331909208957903,-0.0033433743843147533,-0.0013717703531336022,-0.0027942248845131516,-0.0017152072472961133
2025-09-18,0.001702759965824788,-8.146142165883695e-05,0.0046496510855903155,2.802336866514225e-05,-0.0012102693042736117,-0.001184621434795235,0.00507554592518193,0.002327124159294056,0.007859451087631666
2025-09-19,0.0006130945332360235,0.00056170708506477,0.008392407045363414,0.009681005801833852,0.0008599735742078979,0.0009982790543642366,0.005379188035943701,0.004533417244399924,0.005912114585634573
2025-09-22,0.00654159629611513,0.003976828046009558,0.012513482072851,0.01452109294730182,0.002864132489186397,0.0034591901278257574,0.005135368529388675,0.0035017091540173345,0.005176954673706895
2025-09-23,-8.202782857999148e-05,0.0005558212143273566,-0.0007606977841556293,0.0011406252464515744,0.0017248750127386893,0.0018819602314109581,-0.005943800481528569,-0.003732351875788478,-0.0057704564072360845
2025-09-24,-0.006894003391815247,-0.005597453713761183,-0.007881690068033053,-0.007928349809501595,-0.005239103529343692,-0.005696714061993691,-0.0034831426602603185,-0.005064978234262048,-0.003037455671990701
2025-09-25,-0.005500588782396923,-0.004779192193727359,-0.0021398785998451336,0.0014706505526468265,-0.003201136544264549,-0.003143760946906416,-0.0050442843760917936,-0.006168907021795792,-0.003732969095052363
2025-09-26,0.008177705707780602,0.00591976373593235,0.008204327543045753,0.005943000396128042,0.0043694263731397604,0.004805158216195909,0.0062273343797952085,0.005254793880335177,0.0035971303117125083
2025-09-29,0.007034230253895947,0.005578118701111958,0.01194680111319586,0.013676479159107762,0.005006889481310477,0.005481862391509658,0.0030445267788246125,0.0045961327229200365,0.004051804531529429
2025-09-30,0.006365948854118454,0.004719520397632667,0.007557257470032131,0.00737667856197088,0.00358022090451479,0.003955688390759712,0.004085567407657698,0.0033607043541375543,0.002405966513079837
2025-10-01,0.00789030158387051,0.006749962745768455,0.006036340990188629,0.0029798466567893416,0.004829016703863281,0.004891793423217809,0.003693132085820212,0.00548031910778766,0.004199699696099469
2025-10-02,0.0003709218808084759,0.00027336524620079903,0.0017170432115364374,-0.0011714019325911131,-0.0003528134523718044,-0.0005757455347324394,0.001236530290944758,0.001697505685636214,0.0036040172835317685
2025-10-03,0.003100099168338126,0.0017594317682407806,0.002425628430411808,0.004777755616034961,0.0012233967867928785,0.0016067204324162357,-3.353143155139999e-05,-0.001425489070812997,-0.003651910122314284
2025-10-06,0.0025359720142325804,0.001344298077447535,0.012103854045009707,0.015863405447750282,0.001048460243061068,0.0014618699292013567,0.003886417778007022,0.0015568489336370834,0.00656723933339247
2025-10-07,-0.004296939724972664,-0.0021323797074453447,-0.0024724360924799475,0.0019326924236768713,-0.00010647509754849947,-0.0001494509442652403,-0.0040517443358648085,-0.0022125191104374517,-0.004574883160243694
2025-10-08,0.008292666625149808,0.00568881106789641,0.01605914617091533,0.015768857550925497,0.0039119821934537535,0.004371726483989174,0.006473969443107816,0.005960752999557909,0.0100160691727423
2025-10-09,-0.010862710129277593,-0.008230211651045465,-0.012826003045027089,-0.01449957653270706,-0.006603574342402288,-0.007340400611994381,-0.003169350793226866,-0.0034898804534543634,-0.0010367365302575405
2025-10-10,-0.019611461366760008,-0.010548293579121364,-0.01588739406559055,-0.002948035178212137,-0.002842678292777813,-0.00322760866139604,-0.02943262134391926,-0.023072400499647847,-0.030288352151251936
2025-10-13,0.019144680891163276,0.014660762583734784,0.025510473733529035,0.02441963394264065,0.011314452755138024,0.012244785988712181,0.01672303088114293,0.015479656561834258,0.01846373552425659
2025-10-14,0.001557214780705537,0.0008210129552270247,0.001906246944803119,0.0037545331496202893,0.0017518139712420016,0.002168258860323388,-0.0013485521466792515,0.0003582203209073157,-0.005784629216707788
2025-10-15,0.008691477341718823,0.006033030778628268,0.010219497726720705,0.01217756050952934,0.004967982983484109,0.005931793784685446,0.003951274782481029,0.0032291641591355447,0.004939508295829231
2025-10-16,0.00452968170096786,0.005429053280550006,0.010028824893174516,0.013757772546411026,0.0062139959144223555,0.0066987837577937555,-0.00628748877744633,-0.0035991675238775233,-0.0026111579682378647
2025-10-17,-0.00023317802324639944,-0.0010376625224044977,-0.005269206276279212,-0.009858737014854676,-0.0022966525721025703,-0.0026468590138603253,0.005259327241733967,0.004151913666769316,0.004748029874360584
2025-10-20,0.013698577891667157,0.01095038418003048,0.021105582075031847,0.02548205103768031,0.00974459112686507,0.011142038256663121,0.009630736072043213,0.010418531490705122,0.009086312761996626
2025-10-21,-0.01356915576203144,-0.011140547533229798,-0.02836783887946167,-0.03972829459522688,-0.011453845606911546,-0.013553744097679893,-2.3946182093433255e-06,0.0010154359281896428,-0.00014526025640835665
2025-10-22,-0.000622336508635219,-0.00024910740176690727,-0.004575846203062836,-0.0025919128955293005,0.00015515763142003196,0.00024663568102621886,-0.00480041317812806,-0.004822089280372841,-0.006893700559995623
2025-10-23,0.0050434937622364185,0.0027102810436217296,0.0065575775577821314,0.004982152211819552,0.0004421516235328059,0.000709595263462077,0.00549781202262976,0.003388584305055187,0.006079620069610974
2025-10-24,0.0044840586317764514,0.003788482024713053,0.0029589787691432835,0.0007372388749113202,0.0022372246166083186,0.0022365589638279333,0.007575825099498253,0.00809086027373846,0.007728154066658833
2025-10-27,0.0042524276696639315,0.002346124967688968,-0.002157759968764478,-0.011440502665768638,-0.0014471531101192961,-0.002042567146315333,0.010937517896811494,0.010909248047172668,0.012897227080682918
2025-10-28,-0.002772119977143519,-0.0021190920231945174,0.000174807240363543,-0.0021965424653960716,-0.0030499242985349228,-0.003738557746066448,0.00247285514153395,0.0029359879572432726,0.005619108581206294
2025-10-29,-0.004789908104666582,-0.006192850244496562,-0.0002287051597191923,-0.0011670630840539737,-0.007928240349963608,-0.008460646818256978,0.00045660954421564446,-0.0035442436950386424,0.003314656218300875
2025-10-30,-0.0037398460695083685,-0.002711405958918119,-0.0003456317505306282,0.006851600372178838,0.0004928588208468268,0.001063363055770743,-0.010185444995683543,-0.011285158116440019,-0.011083476157594018
2025-10-31,-0.00034762970353653834,-0.00026746995485420395,-0.0009136555386078311,-0.002125012411548267,-0.00020594019176521107,-0.00032722411109011593,0.0030497909653074595,0.003223763526716215,0.0035369907756465932
2025-11-03,0.0013717018941017903,0.0007740114378644124,0.002669078987284378,0.002326054203484969,0.000265785654642799,0.0003082798450451332,0.001750264607236823,0.00136677666872071,0.00351401711034145
2025-11-04,-0.01282242446950161,-0.009650828641771516,-0.01789355740051139,-0.016366169376541628,-0.005801839679798343,-0.00647727636913208,-0.01097323428743971,-0.010480090954114524,-0.014703011312750501
2025-11-05,0.006549253935671019,0.003872294899583739,0.008982692711255718,0.008995275381837082,0.0015075410868998862,0.002058923216813625,0.0032199118460832835,0.00023294846892890923,0.004743545214993139
2025-11-06,-0.006536927699870175,-0.0031345714489802996,-0.009634206857989557,-0.006019683804979343,-0.0003400960493485836,-0.0007261037858693102,-0.00992500669932888,-0.007096858082708115,-0.013435959615442335
2025-11-07,0.0038706847108463034,0.003398821918470314,0.001819685542381726,0.002991599417996012,0.0036898986560671204,0.004224124125120282,0.0009224102546849087,0.0010710974621910222,-0.0022282878960664214
2025-11-10,0.015780042069310534,0.01191687224696068,0.02266965137041206,0.02267436374475309,0.007717854430441516,0.008722718287780505,0.01445169756138553,0.013685046694776874,0.0159525408665714
2025-11-11,0.004861181247920821,0.004822552623997721,0.0022379760688798675,0.002160557986826763,0.004612142830758267,0.004945687599539279,0.002132088404651796,0.003925985335179197,-0.0018843721369627175
2025-11-12,0.002228353039004265,0.0015429724510445351,0.008275306116640983,0.00999649634237035,0.001364170405332357,0.001684077980025453,0.0005268569535002236,0.0005415224116139599,-0.0005273055777972669
2025-11-13,-0.012633914638848998,-0.011390279024391936,-0.009869994444401842,-0.007798451445626076,-0.008241316938074728,-0.00887304175940673,-0.014871445843019804,-0.016631910496650026,-0.013311484921136874
2025-11-14,-0.0043856373547384135,-0.004001240046889344,-0.006542730408195335,-0.006790137804976963,-0.0035256817002163846,-0.004026589461125184,-0.00013002600485303433,-0.0012368055687396505,0.0005431659739945209
2025-11-17,-0.009952799087309916,-0.008409849750646518,-0.008286390190679244,-0.0061766800087122925,-0.005670176629594611,-0.006350524683130619,-0.008309635382854374,-0.007708496913995101,-0.005467685621464252
2025-11-18,-0.004258151498973306,-0.002893282847206048,-0.003345142130715951,0.0002283862801774879,0.00016773253417879926,0.0003106299495665931,-0.007480723743843549,-0.006558496952615625,-0.007793942791913406
2025-11-19,-0.001972872345353244,-0.002254189130275302,0.0020264074075231273,0.0019526743092609235,-0.0018667718706096169,-0.002027489472674926,0.003462528164822281,0.00289022108384102,0.003886387903046602
2025-11-20,-0.010788103147476401,-0.007842353586760695,-0.009295815139837734,-0.005081517056923962,-0.0031853134571097914,-0.0035673947514890786,-0.01358434118413141,-0.012188871047548566,-0.015168178764929298
2025-11-21,0.009065836022888893,0.008949185670154958,0.0035182119085078356,0.0010301061657095835,0.006749614229290432,0.007131057736292117,0.008890128639495423,0.010769734599780395,0.004844654912834521
2025-11-24,0.009132302717369674,0.007285830760674276,0.012264737296519853,0.011537432162479518,0.005350505306155513,0.00594947739446843,0.013141853319107773,0.013878689667021403,0.016401794714090544
2025-11-25,0.008665884203254936,0.008040147068610991,0.004372013091412159,0.0012501684954344635,0.005344606364447955,0.005634265106279393,0.008417014937231132,0.009794810778370322,0.004029479272007892
2025-11-26,0.007963955610988647,0.006572073022893437,0.006727623300940427,0.005042304281826678,0.004176878002098968,0.004626049530350694,0.006188165563291951,0.006512818494835802,0.005765042335599283
2025-11-28,0.005034145248865231,0.0037612759959264083,0.006840918677765238,0.006617144916086331,0.0027345755959744286,0.0032531338860277968,0.00489928358380011,0.003700824924878979,0.0053091552779509135
2025-12-01,-0.003952031309167329,-0.004816638689273832,0.0002999076746179946,0.0012165024426679465,-0.004468986278401742,-0.004536826611332762,-0.004071289459058114,-0.007338734940217461,-0.002131738853233427
2025-12-02,0.0012167203125977226,0.001364315953599799,0.0013043367527603561,-0.0007876483549575836,0.00028313139825006275,5.660533614054497e-06,0.0016727724254495726,0.0020511491112294115,0.005133129390036536
2025-12-03,0.0038722312145897985,0.004032005865840756,0.0015181093402716998,0.00022297303404731942,0.0027651292243813168,0.0028054835996621824,0.0031139498686414513,0.004222508241332079,0.001641680988857831
2025-12-04,-0.0010767289154659646,-0.0020326745203175143,-0.00012312179400938284,0.0001070394647607457,-0.0022767945106938444,-0.002241858369934146,0.0006696664523771667,-0.0012782569271739892,-0.000555796192972978
2025-12-05,0.0004126354015262994,-0.0005520202170419149,0.0007088382379923583,0.00024507888981876286,-0.0012364208693868932,-0.001249310075520653,0.0017155792950114476,0.0003749753155212142,0.0027063372087511132
2025-12-08,-0.003155366258973651,-0.003254166396666388,-0.0012553261539254114,-0.0013831188833823601,-0.003043111484245838,-0.0032944406722773,-0.002674763208415501,-0.003996887949276171,-0.0012008163974959682
2025-12-09,-0.0013161836375041277,-0.001917298856518919,0.001562228961085253,0.0023161109502899866,-0.0014615234156157958,-0.0013867631081694045,-0.0007573166552264132,-0.0017232001243976968,0.0008544780715728523
2025-12-10,0.008013390691813765,0.008640278369170792,0.004048786686499186,0.0025992941610358156,0.006502922011938944,0.00670221156378852,0.005950963884377286,0.007751844271615182,0.0027205797179803695
2025-12-11,0.0032089009155937425,0.0028217267468659954,0.00371702031668099,0.003547827174296124,0.002665427647054765,0.0031017934556392636,0.002099054443996993,0.0020507305162039283,-0.0020623414528080962
2025-12-12,-0.007684696489270973,-0.006657168997912327,-0.005075462387993492,-0.0018690814515624982,-0.003335258148857718,-0.003309264085623727,-0.00961720556977857,-0.01127854803461792,-0.012418848732513553
2025-12-15,0.0014597649343366381,0.0021288764068718713,-0.0016425745545202153,-0.0006908844080179,0.0018153259467528216,0.0019018656263036782,-0.001271550019721901,-0.000980734217185697,-0.0028612728098761364
2025-12-16,-0.002270901056913469,-0.0015182841104190532,0.00027487083498395234,0.0005595110700779046,-0.0005341556158384043,-0.0008299123108342815,-0.0021415956825677467,-0.0007455637386104637,0.0011812556132509465
2025-12-17,-0.003701753324887489,-0.003018747745269238,-0.004197476852764016,-0.0006710695375581709,-0.00048524661405008416,-0.00023687986660872421,-0.008707788059317243,-0.008941629481194995,-0.01041799395444451
2025-12-18,0.0052016048589604465,0.005396494744938254,0.004501643962882967,0.0023793420676409788,0.002930218810409821,0.0027738340370811933,0.006011276193595189,0.007344933931979915,0.008186524671341558
2025-12-19,0.00531208273317919,0.004225241812559696,0.00517120876904999,0.003200167667230476,0.0012193613452686665,0.0013203742331114323,0.007220041253815659,0.005940427050670189,0.007416182758086168
2025-12-22,0.00662445786495039,0.005384496846450341,0.008620325576828299,0.009600338587271027,0.004413202183139502,0.005339990781600577,0.004980834678516941,0.004357254325504472,0.0027809492684745386
2025-12-23,0.004234109520464,0.003308505068210993,0.005683954290154704,0.006004988061362246,0.00224162986049022,0.0027104729030971043,0.0036663382338325196,0.0033733459041876937,0.002723763136106396
2025-12-24,0.002240999520316879,0.002658976311760018,0.0001590841966804681,-0.0008865859272745245,0.0022227952995862864,0.002226592565949907,0.002831300610071492,0.0041303724206752275,0.0017282869479435913
2025-12-26,0.0034675931761813856,0.0038024514380735138,0.0033043292832642475,0.004435138491910562,0.0035490071004254057,0.0039091385723268425,-5.203047728985091e-05,0.0003523726724087647,2.4419247727168854e-05
2025-12-29,-0.0078052573894092595,-0.006804960122909591,-0.014150940650947066,-0.01743770272766062,-0.006580559369170415,-0.007942872375487587,-0.0028113368878733653,-0.0021430112940914,-0.002698568380380014
2025-12-30,0.0015238277820206103,0.001395593799890537,-0.0005676195790307032,-0.00016430211791998914,0.0007769796406771188,0.0008838098212205615,-0.0009436725620856772,-0.001583418720885368,-0.0012584503331537367
2025-12-31,-0.006123083133378669,-0.006377351692794199,-0.005055476476921693,-0.004076327731982011,-0.005259907044663647,-0.005671289055523424,-0.005870043076187076,-0.007736434112383751,-0.00463644456916699
2026-01-02,0.0074987768905810555,0.00722300044287435,0.0011338908445561735,0.0014810700505381285,0.004057864544381399,0.004348926412764994,0.001486424791760261,0.0009613743366531059,-0.0010353074801401337
2026-01-05,0.00946443204476196,0.00922491428890504,0.010434508952274352,0.01144699894705601,0.0076746160464474964,0.008553626892805713,0.005325709892370398,0.006870654873629292,0.004555854464148015
2026-01-06,0.005942012843959745,0.005169422475401769,0.006313694454237945,0.00595096714269182,0.003901308091874412,0.004491309094232355,0.004764722250087405,0.004310827917503757,0.005049435820667562
2026-01-07,-0.005533601766407675,-0.005265975707280881,-0.002836348466972973,-0.003339585802277406,-0.004007071252938232,-0.004637090776043559,-0.002541308605566767,-0.001655842494234316,0.0006092433954699515
2026-01-08,0.0009918701648881847,0.00015307766504240908,8.067711985410302e-06,0.0009255025430481562,0.0003542496402187017,0.000809801789693469,-5.2189466727600074e-05,-0.001729804637545466,-0.003182334422464455
2026-01-09,0.005481389369698083,0.004615999805360007,0.0057300650138887525,0.004867629438105904,0.002937348376353371,0.0032915906303233383,0.005297458669474872,0.005841149903220103,0.00572429847515848
2026-01-12,0.006270155141804235,0.005554546787710297,0.00577875469313429,0.0072890932939808145,0.0041756373989000894,0.004869566838337901,0.0012817056071495136,0.0005440120559841352,0.0005351950076510738
2026-01-13,-0.0016132459009861352,-0.0013552894728016138,-0.0010442459965729007,-0.0007931735839377924,-7.145467579695202e-05,-4.961667863126633e-05,-0.0015666232949534554,-0.001009329206139119,-0.0007855918950221565
2026-01-14,0.002175018786017271,0.0025819643084031138,-0.0006343651968664622,0.001718740647267902,0.003304550006138607,0.0037876586131700787,-0.0038914739103786174,-0.002907407956263484,-0.0060359977679603355
2026-01-15,0.000362503500677791,-0.0009105240699061046,-0.0003073444021721716,-0.0013679624036556648,-0.0014161155301875006,-0.0013262763673885791,0.0023446036693628436,0.0009729695011406747,0.0022058335024626174
2026-01-16,0.00024236706351969713,-0.0007394242788900869,-0.0016585468539196315,-0.0018475307718092138,-0.0007783711317139344,-0.0005129695095314882,-0.000729375193697601,-0.0029765221446646367,-0.0004536774811384343
2026-01-20,-0.008924653425704311,-0.007939595890292899,0.0017104691077559615,0.008684455127565735,-0.002936875403707018,-0.002516489878616708,-0.01808596506741078,-0.019787329807057222,-0.012884242638714008
2026-01-21,0.011672404256501902,0.010464660760712365,0.009572101313069487,0.008363197220262852,0.007367354642405901,0.00801949347626018,0.01025530509361675,0.011322823780047897,0.008220735237824794
2026-01-22,0.004445483556247199,0.0032286412046451207,0.008134812547332294,0.008460298212936194,0.0020538230807533647,0.0024287868545192605,0.004655950288908132,0.004340065484585027,0.004469801887998783
2026-01-23,0.006260803925392246,0.0058282092221068615,0.004994496390848131,0.005863543334118391,0.00467220338200712,0.005178185009416542,0.00033844066851752944,0.001183248738231459,0.001978532089192855
2026-01-26,0.005459014550606866,0.005042448039456354,0.006278906910759657,0.006505662765191031,0.004086645895491437,0.004525061666731875,0.004529595700023318,0.00510753649397572,0.0027375829214406006
2026-01-27,0.012082648952607923,0.01027370675278972,0.010400002718079282,0.011311898191661273,0.007063253152610408,0.007992875803253347,0.0035589549455223987,0.0026895372192515927,0.005589945673890167
2026-01-28,0.0032113224101064865,0.0023553108911590526,0.012658212798569279,0.015610941368748976,0.003704521741466646,0.004648615543844134,-7.372588955029949e-05,-0.000634980916211862,0.002084096256273543
2026-01-29,0.0012682542384783602,0.0014413350518200094,-0.0010198077464133877,-0.00018205005877814718,0.002352123077883744,0.002742444713383342,-0.0017496270664581208,-0.0011929780087234802,-0.003615631236713345
2026-01-30,-0.022840326832541693,-0.01881299782546141,-0.03559417071374076,-0.04283442124800014,-0.01857617080577802,-0.02204114379880285,-0.00263694293678371,-0.00299138809264791,-0.007293771588161307
2026-02-02,-0.003040504481300761,-0.003193922059563055,-0.008952338581440395,-0.013139370804373399,-0.006648905517081871,-0.007988906596330498,0.004436083555788547,0.0030731904461068853,0.004237748271793819
2026-02-03,0.005324771423146554,0.004607012458708755,0.01234151164936366,0.019315049969145244,0.007457241674006337,0.009202042322699392,-0.007506252325667874,-0.006817082679137538,-0.009324851636014438
2026-02-04,-0.0017312353312421815,-0.0007875989911374983,-0.005635894708091092,-0.004035578933570779,0.0008482195399678564,0.0011265143264092279,-0.004289068842262783,-0.004356422098509008,-0.010544536406002579
2026-02-05,-0.012156652970361467,-0.008635416572478903,-0.013477891067753897,-0.013028518827788863,-0.00463998955214236,-0.005859489680293613,-0.011077946278538727,-0.007445207359871484,-0.0086177479808424
2026-02-06,0.02099534388827233,0.017571206882915927,0.017408789036662205,0.015975904873032777,0.012330944803159606,0.01397423982924252,0.017033251408654627,0.016300920998469616,0.012720969238176004
2026-02-09,0.009440345036571459,0.007940673159301538,0.010314669493366574,0.011239676173047814,0.006561662795714194,0.007529975505416242,0.004301971354978154,0.004168972291742305,0.004684213387048197
2026-02-10,-0.000979410429936787,-5.5710226645751016e-05,-0.004559656593882535,-0.004712157995193237,0.0012315124676618707,0.0011390679132151098,-0.002329409779979407,0.0001439913721012373,-0.002754072981312255
2026-02-11,0.005037577243832837,0.003283312079168246,0.004118024351749211,0.004913432678010232,0.0009263894702566356,0.001318575787172622,-0.00018944664689672045,-0.001870248538195919,0.0016788388464375286
2026-02-12,-0.013195542706512445,-0.009589623766905619,-0.01804730414134757,-0.017541676347263568,-0.006241819289232362,-0.007660133040635928,-0.013718516076705916,-0.009807764222558694,-0.012254632540042516
2026-02-13,0.007413639812574853,0.00785310644959821,0.008075370592616541,0.009814355728234456,0.008821433384478092,0.009833100041847571,0.0006413127610110041,0.0027919463472457075,0.0013367080946731355
2026-02-17,-0.0019249943741141973,-0.0017914313649971536,-0.007051643128479279,-0.008273276017782716,-0.0028358525999124806,-0.003371319517124549,0.0013918697620842746,0.0011912793337696126,-0.0005935528537146517
2026-02-18,0.004697155766453718,0.0033349575901354847,0.007162371251019674,0.007024556066147392,0.0014029123951360693,0.0018058491534501174,0.004376572229969663,0.0030039266416156834,0.004650081803265301
2026-02-19,-0.0020059260239691334,-0.0019727207163496127,-0.00047161562248284765,0.00016958952977141138,-0.0008392223741945994,-0.0008883873137342011,-0.0022631942412896107,-0.0017738678583968611,-0.002307986045170958
2026-02-20,0.010430470870625371,0.009479377730585768,0.007184523554168802,0.006569500012315827,0.00664556291682569,0.007549134680241063,0.006275960979762384,0.006000056606396497,0.005506964486851664
2026-02-23,-0.001097764806768644,-0.0002802802187505432,0.002246800312350318,0.00530728357987143,0.0030568150190271753,0.003588634173543667,-0.0088234213735709,-0.006661928133915346,-0.0074585793183779316
2026-02-24,0.003060761770904044,0.0027693345210932467,5.2983143993047186e-05,-0.0020449703603697997,0.0003512827443410396,0.0001365984906912359,0.006304894497793839,0.005901621805717666,0.006663630525841343
2026-02-25,0.006367266078194423,0.005653578657737523,0.0036506596636283316,0.001764480998243313,0.0019379948839769914,0.001974245630560259,0.007323369598341603,0.006549879258999938,0.009007504397209497
2026-02-26,-0.0015514732461700917,-0.0009526626683752547,-0.0013403859726943022,0.0005486268421609192,0.0013717269948596853,0.001661955130104978,-0.004794029630978488,-0.003266082062842444,-0.0074384572571278085
2026-02-27,0.0005627826802060551,0.001877763965279404,0.0017926085525902201,0.0031142837409699068,0.0036121766193930364,0.0038490363732608434,-0.004138670832624897,-0.0018802230395036882,-0.0019240010212015896
2026-03-02,-0.00552672962002517,-0.008125569654331477,0.0033750907103705717,0.003512176403029233,-0.005207187097261727,-0.004729504941007174,0.0005114475093154351,-0.002952054047803053,0.0008687055211307811
2026-03-03,-0.02264487592321368,-0.02155612748176639,-0.013574694841887305,-0.013957749694294825,-0.014750462536800395,-0.016485059684663277,-0.007607950832683509,-0.008098790550069701,-0.0065570669360486555
2026-03-04,0.007563855251073968,0.005998350750081877,0.005962773996036403,0.004488273745758869,0.002675720710234793,0.0031404997306597802,0.006117599182444663,0.0046862401285335375,0.009431396753223617
2026-03-05,-0.012284865451669683,-0.012992065078999138,-0.003919439993188428,-0.003868976527141891,-0.009185339613941516,-0.009927477657647031,-0.004804091361508548,-0.0064842203433934185,-0.001808818467613795
2026-03-06,-0.005350691860220794,-0.004960475408569535,-0.0012197466015567775,0.0019282760658175721,-0.001943240895153954,-0.0019685330681163144,-0.011310760096957508,-0.011446036411179866,-0.009239837274230046
2026-03-09,0.007266828951046272,0.007513772694409017,0.0034920279920250823,0.0015441647021618417,0.004468574202934453,0.004548953659571686,0.007578515519370178,0.009038730105623862,0.008259473733009028
2026-03-10,0.0016579242417644685,0.0002994965361519579,0.002429225131511342,0.003088120567482272,-0.00024159585064398038,0.00013431337017143807,-0.001368577431923006,-0.0032221288551970003,6.552033947440281e-05
2026-03-11,-0.0025417435620667408,-0.003982872324314176,-0.000871649429934182,-0.0008690388876571449,-0.004638307483177409,-0.0049118113844085435,-0.001064332628632131,-0.003691475853775412,-2.5918616207270104e-05
2026-03-12,-0.014929444662982752,-0.015854927496236407,-0.009852046905144756,-0.007730257891810132,-0.011605452792203198,-0.012457032426042876,-0.013092422975470442,-0.014686109941952543,-0.010538770674761137
2026-03-13,-0.00628747717735685,-0.005765499678536298,-0.004755210968306313,-0.004336743410616983,-0.0035116931161797943,-0.003957875551249665,-0.004857136739400648,-0.005437558965448287,-0.0035780647102897
2026-03-16,0.011638831130090252,0.012732817601370369,0.003439602176742529,0.0017435307074106772,0.008325136507940504,0.00863951382070602,0.008782187886171817,0.011060567530510637,0.006917832869347059
2026-03-17,0.003246582862834339,0.00327941331154515,0.0008768510156764325,0.00020768537031434482,0.0020677542153027207,0.0021555973317940484,0.0022879481628633705,0.0031412840769443405,0.0030538002641326174
2026-03-18,-0.014433132962531015,-0.016380430115733202,-0.010914144815034943,-0.009646246470325193,-0.014306472297447304,-0.01563827447349564,-0.01200500954062067,-0.014309487663830334,-0.008911588698407802
2026-03-19,-0.005646871212809678,-0.005537889760248519,-0.009251423621581876,-0.009909468744953425,-0.006448955808987663,-0.007655698184456114,-0.0020990912661999566,-0.002195062129381792,-0.001963415727149534
2026-03-20,-0.020755830455921533,-0.02367245525365613,-0.011325113186623237,-0.00968600741876695,-0.020527339599645616,-0.02234998011407346,-0.012304203724514446,-0.017137673930268608,-0.011723060675828234
2026-03-23,0.008959027417328512,0.010848952621133822,-0.000825349674754078,-0.0030230192179525025,0.006416326996803337,0.006239550449957974,0.009029137511219863,0.010533340123235192,0.007317505197515748
2026-03-24,-0.00461536377217964,-0.006355997349204068,-0.0016759632367641163,-0.0009616050356276369,-0.005701259944104069,-0.0058700059795280335,-0.0028636643089774536,-0.004790343785129075,-0.004291184264623652
2026-03-25,0.00927988504934055,0.010612888213961736,0.007742545748888484,0.007593449386707354,0.009276231987317819,0.010041886103650588,0.004806240651375992,0.007589077045697368,0.004220883114822066
2026-03-26,-0.016864834862306582,-0.019553617378380378,-0.01407874499455778,-0.01196390970334311,-0.016297117581105434,-0.017402001506568714,-0.015327895476922314,-0.019606948347605874,-0.015109987916782332
2026-03-27,-0.003048222582370592,-0.001866682022093036,0.0008946857426886091,0.00449799694527919,0.00205195731360065,0.0024062772611609367,-0.014596525104631435,-0.014339316119342117,-0.012247259902770107
2026-03-30,0.00024080240489477334,0.002366812751536911,-0.0018755919549673275,-0.00115125472399267,0.0037855003810240333,0.0036994068386206223,-0.002837920499431566,0.0012262830350786263,-0.00472270880147257
2026-03-31,0.022149564271755427,0.022567910237353214,0.017301021459340028,0.01361748847768926,0.016562448715970495,0.018396877907909805,0.024863841095411208,0.025202405431128484,0.021150573635081184
2026-04-01,0.008078177449418487,0.007713950647050457,0.006881504848486479,0.005963793556080248,0.005282533337393347,0.006024406307306924,0.006486264142758102,0.005734987370276201,0.007846999481756005
2026-04-02,-0.0021197668428626745,-0.0014291231416389018,-0.0034841417062510247,-0.004111272380768394,-0.00035260529345681194,-0.0005677260779728826,0.0007938545968044448,0.001990440837160929,0.0007794243384127382
2026-04-06,0.0025963815552293447,0.0013735312303592019,0.0009919410747267015,0.00011986241655942682,-0.0007366385739948107,-0.0006219664072460697,0.004081493614621399,0.0023994957932505934,0.0038678415700562044
2026-04-07,0.0015021401010892573,0.0020863004229004604,0.0020746041685788326,0.002288892534669207,0.002786782065116492,0.0030012283749606523,0.00039852885033481866,0.0017177624950751931,0.0001499201727450443
2026-04-08,0.021945110711373693,0.02301967938843815,0.010152475196911322,0.006223285671900895,0.015140681116370132,0.016277634409622394,0.021917182917474118,0.02252457660269609,0.01894188038634065
2026-04-09,0.002244883041420395,0.001983939614084168,0.0036569049748229796,0.00293828559299804,0.0021643534793395697,0.0025788793825823066,0.00499672392207593,0.004605594321364669,0.004394542430965521
2026-04-10,0.0008841627040516305,0.0002112372366464058,-5.083520757666396e-05,-8.045025013687905e-05,-0.000513751100133886,-0.0004243658713442211,-0.0005516583976303244,-0.0015504694419046163,0.000979382300935381
2026-04-13,0.004450749063337353,0.005175400745922877,0.0024971654852775633,0.0008608607817871917,0.003630070706983684,0.003677406144417964,0.008456180053370633,0.00937375460932785,0.006710738739132371
2026-04-14,0.010156530226940333,0.01055654194866736,0.009681498353274465,0.008105305933492995,0.008976618565377533,0.009901482992701167,0.010552339196529387,0.011971389861274235,0.011783860843080455
2026-04-15,2.2710416367397636e-05,-0.0007297889153888561,0.0018512015844495825,4.4077137895316834e-05,-0.0017325855404605522,-0.001902086110380966,0.006851549488532649,0.005396409735516591,0.009153791702064148
2026-04-16,0.0013410468063899577,0.0006077668821870111,0.0012147427972720281,0.0007050725776083531,0.0003172357374833806,0.0006304105298061248,0.0021489853468517643,0.001051811773901738,0.0031969122779928615
2026-04-17,0.007884122583556419,0.008804310796807657,0.005722624008869692,0.004860781063800612,0.00998987098656956,0.009557808718028804,0.007832937644289606,0.009300634777199335,0.0066175018981669
2026-04-20,-0.0020772852334283772,-0.002416967578483183,-0.0021943730037060714,-0.002191041474809091,-0.0024506030578734656,-0.002316896833568797,-0.0012790365981779528,-0.0016201084194893956,-0.0015636103080690481
2026-04-21,-0.009111830815115674,-0.010057045999478553,-0.006184239688403487,-0.006309715137892974,-0.011382382111895144,-0.011346456211983873,-0.0042948528721266895,-0.005828484252561236,-0.0018840790163101
2026-04-22,0.004364000437174189,0.0042191305180517375,0.006250136254227884,0.005435294269689291,0.00335930445999578,0.0032106262807577368,0.006751550356570708,0.006659093421246667,0.008649144923087335
2026-04-23,-0.0032666869770665696,-0.0036032149092875116,-0.0029673654316764555,-0.0027795472743103187,-0.002947558907991513,-0.0026752407023433165,-0.0025289909629481926,-0.003040927150588923,-0.002842000289911569
2026-04-24,0.005179844923500458,0.005486347559584694,0.005090859783811989,0.004224715419836987,0.004730677790988352,0.004432089842800022,0.005187995223581451,0.005590793313554886,0.009928841745687117
2026-04-27,-0.002082536601607718,-0.0024894705229211514,-0.001011157264605934,-0.0013750316285831856,-0.003152525135052684,-0.003120473002689885,0.0011935565599408584,0.00012658124267062476,0.00034303356341625025
2026-04-28,-0.0031735947674714944,-0.0033297134681506742,-0.0053769886783586835,-0.005263399386198818,-0.0033315301537270455,-0.003192952860190563,-0.0031891780951766044,-0.0034017211508161776,-0.0051630561776103
2026-04-29,-0.003303170187841938,-0.004671845836125659,-0.0006314886125487833,-0.0009971667583856141,-0.006086156355695739,-0.005845393543841829,-5.4475747962007945e-05,-0.0020180868578211597,0.003234041989599096
2026-04-30,0.009067450834251681,0.009473710215716497,0.005187703930794757,0.00454671212455265,0.009110452045670183,0.009053878586883134,0.00665559516383532,0.006931531608326946,0.0049108057444678015
2026-05-01,0.0008286484120264465,0.0007411901997139184,0.0018982857271853653,0.0014656062506427777,0.00034575808185472313,0.00025487423256350034,0.0018927669954931386,0.0020234294597321067,0.005074294435486913
2026-05-04,-0.005416735761539258,-0.006364830379385309,-0.003978038554505602,-0.004145488820830898,-0.007369916179531912,-0.0072135972845451275,-0.0023948484263641196,-0.0037701408975428312,-0.0009181198241855832
2026-05-05,0.005975496083668449,0.005811595706870072,0.004633184196194851,0.003927455376125271,0.0050116211736104,0.004904854229016131,0.0053907729372529335,0.005584039336327511,0.006857652749700886
2026-05-06,0.012935212458526385,0.013292133242322726,0.01027806397345507,0.009490976656142347,0.0131333664389838,0.01300004741318587,0.009328897233938229,0.010657593645560884,0.011005034481523734
2026-05-07,-0.00556968054792903,-0.00654723109575288,-0.0001402800162381178,0.000216429892508974,-0.005938195535627444,-0.005599233296008332,-0.0020092575521102134,-0.0031394095424482904,-0.0005667502811031843
2026-05-08,0.0063990918433957916,0.006587162837113182,0.006070574149791192,0.005063165761112352,0.005705010250913885,0.0054410518455978866,0.005579397033685938,0.006214043077165718,0.012519605465001922
2026-05-11,-7.075933517458008e-05,-0.0011667303600685572,0.0011863257944003916,0.0009971003033704886,-0.0019489439755035114,-0.001627557052889552,0.0015774549063656534,8.563662624468471e-05,0.0016219774738363741
2026-05-12,-0.00482049485417359,-0.005293805655969237,-0.002362139808018261,-0.0021754215436321223,-0.004914196730953851,-0.004578862242303614,-0.000971217535188295,-0.0022944688899416226,-0.0044934464872665595
2026-05-13,0.0030018508387253417,0.002982167785418382,0.0016494005680179364,0.0008138027258764634,0.0011793573740056143,0.0008849667684211975,0.0038065527963965363,0.003514313585777727,0.005722647896279933
2026-05-14,-3.085752625774774e-06,-0.00042300589366948754,0.0008780736235746945,-0.00016561204561129402,-0.0016167954372046732,-0.0016880058160385122,0.005360875341203113,0.004720154668707703,0.003890750317389393
2026-05-15,-0.011509085038131299,-0.0125220536959235,-0.007838504350008995,-0.007102563200334307,-0.01297694669337574,-0.012660192676087957,-0.008070941121120634,-0.010727002991004543,-0.008077832969797893
2026-05-18,0.0031610205298944205,0.0032061921767316814,-0.00041619616139987325,-0.00044420663908872893,0.003081440936522739,0.0032534993276445157,-0.00042604850191207966,-0.0006242615675076113,-0.002149808176309276
2026-05-19,-0.004099294336782574,-0.004485225400019909,-0.005433404545335118,-0.0054025948459502735,-0.004869557697322941,-0.00475514286962496,-0.004419227731973784,-0.0053905745504898095,-0.003065806918995067
2026-05-20,0.008788846314686535,0.009217297063411534,0.0076238293793226925,0.007513915812357857,0.009525426259684713,0.009428789006695772,0.006903969547816705,0.008627584446567787,0.008473155641555685
2026-05-21,0.001969739791535382,0.0017184836817790146,0.0004741060706675165,0.0003086618553906434,0.0011200362605820855,0.0011253718201371756,0.0013783349862295984,0.001412537487825967,0.0010453268013039653
2026-05-22,-0.0006203101854729704,-0.0006961916155371683,-0.00021587610371632241,-0.0006936056277009103,-0.0009234701790298625,-0.0009618088472107331,0.002687769506701922,0.002635733634264647,0.0022404892125681046
2026-05-26,0.007071639128024689,0.007173744054850168,0.0046460520101155225,0.004574848425638626,0.006337430446075036,0.006092417954689475,0.004511383599667689,0.005548209958441284,0.009175568515185101
2026-05-27,-0.0016526783345221306,-0.0013854150066433392,-0.0029629133010221713,-0.0033502743836448124,-0.0017846521635719137,-0.0019615809256079628,-6.994413326669941e-05,6.681831026010108e-05,-0.0005186085198417327
2026-05-28,0.0013867589373335076,0.0014751231433332778,0.004634670602541762,0.0046407315439854335,0.0018578624805355398,0.0018111188077461079,0.0037642175305341754,0.004143383887822221,0.004427409919942838
2026-05-29,0.0005738166807055943,0.000690788926684212,0.003313606011198212,0.003478507102112744,0.0008348854623381798,0.000762954862647511,0.0017284983730509681,0.0019172371963324028,0.0019809918933751036
2026-06-01,-0.00037865687796472696,-0.0009903795410092558,-0.0012655490848301036,-0.0017318746468664896,-0.0032444584490999473,-0.003500559310826529,0.0018873663626238998,0.0009340462810555923,0.0031897957462768676
2026-06-02,0.0026738500160499194,0.0023615381894114117,0.0015664417389889783,0.001638732584645169,0.001953126445892465,0.002001762944052239,0.0009656586160373905,0.0010898962778882963,0.002470594042054279
2026-06-03,-0.004224473203663332,-0.00445543408507483,-0.003293649300967191,-0.002904980633838523,-0.004375020737056834,-0.004297975786988189,-0.004698528586573823,-0.005109947185864502,-0.0012948361645245385
2026-06-04,0.002596434626774076,0.002956562114895793,0.001114145539520552,0.0007739255061813268,0.004105874363953635,0.004316744411653557,0.0025976775692675867,0.002717836045149769,-0.0024532867025805335
2026-06-05,-0.015369300956309454,-0.0149815470149368,-0.020689546041827895,-0.020650050236003848,-0.013644598940627903,-0.013357114286611212,-0.01738870223332191,-0.017228201570575148,-0.02491209269242016
2026-06-08,0.0023010722693178657,0.001950796296264672,0.004150817327238699,0.004528554826849729,0.0005456384673197199,0.00034964287336298273,0.001565443365982675,0.0009057977038139191,0.008007801193687578
2026-06-09,0.0001055784320179812,0.0007543690025318881,-0.006013759229106107,-0.006542442303256828,0.0018146990576553476,0.0018432187655512218,-0.0019188970456085078,-0.0006241588904418082,-0.005819375177464866
2026-06-10,-0.008498921751639963,-0.007480985344909965,-0.014167061447579678,-0.014299811061766105,-0.007303764544553992,-0.007593811964807045,-0.010507521482793231,-0.009554004981411741,-0.010096480044775117
2026-06-11,0.01384795432505379,0.013819923259642347,0.015142103862747726,0.015339097510137324,0.012819758137779315,0.012578331901779202,0.011369488488480912,0.01258262122037677,0.01709486542262302
2026-06-12,0.002260532806279311,0.0016597679894847406,0.00203060748679963,0.0016838050073640272,0.0011927353883141143,0.0013977863676085654,0.0036706676006853477,0.002480870891700205,0.003086120996081322
2026-06-15,0.007492493614359329,0.00647680279038331,0.013879362244840456,0.013809514726251417,0.005479983074606879,0.005503884133388179,0.0118790503127474,0.010699383607895558,0.016207675454941648
2026-06-16,-0.0018942454032078295,-0.0011698918938844417,-0.004218252451889495,-0.004185312660503425,-1.0270470339205078e-05,3.4070236471079294e-06,-0.003974280381774394,-0.0025087200705809763,-0.009837689917742304
2026-06-17,-0.0071861400542083675,-0.00910909842481833,-0.00577356005537677,-0.007797095221572126,-0.012258690742357525,-0.012311070443655647,-0.008230015242570388,-0.00921978409928359,-0.0043569610180828056
2026-06-18,0.004755955890266256,0.005019145443547334,0.006374499255180469,0.004052614131492735,0.004542237421344486,0.004196587575844403,0.006905923835061686,0.0073577955855456826,0.010869481557589548
2026-06-22,0.00044356111790817983,-0.0006233323553908987,-0.0008918801295068945,-0.002018320718210056,-0.0015245976437353267,-0.0012007000490136378,-0.0020313495309201416,-0.003266113778963854,-0.0010106643015473287
2026-06-23,-0.009725102473660577,-0.007627711226624588,-0.013486223052510644,-0.010628166501869834,-0.004635850687522155,-0.004661466612217811,-0.009546513240720008,-0.007854554519098627,-0.014260638916348163
2026-06-24,-0.0024700444973197715,-0.0005754302166183534,-0.005385653857767208,-0.007284658753513706,-0.00015585636770363976,-0.0008075037203956096,-0.0002534422351881894,0.0022484772140844073,-0.0017287688628818923
2026-06-25,0.004036804278120003,0.0036601680713390966,0.0038396794542933594,0.0035860611843969653,0.00323000863487304,0.003306888007727058,0.0010016263662438662,0.0010757366597578372,0.0035412948141939227
2026-06-26,-0.0010282408468929292,2.613698145077049e-05,-0.0013820531895513426,-0.0002523407630635037,0.0028363144801726017,0.0030285074631182483,-0.0047051143003974194,-0.0031311242897935202,-0.005808999624582419
2026-06-29,0.0035183405400477175,0.0030590932271400257,0.002325513487394207,0.002317660382681379,0.0007013824119496146,0.0004569531845611221,0.010860086087769262,0.00947832931192457,0.01064537344721056
2026-06-30,0.0020996842822876213,0.0005586438394278159,0.004086987573427859,0.003339504142142557,-0.0024140788800155193,-0.002457363632889131,0.005188173976497868,0.0024611579803239417,0.007415692008953177
2026-07-01,-0.004328058357616103,-0.004336214344674274,-0.003951962359055647,-0.0012790284831292035,-0.003123326800442923,-0.0028010545030319194,-0.0008437776566958996,-0.0017035823043586365,-0.006547547051350164
2026-07-02,0.0032060936511138817,0.004030975799519087,-0.0005892223772444887,0.0015096094558321317,0.005518869824204631,0.005766852256892595,-0.000818240687557655,-0.0003816269785752847,-0.007387871703539705
2026-07-06,0.004801380295554287,0.004291143861957611,0.0064964893376263854,0.005363848054205456,0.0032018443950466028,0.003102906011872399,0.005817589970684749,0.005261528907350672,0.006207142672977584
2026-07-07,-0.005372512676627444,-0.006028940622994349,-0.007259255404510222,-0.005976148116300851,-0.0058898420759311045,-0.005453756688730992,-0.0030981031573099277,-0.0046804697023431095,-0.00788415512906029
2026-07-08,-0.0031021428692893185,-0.003500713854525241,-0.00011041495418771124,-0.0014540282723351093,-0.0045524911046477,-0.004753678052421785,-0.0019927802028876563,-0.002548463391177205,0.001292434280913601
2026-07-09,0.003849291753182983,0.0039053496088350876,0.005128335736013851,0.005567607616376694,0.004195612257850162,0.0041820300488845125,0.005644579290372567,0.005697907876693661,0.007179631488780116
2026-07-10,0.0009536984345748564,0.0005152220713910201,0.00025590853058955423,0.00022225874439745023,-0.00019097772677207294,-0.00011183569590798344,0.002906762143691035,0.0021690689681243412,0.0014120040610128314
2026-07-13,-0.00741466804063254,-0.007396082348383584,-0.010269164211541261,-0.009321935212232298,-0.007516439596846855,-0.0074127891245318565,-0.0050296517536848545,-0.005802938454931534,-0.008093920801906657
2026-07-14,0.0038693126265642416,0.004458235241768985,0.005568634056757993,0.0050964575394580325,0.005077452366364392,0.0048970694661966095,0.0024005437372499987,0.0031179504398666956,0.004847052419193273
2026-07-15,0.0017438166524800167,0.0024631787798137694,-0.00040480734795871515,4.374087264348624e-05,0.0027797713934930566,0.0026618343400550944,0.0026766489383598458,0.003231995737813033,-0.001077053917858463
2026-07-16,-0.003031556479374134,-0.0024149357579780185,-0.007535104932353433,-0.007301052780587491,-0.0013393425902285788,-0.001152563799803234,-0.0035446880206380454,-0.0033698466506971903,-0.006954973465285671
2026-07-17,-0.0023973569543033315,-0.0021856151325151713,-0.002041174157795378,-0.001053791257488414,-0.0009820491329771196,-0.0008483214801203924,-0.006503366966112504,-0.005215415961453011,-0.006288452186600503
2026-07-20,-0.002272864777288386,-0.0032082469729661778,-0.0005791666574829213,-0.0018499640227462866,-0.003480933635614303,-0.0037815449528715295,-0.001291310658407041,-0.002620586408537573,0.0004982198807914617
2026-07-21,0.008056521578737067,0.005789496067299426,0.008598483008246777,0.008104202762394704,0.0035267927566716845,0.004206955299645983,0.006374536599745695,0.004396469850100902,0.0075957517397083184
2026-07-22,0.0005336626750692,-0.0003709385667420824,0.0012547760486705949,0.0030156314713664705,-0.0009869973611791815,-0.0007961362722975464,-0.0008491401255685577,-0.0017667456017492634,-0.0019993843110732564
2026-07-23,-0.007850354532191295,-0.007958906315667452,-0.009121733618712718,-0.009567880308277203,-0.007537610584382893,-0.008149041883029926,-0.009362532208568109,-0.009355618798310997,-0.007650836321343503
2026-07-24,0.0009699287680665956,0.002208506108075368,-0.001852794173404459,0.00097440845665843,0.0039247568400374725,0.004396949898011141,0.0008081106549616301,0.0015003029312243407,-0.004411878304561886
2026-07-27,0.0014832901923957308,0.0016797037186015965,0.0009811741997186978,0.0021549525351998934,0.0018300351680173976,0.0018969772545545005,0.00020155451664053168,0.0013015371226076696,-0.0011424121410953377
2026-07-28,-0.0020701364582078096,-0.0003993044135991519,-0.004483845185947984,-0.0026413600576496565,0.00026996402685206677,-3.143354463584487e-05,0.0018542054891063418,0.0028753698720044895,-0.0037933457881240825
2026-07-29,-0.00520270869294213,-0.004759107318143776,-0.0045446870338686305,-0.0035945163573234467,-0.0033194242518923586,-0.0034206049362191467,-0.011649390230825986,-0.01197449438576928,-0.008002760041393128
2026-07-30,0.011712864972712988,0.010262204367174333,0.01148628750274922,0.010167305029892718,0.0065658056357515895,0.0069251933973719666,0.012720029795904511,0.011167159259408302,0.013026880386783499
2026-07-31,-0.0007151843194220646,-0.001200460695274451,-0.0009870210421375287,-0.0017887275596440223,-0.0027663542095541067,-0.003145455377875685,0.005504549707541552,0.003509053982222668,0.0026880152772447087
2026-08-03,0.003805928835052699,0.0036336333058511303,0.005105580638850768,0.00463914640472317,0.0027956407216983203,0.002899527239111148,0.010872956973164488,0.010291578443299546,0.007141942632838474
2026-08-04,0.008792581256265515,0.008880569941943747,0.010094714990323108,0.007688834897766643,0.007406360781159508,0.007618745091705152,0.013798608333029433,0.013960046961173991,0.01387142924366623
2026-08-05,0.0022281423664077846,0.001863066283055306,0.006331123345318115,0.010251445985005695,0.0038750259244159303,0.004672738276871266,-0.0014951216850603876,-0.001075129523132569,-0.0036552481335412816
2026-08-06,-0.002568809163395504,-0.0037555979234566304,-0.0008238592039607708,-0.00047921803998647946,-0.004675158943026441,-0.004826713761571226,-0.0011886902008688247,-0.0027347937282103025,-0.0014309618817461554
2026-08-07,0.0062212851563595815,0.006569422182334257,0.007782157385898771,0.008327350218954577,0.007126612206239709,0.007718038738334031,0.004718749513349783,0.005074862778422574,0.00490337764026559
2026-08-10,-0.0020362849564641923,-0.0031758623525002952,0.0015964484775911176,0.0026699088661444317,-0.003729561081290521,-0.0037848857652744367,-0.00019281591481362827,-0.0020934006160756406,-0.0011460993078271655
2026-08-11,-0.0010849279222258045,-0.0009414950765599967,-0.0017689342318180212,-0.0021624725692352006,-0.0011734104061728457,-0.0014722889096772322,-0.0024148998599438963,-0.0016517386936321858,-0.0012962061873989185
2026-08-12,0.0043040243335796145,0.004077253154828779,0.003907482380036135,0.0036202393608890044,0.00431328451744646,0.004790717890219688,0.001954359576207802,0.002068942504610911,0.0030975669553172606
2026-08-13,0.0020604779775156594,0.003256033533142956,-2.7694814787158204e-05,-0.0018496395579914874,0.0035002400146580395,0.003429584641730766,0.005384559113786395,0.00620504560688803,0.004870614514360787
2026-08-14,0.0002970727494752059,-0.0005395941446488166,0.000923419615448226,0.0011438536370670432,-0.0006637662013615844,-0.0004196457238203556,-0.0014853163590735155,-0.0025270177854356743,-0.00048084781402359507
2026-08-17,0.00012213528317339735,-0.0005866459037493489,0.0013752756519060955,0.0012205796330145564,-0.0008546802087648183,-0.0008209091639000588,-0.0035932010010998705,-0.004095800861373394,-0.0005946359572649069
2026-08-18,-0.007842890999992358,-0.006644977675988151,-0.008571757320009588,-0.0069756291273171955,-0.004451054636843588,-0.005080293766330124,-0.004883809944281947,-0.00397393857022077,-0.006442366690562196
2026-08-19,0.007049629827296163,0.0071221784998515255,0.007289351768202663,0.011331152720822536,0.007864217267139272,0.00889217608966828,0.0015548419905094496,0.0034201843148446076,-0.0006641330715464486
2026-08-20,-0.001005661753067236,-0.0022784175738245643,0.0001262286643364278,-0.0015744834890939815,-0.002257460802789737,-0.0021423955871110517,-0.006019353573281386,-0.007154227886626046,-0.0026357085844989107
2026-08-21,0.004253196961746571,0.003089095441666929,0.004763774806428611,0.006904912648756428,0.0020565210558967824,0.0025537825552705293,0.002987474400809799,0.001766515989151591,0.001427704747207262
2026-08-24,-0.0008850012166691043,-0.0004882086465890045,-0.0014665694025293098,0.001386572010969824,0.0009263461411679689,0.001168425454643004,-0.002075529222175079,-0.001015827023385652,-0.0036841354069629463
2026-08-25,0.004340326100151788,0.005373466018449548,0.003161526499558056,0.0020049173569101314,0.004774295706551755,0.004853769928486715,0.0023432821087801792,0.004359406626037081,0.0024369579180990525
2026-08-26,-0.0035949365299429545,-0.004109823595861026,-0.0027161132059849323,-0.004469909586967966,-0.004358256262074967,-0.004858612233324,0.0002018705302180475,-0.0007521630125386478,0.00043864541144321423
2026-08-27,0.0008484033867831985,5.094731743011095e-05,0.003481106084208537,0.0030091032142821697,-0.0008738465829699732,-0.0010056565338786934,0.0047641874220004776,0.0037641770029666665,0.005265183298533843
2026-08-28,-0.00592674370260381,-0.007288733372680537,-0.007397330603576277,-0.010032988539511982,-0.008346105521209058,-0.009058399837877108,-0.001596238009961558,-0.00322634703218252,-0.0023781508751647023
2026-08-31,-0.002204734024077981,-0.002514360577294392,-0.0001887598734716035,-0.0011758166366288322,-0.0023292996231395417,-0.0025871710998893855,-0.0021144500652470997,-0.0024448880358963108,0.0002692030909233994
2026-09-01,-0.006773331291170266,-0.007135111334352443,-0.007353086748906002,-0.010181101441198407,-0.006826508096508737,-0.007491426018931682,-0.004909800156548795,-0.0058627100153386645,-0.004733038330717818
2026-09-02,0.0026057378030961173,0.0026656764778209023,0.0035433926202466113,0.005646117847576028,0.00241082138226065,0.0025897903096085218,0.0032347777346519472,0.0032078660896044417,0.0009461553659141547
2026-09-03,0.0067115304105124975,0.006861528832153978,0.005675615089638169,0.008508846930180699,0.006099497415485453,0.006780831123984167,0.007582470750715318,0.007178404543320329,0.004573810967746238
2026-09-04,0.00013749625547970805,-0.0004778923139338592,0.0004991216639866074,-0.0034842571065308897,-0.0015764345323269068,-0.0018717768915571618,-0.0027417816101023805,-0.0026372550162439483,0.0007767986943375649
2026-09-08,-0.002802324132185795,-0.003169666126172615,-0.0028800516379631634,-0.006496501870133717,-0.0033379315541367505,-0.0037292330535406487,-0.003920060357144799,-0.0039683065750495735,-0.000222035681140351
2026-09-09,-0.0035404485244883792,-0.004557913793715712,0.0006995700992010112,0.0011380999665180041,-0.00356092641891462,-0.0036794385956056175,-0.0033051826874406945,-0.004216240687097884,-0.0009883846840156956
2026-09-10,-0.008400336754969737,-0.011038181609603587,-0.006580840169462406,-0.006688526247757075,-0.011024075035197973,-0.011531026423156962,-0.004268728833665848,-0.007243819637651999,-0.003935702069920434
2026-09-11,0.005436173221599141,0.004072441822803749,0.003678583680020807,0.004411928899980953,0.002084308588179329,0.0025738427987017924,0.0061665434564477555,0.004665148773099837,0.0033872693013500387
2026-09-14,-0.0071581517222349365,-0.0068579087548448865,-0.006165835797431483,-0.005481423959321419,-0.005433867175151603,-0.005984701004403427,-0.0031669685675693266,-0.003272119082741389,-0.0029186959389688565
2026-09-15,-0.0018639703066698802,-0.0024728659096311433,-0.0007493151068477895,-0.00046985323524748447,-0.0019282108874346907,-0.0019419053341841466,-0.00325258396575439,-0.003492244998829323,-0.002364332941983149
2026-09-16,-0.0026579352919026598,-0.0036943457930731674,-0.00095108498913916,-0.002968585029759247,-0.003749701910430452,-0.004039248663410192,-0.0031207070812064633,-0.0032822547387994358,0.00019642529959930366
2026-09-17,0.01034110339208083,0.010763078523651881,0.00895112019683908,0.009610013859328248,0.008400752124325006,0.00886400175282831,0.009719033644008501,0.011478789981275606,0.008214978636225556
2026-09-18,-0.002492589361848624,-0.0051538507713441645,0.003059553179021564,0.0018435072926891762,-0.004840309071547938,-0.004856365235420855,0.0011406712104285446,-0.0015950560648870654,0.003115302004257786
2026-09-21,0.011246866498800771,0.010667986295005432,0.007467915717587462,0.0037102632398115965,0.00639693887252917,0.006661074549284608,0.013513425403130226,0.013972685933835867,0.013954889171373346
2026-09-22,-0.00015996535693633433,-0.00027318676992876844,0.0006302416127814354,-0.0007803281388343499,-0.00027182055521377896,-0.0003338615745259526,-6.957778715530082e-05,-0.0001929842514366591,0.0023810402903597237
